run_name,seed,imin,imax,k,tx_range,nb_nodes,send_interval,objective_function,n_samples,pdr_window_mean,delay_avg_ms_mean,rssi_avg_mean,etx_mean,radio_tx_percent_mean,energy_estimated_mj_mean,energy_radio_tx_mj_mean
run_0001_cfg_001_seed_1_mrhof,1,8,16,0,40.0,12,5,MRHOF,627,99.87170653907496,142.4066985645933,-73.63636363636364,1.0449122807017543,0.4104603455796123,3472.965639862201,12.855618855502392
run_0002_cfg_001_seed_2_mrhof,2,8,16,0,40.0,12,5,MRHOF,627,99.98405103668262,142.76555023923444,-73.27272727272727,1.05170653907496,0.4150791316648823,3472.95400059713,13.000278292822966
run_0003_cfg_001_seed_3_mrhof,3,8,16,0,40.0,12,5,MRHOF,627,99.90539074960128,141.2647527910686,-73.63636363636364,1.0434130781499202,0.4096573313036359,3472.9676635253595,12.830467613397127
run_0004_cfg_002_seed_1_of0,1,8,16,0,40.0,12,5,OF0,627,99.90574162679428,142.2854864433812,-73.59649122807018,1.0410845295055822,0.4114209049351003,3472.9632193224884,12.885702706220096
run_0005_cfg_002_seed_2_of0,2,8,16,0,40.0,12,5,OF0,627,99.93763955342902,142.35406698564594,-73.3030303030303,1.0545933014354067,0.4151848581700573,3472.953734155024,13.003589787559807
run_0006_cfg_002_seed_3_of0,3,8,16,0,40.0,12,5,OF0,627,99.85789473684213,140.91228070175438,-73.56459330143541,1.0372248803827753,0.4093735183481841,3472.96806517512,12.821573466028708
run_0007_cfg_003_seed_1_mrhof,1,8,16,0,40.0,12,10,MRHOF,627,99.93620414673046,137.93620414673046,-73.63636363636364,1.025470494417863,0.2263325473110095,3473.429641982775,7.088735356937798
run_0008_cfg_003_seed_2_mrhof,2,8,16,0,40.0,12,10,MRHOF,627,100.0,136.36204146730464,-73.36363636363636,1.030622009569378,0.2274046570972886,3473.426940264115,7.122313860287082
run_0009_cfg_003_seed_3_mrhof,3,8,16,0,40.0,12,10,MRHOF,627,99.94682615629984,136.26315789473685,-73.63636363636364,1.0243062200956938,0.2260972830957323,3473.4302348325364,7.081367081339712
run_0010_cfg_004_seed_1_of0,1,8,16,0,40.0,12,10,OF0,627,99.93620414673046,137.1244019138756,-73.62998405103669,1.0300637958532697,0.2263994486466411,3473.429473393302,7.090830683253588
run_0011_cfg_004_seed_2_of0,2,8,16,0,40.0,12,10,OF0,627,99.94151515151516,136.4433811802233,-73.46092503987241,1.029872408293461,0.2270378685149506,3473.428083230622,7.110826197129186
run_0012_cfg_004_seed_3_of0,3,8,16,0,40.0,12,10,OF0,627,100.0,135.6937799043062,-73.59011164274322,1.0243221690590112,0.2260826580698915,3473.430271701436,7.080908853588516
run_0013_cfg_005_seed_1_mrhof,1,8,16,0,40.0,12,20,MRHOF,627,100.0,134.2822966507177,-73.63636363636364,1.0217065390749602,0.1234982030834662,3473.688784528229,3.867963720574162
run_0014_cfg_005_seed_2_mrhof,2,8,16,0,40.0,12,20,MRHOF,627,100.0,133.792663476874,-73.27272727272727,1.0220893141945775,0.1240357459051877,3473.687429917704,3.884799594258373
run_0015_cfg_005_seed_3_mrhof,3,8,16,0,40.0,12,20,MRHOF,627,100.0,134.44976076555025,-73.63636363636364,1.0233333333333334,0.1236041875474055,3473.6885174430627,3.8712832076555017
run_0016_cfg_006_seed_1_of0,1,8,16,0,40.0,12,20,OF0,627,99.94682615629984,135.75279106858054,-73.66507177033493,1.0284529505582138,0.1238134794851456,3473.6879900248805,3.877838262200957
run_0017_cfg_006_seed_2_of0,2,8,16,0,40.0,12,20,OF0,627,100.0,132.45454545454547,-73.33811802232854,1.0187400318979267,0.1231706271707774,3473.689610005742,3.8577042143540665
run_0018_cfg_006_seed_3_of0,3,8,16,0,40.0,12,20,OF0,627,99.94682615629984,134.07974481658692,-73.69537480063796,1.0249920255183411,0.1238065497076023,3473.688007494737,3.877621136842105
run_0019_cfg_007_seed_1_mrhof,1,8,16,0,40.0,16,5,MRHOF,855,99.6143157894737,188.319298245614,-76.86666666666666,1.0953567251461989,0.556506074590395,3472.597221751579,17.429769263157894
run_0020_cfg_007_seed_2_mrhof,2,8,16,0,40.0,16,5,MRHOF,855,99.8466432748538,188.26315789473685,-76.88888888888889,1.1030409356725146,0.5610183556282622,3472.5862337459653,17.571094871578946
run_0021_cfg_007_seed_3_mrhof,3,8,16,0,40.0,16,5,MRHOF,855,99.53350877192982,185.9625730994152,-76.86666666666666,1.0926315789473684,0.5555861852522852,3472.599786837895,17.400959258947367
run_0022_cfg_008_seed_1_of0,1,8,16,0,40.0,16,5,OF0,855,99.78895906432749,189.40818713450287,-76.96842105263158,1.1078830409356726,0.567476560094622,3472.5699590063164,17.773366635789472
run_0023_cfg_008_seed_2_of0,2,8,16,0,40.0,16,5,OF0,855,99.8484912280702,188.6619883040936,-76.54269005847954,1.1005263157894738,0.5685399094408058,3472.567279376842,17.806670602105264
run_0024_cfg_008_seed_3_of0,3,8,16,0,40.0,16,5,OF0,855,99.68371929824562,193.5684210526316,-76.87836257309941,1.11306432748538,0.5842519097484407,3472.527411590176,18.29876995368421
run_0025_cfg_009_seed_1_mrhof,1,8,16,0,40.0,16,10,MRHOF,855,99.96100584795322,174.18011695906432,-76.86666666666666,1.046421052631579,0.2989750764033923,3473.246582916492,9.363898037894735
run_0026_cfg_009_seed_2_mrhof,2,8,16,0,40.0,16,10,MRHOF,855,99.93761403508772,172.62105263157895,-77.0,1.0491929824561403,0.29873651454853,3473.2471839831583,9.356427637894736
run_0027_cfg_009_seed_3_mrhof,3,8,16,0,40.0,16,10,MRHOF,855,99.84794152046784,172.4701754385965,-77.2,1.0407134502923978,0.2984505997853775,3473.2486873431585,9.347479275789471
run_0028_cfg_010_seed_1_of0,1,8,16,0,40.0,16,10,OF0,855,99.91811695906432,173.8982456140351,-77.0970760233918,1.0435438596491229,0.2991483154946011,3473.2461435256146,9.369325372631575
run_0029_cfg_010_seed_2_of0,2,8,16,0,40.0,16,10,OF0,855,99.93371929824562,173.77543859649123,-77.10526315789474,1.0468654970760234,0.3000717044051502,3473.2438192280706,9.398246736842104
run_0030_cfg_010_seed_3_of0,3,8,16,0,40.0,16,10,OF0,855,99.85183625730996,174.37076023391813,-77.22923976608188,1.0429707602339182,0.2982856935214916,3473.248320016842,9.342308362105262
run_0031_cfg_011_seed_1_of0,1,8,16,0,40.0,16,20,OF0,855,99.96100584795322,175.15438596491228,-77.24795321637427,1.0514035087719298,0.1625976296296296,3473.5902539733333,5.092557759999999
run_0032_cfg_011_seed_2_of0,2,8,16,0,40.0,16,20,OF0,855,100.0,171.0,-76.8,1.0383040935672514,0.1613512717122292,3473.5933948070174,5.0535216842105255
run_0033_cfg_011_seed_3_of0,3,8,16,0,40.0,16,20,OF0,855,99.92201169590643,167.2795321637427,-76.93801169590644,1.0256491228070177,0.1600553836461449,3473.596660412632,5.012934871578947
run_0046_cfg_016_seed_1_mrhof,1,8,16,0,50.0,12,5,MRHOF,627,99.91846889952151,113.64593301435409,-69.72727272727273,1.0305741626794258,0.3171164040964087,3473.20086665646,9.932085841148323
run_0047_cfg_016_seed_2_mrhof,2,8,16,0,50.0,12,5,MRHOF,627,99.98226475279108,113.33971291866028,-69.54545454545455,1.02896331738437,0.3187808879377629,3473.197194208613,9.984220570334926
run_0048_cfg_016_seed_3_mrhof,3,8,16,0,50.0,12,5,MRHOF,627,99.9390749601276,113.20095693779903,-68.99681020733652,1.0269218500797448,0.317539759369604,3473.1997998162683,9.945345140669856
run_0049_cfg_017_seed_1_of0,1,8,16,0,50.0,12,5,OF0,627,99.9535885167464,114.08612440191388,-70.26953748006379,1.0313875598086124,0.3177747281213532,3473.199207663158,9.952704757894736
run_0050_cfg_017_seed_2_of0,2,8,16,0,50.0,12,5,OF0,627,99.98405103668262,113.50717703349282,-68.41307814992025,1.0236842105263158,0.3186733908182756,3473.1969430124404,9.980851131100478
run_0051_cfg_017_seed_3_of0,3,8,16,0,50.0,12,5,OF0,627,99.9535885167464,113.34290271132376,-69.89154704944178,1.0260765550239237,0.3179946225280447,3473.1986535043065,9.959592160765547
run_0052_cfg_018_seed_1_of0,1,8,16,0,50.0,12,10,OF0,627,99.96810207336524,110.55342902711324,-69.20893141945774,1.0165709728867622,0.1778540361522337,3473.551807831579,5.570388378947368
run_0053_cfg_018_seed_2_of0,2,8,16,0,50.0,12,10,OF0,627,99.94151515151516,110.15948963317383,-69.48803827751196,1.01377990430622,0.1784321601925946,3473.550458778948,5.588495701435407
run_0054_cfg_018_seed_3_of0,3,8,16,0,50.0,12,10,OF0,627,99.91492822966508,110.39234449760764,-67.77830940988835,1.0197607655502392,0.1777824923599797,3473.552268830623,5.568147858373206
run_0055_cfg_019_seed_1_mrhof,1,8,16,0,50.0,16,5,MRHOF,855,99.81787134502925,159.2327485380117,-73.71695906432748,1.069204678362573,0.4674992577268466,3472.8219018666678,14.6420768
run_0056_cfg_019_seed_2_mrhof,2,8,16,0,50.0,16,5,MRHOF,855,99.81209356725144,157.61520467836257,-71.50175438596492,1.0569122807017544,0.4684031920098209,3472.819623983158,14.670387637894736
run_0057_cfg_019_seed_3_mrhof,3,8,16,0,50.0,16,5,MRHOF,855,99.906432748538,157.66198830409357,-71.90409356725146,1.0672865497076025,0.4675767231626437,3472.821706672281,14.64450278736842
run_0058_cfg_020_seed_1_of0,1,8,16,0,50.0,16,5,OF0,855,99.92023391812866,159.31812865497076,-70.94970760233919,1.0593333333333337,0.4712003972518477,3472.812574899649,14.757997675789472
run_0059_cfg_020_seed_2_of0,2,8,16,0,50.0,16,5,OF0,855,99.92023391812866,158.3625730994152,-72.05730994152047,1.0694269005847954,0.4737443869135978,3472.806164334035,14.837671848421053
run_0060_cfg_020_seed_3_of0,3,8,16,0,50.0,16,5,OF0,855,99.88173099415204,158.39298245614034,-72.23859649122807,1.068877192982456,0.47256240846888,3472.8091427873687,14.80065392842105
run_0061_cfg_021_seed_1_mrhof,1,8,16,0,50.0,16,10,MRHOF,855,99.98050292397662,151.51228070175438,-71.73333333333333,1.042748538011696,0.2557971180046566,3473.3553913094743,8.011565153684211
run_0062_cfg_021_seed_2_mrhof,2,8,16,0,50.0,16,10,MRHOF,855,99.98050292397662,149.92397660818713,-69.84912280701755,1.0321286549707602,0.2583007264292002,3473.3490821726323,8.089978711578947
run_0063_cfg_021_seed_3_mrhof,3,8,16,0,50.0,16,10,MRHOF,855,99.93371929824562,149.59766081871345,-72.13333333333334,1.0320233918128654,0.2539955342157781,3473.3599312392985,7.955140311578947
run_0064_cfg_022_seed_1_of0,1,8,16,0,50.0,16,20,OF0,855,100.0,149.34269005847952,-72.83976608187135,1.0374736842105263,0.1418092318245974,3473.642640735439,4.441465145263157
run_0065_cfg_022_seed_2_of0,2,8,16,0,50.0,16,20,OF0,855,100.0,145.41052631578947,-70.706432748538,1.0208070175438595,0.1400124142295044,3473.647168718597,4.385188783157894
run_0066_cfg_022_seed_3_of0,3,8,16,0,50.0,16,20,OF0,855,99.96100584795322,145.3684210526316,-70.67602339181286,1.0219883040935671,0.139247826858761,3473.6490954722813,4.3612419873684205
run_0076_cfg_026_seed_1_of0,1,8,16,0,60.0,12,5,OF0,627,99.95215311004785,97.92503987240828,-68.01435406698565,1.0151993620414672,0.2602694709605352,3473.34412081914,8.15164124784689
run_0077_cfg_026_seed_2_of0,2,8,16,0,60.0,12,5,OF0,627,99.96631578947368,97.6634768740032,-68.377990430622,1.0205901116427432,0.2623068368623744,3473.338986771292,8.215450128229664
run_0078_cfg_026_seed_3_of0,3,8,16,0,60.0,12,5,OF0,627,99.95215311004785,97.4194577352472,-69.37480063795853,1.015518341307815,0.2611021600364342,3473.3420225607656,8.177719601913875
run_0079_cfg_027_seed_1_mrhof,1,8,16,0,60.0,12,10,MRHOF,627,99.96810207336524,95.72408293460926,-68.9090909090909,1.00933014354067,0.1474952072348841,3473.6283120842118,4.619549810526316
run_0080_cfg_027_seed_2_mrhof,2,8,16,0,60.0,12,10,MRHOF,627,99.97341307814992,94.29346092503988,-69.81818181818181,1.010542264752791,0.1477117241593582,3473.627766445933,4.626331314832536
run_0081_cfg_027_seed_3_mrhof,3,8,16,0,60.0,12,10,MRHOF,627,99.96810207336524,94.94417862838915,-65.9090909090909,1.0076874003189793,0.1476099946836788,3473.628022813397,4.623145033492823
run_0082_cfg_028_seed_1_of0,1,8,16,0,60.0,12,20,OF0,627,100.0,95.3365231259968,-71.20095693779905,1.0142583732057415,0.0844976510318639,3473.787065921532,2.646466403827751
run_0083_cfg_028_seed_2_of0,2,8,16,0,60.0,12,20,OF0,627,100.0,93.50398724082936,-69.51355661881978,1.013237639553429,0.085165933014354,3473.7853818488043,2.667397022009569
run_0084_cfg_028_seed_3_of0,3,8,16,0,60.0,12,20,OF0,627,100.0,92.71291866028707,-68.74322169059012,1.0117065390749602,0.0844525846986011,3473.7871794755984,2.645055088995215
run_0085_cfg_029_seed_1_mrhof,1,8,16,0,60.0,16,5,MRHOF,855,99.75651461988303,127.75087719298246,-69.66666666666667,1.037345029239766,0.3574167322219538,3473.0993098329827,11.194292075789471
run_0086_cfg_029_seed_2_mrhof,2,8,16,0,60.0,16,5,MRHOF,855,99.90722807017544,125.9485380116959,-70.4,1.0356959064327484,0.3577867512108416,3473.0985328477195,11.205881330526315
run_0087_cfg_029_seed_3_mrhof,3,8,16,0,60.0,16,5,MRHOF,855,99.7528187134503,127.8280701754386,-70.13333333333334,1.0337543859649123,0.3569145787064476,3473.1005866133337,11.178564917894736
run_0088_cfg_030_seed_1_of0,1,8,16,0,60.0,16,5,OF0,855,99.86977777777778,127.93918128654973,-68.3438596491228,1.0312514619883042,0.3577790824121004,3473.0983966989475,11.20564102736842
run_0089_cfg_030_seed_2_of0,2,8,16,0,60.0,16,5,OF0,855,99.96491228070175,126.67836257309942,-69.53684210526316,1.032233918128655,0.3577149115840853,3473.098558411228,11.203631174736842
run_0090_cfg_030_seed_3_of0,3,8,16,0,60.0,16,5,OF0,855,99.83705263157894,127.44795321637427,-69.96959064327486,1.03059649122807,0.3560818756602772,3473.1027662456145,11.152485187368422
run_0091_cfg_031_seed_1_of0,1,8,16,0,60.0,16,10,OF0,855,99.93371929824562,121.9298245614035,-70.60818713450293,1.0162923976608187,0.1984895559431914,3473.499806310176,6.216693002105263
run_0092_cfg_031_seed_2_of0,2,8,16,0,60.0,16,10,OF0,855,100.0,121.0,-71.7719298245614,1.0153099415204678,0.1996933487913821,3473.496772760702,6.254395688421052
run_0093_cfg_031_seed_3_of0,3,8,16,0,60.0,16,10,OF0,855,99.9766081871345,121.35906432748538,-69.00584795321637,1.0168654970760234,0.1984539714737926,3473.499895988773,6.215578425263157
run_0094_cfg_032_seed_1_mrhof,1,8,16,0,60.0,16,20,MRHOF,855,100.0,120.16023391812864,-68.86666666666666,1.020093567251462,0.1111143547758284,3473.7199918259653,3.480101591578947
run_0095_cfg_032_seed_2_mrhof,2,8,16,0,60.0,16,20,MRHOF,855,99.96100584795322,118.92280701754386,-72.13333333333334,1.015625730994152,0.111582879463326,3473.7188111494743,3.49477571368421
run_0096_cfg_032_seed_3_mrhof,3,8,16,0,60.0,16,20,MRHOF,855,99.96100584795322,119.86315789473684,-72.0,1.020573099415205,0.1110679145437154,3473.720108856141,3.4786470736842103
run_0097_cfg_033_seed_1_of0,1,8,16,0,60.0,16,20,OF0,855,100.0,121.58830409356725,-71.46432748538011,1.0155789473684211,0.110863948261861,3473.7206228378955,3.4722590147368417
run_0098_cfg_033_seed_2_of0,2,8,16,0,60.0,16,20,OF0,855,100.0,120.48538011695906,-70.78362573099415,1.0262339181286548,0.1124558432447662,3473.716611272983,3.5221170357894733
run_0099_cfg_033_seed_3_of0,3,8,16,0,60.0,16,20,OF0,855,100.0,119.08070175438596,-70.61754385964912,1.0162105263157897,0.1111211234737162,3473.7199747705267,3.480313566315789
run_0112_cfg_038_seed_1_mrhof,1,8,16,5,40.0,12,5,MRHOF,627,99.89122807017544,141.98245614035088,-73.63636363636364,1.0573524720893142,0.4105650309887619,3472.965376099522,12.858897048803827
run_0113_cfg_038_seed_2_mrhof,2,8,16,5,40.0,12,5,MRHOF,627,99.93728867623604,142.0542264752791,-73.36363636363636,1.042902711323764,0.4133643752001138,3472.958321760766,12.946572401913874
run_0114_cfg_038_seed_3_mrhof,3,8,16,5,40.0,12,5,MRHOF,627,99.91846889952151,141.7974481658692,-73.63636363636364,1.0415629984051038,0.4107372539069484,3472.964942139713,12.864290549282297
run_0115_cfg_039_seed_1_of0,1,8,16,5,40.0,12,10,OF0,627,99.9096172248804,136.57416267942585,-73.6555023923445,1.0266507177033493,0.2253336614309569,3473.432159142584,7.05745065645933
run_0116_cfg_039_seed_2_of0,2,8,16,5,40.0,12,10,OF0,627,99.97341307814992,136.4688995215311,-73.377990430622,1.0299362041467304,0.2264696941688738,3473.4292963368425,7.093031242105263
run_0117_cfg_039_seed_3_of0,3,8,16,5,40.0,12,10,OF0,627,99.94151515151516,136.7432216905901,-73.75757575757575,1.028181818181818,0.2257474257591506,3473.431116470814,7.070409577033493
run_0118_cfg_040_seed_1_mrhof,1,8,16,5,40.0,12,20,MRHOF,627,99.86708133971293,134.3237639553429,-73.63636363636364,1.015342902711324,0.1225511323763955,3473.691171146412,3.838301466028708
run_0119_cfg_040_seed_2_mrhof,2,8,16,5,40.0,12,20,MRHOF,627,100.0,134.25996810207337,-73.27272727272727,1.0211323763955342,0.1232628389154704,3473.689377645933,3.860592114832536
run_0120_cfg_040_seed_3_mrhof,3,8,16,5,40.0,12,20,MRHOF,627,100.0,131.89952153110048,-73.63636363636364,1.012695374800638,0.1223215684932629,3473.69174963445,3.8311116861244017
run_0121_cfg_041_seed_1_of0,1,8,16,5,40.0,12,20,OF0,627,100.0,133.51196172248802,-73.59170653907496,1.0208931419457736,0.1233133227006911,3473.689250426795,3.862173266985645
run_0122_cfg_041_seed_2_of0,2,8,16,5,40.0,12,20,OF0,627,100.0,134.03508771929825,-73.27272727272727,1.020909090909091,0.1229714156625485,3473.690112022967,3.851464857416268
run_0123_cfg_041_seed_3_of0,3,8,16,5,40.0,12,20,OF0,627,99.94682615629984,133.8676236044657,-73.63955342902712,1.0192982456140351,0.1232925217819337,3473.689302836364,3.8615218909090903
run_0124_cfg_042_seed_1_mrhof,1,8,16,5,40.0,16,5,MRHOF,855,99.6504678362573,186.79766081871344,-76.95204678362573,1.09659649122807,0.5565800544987822,3472.597418223158,17.432087797894734
run_0125_cfg_042_seed_2_mrhof,2,8,16,5,40.0,16,5,MRHOF,855,99.85808187134504,188.5637426900585,-76.64444444444445,1.109029239766082,0.5615664279528944,3472.584852609123,17.588260429473685
run_0126_cfg_042_seed_3_mrhof,3,8,16,5,40.0,16,5,MRHOF,855,99.62811695906431,187.12280701754383,-76.95906432748538,1.100280701754386,0.5547834606710236,3472.6020402273684,17.375821204210524
run_0127_cfg_043_seed_1_mrhof,1,8,16,5,40.0,16,10,MRHOF,855,99.84794152046784,173.81988304093568,-77.18947368421053,1.0427251461988305,0.2970238463145283,3473.2514999129826,9.302786795789473
run_0128_cfg_043_seed_2_mrhof,2,8,16,5,40.0,16,10,MRHOF,855,99.9766081871345,174.19766081871344,-77.0,1.0485263157894738,0.3000991245902152,3473.243750220351,9.399104404210526
run_0129_cfg_043_seed_3_mrhof,3,8,16,5,40.0,16,10,MRHOF,855,99.93371929824562,173.59298245614036,-77.2,1.048187134502924,0.2987687268131084,3473.247102792983,9.357436715789472
run_0130_cfg_044_seed_1_of0,1,8,16,5,40.0,16,10,OF0,855,99.953216374269,174.27836257309943,-76.90877192982457,1.0460701754385964,0.3000866136805404,3473.2437817375444,9.398712690526317
run_0131_cfg_044_seed_2_of0,2,8,16,5,40.0,16,10,OF0,855,99.92201169590643,177.74502923976607,-77.10877192982456,1.0566315789473684,0.3027887744252892,3473.236972294737,9.483344336842103
run_0132_cfg_044_seed_3_of0,3,8,16,5,40.0,16,10,OF0,855,99.91032748538012,176.39883040935672,-76.88654970760234,1.0565380116959064,0.301127677909216,3473.241158225965,9.431319191578948
run_0142_cfg_048_seed_1_mrhof,1,8,16,5,50.0,12,5,MRHOF,627,99.98405103668262,113.87240829346092,-69.72727272727273,1.022280701754386,0.3164973532235292,3473.202426671771,9.912697079425836
run_0143_cfg_048_seed_2_mrhof,2,8,16,5,50.0,12,5,MRHOF,627,99.93620414673046,113.10047846889952,-69.54545454545455,1.0268740031897927,0.3167863803922814,3473.201698296652,9.921749741626794
run_0144_cfg_048_seed_3_mrhof,3,8,16,5,50.0,12,5,MRHOF,627,99.98226475279108,113.51674641148324,-69.72727272727273,1.024529505582137,0.3167013278736033,3473.201912650718,9.919085626794258
run_0145_cfg_049_seed_1_mrhof,1,8,16,5,50.0,12,10,MRHOF,627,99.93620414673046,109.71929824561404,-69.72727272727273,1.0137958532695377,0.1759756787268569,3473.556633596173,5.511558729186603
run_0146_cfg_049_seed_2_mrhof,2,8,16,5,50.0,12,10,MRHOF,627,99.91492822966508,109.80701754385964,-69.36363636363636,1.017224880382775,0.177302264752791,3473.5531982928237,5.553106932057416
run_0147_cfg_049_seed_3_mrhof,3,8,16,5,50.0,12,10,MRHOF,627,99.97341307814992,110.23763955342903,-69.27272727272727,1.0155821371610845,0.1761551744293422,3473.556088964593,5.517180011483253
run_0148_cfg_050_seed_1_of0,1,8,16,5,50.0,12,10,OF0,627,99.96810207336524,110.5598086124402,-68.43381180223285,1.011834130781499,0.1765581284317695,3473.55507351579,5.529800589473684
run_0149_cfg_050_seed_2_of0,2,8,16,5,50.0,12,10,OF0,627,100.0,109.20414673046253,-68.84370015948963,1.012280701754386,0.1760438679397765,3473.55636944689,5.513694017224879
run_0150_cfg_050_seed_3_of0,3,8,16,5,50.0,12,10,OF0,627,99.96810207336524,110.80382775119617,-71.03189792663477,1.0175757575757576,0.1769744382971547,3473.554024413397,5.542839433492823
run_0151_cfg_051_seed_1_mrhof,1,8,16,5,50.0,12,20,MRHOF,627,100.0,107.8389154704944,-70.27272727272727,1.0137480063795854,0.0977196810207336,3473.753746403828,3.060580409569378
run_0152_cfg_051_seed_2_mrhof,2,8,16,5,50.0,12,20,MRHOF,627,99.94682615629984,107.82456140350877,-69.36363636363636,1.01444976076555,0.0981723975638861,3473.752605557894,3.074759494736842
run_0153_cfg_051_seed_3_mrhof,3,8,16,5,50.0,12,20,MRHOF,627,100.0,107.37639553429028,-68.36363636363636,1.0149920255183411,0.098237490696438,3473.752441523445,3.07679820861244
run_0154_cfg_052_seed_1_of0,1,8,16,5,50.0,12,20,OF0,627,99.94682615629984,107.8803827751196,-70.74003189792664,1.012695374800638,0.0981409675038109,3473.7526847617223,3.07377510430622
run_0155_cfg_052_seed_2_of0,2,8,16,5,50.0,12,20,OF0,627,100.0,108.03349282296652,-70.25677830940988,1.0178947368421054,0.0983228708133971,3473.7522263655505,3.079472313875598
run_0156_cfg_052_seed_3_of0,3,8,16,5,50.0,12,20,OF0,627,100.0,108.03668261563,-68.06539074960128,1.016347687400319,0.0986720229919629,3473.7513464956937,3.0904078392344494
run_0157_cfg_053_seed_1_mrhof,1,8,16,5,50.0,16,5,MRHOF,855,99.93890058479532,159.47368421052633,-72.46666666666667,1.062,0.4650889606479059,3472.827975803509,14.566586442105262
run_0158_cfg_053_seed_2_mrhof,2,8,16,5,50.0,16,5,MRHOF,855,99.9298245614035,158.446783625731,-70.71461988304094,1.065251461988304,0.4681494282417152,3472.820263444211,14.662440050526314
run_0159_cfg_053_seed_3_mrhof,3,8,16,5,50.0,16,5,MRHOF,855,99.92023391812866,158.55789473684212,-72.0,1.0602339181286549,0.4651681822956448,3472.82777620772,14.569067132631575
run_0160_cfg_054_seed_1_of0,1,8,16,5,50.0,16,5,OF0,855,99.8490058479532,159.4608187134503,-71.90643274853801,1.0656491228070175,0.4726457815714139,3472.808932659649,14.803265515789471
run_0161_cfg_054_seed_2_of0,2,8,16,5,50.0,16,5,OF0,855,99.9168187134503,158.09941520467837,-73.3391812865497,1.0671111111111111,0.4698246894224848,3472.81604175158,14.714909658947366
run_0162_cfg_054_seed_3_of0,3,8,16,5,50.0,16,5,OF0,855,99.90486549707605,158.9111111111111,-73.28187134502924,1.0616491228070175,0.4686611573158303,3472.8191205305266,14.678469541052632
run_0163_cfg_055_seed_1_mrhof,1,8,16,5,50.0,16,10,MRHOF,855,100.0,150.81052631578947,-72.46666666666667,1.03,0.2536447095516569,3473.36081533193,7.944152303157894
run_0164_cfg_055_seed_2_mrhof,2,8,16,5,50.0,16,10,MRHOF,855,100.0,149.03157894736842,-69.66666666666667,1.0294619883040936,0.2537958091686524,3473.3604345712283,7.9488846147368415
run_0165_cfg_055_seed_3_mrhof,3,8,16,5,50.0,16,10,MRHOF,855,99.95711111111112,149.62923976608187,-72.13333333333334,1.028046783625731,0.2523861752798257,3473.364268836492,7.904738189473683
run_0166_cfg_056_seed_1_of0,1,8,16,5,50.0,16,10,OF0,855,99.91422222222222,151.66315789473686,-71.10175438596491,1.0386666666666666,0.2566201326055956,3473.3533172659654,8.037342551578947
run_0167_cfg_056_seed_2_of0,2,8,16,5,50.0,16,10,OF0,855,100.0,148.30877192982456,-72.4654970760234,1.0244912280701757,0.2537309768765403,3473.3605979340355,7.946854248421053
run_0168_cfg_056_seed_3_of0,3,8,16,5,50.0,16,10,OF0,855,99.98050292397662,150.05964912280703,-71.60116959064328,1.028,0.2536392618426578,3473.360828968421,7.943982821052631
run_0169_cfg_057_seed_1_mrhof,1,8,16,5,50.0,16,20,MRHOF,855,99.96100584795322,146.4701754385965,-71.73333333333333,1.024140350877193,0.1380019805068226,3473.652235009123,4.322222029473684
run_0170_cfg_057_seed_2_mrhof,2,8,16,5,50.0,16,20,MRHOF,855,100.0,148.27836257309943,-69.66666666666667,1.0323040935672514,0.1392819633258073,3473.649009448421,4.362311141052631
run_0171_cfg_057_seed_3_mrhof,3,8,16,5,50.0,16,20,MRHOF,855,100.0,145.93216374269005,-71.46666666666667,1.0276023391812863,0.1385316232064103,3473.650900322807,4.33881027368421
run_0172_cfg_058_seed_1_of0,1,8,16,5,50.0,16,20,OF0,855,100.0,147.30994152046785,-72.3438596491228,1.0283157894736843,0.1395527973003328,3473.64832695579,4.370793549473683
run_0173_cfg_058_seed_2_of0,2,8,16,5,50.0,16,20,OF0,855,100.0,146.78830409356726,-71.9953216374269,1.0307251461988305,0.1395884578069104,3473.64823712,4.37191008
run_0174_cfg_058_seed_3_of0,3,8,16,5,50.0,16,20,OF0,855,100.0,147.6421052631579,-71.0187134502924,1.029251461988304,0.1397181456059038,3473.6479102764915,4.3759722778947365
run_0184_cfg_062_seed_1_mrhof,1,8,16,5,60.0,12,5,MRHOF,627,99.98405103668262,99.05901116427432,-68.63636363636364,1.0150877192982457,0.2588484357306561,3473.34770192536,8.107133213397129
run_0185_cfg_062_seed_2_mrhof,2,8,16,5,60.0,12,5,MRHOF,627,99.9503668261563,97.2360446570973,-67.45454545454545,1.0175757575757576,0.2586641365517121,3473.348596172249,8.101362740669856
run_0186_cfg_062_seed_3_mrhof,3,8,16,5,60.0,12,5,MRHOF,627,99.96810207336524,97.27272727272728,-66.27272727272727,1.0150717703349283,0.2585208586843556,3473.348240080383,8.096873041148324
run_0187_cfg_063_seed_1_of0,1,8,16,5,60.0,12,5,OF0,627,99.9535885167464,97.3237639553429,-69.85645933014354,1.014609250398724,0.2584981362137033,3473.348584688996,8.096161722488038
run_0188_cfg_063_seed_2_of0,2,8,16,5,60.0,12,5,OF0,627,99.91990430622008,97.42583732057416,-67.49282296650718,1.0147527910685803,0.2599433745761407,3473.3449427062205,8.14142636555024
run_0189_cfg_063_seed_3_of0,3,8,16,5,60.0,12,5,OF0,627,99.95215311004785,97.59170653907496,-68.47527910685805,1.0161722488038278,0.2593096438064859,3473.3465396976085,8.121578044019138
run_0190_cfg_064_seed_1_mrhof,1,8,16,5,60.0,12,10,MRHOF,627,100.0,94.4609250398724,-68.9090909090909,1.005231259968102,0.1452972249474239,3473.633850993302,4.550709083253588
run_0191_cfg_064_seed_2_mrhof,2,8,16,5,60.0,12,10,MRHOF,627,100.0,94.15470494417865,-69.81818181818181,1.0104306220095691,0.1459203826995417,3473.632280635407,4.570226388516746
run_0192_cfg_064_seed_3_mrhof,3,8,16,5,60.0,12,10,MRHOF,627,100.0,95.15948963317383,-64.9090909090909,1.012488038277512,0.1461089422738256,3473.631805466029,4.5761320650717705
run_0193_cfg_065_seed_1_of0,1,8,16,5,60.0,12,10,OF0,627,99.93620414673046,95.94896331738435,-67.2488038277512,1.0086762360446573,0.1453492363390828,3473.63371991579,4.552338189473684
run_0194_cfg_065_seed_2_of0,2,8,16,5,60.0,12,10,OF0,627,99.96810207336524,95.4561403508772,-68.72248803827752,1.013620414673046,0.1477477917355784,3473.627675559809,4.62746089952153
run_0195_cfg_065_seed_3_of0,3,8,16,5,60.0,12,10,OF0,627,99.94682615629984,94.8468899521531,-68.0829346092504,1.0113875598086124,0.1463965944315604,3473.6310805741628,4.585141435406698
run_0196_cfg_066_seed_1_mrhof,1,8,16,5,60.0,12,20,MRHOF,627,99.94682615629984,94.36363636363636,-69.9090909090909,1.0138915470494418,0.0821751834130781,3473.792918537799,2.573726744497608
run_0197_cfg_066_seed_2_mrhof,2,8,16,5,60.0,12,20,MRHOF,627,99.94682615629984,93.11004784688996,-67.27272727272727,1.009792663476874,0.0823079640394229,3473.7925839311006,2.577885427751196
run_0198_cfg_066_seed_3_mrhof,3,8,16,5,60.0,12,20,MRHOF,627,100.0,93.3859649122807,-68.81818181818181,1.0121212121212122,0.0825769054341782,3473.7919061971297,2.5863086928229664
run_0199_cfg_067_seed_1_of0,1,8,16,5,60.0,12,20,OF0,627,99.89365231259968,95.17543859649123,-71.22966507177034,1.01481658692185,0.0826379585326953,3473.791752344498,2.588220861244019
run_0200_cfg_067_seed_2_of0,2,8,16,5,60.0,12,20,OF0,627,100.0,94.3939393939394,-67.18500797448166,1.0110207336523125,0.083619307003634,3473.789279341627,2.618956754066985
run_0201_cfg_067_seed_3_of0,3,8,16,5,60.0,12,20,OF0,627,100.0,93.725677830941,-66.06379585326954,1.0177033492822969,0.0830440833601107,3473.7907289110053,2.6009406775119617
run_0202_cfg_068_seed_1_mrhof,1,8,16,5,60.0,16,5,MRHOF,855,99.8700350877193,126.106432748538,-69.66666666666667,1.0358245614035089,0.3542076263325491,3473.107396783158,11.093782837894738
run_0203_cfg_068_seed_2_mrhof,2,8,16,5,60.0,16,5,MRHOF,855,99.97766081871345,126.26432748538012,-70.4,1.0345964912280703,0.3554538171104098,3473.1042563817546,11.132813541052633
run_0204_cfg_068_seed_3_mrhof,3,8,16,5,60.0,16,5,MRHOF,855,99.90853801169592,126.55555555555556,-69.89941520467836,1.031497076023392,0.3545008588568382,3473.10644711579,11.102966618947368
run_0205_cfg_069_seed_1_mrhof,1,8,16,5,60.0,16,10,MRHOF,855,99.93371929824562,122.93567251461988,-68.73333333333333,1.0217543859649123,0.1974899960582166,3473.502325209825,6.185386677894737
run_0206_cfg_069_seed_2_mrhof,2,8,16,5,60.0,16,10,MRHOF,855,99.953216374269,121.55906432748536,-72.41754385964913,1.017625730994152,0.1985832157907569,3473.4995702849124,6.219626458947368
run_0207_cfg_069_seed_3_mrhof,3,8,16,5,60.0,16,10,MRHOF,855,99.9766081871345,120.85730994152048,-65.26666666666667,1.0145964912280705,0.1966352238512845,3473.504548530527,6.158615831578947
run_0208_cfg_070_seed_1_of0,1,8,16,5,60.0,16,10,OF0,855,100.0,122.23859649122808,-70.86666666666666,1.0144444444444445,0.1966514775828459,3473.504438276492,6.159124277894736
run_0209_cfg_070_seed_2_of0,2,8,16,5,60.0,16,10,OF0,855,99.93371929824562,122.29122807017544,-68.35438596491228,1.0158713450292398,0.1985900286660749,3473.49955311158,6.219839898947368
run_0210_cfg_070_seed_3_of0,3,8,16,5,60.0,16,10,OF0,855,99.96100584795322,122.5812865497076,-71.34619883040936,1.0187719298245614,0.1974253099415204,3473.502488218948,6.18336070736842
run_0226_cfg_076_seed_1_of0,1,8,16,10,40.0,12,5,OF0,627,99.80647527910686,142.70334928229664,-73.61562998405104,1.052488038277512,0.4126789991795738,3472.9600489186605,12.925106296650716
run_0227_cfg_076_seed_2_of0,2,8,16,10,40.0,12,5,OF0,627,99.90251993620414,140.7097288676236,-73.56140350877193,1.0393620414673048,0.411323875178669,3472.9634638468906,12.882663617224878
run_0228_cfg_076_seed_3_of0,3,8,16,10,40.0,12,5,OF0,627,99.88800637958532,141.0622009569378,-73.64114832535886,1.0333014354066985,0.409806437407783,3472.9672877626795,12.835137806698564
run_0229_cfg_077_seed_1_mrhof,1,8,16,10,40.0,12,10,MRHOF,627,99.94151515151516,135.70494417862838,-73.63636363636364,1.0229186602870814,0.2255365423059969,3473.431647908134,7.063804570334927
run_0230_cfg_077_seed_2_mrhof,2,8,16,10,40.0,12,10,MRHOF,627,100.0,136.01754385964912,-73.36363636363636,1.020446570972887,0.2259452271108077,3473.431071479426,7.076606308133971
run_0231_cfg_077_seed_3_mrhof,3,8,16,10,40.0,12,10,MRHOF,627,99.94151515151516,137.5933014354067,-73.63636363636364,1.0317543859649123,0.227215077086656,3473.427418005742,7.116376214354067
run_0232_cfg_078_seed_1_mrhof,1,8,16,10,40.0,16,5,MRHOF,855,99.5893567251462,187.69590643274853,-76.90058479532163,1.103953216374269,0.5580316731068391,3472.593760185264,17.477551983157895
run_0233_cfg_078_seed_2_mrhof,2,8,16,10,40.0,16,5,MRHOF,855,99.79908771929824,186.75438596491227,-76.73801169590644,1.092187134502924,0.5609177373304673,3472.586122164211,17.56793674105263
run_0234_cfg_078_seed_3_mrhof,3,8,16,10,40.0,16,5,MRHOF,855,99.64624561403508,188.3391812865497,-76.86666666666666,1.1071812865497077,0.55841569179447,3472.59287949193,17.48958179368421
run_0235_cfg_079_seed_1_of0,1,8,16,10,40.0,16,5,OF0,855,99.63663157894736,186.5941520467836,-76.91812865497076,1.102374269005848,0.5605790518473298,3472.5873406596493,17.557337515789474
run_0236_cfg_079_seed_2_of0,2,8,16,10,40.0,16,5,OF0,855,99.70708771929824,189.8690058479532,-76.50994152046783,1.0971111111111111,0.5779010932431189,3472.5436893080705,18.099861456842103
run_0237_cfg_079_seed_3_of0,3,8,16,10,40.0,16,5,OF0,855,99.54991812865497,191.1204678362573,-76.72631578947369,1.1099181286549709,0.5861715002487377,3472.5228476800003,18.35889312
run_0238_cfg_080_seed_1_mrhof,1,8,16,10,40.0,16,10,MRHOF,855,99.95711111111112,174.93216374269005,-76.86666666666666,1.0443040935672514,0.2995108698857451,3473.245232550176,9.380681162105262
run_0239_cfg_080_seed_2_mrhof,2,8,16,10,40.0,16,10,MRHOF,855,100.0,174.26900584795322,-76.66666666666667,1.044374269005848,0.3015471776023027,3473.2401011031584,9.444457717894736
run_0240_cfg_080_seed_3_mrhof,3,8,16,10,40.0,16,10,MRHOF,855,99.94150877192985,173.91695906432747,-77.2,1.0547251461988305,0.2986042313766366,3473.247517350176,9.352284362105262
run_0241_cfg_081_seed_1_of0,1,8,16,10,40.0,16,10,OF0,855,99.859649122807,175.69473684210527,-77.15789473684211,1.048748538011696,0.2995440368710315,3473.245149041404,9.381719056842105
run_0242_cfg_081_seed_2_of0,2,8,16,10,40.0,16,10,OF0,855,99.9298245614035,175.55438596491229,-76.8233918128655,1.0503859649122806,0.3021325256242314,3473.2386260435087,9.462790602105262
run_0243_cfg_081_seed_3_of0,3,8,16,10,40.0,16,10,OF0,855,99.77387134502924,174.08538011695907,-77.04912280701754,1.0456023391812863,0.3085260126655331,3473.2225144308773,9.663034930526315
run_0244_cfg_082_seed_1_mrhof,1,8,16,10,40.0,16,20,MRHOF,855,99.92201169590643,170.59181286549708,-76.86666666666666,1.0360233918128654,0.1605879243881765,3473.5953184168425,5.029613962105263
run_0245_cfg_082_seed_2_mrhof,2,8,16,10,40.0,16,20,MRHOF,855,100.0,171.37894736842105,-76.93333333333334,1.0370994152046784,0.1619405698993848,3473.5919097656147,5.071978627368421
run_0246_cfg_082_seed_3_mrhof,3,8,16,10,40.0,16,20,MRHOF,855,99.8245380116959,175.01754385964912,-77.2,1.054140350877193,0.1630372709551656,3473.589146077193,5.106327326315789
run_0247_cfg_083_seed_1_of0,1,8,16,10,40.0,16,20,OF0,855,99.96100584795322,168.4374269005848,-77.04912280701754,1.045309941520468,0.1614850334631739,3473.5930577066665,5.057711359999999
run_0248_cfg_083_seed_2_of0,2,8,16,10,40.0,16,20,OF0,855,100.0,172.16491228070174,-76.95438596491228,1.0422573099415204,0.1625720656192245,3473.5903183831583,5.091757237894736
run_0249_cfg_083_seed_3_of0,3,8,16,10,40.0,16,20,OF0,855,99.90252631578949,169.6561403508772,-76.92046783625732,1.0341286549707602,0.1613332977415241,3473.593440078597,5.052959023157895
run_0262_cfg_088_seed_1_mrhof,1,8,16,10,50.0,12,5,MRHOF,627,99.98405103668262,112.78309409888357,-69.72727272727273,1.0285326953748006,0.3175072211306716,3473.1998818066986,9.94432611674641
run_0263_cfg_088_seed_2_mrhof,2,8,16,10,50.0,12,5,MRHOF,627,99.92169059011164,113.46570972886762,-69.54545454545455,1.0256140350877194,0.3175422982146559,3473.1997933856464,9.945425064114833
run_0264_cfg_088_seed_3_mrhof,3,8,16,10,50.0,12,5,MRHOF,627,99.96810207336524,113.5725677830941,-69.72727272727273,1.0265869218500796,0.31843795524352,3473.197536344498,9.973476861244018
run_0265_cfg_089_seed_1_of0,1,8,16,10,50.0,12,5,OF0,627,99.9390749601276,113.6475279106858,-70.40191387559808,1.0251196172248804,0.3173262423756006,3473.2003378449767,9.93865821244019
run_0266_cfg_089_seed_2_of0,2,8,16,10,50.0,12,5,OF0,627,99.95215311004785,113.6267942583732,-68.24401913875599,1.023891547049442,0.3175223763099499,3473.199347946412,9.944800329186602
run_0267_cfg_089_seed_3_of0,3,8,16,10,50.0,12,5,OF0,627,99.96810207336524,113.88676236044655,-68.80861244019138,1.0283732057416268,0.3208574607470756,3473.191439203828,10.04925560956938
run_0268_cfg_090_seed_1_mrhof,1,8,16,10,50.0,12,10,MRHOF,627,99.97341307814992,110.72408293460926,-69.72727272727273,1.0170972886762362,0.1780470769574486,3473.5513213550244,5.576434587559808
run_0269_cfg_090_seed_2_mrhof,2,8,16,10,50.0,12,10,MRHOF,627,100.0,110.481658692185,-69.36363636363636,1.0174322169059011,0.178525047696011,3473.5496183464115,5.591402916746411
run_0270_cfg_090_seed_3_mrhof,3,8,16,10,50.0,12,10,MRHOF,627,99.94151515151516,111.21690590111643,-69.27272727272727,1.0175438596491229,0.1780051259581313,3473.551427085168,5.57512051291866
run_0271_cfg_091_seed_1_of0,1,8,16,10,50.0,12,10,OF0,627,99.97341307814992,110.32216905901116,-68.4688995215311,1.0146730462519935,0.1781995507995444,3473.5509371253597,5.581210013397129
run_0272_cfg_091_seed_2_of0,2,8,16,10,50.0,12,10,OF0,627,100.0,109.42105263157896,-70.15151515151516,1.0144657097288676,0.1786132270069112,3473.5498946679427,5.5941662698564585
run_0273_cfg_091_seed_3_of0,3,8,16,10,50.0,12,10,OF0,627,99.96810207336524,110.79585326953747,-69.75438596491227,1.0178468899521531,0.17842864416636,3473.550359816268,5.588385140669856
run_0274_cfg_092_seed_1_of0,1,8,16,10,50.0,12,20,OF0,627,100.0,108.84051036682617,-68.50079744816587,1.0149601275917066,0.0993306751727804,3473.7496866985653,3.1110367464114828
run_0275_cfg_092_seed_2_of0,2,8,16,10,50.0,12,20,OF0,627,100.0,107.75279106858054,-69.8755980861244,1.014098883572568,0.0996988243341656,3473.7487589741627,3.122567035406698
run_0276_cfg_092_seed_3_of0,3,8,16,10,50.0,12,20,OF0,627,100.0,108.59808612440192,-69.01275917065391,1.0141786283891547,0.0995942937989623,3473.749022361723,3.11929350430622
run_0277_cfg_093_seed_1_mrhof,1,8,16,10,50.0,16,5,MRHOF,855,99.87108771929825,158.08538011695907,-73.8,1.0606666666666666,0.4650774827422959,3472.828475236491,14.566230383157894
run_0278_cfg_093_seed_2_mrhof,2,8,16,10,50.0,16,5,MRHOF,855,99.86175438596491,159.1766081871345,-70.62690058479532,1.0586666666666666,0.4672947004321133,3472.8224173417548,14.635670181052632
run_0279_cfg_093_seed_3_mrhof,3,8,16,10,50.0,16,5,MRHOF,855,99.8700350877193,161.34619883040935,-72.0,1.0668304093567251,0.471398617132517,3472.8120754975444,14.764204530526314
run_0280_cfg_094_seed_1_mrhof,1,8,16,10,50.0,16,10,MRHOF,855,99.9766081871345,150.08538011695907,-72.46666666666667,1.0316374269005848,0.2546958402748636,3473.3581664729827,7.977073835789473
run_0281_cfg_094_seed_2_mrhof,2,8,16,10,50.0,16,10,MRHOF,855,99.91422222222222,151.9859649122807,-70.33333333333333,1.0384327485380118,0.2580687924856879,3473.349666655439,8.082714425263157
run_0282_cfg_094_seed_3_mrhof,3,8,16,10,50.0,16,10,MRHOF,855,99.89083040935672,150.98011695906433,-72.13333333333334,1.038093567251462,0.2547501134342321,3473.358029715088,7.978773541052631
run_0283_cfg_095_seed_1_mrhof,1,8,16,10,50.0,16,20,MRHOF,855,99.96100584795322,146.28654970760235,-71.53333333333333,1.0222923976608187,0.1401988761137577,3473.6466988294737,4.39102883368421
run_0284_cfg_095_seed_2_mrhof,2,8,16,10,50.0,16,20,MRHOF,855,100.0,146.75087719298244,-69.66666666666667,1.024269005847953,0.1399319766081871,3473.647371418948,4.382669507368421
run_0285_cfg_095_seed_3_mrhof,3,8,16,10,50.0,16,20,MRHOF,855,100.0,144.84561403508772,-71.93333333333334,1.0176374269005848,0.138637846693123,3473.6506326231583,4.342137397894736
run_0286_cfg_096_seed_1_of0,1,8,16,10,50.0,16,20,OF0,855,99.96100584795322,148.49473684210523,-69.57426900584795,1.0341988304093568,0.1416015130543295,3473.6431641880704,4.434959376842105
run_0287_cfg_096_seed_2_of0,2,8,16,10,50.0,16,20,OF0,855,99.94152046783626,148.11111111111111,-71.0,1.0329707602339182,0.1419843306654198,3473.6421994947373,4.446949136842105
run_0288_cfg_096_seed_3_of0,3,8,16,10,50.0,16,20,OF0,855,99.96100584795322,149.46549707602338,-72.49473684210527,1.0430175438596492,0.1417266254313976,3473.642848898246,4.438877978947368
run_0304_cfg_102_seed_1_mrhof,1,8,16,10,60.0,12,5,MRHOF,627,99.96810207336524,97.20095693779903,-68.63636363636364,1.015645933014354,0.2595069336730802,3473.346192363637,8.12775879043062
run_0305_cfg_102_seed_2_mrhof,2,8,16,10,60.0,12,5,MRHOF,627,99.96810207336524,97.29346092503988,-67.45454545454545,1.015980861244019,0.2605144493135084,3473.343503586603,8.159312566507177
run_0306_cfg_102_seed_3_mrhof,3,8,16,10,60.0,12,5,MRHOF,627,99.93263157894737,97.99043062200955,-67.71451355661883,1.0179904306220096,0.2601217292250202,3473.3440064191395,8.147012348325358
run_0307_cfg_103_seed_1_of0,1,8,16,10,60.0,12,5,OF0,627,99.95215311004785,97.28389154704944,-70.50558213716108,1.0117703349282297,0.2595176612326118,3473.346015494737,8.128093136842104
run_0308_cfg_103_seed_2_of0,2,8,16,10,60.0,12,5,OF0,627,99.95215311004785,97.40829346092504,-68.36044657097288,1.0174641148325358,0.2612486376207382,3473.341653389474,8.182307873684211
run_0309_cfg_103_seed_3_of0,3,8,16,10,60.0,12,5,OF0,627,99.91846889952151,97.40350877192982,-68.66028708133972,1.015725677830941,0.2596850432027726,3473.345593645933,8.133336114832534
run_0310_cfg_104_seed_1_mrhof,1,8,16,10,60.0,12,10,MRHOF,627,100.0,95.08771929824562,-68.9090909090909,1.0093460925039872,0.1472436556283,3473.628945982775,4.611671356937799
run_0311_cfg_104_seed_2_mrhof,2,8,16,10,60.0,12,10,MRHOF,627,99.97341307814992,93.23444976076556,-69.81818181818181,1.009011164274322,0.1473626357613549,3473.628646155024,4.615397787559808
run_0312_cfg_104_seed_3_mrhof,3,8,16,10,60.0,12,10,MRHOF,627,99.96810207336524,94.97288676236045,-65.9090909090909,1.0092822966507178,0.1476955879231703,3473.627807119617,4.625825799043062
run_0313_cfg_105_seed_1_mrhof,1,8,16,10,60.0,12,20,MRHOF,627,100.0,93.98245614035088,-69.9090909090909,1.010255183413078,0.0841172989218914,3473.7880244057424,2.6345538143540668
run_0314_cfg_105_seed_2_mrhof,2,8,16,10,60.0,12,20,MRHOF,627,100.0,93.74322169059012,-69.81818181818181,1.0112280701754386,0.083922018614442,3473.788516509091,2.6284376727272725
run_0315_cfg_105_seed_3_mrhof,3,8,16,10,60.0,12,20,MRHOF,627,100.0,93.38915470494418,-68.81818181818181,1.012902711323764,0.0843616161616161,3473.787408727273,2.642205818181818
run_0316_cfg_106_seed_1_mrhof,1,8,16,10,60.0,16,5,MRHOF,855,99.87319298245616,127.19883040935672,-69.66666666666667,1.0309941520467836,0.357153278983009,3473.099973737544,11.186040690526315
run_0317_cfg_106_seed_2_mrhof,2,8,16,10,60.0,16,5,MRHOF,855,99.93194152046784,126.57777777777778,-70.4,1.0344912280701757,0.3571232145133569,3473.100049504562,11.185099014736842
run_0318_cfg_106_seed_3_mrhof,3,8,16,10,60.0,16,5,MRHOF,855,99.882783625731,126.47836257309942,-70.13333333333334,1.0344444444444445,0.3561852232316216,3473.102048002808,11.155715604210524
run_0319_cfg_107_seed_1_of0,1,8,16,10,60.0,16,5,OF0,855,99.8978947368421,127.45847953216374,-69.67953216374269,1.0331812865497076,0.3564336584650793,3473.101787076492,11.163503477894736
run_0320_cfg_107_seed_2_of0,2,8,16,10,60.0,16,5,OF0,855,99.89553216374269,126.39298245614034,-69.27836257309941,1.0329122807017543,0.358714295438474,3473.096179096141,11.234933103157893
run_0321_cfg_107_seed_3_of0,3,8,16,10,60.0,16,5,OF0,855,99.82561403508772,126.88421052631578,-70.35906432748538,1.0291461988304094,0.356698097602085,3473.101120735439,11.171785145263158
run_0322_cfg_108_seed_1_of0,1,8,16,10,60.0,16,10,OF0,855,99.89861988304096,121.4140350877193,-72.48771929824561,1.01846783625731,0.1982628583071054,3473.5003776280705,6.209592336842105
run_0323_cfg_108_seed_2_of0,2,8,16,10,60.0,16,10,OF0,855,99.98050292397662,121.8046783625731,-71.25614035087719,1.0178362573099415,0.1990061078550352,3473.4985045557896,6.232871949473683
run_0324_cfg_108_seed_3_of0,3,8,16,10,60.0,16,10,OF0,855,99.9766081871345,122.04795321637428,-70.03157894736842,1.0188654970760234,0.1991977930988277,3473.498021541053,6.238875132631578
run_0334_cfg_112_seed_1_of0,1,8,18,0,40.0,12,5,OF0,627,99.9039553429027,141.03030303030303,-73.63636363636364,1.0395693779904307,0.4037962363819211,3472.982433538756,12.646897446889952
run_0335_cfg_112_seed_2_of0,2,8,18,0,40.0,12,5,OF0,627,99.98405103668262,140.69537480063795,-73.27272727272727,1.0427272727272727,0.4066885279510535,3472.975144911005,12.73748467751196
run_0336_cfg_112_seed_3_of0,3,8,18,0,40.0,12,5,OF0,627,99.92025518341308,140.8261562998405,-73.58213716108453,1.0382775119617225,0.4037197716025146,3472.9823125933017,12.644498411483251
run_0337_cfg_113_seed_1_mrhof,1,8,18,0,40.0,12,10,MRHOF,627,99.96810207336524,136.60446570972886,-73.63636363636364,1.025406698564593,0.2206638928176822,3473.443926966508,6.911193416267942
run_0338_cfg_113_seed_2_mrhof,2,8,18,0,40.0,12,10,MRHOF,627,100.0,135.34130781499204,-73.36363636363636,1.0202392344497608,0.2199638301585212,3473.4456911540674,6.889267085167464
run_0339_cfg_113_seed_3_mrhof,3,8,18,0,40.0,12,10,MRHOF,627,100.0,135.74641148325358,-73.63636363636364,1.0191228070175438,0.2201988730013182,3473.445098840192,6.896628700478469
run_0340_cfg_114_seed_1_of0,1,8,18,0,40.0,12,10,OF0,627,99.96810207336524,137.48325358851676,-73.60765550239235,1.028086124401914,0.2208875631718838,3473.4433973052637,6.918198706220095
run_0341_cfg_114_seed_2_of0,2,8,18,0,40.0,12,10,OF0,627,99.97341307814992,136.25518341307816,-73.34290271132376,1.0237639553429028,0.2215043253858684,3473.441809094737,6.937515536842105
run_0342_cfg_114_seed_3_of0,3,8,18,0,40.0,12,10,OF0,627,99.94151515151516,135.61244019138755,-73.62679425837321,1.0229665071770335,0.2197240634277897,3473.4462953645934,6.881757611483253
run_0343_cfg_115_seed_1_mrhof,1,8,18,0,40.0,12,20,MRHOF,627,100.0,133.44657097288678,-73.63636363636364,1.0158213716108453,0.1179861775651249,3473.702674832536,3.695327081339712
run_0344_cfg_115_seed_2_mrhof,2,8,18,0,40.0,12,20,MRHOF,627,100.0,133.76076555023923,-73.27272727272727,1.0238118022328548,0.1187116231526581,3473.700846713876,3.7180479846889942
run_0345_cfg_115_seed_3_mrhof,3,8,18,0,40.0,12,20,MRHOF,627,99.89365231259968,134.7304625199362,-73.63636363636364,1.0347208931419458,0.1187021905977492,3473.700870453589,3.7177529339712914
run_0346_cfg_116_seed_1_of0,1,8,18,0,40.0,12,20,OF0,627,99.94682615629984,133.5279106858054,-73.72727272727273,1.032567783094099,0.1188601925189671,3473.700472290909,3.722701527272727
run_0347_cfg_116_seed_2_of0,2,8,18,0,40.0,12,20,OF0,627,100.0,135.5725677830941,-73.3652312599681,1.022791068580542,0.1183880288573146,3473.701662170335,3.70791302583732
run_0348_cfg_116_seed_3_of0,3,8,18,0,40.0,12,20,OF0,627,99.94682615629984,135.19617224880383,-73.72727272727273,1.0254864433811803,0.1187270600744285,3473.7008078086124,3.718531521531101
run_0349_cfg_117_seed_1_mrhof,1,8,18,0,40.0,16,5,MRHOF,855,99.62233918128656,188.4842105263158,-76.99883040935673,1.1015204678362571,0.5524956845292088,3472.6073279635093,17.304163486315787
run_0350_cfg_117_seed_2_mrhof,2,8,18,0,40.0,16,5,MRHOF,855,99.80065497076023,188.46549707602335,-76.6,1.114362573099415,0.5567143597548955,3472.597079786667,17.43629408
run_0351_cfg_117_seed_3_mrhof,3,8,18,0,40.0,16,5,MRHOF,855,99.61405847953216,188.106432748538,-76.86666666666666,1.0928187134502925,0.5530797428209517,3472.606103127018,17.32245680842105
run_0352_cfg_118_seed_1_of0,1,8,18,0,40.0,16,5,OF0,855,99.718783625731,187.06315789473683,-76.72865497076023,1.094035087719298,0.5575975367066939,3472.594854327018,17.463953364210525
run_0353_cfg_118_seed_2_of0,2,8,18,0,40.0,16,5,OF0,855,99.81446783625732,199.83625730994152,-76.57426900584795,1.0999298245614035,0.6082806569137064,3472.467132788772,19.05134962526316
run_0354_cfg_118_seed_3_of0,3,8,18,0,40.0,16,5,OF0,855,99.46980116959064,188.706432748538,-76.86198830409357,1.1012280701754384,0.5638321748850682,3472.57886922386,17.659225077894735
run_0355_cfg_119_seed_1_mrhof,1,8,18,0,40.0,16,10,MRHOF,855,99.98050292397662,174.1391812865497,-76.86666666666666,1.0462105263157897,0.2931598497547939,3473.2612371929827,9.181766315789472
run_0356_cfg_119_seed_2_mrhof,2,8,18,0,40.0,16,10,MRHOF,855,100.0,173.90994152046784,-77.0,1.0481520467836256,0.2955484449702076,3473.25521792,9.25657728
run_0357_cfg_119_seed_3_mrhof,3,8,18,0,40.0,16,10,MRHOF,855,99.91422222222222,173.2888888888889,-77.2,1.041906432748538,0.2916471790115619,3473.265049083509,9.134389962105262
run_0358_cfg_120_seed_1_of0,1,8,18,0,40.0,16,10,OF0,855,99.73487719298248,176.35906432748538,-77.0233918128655,1.0516374269005848,0.3022717424852731,3473.2382724800004,9.467151225263155
run_0359_cfg_120_seed_2_of0,2,8,18,0,40.0,16,10,OF0,855,99.89472514619884,175.4187134502924,-77.0421052631579,1.0443625730994153,0.2945984599460093,3473.2576118905267,9.226823646315788
run_0360_cfg_120_seed_3_of0,3,8,18,0,40.0,16,10,OF0,855,99.73487719298248,175.73801169590644,-76.9859649122807,1.0505380116959064,0.3022876661970378,3473.238235065264,9.467649903157891
run_0361_cfg_121_seed_1_of0,1,8,18,0,40.0,16,20,OF0,855,99.92201169590643,172.9859649122807,-77.10760233918128,1.0407602339181288,0.1568842950692757,3473.604651592983,4.913615915789474
run_0362_cfg_121_seed_2_of0,2,8,18,0,40.0,16,20,OF0,855,100.0,170.8187134502924,-76.45964912280702,1.036187134502924,0.1577933210632518,3473.602360819649,4.942086955789473
run_0363_cfg_121_seed_3_of0,3,8,18,0,40.0,16,20,OF0,855,99.92201169590643,168.37894736842105,-76.9485380116959,1.0487134502923976,0.1564731851851852,3473.605687573334,4.90074016
run_0376_cfg_126_seed_1_mrhof,1,8,18,0,50.0,12,5,MRHOF,627,99.91846889952151,113.7767145135566,-69.72727272727273,1.023365231259968,0.3116855650348583,3473.214552359809,9.76199209952153
run_0377_cfg_126_seed_2_mrhof,2,8,18,0,50.0,12,5,MRHOF,627,99.93585326953747,112.72408293460926,-69.54545454545455,1.0234449760765552,0.3121800267485853,3473.213306319617,9.77747859904306
run_0378_cfg_126_seed_3_mrhof,3,8,18,0,50.0,12,5,MRHOF,627,99.93620414673046,114.1738437001595,-69.72727272727273,1.031291866028708,0.3128636073946401,3473.211583716746,9.798888091866027
run_0379_cfg_127_seed_1_mrhof,1,8,18,0,50.0,12,10,MRHOF,627,100.0,111.01275917065392,-69.72727272727273,1.0134130781499202,0.1720872278983544,3473.5663401799043,5.389772049760765
run_0380_cfg_127_seed_2_mrhof,2,8,18,0,50.0,12,10,MRHOF,627,99.94682615629984,110.59968102073366,-69.36363636363636,1.0170015948963318,0.1735589139172735,3473.5626315330146,5.4358652325358845
run_0381_cfg_127_seed_3_mrhof,3,8,18,0,50.0,12,10,MRHOF,627,100.0,110.44178628389156,-69.27272727272727,1.017177033492823,0.1721216485690022,3473.566253420096,5.3908503502392335
run_0382_cfg_128_seed_1_mrhof,1,8,18,0,50.0,12,20,MRHOF,627,100.0,107.51515151515152,-68.18181818181819,1.013444976076555,0.094179838648276,3473.7626668019147,2.949712604784689
run_0383_cfg_128_seed_2_mrhof,2,8,18,0,50.0,12,20,MRHOF,627,100.0,107.4401913875598,-69.36363636363636,1.0106698564593302,0.0941546202351783,3473.762730357895,2.948922694736842
run_0384_cfg_128_seed_3_mrhof,3,8,18,0,50.0,12,20,MRHOF,627,100.0,108.10526315789474,-69.9090909090909,1.0166507177033497,0.0943227244863721,3473.7623067406703,2.954187651674641
run_0385_cfg_129_seed_1_of0,1,8,18,0,50.0,12,20,OF0,627,100.0,109.09728867623603,-68.50079744816587,1.0157416267942585,0.0942636895268474,3473.7624555023926,2.952338755980861
run_0386_cfg_129_seed_2_of0,2,8,18,0,50.0,12,20,OF0,627,100.0,107.84529505582135,-67.5103668261563,1.0124401913875598,0.0935687825624667,3473.764206667943,2.930574269856459
run_0387_cfg_129_seed_3_of0,3,8,18,0,50.0,12,20,OF0,627,100.0,109.50079744816588,-68.53269537480064,1.0166826156299842,0.0944213716108453,3473.7620581435413,2.9572773588516745
run_0388_cfg_130_seed_1_mrhof,1,8,18,0,50.0,16,5,MRHOF,855,99.88304093567253,158.9309941520468,-73.8,1.0610526315789477,0.4613405280306512,3472.837421844211,14.449185650526315
run_0389_cfg_130_seed_2_mrhof,2,8,18,0,50.0,16,5,MRHOF,855,99.9191812865497,157.43508771929825,-71.44795321637427,1.0572865497076025,0.4618656198963212,3472.8360986329826,14.465631275789471
run_0390_cfg_130_seed_3_mrhof,3,8,18,0,50.0,16,5,MRHOF,855,99.89447953216374,159.54619883040937,-72.0,1.066152046783626,0.4623746777771089,3472.8348157810533,14.481575292631575
run_0391_cfg_131_seed_1_of0,1,8,18,0,50.0,16,5,OF0,855,99.82430409356724,157.8982456140351,-72.74385964912281,1.05646783625731,0.4636710199711497,3472.831548996491,14.522176757894735
run_0392_cfg_131_seed_2_of0,2,8,18,0,50.0,16,5,OF0,855,99.86715789473683,158.88187134502925,-71.64678362573099,1.0599415204678362,0.4660005492083596,3472.8260283621057,14.595140025263156
run_0393_cfg_131_seed_3_of0,3,8,18,0,50.0,16,5,OF0,855,99.91812865497076,157.84912280701755,-71.13567251461988,1.0629941520467836,0.463971339602488,3472.830792230176,14.531582282105262
run_0394_cfg_132_seed_1_mrhof,1,8,18,0,50.0,16,10,MRHOF,855,100.0,151.09824561403508,-71.73333333333333,1.032502923976608,0.2495967294533219,3473.371016252632,7.817369431578946
run_0395_cfg_132_seed_2_mrhof,2,8,18,0,50.0,16,10,MRHOF,855,99.94150877192985,151.3719298245614,-69.66549707602339,1.036795321637427,0.2522060136537021,3473.3644408308774,7.899092530526315
run_0396_cfg_132_seed_3_mrhof,3,8,18,0,50.0,16,10,MRHOF,855,99.96100584795322,150.23976608187135,-72.13333333333334,1.0254970760233917,0.2476028014600331,3473.3760409263164,7.754919915789474
run_0397_cfg_133_seed_1_of0,1,8,18,0,50.0,16,10,OF0,855,99.9298245614035,151.3298245614035,-70.29005847953216,1.0326900584795322,0.2500999920995245,3473.3697480196493,7.833131755789473
run_0398_cfg_133_seed_2_of0,2,8,18,0,50.0,16,10,OF0,855,99.9766081871345,149.01286549707604,-70.94035087719298,1.03493567251462,0.2497239125074613,3473.3706957361405,7.82135299368421
run_0399_cfg_133_seed_3_of0,3,8,18,0,50.0,16,10,OF0,855,99.9766081871345,149.05730994152046,-71.20701754385965,1.0243859649122806,0.2483211059068774,3473.374230809825,7.777417077894737
run_0400_cfg_134_seed_1_mrhof,1,8,18,0,50.0,16,20,MRHOF,855,99.92201169590643,147.95906432748538,-71.53333333333333,1.0350526315789474,0.1354746510721247,3473.6586038792984,4.243066071578947
run_0401_cfg_134_seed_2_mrhof,2,8,18,0,50.0,16,20,MRHOF,855,100.0,145.90175438596492,-69.66666666666667,1.0258011695906433,0.1342032709865968,3473.6618077473686,4.2032465684210525
run_0402_cfg_134_seed_3_mrhof,3,8,18,0,50.0,16,20,MRHOF,855,100.0,145.42573099415205,-71.93333333333334,1.0261637426900585,0.1337228510132048,3473.663018408421,4.188199781052632
run_0418_cfg_140_seed_1_mrhof,1,8,18,0,60.0,12,5,MRHOF,627,99.93441786283891,97.42105263157896,-68.63636363636364,1.0125358851674642,0.2537846449784,3473.360462690909,7.948535127272726
run_0419_cfg_140_seed_2_mrhof,2,8,18,0,60.0,12,5,MRHOF,627,99.91990430622008,96.9170653907496,-67.45454545454545,1.014481658692185,0.2549967901914897,3473.357408091866,7.986499429665072
run_0420_cfg_140_seed_3_mrhof,3,8,18,0,60.0,12,5,MRHOF,627,99.96810207336524,96.99521531100478,-66.27272727272727,1.013141945773525,0.2544416134048841,3473.358807127273,7.969111418181818
run_0421_cfg_141_seed_1_of0,1,8,18,0,60.0,12,10,OF0,627,99.97341307814992,94.69537480063796,-68.41467304625199,1.007767145135566,0.1417175725053445,3473.642871709091,4.438594472727273
run_0422_cfg_141_seed_2_of0,2,8,18,0,60.0,12,10,OF0,627,99.96810207336524,94.44178628389156,-69.62041467304626,1.0115151515151517,0.1428469791331923,3473.6400256229667,4.473967257416268
run_0423_cfg_141_seed_3_of0,3,8,18,0,60.0,12,10,OF0,627,100.0,93.63157894736842,-68.81818181818181,1.0084370015948962,0.1424905279824392,3473.6409238736846,4.462803284210525
run_0424_cfg_142_seed_1_mrhof,1,8,18,0,60.0,12,20,MRHOF,627,99.94682615629984,93.50558213716108,-69.9090909090909,1.0121690590111645,0.0788524837413045,3473.801291743541,2.4696597588516744
run_0425_cfg_142_seed_2_mrhof,2,8,18,0,60.0,12,20,MRHOF,627,100.0,93.08452950558214,-69.81818181818181,1.0103189792663478,0.0785901108020812,3473.801952918661,2.4614422966507177
run_0426_cfg_142_seed_3_mrhof,3,8,18,0,60.0,12,20,MRHOF,627,100.0,92.6347687400319,-68.81818181818181,1.0124561403508774,0.07913628817976,3473.8005765511966,2.4785485779904306
run_0427_cfg_143_seed_1_of0,1,8,18,0,60.0,12,20,OF0,627,100.0,93.6762360446571,-69.02711323763955,1.0135885167464114,0.0787047953216374,3473.80166391579,2.465034189473684
run_0428_cfg_143_seed_2_of0,2,8,18,0,60.0,12,20,OF0,627,100.0,94.57097288676236,-69.50558213716108,1.014274322169059,0.0795981501902966,3473.799412662201,2.493014055502392
run_0429_cfg_143_seed_3_of0,3,8,18,0,60.0,12,20,OF0,627,100.0,94.19617224880383,-68.80861244019138,1.013205741626794,0.0791697182349813,3473.8004923100484,2.479595575119617
run_0430_cfg_144_seed_1_mrhof,1,8,18,0,60.0,16,5,MRHOF,855,99.77726315789474,127.35555555555555,-69.63040935672515,1.0383391812865497,0.3512191005598278,3473.114927859649,11.000182315789472
run_0431_cfg_144_seed_2_mrhof,2,8,18,0,60.0,16,5,MRHOF,855,99.95190643274854,126.02573099415204,-70.4,1.0284912280701757,0.3511515129014954,3473.115098178246,10.998065498947367
run_0432_cfg_144_seed_3_mrhof,3,8,18,0,60.0,16,5,MRHOF,855,99.88383625730994,125.9029239766082,-70.13333333333334,1.0303625730994153,0.3509148694638498,3473.115694529123,10.990653709473683
run_0433_cfg_145_seed_1_of0,1,8,18,0,60.0,16,5,OF0,855,99.80091228070177,127.09122807017545,-70.21286549707602,1.0304561403508772,0.3500199599586567,3473.1179496982463,10.962625178947366
run_0434_cfg_145_seed_2_of0,2,8,18,0,60.0,16,5,OF0,855,99.95426900584796,126.74269005847954,-69.22105263157894,1.0325847953216374,0.3525968361157636,3473.111455977544,11.043332850526316
run_0435_cfg_145_seed_3_of0,3,8,18,0,60.0,16,5,OF0,855,99.85426900584794,126.98245614035088,-72.73684210526316,1.0284327485380118,0.3512183194652012,3473.11492986386,11.00015740631579
run_0436_cfg_146_seed_1_mrhof,1,8,18,0,60.0,16,10,MRHOF,855,99.98050292397662,121.71345029239768,-68.73333333333333,1.0176959064327484,0.1930487301477621,3473.513517192983,6.046286315789473
run_0437_cfg_146_seed_2_mrhof,2,8,18,0,60.0,16,10,MRHOF,855,100.0,120.44795321637427,-72.13333333333334,1.0140233918128656,0.1928708780806479,3473.513965389474,6.04071587368421
run_0438_cfg_146_seed_3_mrhof,3,8,18,0,60.0,16,10,MRHOF,855,99.93371929824562,121.32748538011695,-66.53333333333333,1.0166783625730995,0.193672166617927,3473.5119461277195,6.065812412631579
run_0439_cfg_147_seed_1_of0,1,8,18,0,60.0,16,10,OF0,855,99.9766081871345,121.67134502923976,-70.73684210526316,1.0195789473684211,0.1930256686092993,3473.513575315088,6.045563941052631
run_0440_cfg_147_seed_2_of0,2,8,18,0,60.0,16,10,OF0,855,99.98050292397662,121.37777777777778,-69.91578947368421,1.0185263157894735,0.1944503854085925,3473.5099850273687,6.090186088421052
run_0441_cfg_147_seed_3_of0,3,8,18,0,60.0,16,10,OF0,855,99.93761403508772,121.42690058479532,-69.12397660818714,1.0147602339181288,0.1934032124756335,3473.5126239045617,6.057388614736841
run_0442_cfg_148_seed_1_mrhof,1,8,18,0,60.0,16,20,MRHOF,855,99.96100584795322,120.33567251461989,-68.86666666666666,1.0169707602339182,0.1057227290861123,3473.733578722808,3.3112358736842102
run_0443_cfg_148_seed_2_mrhof,2,8,18,0,60.0,16,20,MRHOF,855,99.96100584795322,118.83040935672514,-72.13333333333334,1.0180116959064327,0.10559893957115,3473.733890672281,3.307358787368421
run_0444_cfg_148_seed_3_mrhof,3,8,18,0,60.0,16,20,MRHOF,855,99.96100584795322,119.7766081871345,-72.0,1.0174269005847951,0.105791545707729,3473.73340529965,3.313391275789473
run_0445_cfg_149_seed_1_of0,1,8,18,0,60.0,16,20,OF0,855,100.0,120.67134502923976,-69.79415204678362,1.0138479532163742,0.1053062959505068,3473.7346281431583,3.2981930778947364
run_0446_cfg_149_seed_2_of0,2,8,18,0,60.0,16,20,OF0,855,100.0,120.30058479532164,-72.11461988304093,1.0267953216374268,0.1065432819880579,3473.73151092772,3.336935612631579
run_0447_cfg_149_seed_3_of0,3,8,18,0,60.0,16,20,OF0,855,100.0,119.52280701754384,-71.86549707602339,1.0142339181286548,0.1055427992202729,3473.7340321459656,3.305600471578947
run_0457_cfg_153_seed_1_mrhof,1,8,18,5,40.0,12,5,MRHOF,627,99.87349282296653,141.25199362041468,-73.63636363636364,1.0463317384370014,0.4042684837754819,3472.981243391388,12.6616892784689
run_0458_cfg_153_seed_2_mrhof,2,8,18,5,40.0,12,5,MRHOF,627,99.95215311004785,141.54704944178627,-73.36363636363636,1.0529346092503988,0.4079863724440435,3472.972259134928,12.7781344076555
run_0459_cfg_153_seed_3_mrhof,3,8,18,5,40.0,12,5,MRHOF,627,99.85432216905902,141.1116427432217,-73.63636363636364,1.039872408293461,0.4047328862254829,3472.9800731253595,12.676234013397128
run_0460_cfg_154_seed_1_of0,1,8,18,5,40.0,12,10,OF0,627,100.0,136.4274322169059,-73.72727272727273,1.023237639553429,0.2200913131313131,3473.4453698909097,6.893259927272726
run_0461_cfg_154_seed_2_of0,2,8,18,5,40.0,12,10,OF0,627,100.0,134.9505582137161,-73.36363636363636,1.0259011164274323,0.2206788621643719,3473.44388929378,6.911661634449761
run_0462_cfg_154_seed_3_of0,3,8,18,5,40.0,12,10,OF0,627,99.97341307814992,136.71291866028707,-73.74162679425838,1.0208931419457736,0.2207232359019728,3473.4437774545463,6.913051636363637
run_0463_cfg_155_seed_1_mrhof,1,8,18,5,40.0,12,20,MRHOF,627,99.94682615629984,133.9872408293461,-73.63636363636364,1.0227113237639551,0.1180773844677987,3473.702444991388,3.698183678468899
run_0464_cfg_155_seed_2_mrhof,2,8,18,5,40.0,12,20,MRHOF,627,100.0,133.85645933014354,-73.27272727272727,1.0195215311004784,0.1178192265075572,3473.703095555981,3.690098089952153
run_0465_cfg_155_seed_3_mrhof,3,8,18,5,40.0,12,20,MRHOF,627,99.89365231259968,133.87240829346092,-73.63636363636364,1.0245454545454544,0.118193977498098,3473.7021511655503,3.7018355138755976
run_0466_cfg_156_seed_1_mrhof,1,8,18,5,40.0,16,5,MRHOF,855,99.6122105263158,187.7719298245614,-76.9029239766082,1.0940116959064328,0.5489226040677793,3472.616715076492,17.192255477894737
run_0467_cfg_156_seed_2_mrhof,2,8,18,5,40.0,16,5,MRHOF,855,99.86044444444444,186.7824561403509,-76.9859649122807,1.097812865497076,0.5536493827755541,3472.604803542456,17.340298829473685
run_0468_cfg_156_seed_3_mrhof,3,8,18,5,40.0,16,5,MRHOF,855,99.6145730994152,187.9543859649123,-76.953216374269,1.103590643274854,0.5539312326341564,3472.6040932659653,17.349126551578944
run_0469_cfg_157_seed_1_of0,1,8,18,5,40.0,16,5,OF0,855,99.62788304093569,239.6982456140351,-75.74152046783625,1.125263157894737,0.6681955960230374,3472.316076575439,20.92788724210526
run_0470_cfg_157_seed_2_of0,2,8,18,5,40.0,16,5,OF0,855,99.72865497076025,188.87602339181288,-76.68070175438596,1.1092397660818714,0.5654743239244387,3472.57500474386,17.710655326315788
run_0471_cfg_157_seed_3_of0,3,8,18,5,40.0,16,5,OF0,855,99.75833918128656,188.27602339181288,-76.95672514619883,1.1034970760233918,0.5610329449253181,3472.586196962807,17.57155203368421
run_0472_cfg_158_seed_1_mrhof,1,8,18,5,40.0,16,10,MRHOF,855,99.88693567251462,174.79298245614035,-77.18947368421053,1.052421052631579,0.2940711713280406,3473.2589406428074,9.210309153684207
run_0473_cfg_158_seed_2_mrhof,2,8,18,5,40.0,16,10,MRHOF,855,99.91422222222222,174.61988304093566,-76.73684210526316,1.0535672514619885,0.295292172740202,3473.25586370807,9.248551056842103
run_0474_cfg_158_seed_3_mrhof,3,8,18,5,40.0,16,10,MRHOF,855,99.89083040935672,176.20584795321636,-77.14152046783626,1.0527251461988305,0.294947126551914,3473.256733260351,9.237743764210526
run_0475_cfg_159_seed_1_of0,1,8,18,5,40.0,16,10,OF0,855,99.93371929824562,175.62690058479532,-76.78362573099415,1.048877192982456,0.2964148303699865,3473.2530345880705,9.283712976842104
run_0476_cfg_159_seed_2_of0,2,8,18,5,40.0,16,10,OF0,854,99.79702576112412,175.28103044496487,-76.94145199063232,1.054894613583138,0.3026345132573066,3473.237361009836,9.478513163466042
run_0477_cfg_159_seed_3_of0,3,8,18,5,40.0,16,10,OF0,855,99.84794152046784,174.28304093567252,-76.69707602339182,1.0417894736842106,0.2930296966124276,3473.2615651368424,9.177690442105265
run_0478_cfg_160_seed_1_mrhof,1,8,18,5,40.0,16,20,MRHOF,855,99.8635321637427,170.9672514619883,-76.86666666666666,1.0418011695906433,0.1555842981670389,3473.607927573334,4.87290016
run_0479_cfg_160_seed_2_mrhof,2,8,18,5,40.0,16,20,MRHOF,855,100.0,168.48771929824562,-76.93333333333334,1.029625730994152,0.1547137610036174,3473.6101213192987,4.845635031578947
run_0480_cfg_160_seed_3_mrhof,3,8,18,5,40.0,16,20,MRHOF,855,99.88301754385964,169.51228070175438,-77.2,1.029906432748538,0.1543671137598417,3473.6109948800004,4.83477792
run_0493_cfg_165_seed_1_of0,1,8,18,5,50.0,12,5,OF0,627,100.0,113.72248803827752,-68.64593301435407,1.0213397129186603,0.3120362147793726,3473.213668738756,9.772974246889952
run_0494_cfg_165_seed_2_of0,2,8,18,5,50.0,12,5,OF0,627,99.98548644338118,113.6012759170654,-69.65390749601276,1.0243381180223283,0.3123120856207224,3473.212973534929,9.781614637320573
run_0495_cfg_165_seed_3_of0,3,8,18,5,50.0,12,5,OF0,627,99.98405103668262,113.64912280701756,-69.51196172248804,1.0250398724082936,0.310930101010101,3473.216456145455,9.738330763636364
run_0496_cfg_166_seed_1_mrhof,1,8,18,5,50.0,12,10,MRHOF,627,100.0,110.39074960127591,-69.72727272727273,1.0152791068580542,0.1718266051369872,3473.5669969607657,5.381609201913875
run_0497_cfg_166_seed_2_mrhof,2,8,18,5,50.0,12,10,MRHOF,627,99.96810207336524,109.69856459330144,-69.36363636363636,1.0178309409888358,0.1719489207868155,3473.5666887196176,5.385440199043061
run_0498_cfg_166_seed_3_mrhof,3,8,18,5,50.0,12,10,MRHOF,627,100.0,109.85645933014354,-69.27272727272727,1.0081977671451356,0.1711548086418694,3473.568689875599,5.360568688995215
run_0499_cfg_167_seed_1_mrhof,1,8,18,5,50.0,12,20,MRHOF,627,100.0,109.47049441786284,-70.27272727272727,1.0208133971291866,0.0937588729399255,3473.7637276401915,2.936527900478469
run_0500_cfg_167_seed_2_mrhof,2,8,18,5,50.0,12,20,MRHOF,627,100.0,108.72727272727272,-69.36363636363636,1.0197288676236045,0.0936963104731525,3473.7638852976083,2.9345684440191384
run_0501_cfg_167_seed_3_mrhof,3,8,18,5,50.0,12,20,MRHOF,627,100.0,107.1945773524721,-68.36363636363636,1.0218979266347687,0.0938102502592319,3473.7635981703347,2.93813702583732
run_0502_cfg_168_seed_1_of0,1,8,18,5,50.0,12,20,OF0,627,100.0,108.75917065390747,-70.41626794258373,1.0123125996810207,0.0932960779484978,3473.7648938870816,2.922033117703349
run_0503_cfg_168_seed_2_of0,2,8,18,5,50.0,12,20,OF0,627,100.0,107.91866028708134,-69.90749601275917,1.0184688995215312,0.0937307617576608,3473.7637984842117,2.9356474105263155
run_0504_cfg_168_seed_3_of0,3,8,18,5,50.0,12,20,OF0,627,100.0,109.2695374800638,-69.98405103668262,1.0196491228070177,0.0936063157894736,3473.7641120842104,2.931749810526316
run_0505_cfg_169_seed_1_mrhof,1,8,18,5,50.0,16,5,MRHOF,855,99.90697076023392,159.3298245614035,-72.46666666666667,1.0723391812865497,0.4615110365695033,3472.836992196492,14.454525557894735
run_0506_cfg_169_seed_2_mrhof,2,8,18,5,50.0,16,5,MRHOF,855,99.90748538011697,156.20818713450294,-71.13333333333334,1.0579298245614035,0.4599075448088311,3472.84103296,14.40430464
run_0507_cfg_169_seed_3_mrhof,3,8,18,5,50.0,16,5,MRHOF,855,99.91787134502924,159.48771929824562,-72.0,1.0661403508771932,0.4628751908470316,3472.83355450386,14.497251166315788
run_0508_cfg_170_seed_1_mrhof,1,8,18,5,50.0,16,10,MRHOF,855,99.94150877192985,149.82573099415205,-72.46666666666667,1.031029239766082,0.2482833800801666,3473.374325872281,7.77623558736842
run_0509_cfg_170_seed_2_mrhof,2,8,18,5,50.0,16,10,MRHOF,855,100.0,149.8421052631579,-70.72280701754386,1.0392631578947369,0.2513219649122807,3473.3666686484216,7.871403941052631
run_0510_cfg_170_seed_3_mrhof,3,8,18,5,50.0,16,10,MRHOF,855,99.94150877192985,151.53216374269005,-72.10292397660818,1.033719298245614,0.2487303702936567,3473.3731994666678,7.7902352
run_0511_cfg_171_seed_1_of0,1,8,18,5,50.0,16,10,OF0,855,99.95711111111112,149.88070175438597,-71.82105263157895,1.0336842105263158,0.2502367490513057,3473.3694034133337,7.837414719999999
run_0512_cfg_171_seed_2_of0,2,8,18,5,50.0,16,10,OF0,855,99.9766081871345,148.17426900584795,-72.12514619883041,1.0258362573099415,0.2477858557504873,3473.3755796435094,7.760653002105262
run_0513_cfg_171_seed_3_of0,3,8,18,5,50.0,16,10,OF0,855,99.94150877192985,148.51461988304092,-73.06666666666666,1.0273567251461988,0.2486212721415458,3473.373474397193,7.786818206315789
run_0514_cfg_172_seed_1_mrhof,1,8,18,5,50.0,16,20,MRHOF,855,100.0,145.68304093567252,-71.73333333333333,1.0269707602339182,0.1334457758726923,3473.6637166596497,4.179521515789474
run_0515_cfg_172_seed_2_mrhof,2,8,18,5,50.0,16,20,MRHOF,855,100.0,144.42456140350876,-69.66666666666667,1.025906432748538,0.1332562686824843,3473.6641942119304,4.173586223157894
run_0516_cfg_172_seed_3_mrhof,3,8,18,5,50.0,16,20,MRHOF,855,100.0,146.98713450292396,-71.46666666666667,1.0364561403508772,0.1338329341970098,3473.6627410021056,4.191647545263158
run_0532_cfg_178_seed_1_mrhof,1,8,18,5,60.0,12,5,MRHOF,627,99.98226475279108,97.1818181818182,-68.63636363636364,1.012822966507177,0.2531788629981019,3473.3619892669863,7.929561967464114
run_0533_cfg_178_seed_2_mrhof,2,8,18,5,60.0,12,5,MRHOF,627,99.96810207336524,97.12759170653908,-67.45454545454545,1.0152791068580542,0.2546437784799982,3473.3587695655506,7.975445351196171
run_0534_cfg_178_seed_3_mrhof,3,8,18,5,60.0,12,5,MRHOF,627,99.9535885167464,97.414673046252,-66.27272727272727,1.0125518341307815,0.2542006249752948,3473.3591270698566,7.961563314832535
run_0535_cfg_179_seed_1_of0,1,8,18,5,60.0,12,5,OF0,627,99.91846889952151,97.11642743221692,-69.18181818181819,1.0123125996810207,0.2527752035970751,3473.3630064842105,7.916919410526315
run_0536_cfg_179_seed_2_of0,2,8,18,5,60.0,12,5,OF0,627,99.98405103668262,97.51355661881978,-67.04306220095694,1.0187719298245614,0.2564120562336831,3473.3538416153115,8.030825638277511
run_0537_cfg_179_seed_3_of0,3,8,18,5,60.0,12,5,OF0,627,99.96810207336524,97.39074960127591,-69.20574162679426,1.0127591706539074,0.2538801275917065,3473.360222078469,7.951525596172248
run_0538_cfg_180_seed_1_mrhof,1,8,18,5,60.0,12,10,MRHOF,627,99.97341307814992,95.11802232854863,-68.9090909090909,1.008548644338118,0.1409564699627857,3473.6447896956943,4.414756639234449
run_0539_cfg_180_seed_2_mrhof,2,8,18,5,60.0,12,10,MRHOF,627,100.0,94.725677830941,-69.81818181818181,1.0114513556618818,0.1415227219564061,3473.6433627406705,4.432491651674641
run_0540_cfg_180_seed_3_mrhof,3,8,18,5,60.0,12,10,MRHOF,627,100.0,94.72727272727272,-64.9090909090909,1.0094098883572566,0.1412946513911752,3473.6439374775123,4.425348493779904
run_0541_cfg_181_seed_1_of0,1,8,18,5,60.0,12,10,OF0,627,99.96810207336524,94.79425837320574,-68.64752791068581,1.0076236044657096,0.1410369831095687,3473.64458680957,4.417278223923445
run_0542_cfg_181_seed_2_of0,2,8,18,5,60.0,12,10,OF0,627,100.0,97.45773524720892,-68.12599681020734,1.0116267942583732,0.1469381742110275,3473.6297157818185,4.602103854545455
run_0543_cfg_181_seed_3_of0,3,8,18,5,60.0,12,10,OF0,627,99.97341307814992,95.62998405103669,-70.09409888357257,1.0097288676236045,0.1414671071832109,3473.6435028746414,4.43074998660287
run_0544_cfg_182_seed_1_of0,1,8,18,5,60.0,12,20,OF0,627,99.94682615629984,93.0207336523126,-70.02711323763955,1.0133333333333334,0.0779873150811183,3473.8034719387565,2.442563046889952
run_0545_cfg_182_seed_2_of0,2,8,18,5,60.0,12,20,OF0,627,100.0,98.48006379585328,-66.34290271132376,1.0139712918660286,0.0831323779066472,3473.7905064114834,2.603706028708133
run_0546_cfg_182_seed_3_of0,3,8,18,5,60.0,12,20,OF0,627,100.0,93.54226475279108,-68.10845295055822,1.012822966507177,0.078068495813889,3473.803267391388,2.4451052784689
run_0547_cfg_183_seed_1_of0,1,8,18,5,60.0,16,5,OF0,855,99.88304093567253,126.92280701754386,-71.56023391812866,1.0317543859649123,0.3512308196081617,3473.1148983073685,11.000549608421052
run_0548_cfg_183_seed_2_of0,2,8,18,5,60.0,16,5,OF0,855,99.9329941520468,126.1204678362573,-69.70526315789473,1.0289941520467836,0.3514013517069584,3473.1143391410533,11.005890004210526
run_0549_cfg_183_seed_3_of0,3,8,18,5,60.0,16,5,OF0,855,99.882783625731,126.35555555555555,-71.03508771929825,1.0299298245614037,0.3502547339911507,3473.117358063158,10.969978357894735
run_0550_cfg_184_seed_1_mrhof,1,8,18,5,60.0,16,10,MRHOF,855,99.95711111111112,122.69122807017544,-68.73333333333333,1.0225964912280705,0.1925401783502696,3473.5147987480705,6.0303584168421045
run_0551_cfg_184_seed_2_mrhof,2,8,18,5,60.0,16,10,MRHOF,855,100.0,121.63625730994151,-72.43040935672515,1.0169707602339182,0.1945325217267707,3473.509778043509,6.092758602105262
run_0552_cfg_184_seed_3_mrhof,3,8,18,5,60.0,16,10,MRHOF,855,100.0,122.4233918128655,-65.26666666666667,1.0198713450292398,0.1928546120649644,3473.5140063775443,6.040206450526315
run_0553_cfg_185_seed_1_mrhof,1,8,18,5,60.0,16,20,MRHOF,855,99.96100584795322,120.3122807017544,-69.46666666666667,1.019391812865497,0.1045411453509144,3473.736556311579,3.274228698947368
run_0554_cfg_185_seed_2_mrhof,2,8,18,5,60.0,16,20,MRHOF,855,100.0,119.2280701754386,-70.26666666666667,1.018888888888889,0.1054063625730994,3473.7343759663163,3.3013272757894736
run_0555_cfg_185_seed_3_mrhof,3,8,18,5,60.0,16,20,MRHOF,855,100.0,119.2233918128655,-71.21637426900585,1.0175906432748538,0.1046588012077818,3473.7362598063164,3.277913835789473
run_0574_cfg_192_seed_1_mrhof,1,8,18,10,40.0,12,5,MRHOF,627,99.82564593301436,142.31738437001596,-73.63636363636364,1.0503030303030303,0.4055969708792888,3472.9778956631585,12.703296757894735
run_0575_cfg_192_seed_2_mrhof,2,8,18,10,40.0,12,5,MRHOF,627,99.95215311004785,141.16267942583733,-73.36363636363636,1.0489314194577353,0.4068288111643049,3472.9747913875603,12.74187846889952
run_0576_cfg_192_seed_3_mrhof,3,8,18,10,40.0,12,5,MRHOF,627,99.8082615629984,141.1451355661882,-73.63636363636364,1.0401754385964914,0.4045167248642729,3472.981163043062,12.66947315598086
run_0577_cfg_193_seed_1_of0,1,8,18,10,40.0,12,5,OF0,627,99.77135566188198,142.41626794258374,-73.67304625199363,1.0464912280701757,0.4055992849642962,3472.9778897684214,12.703370021052631
run_0578_cfg_193_seed_2_of0,2,8,18,10,40.0,12,5,OF0,627,99.96810207336524,141.11004784688996,-73.32535885167464,1.0467145135566187,0.406465413543614,3472.975707161723,12.73049670430622
run_0579_cfg_193_seed_3_of0,3,8,18,10,40.0,12,5,OF0,627,99.90251993620414,141.28070175438597,-73.6762360446571,1.0468421052631578,0.4057784850334144,3472.9774381779907,12.708982644976077
run_0580_cfg_194_seed_1_mrhof,1,8,18,10,40.0,12,10,MRHOF,627,99.97341307814992,136.39234449760767,-73.63636363636364,1.028979266347687,0.2207877295479907,3473.4436149205744,6.915071701435406
run_0581_cfg_194_seed_2_mrhof,2,8,18,10,40.0,12,10,MRHOF,627,100.0,136.49441786283893,-73.36363636363636,1.0290111642743225,0.2215725975692764,3473.4416370755985,6.939653488995215
run_0582_cfg_194_seed_3_mrhof,3,8,18,10,40.0,12,10,MRHOF,627,99.96810207336524,137.60925039872407,-73.63636363636364,1.029872408293461,0.2212361500797661,3473.4424848995222,6.929116248803828
run_0583_cfg_195_seed_1_of0,1,8,18,10,40.0,12,10,OF0,627,99.88303030303032,137.65390749601275,-73.54704944178629,1.0253907496012755,0.2211578030737308,3473.4426823196177,6.926662599043063
run_0584_cfg_195_seed_2_of0,2,8,18,10,40.0,12,10,OF0,627,99.93620414673046,136.01594896331738,-73.68261562998406,1.028341307814992,0.2211383610408717,3473.4427313531105,6.926053182775119
run_0585_cfg_195_seed_3_of0,3,8,18,10,40.0,12,10,OF0,627,99.97341307814992,135.38277511961724,-73.72727272727273,1.0187878787878788,0.2199956133847708,3473.4456110392343,6.890262798086124
run_0586_cfg_196_seed_1_mrhof,1,8,18,10,40.0,12,20,MRHOF,627,99.81390749601276,134.9170653907496,-73.63636363636364,1.033540669856459,0.1184239447102604,3473.7015716593305,3.709037948325359
run_0587_cfg_196_seed_2_mrhof,2,8,18,10,40.0,12,20,MRHOF,627,100.0,132.49122807017545,-73.27272727272727,1.0193620414673046,0.1181413702911756,3473.702283743541,3.7001877588516745
run_0588_cfg_196_seed_3_mrhof,3,8,18,10,40.0,12,20,MRHOF,627,100.0,133.02551834130782,-73.63636363636364,1.0271929824561403,0.1180863160108181,3473.702422484211,3.698463410526315
run_0589_cfg_197_seed_1_of0,1,8,18,10,40.0,12,20,OF0,627,99.7607336523126,134.25199362041468,-73.66985645933015,1.0284370015948965,0.1184137799043062,3473.701597274641,3.708719586602871
run_0590_cfg_197_seed_2_of0,2,8,18,10,40.0,12,20,OF0,627,99.94682615629984,133.72727272727272,-73.3652312599681,1.0197607655502392,0.1179032686849028,3473.7028837741627,3.692730235406698
run_0591_cfg_197_seed_3_of0,3,8,18,10,40.0,12,20,OF0,627,99.92025518341308,133.72089314194577,-73.70813397129187,1.0251196172248804,0.1182748372036109,3473.7019474220097,3.7043677550239233
run_0592_cfg_198_seed_1_mrhof,1,8,18,10,40.0,16,5,MRHOF,855,99.6613567251462,187.72280701754383,-76.89122807017544,1.0952163742690058,0.5501908775987273,3472.613518989474,17.23197827368421
run_0593_cfg_198_seed_2_mrhof,2,8,18,10,40.0,16,5,MRHOF,855,99.90381286549707,186.50058479532163,-76.66666666666667,1.091157894736842,0.5537375831260813,3472.6042161375444,17.34305450105263
run_0594_cfg_198_seed_3_mrhof,3,8,18,10,40.0,16,5,MRHOF,855,99.69171929824562,187.35555555555555,-76.90409356725146,1.0985730994152048,0.5512763052098517,3472.610776129123,17.265973844210524
run_0595_cfg_199_seed_1_of0,1,8,18,10,40.0,16,5,OF0,855,99.72811695906432,187.66666666666663,-76.90058479532163,1.103906432748538,0.5625772955295237,3472.5823052182463,17.619920858947367
run_0596_cfg_199_seed_2_of0,2,8,18,10,40.0,16,5,OF0,855,99.71077192982456,190.28538011695903,-76.71695906432748,1.1165263157894736,0.5717103919475384,3472.5592896505264,17.90597148631579
run_0597_cfg_199_seed_3_of0,3,8,18,10,40.0,16,5,OF0,855,99.81366081871344,189.8830409356725,-76.84678362573099,1.109157894736842,0.5696909692558012,3472.5643787340355,17.842721448421052
run_0598_cfg_200_seed_1_of0,1,8,18,10,40.0,16,10,OF0,855,99.7309941520468,178.3485380116959,-76.95906432748538,1.0590760233918128,0.3016489065260049,3473.239844721404,9.447644176842104
run_0599_cfg_200_seed_2_of0,2,8,18,10,40.0,16,10,OF0,855,99.953216374269,176.446783625731,-76.58245614035087,1.0583040935672514,0.3003095163563452,3473.2432200084213,9.405694181052633
run_0600_cfg_200_seed_3_of0,3,8,18,10,40.0,16,10,OF0,855,99.86354385964913,173.58245614035087,-77.09473684210526,1.0425029239766082,0.2921895360623782,3473.263682369123,9.151376269473683
run_0601_cfg_201_seed_1_mrhof,1,8,18,10,40.0,16,20,MRHOF,855,99.92201169590643,170.81988304093568,-76.86666666666666,1.0369473684210526,0.1557582035119086,3473.6074893192986,4.878347031578947
run_0602_cfg_201_seed_2_mrhof,2,8,18,10,40.0,16,20,MRHOF,855,99.96100584795322,168.9578947368421,-76.93333333333334,1.0320701754385964,0.1556102916544322,3473.607862063158,4.873714357894737
run_0603_cfg_201_seed_3_mrhof,3,8,18,10,40.0,16,20,MRHOF,855,99.8635321637427,170.16140350877194,-77.2,1.0405146198830408,0.155258369816898,3473.608748906667,4.86269216
run_0604_cfg_202_seed_1_of0,1,8,18,10,40.0,16,20,OF0,855,99.96100584795322,172.46783625730995,-76.88304093567251,1.0449005847953217,0.156511348548782,3473.6055914105264,4.9019353263157885
run_0605_cfg_202_seed_2_of0,2,8,18,10,40.0,16,20,OF0,854,99.8048243559719,171.44496487119437,-76.62177985948477,1.0382669789227168,0.1610504459048447,3473.594152878689,5.044099936299765
run_0606_cfg_202_seed_3_of0,3,8,18,10,40.0,16,20,OF0,855,99.88301754385964,169.16608187134503,-77.2140350877193,1.0441169590643276,0.1555412685158142,3473.6080359971934,4.871552606315789
run_0622_cfg_208_seed_1_mrhof,1,8,18,10,50.0,12,5,MRHOF,627,99.97097288676235,113.66507177033492,-69.72727272727273,1.0229505582137162,0.3115232858038306,3473.21496129378,9.75690963444976
run_0623_cfg_208_seed_2_mrhof,2,8,18,10,50.0,12,5,MRHOF,627,99.98405103668262,113.40829346092504,-69.54545454545455,1.028181818181818,0.3123612927577895,3473.212849531101,9.783155827751196
run_0624_cfg_208_seed_3_mrhof,3,8,18,10,50.0,12,5,MRHOF,627,99.98405103668262,112.93301435406698,-69.72727272727273,1.0171132376395535,0.3107270400370742,3473.2169678622013,9.731970855502391
run_0625_cfg_209_seed_1_of0,1,8,18,10,50.0,12,5,OF0,627,99.96810207336524,113.46570972886762,-69.61722488038278,1.0240829346092504,0.3116677731332443,3473.2145972133976,9.761434633492822
run_0626_cfg_209_seed_2_of0,2,8,18,10,50.0,12,5,OF0,627,99.93763955342902,113.70334928229666,-70.53748006379585,1.0255502392344498,0.3120694083376199,3473.2130894354077,9.77401325167464
run_0627_cfg_209_seed_3_of0,3,8,18,10,50.0,12,5,OF0,627,99.96810207336524,113.20893141945774,-69.92185007974481,1.025470494417863,0.3123759202829838,3473.2128466449767,9.783614055502392
run_0628_cfg_210_seed_1_mrhof,1,8,18,10,50.0,12,10,MRHOF,627,100.0,110.23285486443382,-69.72727272727273,1.014066985645933,0.1718758070686731,3473.5668729569384,5.383150392344497
run_0629_cfg_210_seed_2_mrhof,2,8,18,10,50.0,12,10,MRHOF,627,100.0,110.15948963317383,-69.36363636363636,1.0183253588516747,0.1732030011315756,3473.56324856268,5.424716577990431
run_0630_cfg_210_seed_3_mrhof,3,8,18,10,50.0,12,10,MRHOF,627,100.0,110.377990430622,-69.27272727272727,1.0109888357256778,0.1716330190807954,3473.5674847770338,5.375546342583732
run_0631_cfg_211_seed_1_of0,1,8,18,10,50.0,12,10,OF0,627,100.0,109.46570972886762,-68.17543859649123,1.0100318979266347,0.172073472021647,3473.5663748516754,5.389341129186603
run_0632_cfg_211_seed_2_of0,2,8,18,10,50.0,12,10,OF0,627,99.96810207336524,108.34928229665071,-70.79744816586921,1.0099840510366829,0.1720454652826051,3473.566445427751,5.38846396937799
run_0633_cfg_211_seed_3_of0,3,8,18,10,50.0,12,10,OF0,627,99.97341307814992,109.7639553429027,-70.1866028708134,1.0125837320574165,0.1718267091972355,3473.566996692823,5.381612532057416
run_0634_cfg_212_seed_1_mrhof,1,8,18,10,50.0,12,20,MRHOF,627,100.0,108.66985645933016,-68.18181818181819,1.0128070175438595,0.0937344603809071,3473.7637891598088,2.935763299521531
run_0635_cfg_212_seed_2_mrhof,2,8,18,10,50.0,12,20,MRHOF,627,100.0,109.4481658692185,-69.36363636363636,1.0197288676236045,0.0944731491126107,3473.761927655503,2.9588991387559807
run_0636_cfg_212_seed_3_mrhof,3,8,18,10,50.0,12,20,MRHOF,627,100.0,107.4768740031898,-69.9090909090909,1.014768740031898,0.0941040274857509,3473.7628578449767,2.947338212440191
run_0637_cfg_213_seed_1_of0,1,8,18,10,50.0,12,20,OF0,627,100.0,108.3237639553429,-68.10526315789474,1.0146570972886764,0.0940676019179839,3473.762949642106,2.9461973052631576
run_0638_cfg_213_seed_2_of0,2,8,18,10,50.0,12,20,OF0,627,100.0,108.74162679425838,-69.74481658692186,1.0169696969696969,0.0941853694843168,3473.7626528689,2.949885772248804
run_0639_cfg_213_seed_3_of0,3,8,18,10,50.0,12,20,OF0,627,100.0,108.63317384370016,-68.22966507177034,1.013939393939394,0.0940566719829877,3473.762977186603,2.9458549665071767
run_0640_cfg_214_seed_1_mrhof,1,8,18,10,50.0,16,5,MRHOF,855,99.87083040935671,160.35087719298247,-73.8,1.064877192982456,0.4632551678738655,3472.832596962808,14.50915203368421
run_0641_cfg_214_seed_2_mrhof,2,8,18,10,50.0,16,5,MRHOF,855,99.93087719298244,157.89473684210526,-71.13333333333334,1.0657543859649123,0.4637125102258536,3472.8314444631583,14.523475957894735
run_0642_cfg_214_seed_3_mrhof,3,8,18,10,50.0,16,5,MRHOF,855,99.88409356725144,158.8654970760234,-72.90994152046784,1.0613333333333337,0.4595034698046777,3472.842051256141,14.39164867368421
run_0643_cfg_215_seed_1_of0,1,8,18,10,50.0,16,5,OF0,855,99.85702923976608,159.95906432748538,-72.42456140350878,1.0559883040935674,0.4688415567585436,3472.8185191915795,14.684118618947366
run_0644_cfg_215_seed_2_of0,2,8,18,10,50.0,16,5,OF0,855,99.87424561403508,158.93216374269005,-71.91695906432749,1.0647134502923976,0.4671342669908796,3472.822821681404,14.630644816842103
run_0645_cfg_215_seed_3_of0,3,8,18,10,50.0,16,5,OF0,855,99.83469005847954,157.9438596491228,-72.70409356725146,1.0539649122807018,0.459643951382102,3472.841697336141,14.39604739368421
run_0646_cfg_216_seed_1_mrhof,1,8,18,10,50.0,16,10,MRHOF,855,99.9766081871345,149.71695906432748,-72.46666666666667,1.0267134502923978,0.2487612163351787,3473.373121734737,7.791201296842105
run_0647_cfg_216_seed_2_mrhof,2,8,18,10,50.0,16,10,MRHOF,855,99.98050292397662,149.2736842105263,-70.33333333333333,1.0361520467836256,0.2513449491169157,3473.3666107228078,7.87212387368421
run_0648_cfg_216_seed_3_mrhof,3,8,18,10,50.0,16,10,MRHOF,855,99.93371929824562,149.90292397660818,-72.13333333333334,1.0253333333333332,0.2474116327827968,3473.376522683509,7.748932362105262
run_0649_cfg_217_seed_1_of0,1,8,18,10,50.0,16,10,OF0,855,100.0,149.6327485380117,-72.446783625731,1.028783625730994,0.2493128293053379,3473.3717316771936,7.808477726315789
run_0650_cfg_217_seed_2_of0,2,8,18,10,50.0,16,10,OF0,855,99.9766081871345,150.7029239766082,-72.05964912280702,1.038233918128655,0.2517024707563777,3473.3657097712285,7.883321414736842
run_0651_cfg_217_seed_3_of0,3,8,18,10,50.0,16,10,OF0,855,99.91811695906432,150.67251461988303,-71.57543859649122,1.0288070175438595,0.2490936335258358,3473.372283974737,7.801613456842105
run_0652_cfg_218_seed_1_mrhof,1,8,18,10,50.0,16,20,MRHOF,855,99.96100584795322,146.81286549707602,-71.53333333333333,1.02446783625731,0.1340672124756335,3473.662150624561,4.198985094736842
run_0653_cfg_218_seed_2_mrhof,2,8,18,10,50.0,16,20,MRHOF,855,100.0,145.21286549707602,-69.66666666666667,1.023672514619883,0.134004224353288,3473.662309350176,4.197012362105262
run_0654_cfg_218_seed_3_mrhof,3,8,18,10,50.0,16,20,MRHOF,855,100.0,145.0456140350877,-71.93333333333334,1.0275906432748538,0.1338863294118332,3473.662606444913,4.193319898947368
run_0655_cfg_219_seed_1_of0,1,8,18,10,50.0,16,20,OF0,855,100.0,147.8374269005848,-70.69239766081871,1.030748538011696,0.1352624064338219,3473.659138728421,4.236418661052632
run_0656_cfg_219_seed_2_of0,2,8,18,10,50.0,16,20,OF0,855,99.96100584795322,147.0690058479532,-69.92046783625732,1.027169590643275,0.1354720139154849,3473.658610520702,4.242983528421052
run_0657_cfg_219_seed_3_of0,3,8,18,10,50.0,16,20,OF0,855,99.92201169590643,146.26900584795322,-71.54853801169591,1.0338011695906433,0.135058089668616,3473.6596536140355,4.230019368421052
run_0673_cfg_225_seed_1_of0,1,8,18,10,60.0,12,5,OF0,627,99.95215311004785,97.69856459330144,-69.69218500797449,1.0138596491228071,0.2543236789641261,3473.3591043291867,7.965417622966507
run_0674_cfg_225_seed_2_of0,2,8,18,10,60.0,12,5,OF0,627,100.0,96.41148325358851,-67.72727272727273,1.0121690590111645,0.2552401067943936,3473.356794932058,7.99412013014354
run_0675_cfg_225_seed_3_of0,3,8,18,10,60.0,12,5,OF0,627,99.96631578947368,97.37639553429028,-69.7177033492823,1.010207336523126,0.2537918133886976,3473.360444631579,7.948759578947368
run_0676_cfg_226_seed_1_mrhof,1,8,18,10,60.0,12,10,MRHOF,627,99.94151515151516,95.60765550239236,-68.9090909090909,1.011786283891547,0.1419007328595082,3473.642410151196,4.44433097799043
run_0677_cfg_226_seed_2_mrhof,2,8,18,10,60.0,12,10,MRHOF,627,99.96810207336524,93.54704944178629,-69.81818181818181,1.0077033492822969,0.1415114288673024,3473.6433911961726,4.432137990430622
run_0678_cfg_226_seed_3_mrhof,3,8,18,10,60.0,12,10,MRHOF,627,99.97341307814992,94.81020733652312,-65.9090909090909,1.0090271132376396,0.1420547579196078,3473.6420220095697,4.449155023923445
run_0679_cfg_227_seed_1_of0,1,8,18,10,60.0,12,10,OF0,627,99.96810207336524,95.481658692185,-69.26953748006379,1.007799043062201,0.1413947033390845,3473.6436853435407,4.428482158851675
run_0680_cfg_227_seed_2_of0,2,8,18,10,60.0,12,10,OF0,627,99.97341307814992,94.65390749601276,-69.48484848484848,1.009792663476874,0.1427839878365886,3473.640184352153,4.471994480382775
run_0681_cfg_227_seed_3_of0,3,8,18,10,60.0,12,10,OF0,627,100.0,94.725677830941,-68.28389154704944,1.0062041467304623,0.1421235279380932,3473.641848704307,4.45130896076555
run_0682_cfg_228_seed_1_mrhof,1,8,18,10,60.0,12,20,MRHOF,627,100.0,94.89473684210526,-69.9090909090909,1.0127113237639551,0.0788240096403149,3473.801363498565,2.468767946411483
run_0683_cfg_228_seed_2_mrhof,2,8,18,10,60.0,12,20,MRHOF,627,100.0,92.66507177033492,-69.81818181818181,1.0103668261563,0.0786637133166373,3473.801767448804,2.463747422009569
run_0684_cfg_228_seed_3_mrhof,3,8,18,10,60.0,12,20,MRHOF,627,100.0,94.49920255183412,-68.81818181818181,1.0171291866028709,0.0789887097820726,3473.8009484555027,2.4739263387559807
run_0685_cfg_229_seed_1_mrhof,1,8,18,10,60.0,16,5,MRHOF,855,99.8484912280702,126.65380116959064,-69.66666666666667,1.0350526315789474,0.3504497447950546,3473.116866599298,10.976086551578948
run_0686_cfg_229_seed_2_mrhof,2,8,18,10,60.0,16,5,MRHOF,855,99.88042105263158,126.2502923976608,-70.4,1.0324444444444445,0.3523944119023492,3473.111966068772,11.03699314526316
run_0687_cfg_229_seed_3_mrhof,3,8,18,10,60.0,16,5,MRHOF,855,99.86280701754386,126.61052631578949,-70.13333333333334,1.0337426900584796,0.3511012784522898,3473.114859505965,10.996486922105262
run_0688_cfg_230_seed_1_of0,1,8,18,10,60.0,16,5,OF0,855,99.84743859649124,126.39298245614034,-71.21637426900585,1.0338362573099416,0.3509742760979797,3473.115544802807,10.99251459368421
run_0689_cfg_230_seed_2_of0,2,8,18,10,60.0,16,5,OF0,855,99.90853801169592,125.7298245614035,-68.19883040935673,1.0278362573099415,0.3505181684689704,3473.1166942371933,10.97822876631579
run_0690_cfg_230_seed_3_of0,3,8,18,10,60.0,16,5,OF0,855,99.84769590643276,126.16140350877193,-71.0233918128655,1.0281052631578946,0.3510352375761839,3473.115391185965,10.994423831578947
run_0691_cfg_231_seed_1_mrhof,1,8,18,10,60.0,16,10,MRHOF,855,99.93761403508772,121.78479532163745,-68.73333333333333,1.0164444444444445,0.1926284912280702,3473.514576202105,6.0331243452631576
run_0692_cfg_231_seed_2_mrhof,2,8,18,10,60.0,16,10,MRHOF,855,99.953216374269,121.9029239766082,-72.13333333333334,1.0190175438596492,0.1932172934500203,3473.513092418246,6.051565658947368
run_0693_cfg_231_seed_3_mrhof,3,8,18,10,60.0,16,10,MRHOF,855,100.0,122.60350877192982,-66.53333333333333,1.0201169590643275,0.1937190662245029,3473.5117857010528,6.067281094736842
run_0694_cfg_232_seed_1_of0,1,8,18,10,60.0,16,20,OF0,855,99.92201169590643,119.27953216374269,-72.05263157894737,1.010608187134503,0.1052705646241997,3473.734718175439,3.2970741052631576
run_0695_cfg_232_seed_2_of0,2,8,18,10,60.0,16,20,OF0,855,100.0,119.39649122807018,-71.17076023391813,1.020573099415205,0.1065188305507232,3473.7315725473686,3.3361697684210525
run_0696_cfg_232_seed_3_of0,3,8,18,10,60.0,16,20,OF0,855,99.96100584795322,118.2093567251462,-70.69356725146199,1.01306432748538,0.1052824171539961,3473.7346883087725,3.297445305263158
run_0706_cfg_236_seed_1_of0,1,8,20,0,40.0,12,10,OF0,627,99.96810207336524,135.5980861244019,-73.63636363636364,1.023205741626794,0.2187735967934285,3473.44869050335,6.851989458373205
run_0707_cfg_236_seed_2_of0,2,8,20,0,40.0,12,10,OF0,627,99.91492822966508,135.83732057416267,-73.41307814992025,1.0247208931419458,0.2199433697436511,3473.44574270622,6.888626365550238
run_0708_cfg_236_seed_3_of0,3,8,20,0,40.0,12,10,OF0,627,100.0,135.79106858054226,-73.64752791068581,1.019505582137161,0.2186413616632415,3473.4490237703358,6.84784742583732
run_0709_cfg_237_seed_1_of0,1,8,20,0,40.0,12,20,OF0,627,99.94682615629984,133.43859649122808,-73.725677830941,1.02207336523126,0.1172271731070131,3473.704587513876,3.6715551846889953
run_0710_cfg_237_seed_2_of0,2,8,20,0,40.0,12,20,OF0,627,100.0,134.32216905901117,-73.33811802232854,1.0318979266347688,0.1176236257309941,3473.703588463158,3.683971957894737
run_0711_cfg_237_seed_3_of0,3,8,20,0,40.0,12,20,OF0,627,99.89365231259968,135.85167464114832,-73.72727272727273,1.0329665071770335,0.1178768442336266,3473.702950331101,3.691903027751196
run_0712_cfg_238_seed_1_mrhof,1,8,20,0,40.0,16,5,MRHOF,855,99.51720467836256,187.50994152046783,-76.86666666666666,1.0922690058479532,0.5504992881125423,3472.6123589249128,17.241635823157893
run_0713_cfg_238_seed_2_mrhof,2,8,20,0,40.0,16,5,MRHOF,855,99.78633918128656,186.9520467836257,-76.6,1.1102923976608186,0.5523171859515906,3472.6081607129827,17.29857399578947
run_0714_cfg_238_seed_3_mrhof,3,8,20,0,40.0,16,5,MRHOF,855,99.67976608187134,185.62923976608187,-76.91461988304094,1.0894035087719298,0.5495934035038375,3472.6148886821056,17.213264909473683
run_0715_cfg_239_seed_1_of0,1,8,20,0,40.0,16,5,OF0,855,99.70553216374267,190.13567251461987,-76.79298245614035,1.1057076023391812,0.5621333241024509,3472.5834239607025,17.60601648842105
run_0716_cfg_239_seed_2_of0,2,8,20,0,40.0,16,5,OF0,855,99.79934502923976,191.7894736842105,-77.17894736842105,1.1057076023391812,0.5761402615048623,3472.548126590878,18.044712370526312
run_0717_cfg_239_seed_3_of0,3,8,20,0,40.0,16,5,OF0,855,99.56801169590642,194.3719298245614,-76.89941520467836,1.1042690058479532,0.5923550511958802,3472.506991475088,18.552562812631574
run_0718_cfg_240_seed_1_of0,1,8,20,0,40.0,16,10,OF0,855,99.89472514619884,174.75672514619882,-76.87368421052632,1.0542690058479531,0.2947434490296463,3473.2572438259654,9.231364496842104
run_0719_cfg_240_seed_2_of0,2,8,20,0,40.0,16,10,OF0,855,99.89472514619884,173.5625730994152,-77.20116959064327,1.0418947368421054,0.2931295763039837,3473.2613134708777,9.180818290526314
run_0720_cfg_240_seed_3_of0,3,8,20,0,40.0,16,10,OF0,855,99.91032748538012,173.97894736842105,-77.05614035087719,1.0430409356725143,0.2926347802459819,3473.2625603256142,9.16532166736842
run_0721_cfg_241_seed_1_mrhof,1,8,20,0,40.0,16,20,MRHOF,855,99.96100584795322,169.89941520467838,-76.86783625730995,1.0424093567251462,0.1542215916085477,3473.611493681404,4.83022144
run_0722_cfg_241_seed_2_mrhof,2,8,20,0,40.0,16,20,MRHOF,855,99.96100584795322,171.1964912280702,-76.93333333333334,1.0440116959064327,0.1554920881555498,3473.6081599438603,4.870012126315789
run_0723_cfg_241_seed_3_mrhof,3,8,20,0,40.0,16,20,MRHOF,855,99.80502923976609,172.6701754385965,-77.12397660818714,1.0604561403508772,0.1559193294346978,3473.6070832898254,4.883393397894736
run_0724_cfg_242_seed_1_of0,1,8,20,0,40.0,16,20,OF0,855,99.92201169590643,174.3625730994152,-76.92397660818713,1.045391812865497,0.1564663988930224,3473.6057046680708,4.900527696842105
run_0725_cfg_242_seed_2_of0,2,8,20,0,40.0,16,20,OF0,855,100.0,170.72748538011697,-76.76725146198831,1.042678362573099,0.1560368735920234,3473.6067870989477,4.8870746273684205
run_0726_cfg_242_seed_3_of0,3,8,20,0,40.0,16,20,OF0,855,99.88301754385964,169.42222222222222,-76.78713450292398,1.046046783625731,0.1551589538401089,3473.6089994329827,4.8595784757894736
run_0733_cfg_245_seed_1_of0,1,8,20,0,50.0,12,5,OF0,627,100.0,113.65869218500798,-69.64752791068581,1.0215151515151517,0.3104339586292075,3473.217706419139,9.72279164784689
run_0734_cfg_245_seed_2_of0,2,8,20,0,50.0,12,5,OF0,627,100.0,113.58692185007976,-70.15470494417863,1.0253429027113237,0.3109823938525635,3473.216324371293,9.739968528229664
run_0735_cfg_245_seed_3_of0,3,8,20,0,50.0,12,5,OF0,627,99.91846889952151,113.55821371610844,-69.6634768740032,1.0309250398724084,0.3133467704361356,3473.210366132058,9.81402093014354
run_0736_cfg_246_seed_1_mrhof,1,8,20,0,50.0,12,10,MRHOF,627,100.0,111.07974481658692,-69.72727272727273,1.0159170653907497,0.1707170685751314,3473.569792995216,5.3468584880382775
run_0737_cfg_246_seed_2_mrhof,2,8,20,0,50.0,12,10,MRHOF,627,99.94682615629984,109.62519936204149,-69.36363636363636,1.014768740031898,0.1714025407202452,3473.568065569378,5.368327923444976
run_0738_cfg_246_seed_3_mrhof,3,8,20,0,50.0,12,10,MRHOF,627,99.96810207336524,110.6427432216906,-69.27272727272727,1.015757575757576,0.1711114509878549,3473.568799142584,5.35921065645933
run_0739_cfg_247_seed_1_of0,1,8,20,0,50.0,12,20,OF0,627,100.0,109.62998405103669,-69.99681020733652,1.0166028708133972,0.0931294417862838,3473.7653138066994,2.9168141167464112
run_0740_cfg_247_seed_2_of0,2,8,20,0,50.0,12,20,OF0,627,100.0,108.46570972886762,-67.5103668261563,1.0141307814992029,0.0928133153441979,3473.766110453589,2.906912933971292
run_0741_cfg_247_seed_3_of0,3,8,20,0,50.0,12,20,OF0,627,100.0,110.29665071770334,-68.33492822966507,1.0177990430622008,0.0936641362310615,3473.7639663770337,2.933560742583732
run_0742_cfg_248_seed_1_of0,1,8,20,0,50.0,16,5,OF0,855,99.86872514619884,159.2514619883041,-73.22105263157894,1.066152046783626,0.4666152906146388,3472.8241293305264,14.614392606315787
run_0743_cfg_248_seed_2_of0,2,8,20,0,50.0,16,5,OF0,855,99.88357894736843,159.0842105263158,-72.42105263157895,1.065766081871345,0.462364144339934,3472.8352018357896,14.481248050526316
run_0744_cfg_248_seed_3_of0,3,8,20,0,50.0,16,5,OF0,855,99.9168187134503,157.9204678362573,-72.47602339181286,1.057391812865497,0.460401970238962,3472.83978708772,14.41978905263158
run_0745_cfg_249_seed_1_mrhof,1,8,20,0,50.0,16,10,MRHOF,855,99.9766081871345,150.87719298245614,-72.0748538011696,1.03953216374269,0.248842959020837,3473.372915772632,7.793761111578947
run_0746_cfg_249_seed_2_mrhof,2,8,20,0,50.0,16,10,MRHOF,855,99.95711111111112,149.4748538011696,-69.98245614035088,1.0269707602339182,0.2496091501579073,3473.3709849319303,7.817758703157895
run_0747_cfg_249_seed_3_mrhof,3,8,20,0,50.0,16,10,MRHOF,855,99.95711111111112,151.30994152046785,-72.13333333333334,1.0332397660818713,0.2476873477534282,3473.3758278905266,7.757567646315789
run_0748_cfg_250_seed_1_of0,1,8,20,0,50.0,16,10,OF0,855,100.0,149.20350877192982,-69.80116959064327,1.0273099415204678,0.247506840111852,3473.37628276772,7.751914172631578
run_0749_cfg_250_seed_2_of0,2,8,20,0,50.0,16,10,OF0,855,99.95711111111112,149.47368421052633,-70.05380116959064,1.0317076023391814,0.247964359432884,3473.3751298357897,7.766243469473683
run_0750_cfg_250_seed_3_of0,3,8,20,0,50.0,16,10,OF0,855,99.98050292397662,148.86315789473684,-71.22105263157894,1.024187134502924,0.246630001330504,3473.3784923115795,7.724452698947368
run_0751_cfg_251_seed_1_mrhof,1,8,20,0,50.0,16,20,MRHOF,855,99.96100584795322,148.1766081871345,-71.53333333333333,1.026233918128655,0.1340883131509603,3473.662097454036,4.199645928421052
run_0752_cfg_251_seed_2_mrhof,2,8,20,0,50.0,16,20,MRHOF,855,100.0,147.1345029239766,-69.66666666666667,1.0307602339181283,0.1339323900109524,3473.6624903971933,4.194762206315789
run_0753_cfg_251_seed_3_mrhof,3,8,20,0,50.0,16,20,MRHOF,855,100.0,144.47368421052633,-71.93333333333334,1.0223976608187135,0.132265590566166,3473.66669071158,4.142558298947368
run_0754_cfg_252_seed_1_of0,1,8,20,0,50.0,16,20,OF0,855,100.0,146.93684210526317,-71.41988304093567,1.026877192982456,0.1332754318272905,3473.664145914386,4.174186492631579
run_0755_cfg_252_seed_2_of0,2,8,20,0,50.0,16,20,OF0,855,100.0,145.86666666666667,-70.07836257309941,1.0204912280701754,0.1329096640190834,3473.665067654737,4.162730576842105
run_0756_cfg_252_seed_3_of0,3,8,20,0,50.0,16,20,OF0,855,100.0,145.83859649122806,-71.246783625731,1.021953216374269,0.1327152112852251,3473.665557664562,4.156640454736841
run_0772_cfg_258_seed_1_mrhof,1,8,20,0,60.0,12,5,MRHOF,627,99.91668261562998,97.20574162679426,-68.63636363636364,1.0121850079744816,0.2521391562904309,3473.3646093167467,7.896998491866029
run_0773_cfg_258_seed_2_mrhof,2,8,20,0,60.0,12,5,MRHOF,627,99.98405103668262,96.6969696969697,-67.45454545454545,1.01451355661882,0.254301647061501,3473.35915984689,7.964727617224879
run_0774_cfg_258_seed_3_mrhof,3,8,20,0,60.0,12,5,MRHOF,627,99.92169059011164,97.47846889952152,-66.27272727272727,1.0147527910685803,0.2538273028672329,3473.3603551923447,7.949871180861243
run_0775_cfg_259_seed_1_of0,1,8,20,0,60.0,12,5,OF0,627,99.9231259968102,97.87719298245614,-70.27272727272727,1.0164433811802234,0.2533135357440861,3473.361649890909,7.933779927272727
run_0776_cfg_259_seed_2_of0,2,8,20,0,60.0,12,5,OF0,627,99.8702711323764,96.58213716108452,-68.16267942583733,1.0122169059011163,0.2533662124799198,3473.3615171521533,7.935429680382774
run_0777_cfg_259_seed_3_of0,3,8,20,0,60.0,12,5,OF0,627,99.92169059011164,96.66028708133972,-70.18500797448166,1.0097767145135566,0.2525155943717551,3473.3636606928235,7.908788532057416
run_0778_cfg_260_seed_1_of0,1,8,20,0,60.0,12,20,OF0,627,99.94682615629984,94.34130781499202,-69.02711323763955,1.0126315789473683,0.0774184370015949,3473.804905538756,2.424745446889952
run_0779_cfg_260_seed_2_of0,2,8,20,0,60.0,12,20,OF0,627,100.0,94.74003189792664,-69.47527910685805,1.0139553429027113,0.0783123444976076,3473.8026528918663,2.4527426296650714
run_0780_cfg_260_seed_3_of0,3,8,20,0,60.0,12,20,OF0,627,99.89365231259968,93.79585326953747,-68.83253588516746,1.011196172248804,0.077752676925929,3473.80406323445,2.435214086124402
run_0781_cfg_261_seed_1_mrhof,1,8,20,0,60.0,16,5,MRHOF,855,99.77595321637428,127.80818713450292,-69.66666666666667,1.0317543859649123,0.3506324548797407,3473.116406220351,10.981808404210526
run_0782_cfg_261_seed_2_mrhof,2,8,20,0,60.0,16,5,MRHOF,855,99.91761403508772,126.70526315789472,-70.4,1.0363391812865497,0.3507797443425651,3473.116035048421,10.986421541052632
run_0783_cfg_261_seed_3_mrhof,3,8,20,0,60.0,16,5,MRHOF,855,99.92930994152049,126.6187134502924,-70.13333333333334,1.031953216374269,0.3494359631646848,3473.119421378246,10.944334298947368
run_0784_cfg_262_seed_1_of0,1,8,20,0,60.0,16,5,OF0,855,99.7791111111111,127.246783625731,-69.5578947368421,1.0324561403508772,0.3501905930000265,3473.117519696842,10.967969482105262
run_0785_cfg_262_seed_2_of0,2,8,20,0,60.0,16,5,OF0,855,99.96360233918128,126.59181286549708,-68.81052631578947,1.0300701754385966,0.3520389690746163,3473.112861832983,11.025860075789472
run_0786_cfg_262_seed_3_of0,3,8,20,0,60.0,16,5,OF0,855,99.73625730994152,128.1251461988304,-72.38245614035088,1.030058479532164,0.3495966834415319,3473.119379848421,10.94936845473684
run_0787_cfg_263_seed_1_mrhof,1,8,20,0,60.0,16,10,MRHOF,855,99.95711111111112,122.27953216374269,-68.73333333333333,1.0202339181286548,0.1923300116959064,3473.5153283705263,6.02377596631579
run_0788_cfg_263_seed_2_mrhof,2,8,20,0,60.0,16,10,MRHOF,855,100.0,121.10409356725148,-72.13333333333334,1.0179181286549708,0.1921710081788987,3473.515729055439,6.018796025263157
run_0789_cfg_263_seed_3_mrhof,3,8,20,0,60.0,16,10,MRHOF,855,100.0,120.77894736842106,-66.53333333333333,1.015485380116959,0.1921266596663254,3473.5158408196494,6.017406955789474
run_0790_cfg_264_seed_1_mrhof,1,8,20,0,60.0,16,20,MRHOF,855,99.96100584795322,121.39298245614034,-68.86666666666666,1.0152631578947369,0.10429216374269,3473.737183747369,3.2664305684210526
run_0791_cfg_264_seed_2_mrhof,2,8,20,0,60.0,16,20,MRHOF,855,100.0,117.87251461988303,-72.13333333333334,1.014187134502924,0.1045416130215899,3473.736555132632,3.274243351578947
run_0792_cfg_264_seed_3_mrhof,3,8,20,0,60.0,16,20,MRHOF,855,99.88301754385964,118.953216374269,-72.0,1.0211812865497076,0.1045698529238952,3473.7364839635093,3.275127882105263
run_0793_cfg_265_seed_1_of0,1,8,20,0,60.0,16,20,OF0,855,99.90252631578949,120.11695906432747,-71.53801169590643,1.0149239766081872,0.1040840077972709,3473.737708300352,3.259911124210526
run_0794_cfg_265_seed_2_of0,2,8,20,0,60.0,16,20,OF0,855,100.0,120.98479532163742,-70.69356725146199,1.0221052631578946,0.1049761233275509,3473.7354601656148,3.2878522273684205
run_0795_cfg_265_seed_3_of0,3,8,20,0,60.0,16,20,OF0,855,99.88301754385964,120.19766081871344,-71.71695906432748,1.0187368421052632,0.104573910331384,3473.7364737459657,3.275254871578947
run_0805_cfg_269_seed_1_mrhof,1,8,20,5,40.0,12,5,MRHOF,627,99.87205741626794,141.69856459330143,-73.63636363636364,1.0439872408293462,0.4034988523163595,3472.983290564593,12.637586365550238
run_0806_cfg_269_seed_2_mrhof,2,8,20,5,40.0,12,5,MRHOF,627,99.93620414673046,140.04784688995215,-73.36363636363636,1.0427272727272727,0.4035402231599634,3472.983078637321,12.638879793301436
run_0807_cfg_269_seed_3_mrhof,3,8,20,5,40.0,12,5,MRHOF,627,99.77709728867625,141.91228070175438,-73.63636363636364,1.0398086124401915,0.4031841359287808,3472.983975977034,12.627727142583732
run_0808_cfg_270_seed_1_of0,1,8,20,5,40.0,12,5,OF0,627,99.92025518341308,141.8835725677831,-73.58851674641149,1.0464433811802234,0.4024411694469413,3472.985848252632,12.604457431578949
run_0809_cfg_270_seed_2_of0,2,8,20,5,40.0,12,5,OF0,627,99.9695374800638,140.48803827751198,-73.39553429027113,1.0459808612440191,0.4078293959706811,3472.972269887081,12.773217117703348
run_0810_cfg_270_seed_3_of0,3,8,20,5,40.0,12,5,OF0,627,99.95215311004785,140.70334928229664,-73.62998405103669,1.0419298245614037,0.4029786266527546,3472.9844938564597,12.621290641148324
run_0811_cfg_271_seed_1_of0,1,8,20,5,40.0,12,10,OF0,627,99.94682615629984,137.21052631578948,-73.72727272727273,1.020829346092504,0.2189834770839619,3473.448161638278,6.858562495693779
run_0812_cfg_271_seed_2_of0,2,8,20,5,40.0,12,10,OF0,627,100.0,135.73365231259967,-73.37958532695374,1.0233014354066985,0.2193347041899107,3473.447276516747,6.8695632918660285
run_0813_cfg_271_seed_3_of0,3,8,20,5,40.0,12,10,OF0,627,99.97341307814992,137.60925039872407,-73.55502392344498,1.0239234449760766,0.2205285045890976,3473.444268164594,6.9069528114832535
run_0814_cfg_272_seed_1_of0,1,8,20,5,40.0,12,20,OF0,627,99.94682615629984,135.0542264752791,-73.65071770334929,1.0306379585326957,0.1174776180703438,3473.703956401914,3.6793990047846887
run_0815_cfg_272_seed_2_of0,2,8,20,5,40.0,12,20,OF0,627,100.0,132.93460925039872,-73.27272727272727,1.015390749601276,0.1166045615465592,3473.706156478469,3.652055196172249
run_0816_cfg_272_seed_3_of0,3,8,20,5,40.0,12,20,OF0,627,100.0,132.3891547049442,-73.725677830941,1.0190271132376394,0.1163679300834691,3473.7067528114835,3.644643628708133
run_0817_cfg_273_seed_1_mrhof,1,8,20,5,40.0,16,5,MRHOF,855,99.61773099415204,190.4690058479532,-77.64561403508772,1.1008187134502925,0.5561386531210532,3472.5985305992986,17.418262551578948
run_0818_cfg_273_seed_2_mrhof,2,8,20,5,40.0,16,5,MRHOF,855,99.82640935672516,187.93216374269005,-76.85730994152047,1.1141637426900586,0.5547265650874575,3472.6024716042107,17.374041886315787
run_0819_cfg_273_seed_3_mrhof,3,8,20,5,40.0,16,5,MRHOF,855,99.62495906432748,188.44795321637423,-77.03040935672514,1.1072865497076023,0.5514328281812412,3472.610389237895,17.270876614736842
run_0820_cfg_274_seed_1_of0,1,8,20,5,40.0,16,5,OF0,855,99.83915789473684,189.2175438596491,-76.50292397660819,1.093438596491228,0.5645955348644939,3472.577148732632,17.68313328842105
run_0821_cfg_274_seed_2_of0,2,8,20,5,40.0,16,5,OF0,855,99.82430409356724,190.9450292397661,-76.59766081871345,1.1244561403508773,0.5709268460133754,3472.561264465965,17.881427351578946
run_0822_cfg_274_seed_3_of0,3,8,20,5,40.0,16,5,OF0,855,99.78870175438595,188.49473684210523,-76.57777777777778,1.107438596491228,0.5612800234764459,3472.585574321404,17.579290576842105
run_0823_cfg_275_seed_1_mrhof,1,8,20,5,40.0,16,10,MRHOF,855,99.906432748538,173.4233918128655,-77.18947368421053,1.0468304093567251,0.2915790835127303,3473.2652207382457,9.132256538947368
run_0824_cfg_275_seed_2_mrhof,2,8,20,5,40.0,16,10,MRHOF,855,99.98050292397662,174.4233918128655,-76.82456140350877,1.052690058479532,0.293645537384388,3473.2600132491234,9.196978189473684
run_0825_cfg_275_seed_3_mrhof,3,8,20,5,40.0,16,10,MRHOF,855,99.93761403508772,174.88771929824563,-77.1204678362573,1.0523625730994153,0.293437052792707,3473.26053858807,9.190448976842106
run_0826_cfg_276_seed_1_of0,1,8,20,5,40.0,16,10,OF0,855,99.95711111111112,173.2233918128655,-76.91228070175438,1.0477777777777777,0.2927492860449327,3473.262271758597,9.168908143157894
run_0827_cfg_276_seed_2_of0,2,8,20,5,40.0,16,10,OF0,855,99.93761403508772,173.95672514619883,-76.94619883040936,1.0417543859649123,0.292173027333554,3473.263723946667,9.15085952
run_0828_cfg_276_seed_3_of0,3,8,20,5,40.0,16,10,OF0,855,100.0,174.52631578947367,-77.03625730994152,1.048877192982456,0.2929252580669665,3473.261828356492,9.174418997894737
run_0829_cfg_277_seed_1_of0,1,8,20,5,40.0,16,20,OF0,855,100.0,173.79883040935673,-76.94152046783626,1.044923976608187,0.1565670623568378,3473.605450997896,4.9036804547368416
run_0830_cfg_277_seed_2_of0,2,8,20,5,40.0,16,20,OF0,855,99.96100584795322,170.17543859649123,-76.94152046783626,1.0360233918128654,0.154439071084028,3473.610813518597,4.837031983157894
run_0831_cfg_277_seed_3_of0,3,8,20,5,40.0,16,20,OF0,855,99.92201169590643,168.42456140350876,-77.2233918128655,1.0367251461988305,0.1539136316302503,3473.6121376336846,4.820575124210526
run_0841_cfg_281_seed_1_of0,1,8,20,5,50.0,12,5,OF0,627,99.98405103668262,113.3652312599681,-69.42583732057416,1.0223125996810207,0.3114658016926769,3473.2153511961724,9.755112022966507
run_0842_cfg_281_seed_2_of0,2,8,20,5,50.0,12,5,OF0,627,99.98405103668262,113.6682615629984,-69.21371610845296,1.028086124401914,0.3111941232565722,3473.2157907904307,9.746600176076551
run_0843_cfg_281_seed_3_of0,3,8,20,5,50.0,12,5,OF0,627,99.95215311004785,114.15948963317383,-69.51993620414673,1.029043062200957,0.3135925827821563,3473.209746702393,9.82171955598086
run_0844_cfg_282_seed_1_mrhof,1,8,20,5,50.0,12,10,MRHOF,627,100.0,109.92344497607657,-69.72727272727273,1.013237639553429,0.1701625730994152,3473.57119031579,5.329491789473684
run_0845_cfg_282_seed_2_mrhof,2,8,20,5,50.0,12,10,MRHOF,627,99.96810207336524,109.43700159489632,-69.36363636363636,1.0153269537480063,0.1711241290359753,3473.5687672038284,5.359607609569378
run_0846_cfg_282_seed_3_mrhof,3,8,20,5,50.0,12,10,MRHOF,627,100.0,110.31259968102071,-69.27272727272727,1.0103668261563,0.1703664195522332,3473.5706766162684,5.335876340669856
run_0847_cfg_283_seed_1_of0,1,8,20,5,50.0,12,10,OF0,627,100.0,110.07974481658692,-68.10047846889952,1.015406698564593,0.1706051036682615,3473.5700751387567,5.343351846889952
run_0848_cfg_283_seed_2_of0,2,8,20,5,50.0,12,10,OF0,627,100.0,109.99681020733652,-70.27751196172248,1.0140031897926634,0.1706916533290382,3473.569857033493,5.346062583732057
run_0849_cfg_283_seed_3_of0,3,8,20,5,50.0,12,10,OF0,627,99.96810207336524,109.86602870813395,-70.81658692185007,1.0160287081339712,0.1704531418488653,3473.570458082297,5.338592405741626
run_0850_cfg_284_seed_1_mrhof,1,8,20,5,50.0,12,20,MRHOF,627,100.0,109.55502392344498,-70.27272727272727,1.0163317384370016,0.0925823736749506,3473.7666924248806,2.8996798622009567
run_0851_cfg_284_seed_2_mrhof,2,8,20,5,50.0,12,20,MRHOF,627,100.0,109.33811802232854,-69.54864433811802,1.0200159489633174,0.0929679106858054,3473.765720865072,2.9117549626794257
run_0852_cfg_284_seed_3_mrhof,3,8,20,5,50.0,12,20,MRHOF,627,100.0,108.30940988835724,-68.35087719298245,1.025773524720893,0.0930988197767145,3473.7653909741625,2.915855035406698
run_0853_cfg_285_seed_1_of0,1,8,20,5,50.0,12,20,OF0,627,100.0,109.09250398724085,-69.52472089314195,1.0145454545454546,0.092437639553429,3473.767057148326,2.895146870813397
run_0854_cfg_285_seed_2_of0,2,8,20,5,50.0,12,20,OF0,627,100.0,108.56937799043062,-70.89792663476874,1.025055821371611,0.0930254545454545,3473.765575854546,2.913557236363636
run_0855_cfg_285_seed_3_of0,3,8,20,5,50.0,12,20,OF0,627,100.0,108.19617224880383,-70.10207336523126,1.0204625199362043,0.0927056422723467,3473.766381772249,2.9035408306220094
run_0856_cfg_286_seed_1_mrhof,1,8,20,5,50.0,16,10,MRHOF,855,99.95711111111112,149.1251461988304,-72.06432748538012,1.0287251461988305,0.2462001570320515,3473.3795756070176,7.710988884210526
run_0857_cfg_286_seed_2_mrhof,2,8,20,5,50.0,16,10,MRHOF,855,100.0,150.53333333333333,-71.00233918128654,1.0372280701754386,0.2503480212485472,3473.369122981053,7.840900092631578
run_0858_cfg_286_seed_3_mrhof,3,8,20,5,50.0,16,10,MRHOF,855,99.87522807017544,150.61754385964912,-71.9953216374269,1.02906432748538,0.2464636257309941,3473.3789116631583,7.719240757894736
run_0859_cfg_287_seed_1_of0,1,8,20,5,50.0,16,10,OF0,855,99.95711111111112,150.05730994152046,-71.60350877192982,1.0296023391812863,0.2494651371821776,3473.371347851228,7.813248134736842
run_0860_cfg_287_seed_2_of0,2,8,20,5,50.0,16,10,OF0,855,99.9766081871345,148.49473684210523,-70.58713450292397,1.0250526315789472,0.2479825957904984,3473.375083856842,7.7668149221052625
run_0861_cfg_287_seed_3_of0,3,8,20,5,50.0,16,10,OF0,855,99.98050292397662,149.59181286549708,-73.52865497076023,1.0305847953216374,0.2484391986401161,3473.3739332435093,7.781115402105263
run_0862_cfg_288_seed_1_mrhof,1,8,20,5,50.0,16,20,MRHOF,855,100.0,147.09824561403508,-71.50760233918129,1.0240350877192983,0.1327122330756692,3473.665565170527,4.156547166315789
run_0863_cfg_288_seed_2_mrhof,2,8,20,5,50.0,16,20,MRHOF,855,99.96100584795322,146.14619883040936,-69.66666666666667,1.02706432748538,0.1333203114247364,3473.664032814035,4.175592168421052
run_0864_cfg_288_seed_3_mrhof,3,8,20,5,50.0,16,20,MRHOF,855,99.96100584795322,144.6888888888889,-71.23625730994152,1.0249239766081872,0.1323394446485604,3473.666504595088,4.144871461052631
run_0877_cfg_293_seed_1_of0,1,8,20,5,60.0,12,5,OF0,627,99.91990430622008,98.4896331738437,-69.96331738437001,1.0184370015948965,0.2528160127591706,3473.362903647848,7.918197519617224
run_0878_cfg_293_seed_2_of0,2,8,20,5,60.0,12,5,OF0,627,99.95502392344498,96.94577352472088,-67.26634768740031,1.015422647527911,0.2551337783010087,3473.357062874641,7.990789986602871
run_0879_cfg_293_seed_3_of0,3,8,20,5,60.0,12,5,OF0,627,99.91990430622008,97.38118022328548,-70.80063795853269,1.013157894736842,0.2537883678894205,3473.3604533129187,7.94865168229665
run_0880_cfg_294_seed_1_mrhof,1,8,20,5,60.0,12,10,MRHOF,627,99.96810207336524,95.19776714513556,-68.9090909090909,1.0064433811802231,0.1402045705075406,3473.646684478469,4.391207196172249
run_0881_cfg_294_seed_2_mrhof,2,8,20,5,60.0,12,10,MRHOF,627,99.97341307814992,94.12280701754386,-69.81818181818181,1.0106060606060605,0.140831513233542,3473.6451045818185,4.410843054545454
run_0882_cfg_294_seed_3_mrhof,3,8,20,5,60.0,12,10,MRHOF,627,99.96810207336524,94.3444976076555,-64.9090909090909,1.0099202551834132,0.1407073029085234,3473.645417592345,4.406952780861244
run_0883_cfg_295_seed_1_of0,1,8,20,5,60.0,12,10,OF0,627,99.93620414673046,95.67942583732058,-68.49282296650718,1.0103030303030305,0.1404956908579212,3473.6459508516755,4.400325129186602
run_0884_cfg_295_seed_2_of0,2,8,20,5,60.0,12,10,OF0,627,100.0,97.2488038277512,-69.20414673046253,1.008580542264753,0.1454258140759362,3473.633526943541,4.554736558851674
run_0885_cfg_295_seed_3_of0,3,8,20,5,60.0,12,10,OF0,627,99.94682615629984,94.4481658692185,-70.82296650717703,1.0078309409888355,0.139928675027582,3473.647379735886,4.382566139712918
run_0886_cfg_296_seed_1_of0,1,8,20,5,60.0,12,20,OF0,627,99.89365231259968,94.37639553429028,-71.45454545454545,1.0135087719298246,0.0771732190138451,3473.805523467943,2.4170654698564595
run_0887_cfg_296_seed_2_of0,2,8,20,5,60.0,12,20,OF0,627,100.0,100.5103668261563,-65.62679425837321,1.0147368421052632,0.0849379692512986,3473.7859563177035,2.660257194258373
run_0888_cfg_296_seed_3_of0,3,8,20,5,60.0,12,20,OF0,627,100.0,93.6969696969697,-68.01275917065391,1.0108133971291866,0.0771244019138756,3473.805646507177,2.415536267942584
run_0889_cfg_297_seed_1_mrhof,1,8,20,5,60.0,16,5,MRHOF,855,99.85216374269008,125.73216374269006,-69.58713450292397,1.0312514619883042,0.3488577435802149,3473.1208784785968,10.926224623157893
run_0890_cfg_297_seed_2_mrhof,2,8,20,5,60.0,16,5,MRHOF,855,99.882783625731,125.96491228070175,-70.4,1.032502923976608,0.349387168615146,3473.1195443424567,10.942806029473685
run_0891_cfg_297_seed_3_mrhof,3,8,20,5,60.0,16,5,MRHOF,855,99.8934269005848,126.34853801169592,-70.36842105263158,1.0290526315789474,0.3490671555646022,3473.1201400392983,10.932783141052631
run_0892_cfg_298_seed_1_mrhof,1,8,20,5,60.0,16,10,MRHOF,855,100.0,121.87368421052632,-68.73333333333333,1.0161169590643275,0.1914532397205737,3473.51753783579,5.996315469473684
run_0893_cfg_298_seed_2_mrhof,2,8,20,5,60.0,16,10,MRHOF,855,99.9298245614035,122.2140350877193,-71.91929824561403,1.0194152046783629,0.1940024534149445,3473.511113790877,6.076157170526315
run_0894_cfg_298_seed_3_mrhof,3,8,20,5,60.0,16,10,MRHOF,855,99.98050292397662,120.8233918128655,-65.67134502923976,1.0189005847953216,0.1914953901465714,3473.517431612632,5.997635671578947
run_0895_cfg_299_seed_1_of0,1,8,20,5,60.0,16,10,OF0,855,99.93371929824562,121.4888888888889,-72.0748538011696,1.020046783625731,0.1912776056224504,3473.517980412632,5.990814871578947
run_0896_cfg_299_seed_2_of0,2,8,20,5,60.0,16,10,OF0,855,99.9766081871345,126.63625730994151,-68.36491228070176,1.017625730994152,0.2018655750487329,3473.491298750878,6.322429810526315
run_0897_cfg_299_seed_3_of0,3,8,20,5,60.0,16,10,OF0,855,99.9766081871345,122.80818713450292,-69.10760233918128,1.0209473684210526,0.1922527871830534,3473.515522975439,6.021357305263158
run_0898_cfg_300_seed_1_mrhof,1,8,20,5,60.0,16,20,MRHOF,855,99.92201169590643,120.54736842105264,-69.53099415204679,1.0219298245614037,0.1038659925387262,3473.7382576898253,3.2530829978947366
run_0899_cfg_300_seed_2_mrhof,2,8,20,5,60.0,16,20,MRHOF,855,100.0,119.0561403508772,-70.59298245614035,1.0170058479532162,0.1043079142300194,3473.737144056141,3.2669238736842106
run_0900_cfg_300_seed_3_mrhof,3,8,20,5,60.0,16,20,MRHOF,855,100.0,118.37777777777778,-70.3438596491228,1.0171929824561403,0.1038087485380117,3473.738401953685,3.2512900042105257
run_0901_cfg_301_seed_1_of0,1,8,20,5,60.0,16,20,OF0,855,99.96100584795322,120.35555555555555,-71.28304093567252,1.02153216374269,0.1040466900584795,3473.7378023410533,3.258742332631579
run_0902_cfg_301_seed_2_of0,2,8,20,5,60.0,16,20,OF0,855,99.96100584795322,119.9485380116959,-69.08070175438597,1.0221052631578946,0.104799126705653,3473.735906200702,3.2823086484210524
run_0903_cfg_301_seed_3_of0,3,8,20,5,60.0,16,20,OF0,855,100.0,118.92280701754386,-71.60233918128655,1.0169239766081872,0.1040676961038385,3473.737749406316,3.259400235789473
run_0916_cfg_306_seed_1_of0,1,8,20,10,40.0,12,10,OF0,627,99.91492822966508,136.75438596491227,-73.63636363636364,1.0260765550239237,0.2198489925634455,3473.445980532057,6.885670530143541
run_0917_cfg_306_seed_2_of0,2,8,20,10,40.0,12,10,OF0,627,99.88303030303032,136.38437001594895,-73.62041467304626,1.0312280701754386,0.2196225740690755,3473.446551142584,6.87857865645933
run_0918_cfg_306_seed_3_of0,3,8,20,10,40.0,12,10,OF0,627,99.93620414673046,136.3939393939394,-73.60446570972887,1.0295215311004784,0.2203935785648301,3473.4446081837323,6.902726859330143
run_0919_cfg_307_seed_1_mrhof,1,8,20,10,40.0,12,20,MRHOF,627,99.81390749601276,135.1945773524721,-73.63636363636364,1.0382934609250398,0.1174839978734715,3473.70394032536,3.679598813397129
run_0920_cfg_307_seed_2_mrhof,2,8,20,10,40.0,12,20,MRHOF,627,100.0,134.19298245614036,-73.27272727272727,1.0264114832535889,0.1171567038809144,3473.7047651062203,3.669347965550239
run_0921_cfg_307_seed_3_mrhof,3,8,20,10,40.0,12,20,MRHOF,627,100.0,132.896331738437,-73.63636363636364,1.0245614035087718,0.1168904489085448,3473.7054360344505,3.6610092861244015
run_0922_cfg_308_seed_1_mrhof,1,8,20,10,40.0,16,5,MRHOF,855,99.56647953216374,188.8654970760234,-76.86666666666666,1.1058245614035087,0.5498204025817734,3472.61445248,17.22037632
run_0923_cfg_308_seed_2_mrhof,2,8,20,10,40.0,16,5,MRHOF,855,99.88173099415204,186.3497076023392,-76.84912280701755,1.0993216374269006,0.5528013756988036,3472.6065754077194,17.313732143157893
run_0924_cfg_308_seed_3_mrhof,3,8,20,10,40.0,16,5,MRHOF,855,99.61824561403508,187.4245614035088,-76.86666666666666,1.101625730994152,0.5503206401041068,3472.6133192224565,17.23604340210526
run_0925_cfg_309_seed_1_mrhof,1,8,20,10,40.0,16,10,MRHOF,855,99.86743859649124,173.1391812865497,-76.86666666666666,1.041625730994152,0.291096512325848,3473.2664367831585,9.117142837894736
run_0926_cfg_309_seed_2_mrhof,2,8,20,10,40.0,16,10,MRHOF,855,99.96100584795322,174.2187134502924,-76.66666666666667,1.0380350877192983,0.2936018238900201,3473.260123362807,9.19560963368421
run_0927_cfg_309_seed_3_mrhof,3,8,20,10,40.0,16,10,MRHOF,855,99.89083040935672,175.37426900584796,-77.11111111111111,1.055578947368421,0.2933115776826776,3473.2608548210533,9.18651865263158
run_0928_cfg_310_seed_1_mrhof,1,8,20,10,40.0,16,20,MRHOF,855,99.8245380116959,172.24444444444444,-76.86666666666666,1.0403859649122806,0.1549861017137466,3473.6094350147373,4.854164816842105
run_0929_cfg_310_seed_2_mrhof,2,8,20,10,40.0,16,20,MRHOF,855,99.96100584795322,171.62573099415204,-76.93333333333334,1.0449590643274855,0.1556155165692007,3473.607848898246,4.873877978947369
run_0930_cfg_310_seed_3_mrhof,3,8,20,10,40.0,16,20,MRHOF,855,99.92201169590643,169.89005847953217,-77.2,1.0431929824561403,0.1546270779838397,3473.6103397782463,4.842919898947368
run_0943_cfg_315_seed_1_of0,1,8,20,10,50.0,12,5,OF0,627,99.98548644338118,113.84370015948964,-70.792663476874,1.028133971291866,0.311480553409123,3473.215069006699,9.75557091674641
run_0944_cfg_315_seed_2_of0,2,8,20,10,50.0,12,5,OF0,627,99.9535885167464,113.3030303030303,-69.74003189792664,1.021610845295056,0.3107415618688764,3473.216435609569,9.73242508708134
run_0945_cfg_315_seed_3_of0,3,8,20,10,50.0,12,5,OF0,627,99.98405103668262,113.08452950558214,-69.10526315789474,1.0259489633173844,0.31067906438304,3473.2170887578955,9.73046829473684
run_0946_cfg_316_seed_1_mrhof,1,8,20,10,50.0,12,10,MRHOF,627,100.0,110.88676236044655,-69.72727272727273,1.014433811802233,0.1707480256543666,3473.569714970336,5.34782822583732
run_0947_cfg_316_seed_2_mrhof,2,8,20,10,50.0,12,10,MRHOF,627,100.0,109.33014354066984,-69.36363636363636,1.01481658692185,0.1711817624453649,3473.5681234258377,5.361411215311005
run_0948_cfg_316_seed_3_mrhof,3,8,20,10,50.0,12,10,MRHOF,627,100.0,110.22169059011163,-69.27272727272727,1.0136363636363637,0.1704241568425284,3473.5705311234456,5.33768460861244
run_0949_cfg_317_seed_1_of0,1,8,20,10,50.0,12,10,OF0,627,100.0,110.77033492822966,-69.89154704944178,1.0171451355661882,0.171793769271664,3473.5670797014354,5.3805808535885165
run_0950_cfg_317_seed_2_of0,2,8,20,10,50.0,12,10,OF0,627,99.97341307814992,109.1658692185008,-68.29824561403508,1.0138755980861245,0.1714227947487304,3473.56801455311,5.36896198277512
run_0951_cfg_317_seed_3_of0,3,8,20,10,50.0,12,10,OF0,627,99.96810207336524,109.91866028708134,-71.33492822966507,1.0120893141945777,0.17032833514909,3473.5707725933016,5.334683483253587
run_0952_cfg_318_seed_1_mrhof,1,8,20,10,50.0,12,20,MRHOF,627,100.0,108.54066985645932,-68.18181818181819,1.0134609250398725,0.0925814799681491,3473.7666946755985,2.899651888995215
run_0953_cfg_318_seed_2_mrhof,2,8,20,10,50.0,12,20,MRHOF,627,100.0,109.19617224880383,-69.36363636363636,1.019377990430622,0.0932950132908027,3473.764896566507,2.921999816267942
run_0954_cfg_318_seed_3_mrhof,3,8,20,10,50.0,12,20,MRHOF,627,100.0,108.56299840510368,-69.9090909090909,1.0149122807017543,0.0929691625345285,3473.76571770335,2.911794258373205
run_0955_cfg_319_seed_1_of0,1,8,20,10,50.0,12,20,OF0,627,100.0,108.74800637958532,-68.6555023923445,1.015342902711324,0.0925298874985229,3473.76682468134,2.8980361033492823
run_0956_cfg_319_seed_2_of0,2,8,20,10,50.0,12,20,OF0,627,99.94682615629984,107.8883572567783,-70.87240829346092,1.0158373205741626,0.0929331419457735,3473.765808482297,2.9106660057416267
run_0957_cfg_319_seed_3_of0,3,8,20,10,50.0,12,20,OF0,627,100.0,108.6634768740032,-68.28708133971291,1.0161722488038278,0.0930948219032429,3473.765401048804,2.915729822009569
run_0958_cfg_320_seed_1_mrhof,1,8,20,10,50.0,16,5,MRHOF,855,99.9025029239766,159.01052631578946,-73.8,1.0581169590643276,0.4595006764366183,3472.842058329825,14.391560757894736
run_0959_cfg_320_seed_2_mrhof,2,8,20,10,50.0,16,5,MRHOF,855,99.91550877192982,157.52397660818713,-71.13333333333334,1.0596842105263158,0.4600078328744214,3472.840780272281,14.40744518736842
run_0960_cfg_320_seed_3_mrhof,3,8,20,10,50.0,16,5,MRHOF,855,99.88173099415204,158.68421052631578,-71.87134502923976,1.0699883040935674,0.4632307978165474,3472.8326583859653,14.508388631578946
run_0961_cfg_321_seed_1_mrhof,1,8,20,10,50.0,16,10,MRHOF,855,100.0,148.68421052631578,-72.46666666666667,1.029345029239766,0.2474974133997501,3473.37630650386,7.751619166315789
run_0962_cfg_321_seed_2_mrhof,2,8,20,10,50.0,16,10,MRHOF,855,99.93761403508772,149.1964912280702,-70.33333333333333,1.0351929824561403,0.2507609413378501,3473.368082442106,7.853832505263157
run_0963_cfg_321_seed_3_mrhof,3,8,20,10,50.0,16,10,MRHOF,855,99.87912280701754,150.26666666666668,-71.88888888888889,1.0342456140350875,0.2471152752322363,3473.377269507369,7.739650408421052
run_0964_cfg_322_seed_1_of0,1,8,20,10,50.0,16,10,OF0,855,99.98050292397662,150.5906432748538,-72.73684210526316,1.0344093567251462,0.2497207378748575,3473.3707037529825,7.821253355789473
run_0965_cfg_322_seed_2_of0,2,8,20,10,50.0,16,10,OF0,855,99.953216374269,149.29356725146198,-71.57076023391812,1.034280701754386,0.2485760781968879,3473.373588283509,7.785402762105263
run_0966_cfg_322_seed_3_of0,3,8,20,10,50.0,16,10,OF0,855,99.953216374269,148.48888888888888,-72.0,1.0216842105263158,0.2468257153643301,3473.3779991971933,7.730581406315789
run_0967_cfg_323_seed_1_mrhof,1,8,20,10,50.0,16,20,MRHOF,855,99.96100584795322,145.69473684210527,-71.53333333333333,1.0234035087719298,0.1332320289691284,3473.664255281404,4.172827216842105
run_0968_cfg_323_seed_2_mrhof,2,8,20,10,50.0,16,20,MRHOF,855,100.0,144.9345029239766,-69.66666666666667,1.0210058479532165,0.1328334193059636,3473.66525978386,4.160342686315789
run_0969_cfg_323_seed_3_mrhof,3,8,20,10,50.0,16,20,MRHOF,855,99.96100584795322,147.21169590643274,-71.61520467836257,1.036327485380117,0.1332985268091517,3473.6640877136847,4.174909844210526
run_0970_cfg_324_seed_1_of0,1,8,20,10,50.0,16,20,OF0,855,100.0,146.4140350877193,-70.4374269005848,1.0270058479532165,0.1337217183811845,3473.6630212771934,4.188164126315789
run_0971_cfg_324_seed_2_of0,2,8,20,10,50.0,16,20,OF0,855,99.96100584795322,146.94269005847954,-71.42222222222222,1.0212397660818713,0.1336715789473684,3473.6631476210528,4.186593852631579
run_0972_cfg_324_seed_3_of0,3,8,20,10,50.0,16,20,OF0,855,99.96100584795322,146.0093567251462,-70.11929824561403,1.0314502923976607,0.1329625575048733,3473.664934355088,4.164387301052631
run_0991_cfg_331_seed_1_of0,1,8,20,10,60.0,12,5,OF0,627,99.93620414673046,97.89792663476874,-70.16746411483254,1.01518341307815,0.2534591736168348,3473.361282863158,7.938341557894737
run_0992_cfg_331_seed_2_of0,2,8,20,10,60.0,12,5,OF0,627,99.96775119617224,97.1818181818182,-68.92344497607655,1.0162041467304626,0.2553279667866608,3473.3565735043067,7.996872160765549
run_0993_cfg_331_seed_3_of0,3,8,20,10,60.0,12,5,OF0,627,99.93620414673046,97.4768740031898,-69.54545454545455,1.012902711323764,0.2528529699015058,3473.362810511005,7.919355077511962
run_0994_cfg_332_seed_1_of0,1,8,20,10,60.0,12,10,OF0,627,99.96810207336524,95.03189792663476,-69.10047846889952,1.0069537480063795,0.1401209144072301,3473.6468952956943,4.38858703923445
run_0995_cfg_332_seed_2_of0,2,8,20,10,60.0,12,10,OF0,627,100.0,94.10207336523126,-68.92025518341308,1.0100956937799044,0.1412054226475279,3473.6441623349288,4.4225538373205735
run_0996_cfg_332_seed_3_of0,3,8,20,10,60.0,12,10,OF0,627,99.93620414673046,94.56618819776716,-67.75917065390749,1.009904306220096,0.140998506779617,3473.6446837511967,4.41607337799043
run_0997_cfg_333_seed_1_of0,1,8,20,10,60.0,12,20,OF0,627,100.0,94.42264752791068,-70.97607655502392,1.011084529505582,0.0773808612440191,3473.805000229665,2.423568574162679
run_0998_cfg_333_seed_2_of0,2,8,20,10,60.0,12,20,OF0,627,100.0,93.28389154704944,-69.80382775119617,1.014976076555024,0.0780082066924444,3473.803419314833,2.44321708708134
run_0999_cfg_333_seed_3_of0,3,8,20,10,60.0,12,20,OF0,627,100.0,93.79904306220097,-68.18022328548645,1.0115470494417862,0.0778929962705107,3473.803709657416,2.4396085435406696
run_1000_cfg_334_seed_1_mrhof,1,8,20,10,60.0,16,5,MRHOF,855,99.78633918128656,127.01052631578948,-69.69707602339182,1.0373567251461988,0.3504869717517941,3473.116772794386,10.97725241263158
run_1001_cfg_334_seed_2_mrhof,2,8,20,10,60.0,16,5,MRHOF,855,99.91892397660818,125.99181286549708,-70.8093567251462,1.0319181286549708,0.3497040804908679,3473.1187457235087,10.952731722105264
run_1002_cfg_334_seed_3_mrhof,3,8,20,10,60.0,16,5,MRHOF,855,99.8700350877193,127.04912280701754,-70.13333333333334,1.035204678362573,0.3504632006978447,3473.1164674722813,10.976502197894735
run_1003_cfg_335_seed_1_of0,1,8,20,10,60.0,16,5,OF0,855,99.89211695906432,126.67134502923976,-68.57777777777778,1.0284912280701757,0.3489681174784398,3473.1206003256143,10.92968166736842
run_1004_cfg_335_seed_2_of0,2,8,20,10,60.0,16,5,OF0,855,99.8636023391813,126.82923976608188,-69.70877192982456,1.033111111111111,0.3518853488578435,3473.113248920702,11.021049128421051
run_1005_cfg_335_seed_3_of0,3,8,20,10,60.0,16,5,OF0,855,99.89211695906432,126.20701754385964,-71.34619883040936,1.0230877192982455,0.3483389495437164,3473.122185695439,10.909977785263155
run_1006_cfg_336_seed_1_mrhof,1,8,20,10,60.0,16,10,MRHOF,855,99.89861988304096,122.35438596491228,-68.71812865497076,1.0193099415204678,0.1917349240290363,3473.5168279915792,6.005137818947368
run_1007_cfg_336_seed_2_mrhof,2,8,20,10,60.0,16,10,MRHOF,855,100.0,120.76374269005848,-72.13333333333334,1.0163391812865497,0.1924714230019493,3473.514972014036,6.028204968421052
run_1008_cfg_336_seed_3_mrhof,3,8,20,10,60.0,16,10,MRHOF,855,100.0,121.4654970760234,-66.53333333333333,1.0212397660818713,0.1919693330655766,3473.516195042808,6.012479275789474
run_1009_cfg_337_seed_1_of0,1,8,20,10,60.0,16,10,OF0,855,99.95711111111112,122.14619883040936,-71.68304093567251,1.0195438596491229,0.1923088966861598,3473.515381580351,6.023114644210526
run_1010_cfg_337_seed_2_of0,2,8,20,10,60.0,16,10,OF0,855,100.0,121.32748538011695,-70.30409356725146,1.0179766081871344,0.1931925139794942,3473.5131548631584,6.050789557894737
run_1011_cfg_337_seed_3_of0,3,8,20,10,60.0,16,10,OF0,855,99.98050292397662,121.27134502923975,-69.34970760233918,1.0146666666666666,0.1921155555555555,3473.5158688000006,6.017059199999999
run_1012_cfg_338_seed_1_mrhof,1,8,20,10,60.0,16,20,MRHOF,855,99.96100584795322,119.83508771929824,-69.46666666666667,1.0184327485380116,0.1040597305578946,3473.73776948772,3.2591506526315785
run_1013_cfg_338_seed_2_mrhof,2,8,20,10,60.0,16,20,MRHOF,855,100.0,119.0046783625731,-71.70292397660819,1.01893567251462,0.1044645300553851,3473.73674938386,3.271829086315789
run_1014_cfg_338_seed_3_mrhof,3,8,20,10,60.0,16,20,MRHOF,855,100.0,119.10409356725148,-72.0,1.0160233918128656,0.1041953690543872,3473.73742767158,3.263398938947368
run_1027_cfg_343_seed_1_mrhof,1,10,16,0,40.0,12,5,MRHOF,627,99.87062200956936,142.31259968102074,-73.6347687400319,1.0431578947368425,0.4106550056611767,3472.965149366508,12.861715016267942
run_1028_cfg_343_seed_2_mrhof,2,10,16,0,40.0,12,5,MRHOF,627,99.93620414673046,141.3524720893142,-73.36363636363636,1.0537480063795854,0.4144991174224961,3472.955462223924,12.982112359808612
run_1029_cfg_343_seed_3_mrhof,3,10,16,0,40.0,12,5,MRHOF,627,99.98226475279108,141.85805422647528,-73.27272727272727,1.0481818181818183,0.4132292763814574,3472.958662208613,12.9423411215311
run_1030_cfg_344_seed_1_of0,1,10,16,0,40.0,12,5,OF0,627,99.85610845295056,142.3269537480064,-73.72089314194578,1.0431259968102071,0.4118498657573982,3472.9622910430626,12.899140501435406
run_1031_cfg_344_seed_2_of0,2,10,16,0,40.0,12,5,OF0,627,99.92025518341308,141.30781499202553,-73.45933014354067,1.044944178628389,0.4113216386372635,3472.9634694736847,12.882593684210526
run_1032_cfg_344_seed_3_of0,3,10,16,0,40.0,12,5,OF0,627,100.0,141.414673046252,-73.64593301435407,1.0453269537480063,0.4098176550671248,3472.967259467943,12.83548946985646
run_1033_cfg_345_seed_1_mrhof,1,10,16,0,40.0,12,10,MRHOF,627,99.93620414673046,136.70813397129186,-73.72727272727273,1.0260925039872408,0.2262086124401914,3473.429954296651,7.084853741626794
run_1034_cfg_345_seed_2_mrhof,2,10,16,0,40.0,12,10,MRHOF,627,99.96810207336524,135.79904306220095,-73.36363636363636,1.026347687400319,0.226874914555113,3473.428275207656,7.105722419138756
run_1035_cfg_345_seed_3_mrhof,3,10,16,0,40.0,12,10,MRHOF,627,99.94682615629984,136.4019138755981,-73.63636363636364,1.02274322169059,0.2258046586494562,3473.430972264115,7.07220186028708
run_1036_cfg_346_seed_1_of0,1,10,16,0,40.0,12,10,OF0,627,99.96810207336524,136.52153110047846,-73.45933014354067,1.0327751196172248,0.2267430092196593,3473.4286076172248,7.1015910430622
run_1037_cfg_346_seed_2_of0,2,10,16,0,40.0,12,10,OF0,627,99.85113237639554,136.8181818181818,-73.36363636363636,1.020031897926635,0.2258645384460539,3473.4308213588524,7.0740773971291855
run_1038_cfg_346_seed_3_of0,3,10,16,0,40.0,12,10,OF0,627,99.94682615629984,135.98405103668262,-73.64114832535886,1.0175757575757576,0.2253308627097394,3473.4321662162683,7.0573627406698565
run_1039_cfg_347_seed_1_of0,1,10,16,0,40.0,16,5,OF0,855,99.89447953216374,189.0783625730994,-76.80233918128656,1.0983391812865495,0.568850840385575,3472.566215337544,17.816407275789473
run_1040_cfg_347_seed_2_of0,2,10,16,0,40.0,16,5,OF0,855,99.64559064327484,188.80818713450293,-77.10526315789474,1.1014502923976608,0.5638646619588772,3472.579036266667,17.66023952842105
run_1041_cfg_347_seed_3_of0,3,10,16,0,40.0,16,5,OF0,855,99.52795321637426,187.18479532163744,-76.90409356725146,1.0942573099415205,0.5756808728557433,3472.5492841600003,18.03032544
run_1042_cfg_348_seed_1_mrhof,1,10,16,0,40.0,16,10,MRHOF,855,99.93761403508772,175.32280701754385,-77.26666666666667,1.0500350877192983,0.2990823157169108,3473.246312544562,9.367258374736842
run_1043_cfg_348_seed_2_mrhof,2,10,16,0,40.0,16,10,MRHOF,855,99.93761403508772,175.74736842105264,-77.0,1.056280701754386,0.302207305089786,3473.2384375691227,9.465133069473683
run_1044_cfg_348_seed_3_mrhof,3,10,16,0,40.0,16,10,MRHOF,855,99.91032748538012,175.1719298245614,-76.86666666666666,1.0458362573099416,0.2987908866275326,3473.247046950176,9.358130762105262
run_1045_cfg_349_seed_1_of0,1,10,16,0,40.0,16,10,OF0,855,99.93761403508772,174.5485380116959,-77.21169590643275,1.047766081871345,0.2989816717532947,3473.246566175439,9.364106105263158
run_1046_cfg_349_seed_2_of0,2,10,16,0,40.0,16,10,OF0,855,99.9766081871345,173.43859649122808,-76.9906432748538,1.0522105263157897,0.3003288860362124,3473.243171160702,9.406301288421052
run_1047_cfg_349_seed_3_of0,3,10,16,0,40.0,16,10,OF0,855,99.93761403508772,175.74736842105264,-76.98479532163742,1.054982456140351,0.3014774483258696,3473.240276844913,9.442273498947367
run_1048_cfg_350_seed_1_mrhof,1,10,16,0,40.0,16,20,MRHOF,855,99.96100584795322,170.42690058479533,-76.86666666666666,1.043345029239766,0.161454603992943,3473.5931344168425,5.056757962105262
run_1049_cfg_350_seed_2_mrhof,2,10,16,0,40.0,16,20,MRHOF,855,100.0,170.78011695906432,-76.93333333333334,1.034046783625731,0.1609821494789277,3473.5943249571933,5.041961246315789
run_1050_cfg_350_seed_3_mrhof,3,10,16,0,40.0,16,20,MRHOF,855,100.0,166.9766081871345,-77.2,1.0295438596491229,0.1601227127439009,3473.596490762105,5.015043385263157
run_1051_cfg_351_seed_1_of0,1,10,16,0,40.0,16,20,OF0,855,99.84402339181288,172.8093567251462,-77.25614035087719,1.0485029239766082,0.1622584064319748,3473.5911088280704,5.081933136842104
run_1052_cfg_351_seed_2_of0,2,10,16,0,40.0,16,20,OF0,855,100.0,171.65847953216374,-76.92046783625732,1.0387602339181286,0.1612858791423002,3473.5935595845617,5.051473734736842
run_1053_cfg_351_seed_3_of0,3,10,16,0,40.0,16,20,OF0,855,100.0,170.48888888888888,-77.13684210526316,1.0404093567251462,0.1618160588224179,3473.592223522807,5.06807907368421
run_1066_cfg_356_seed_1_mrhof,1,10,16,0,50.0,12,5,MRHOF,627,100.0,113.81499202551834,-69.72727272727273,1.0218819776714514,0.3175886116292977,3473.199676669857,9.946875674641149
run_1067_cfg_356_seed_2_mrhof,2,10,16,0,50.0,12,5,MRHOF,627,99.95215311004785,113.14354066985646,-69.54545454545455,1.0247846889952152,0.3187486465077869,3473.196753416268,9.983207540669856
run_1068_cfg_356_seed_3_mrhof,3,10,16,0,50.0,12,5,MRHOF,627,99.8738437001595,113.86124401913877,-69.0,1.0278628389154705,0.3177977472803288,3473.1991496803835,9.953425400956936
run_1069_cfg_357_seed_1_of0,1,10,16,0,50.0,12,10,OF0,627,100.0,111.32695374800636,-68.47687400318979,1.0184688995215312,0.1787601802767807,3473.549524317704,5.598769194258373
run_1070_cfg_357_seed_2_of0,2,10,16,0,50.0,12,10,OF0,627,100.0,109.68261562998406,-69.51196172248804,1.013125996810207,0.1775759491030776,3473.5525086086127,5.561678721531099
run_1071_cfg_357_seed_3_of0,3,10,16,0,50.0,12,10,OF0,627,99.97341307814992,111.0414673046252,-70.13716108452951,1.0169856459330142,0.1777790150413032,3473.5519968918666,5.568038629665072
run_1072_cfg_358_seed_1_mrhof,1,10,16,0,50.0,12,20,MRHOF,627,100.0,109.15470494417865,-70.27272727272727,1.0120414673046252,0.0995702286018075,3473.749083023924,3.118539559808612
run_1073_cfg_358_seed_2_mrhof,2,10,16,0,50.0,12,20,MRHOF,627,99.94682615629984,109.06539074960128,-69.0,1.0166666666666668,0.0997283584284733,3473.748684539713,3.1234921492822965
run_1074_cfg_358_seed_3_mrhof,3,10,16,0,50.0,12,20,MRHOF,627,100.0,108.14673046251994,-69.27272727272727,1.018261562998405,0.0999669112174375,3473.7480833837326,3.1309636593301438
run_1075_cfg_359_seed_1_of0,1,10,16,0,50.0,12,20,OF0,627,99.81390749601276,110.35566188197768,-68.22966507177034,1.0167464114832536,0.0996628389154705,3473.7488496459337,3.121440114832536
run_1076_cfg_359_seed_2_of0,2,10,16,0,50.0,12,20,OF0,627,100.0,109.27751196172248,-69.15789473684211,1.0143221690590112,0.0996137799043062,3473.748973274641,3.1199035866028706
run_1077_cfg_359_seed_3_of0,3,10,16,0,50.0,12,20,OF0,627,99.89365231259968,108.39712918660288,-68.81020733652312,1.0143381180223283,0.0998263071531985,3473.748437711005,3.126559877511961
run_1078_cfg_360_seed_1_mrhof,1,10,16,0,50.0,16,5,MRHOF,855,99.93087719298244,158.23508771929824,-72.46666666666667,1.0646783625730991,0.4674184702350076,3472.82219807158,14.639546778947366
run_1079_cfg_360_seed_2_mrhof,2,10,16,0,50.0,16,5,MRHOF,855,99.89553216374269,158.4561403508772,-72.44093567251463,1.0674269005847954,0.4730853072982577,3472.8078249600003,14.81703264
run_1080_cfg_360_seed_3_mrhof,3,10,16,0,50.0,16,5,MRHOF,855,99.84980116959063,159.1578947368421,-69.30994152046783,1.0662807017543858,0.4666602630343706,3472.82401615158,14.615799258947368
run_1081_cfg_361_seed_1_of0,1,10,16,0,50.0,16,5,OF0,855,99.91892397660818,160.106432748538,-71.90760233918128,1.0632865497076025,0.4747423923901571,3472.8038964743864,14.868935191578949
run_1082_cfg_361_seed_2_of0,2,10,16,0,50.0,16,5,OF0,855,99.92851461988305,159.2421052631579,-73.0,1.071263157894737,0.4711274557798502,3472.812341437193,14.755707957894735
run_1083_cfg_361_seed_3_of0,3,10,16,0,50.0,16,5,OF0,855,99.882783625731,159.41988304093567,-70.84561403508772,1.0575087719298246,0.4682601129209542,3472.81998434807,14.665908816842103
run_1084_cfg_362_seed_1_mrhof,1,10,16,0,50.0,16,10,MRHOF,855,99.98050292397662,151.54502923976608,-70.6,1.0393216374269003,0.2565434853801169,3473.3535104168427,8.034941962105263
run_1085_cfg_362_seed_2_mrhof,2,10,16,0,50.0,16,10,MRHOF,855,100.0,148.45847953216375,-71.13333333333334,1.031216374269006,0.2546601295699959,3473.358256465965,7.975955351578947
run_1086_cfg_362_seed_3_mrhof,3,10,16,0,50.0,16,10,MRHOF,855,99.98050292397662,149.75087719298244,-70.73333333333333,1.0321520467836258,0.2540799818851795,3473.3597184392984,7.957785111578947
run_1087_cfg_363_seed_1_of0,1,10,16,0,50.0,16,10,OF0,855,99.96100584795322,150.35087719298247,-71.91461988304094,1.0380818713450293,0.2567073644957243,3473.3530974315795,8.040074778947368
run_1088_cfg_363_seed_2_of0,2,10,16,0,50.0,16,10,OF0,855,100.0,149.3766081871345,-72.47017543859648,1.0310877192982455,0.255573910331384,3473.355953745965,8.004574871578948
run_1089_cfg_363_seed_3_of0,3,10,16,0,50.0,16,10,OF0,855,99.93761403508772,149.16842105263157,-71.09941520467837,1.028269005847953,0.2545227326959565,3473.358602722807,7.97165187368421
run_1090_cfg_364_seed_1_mrhof,1,10,16,0,50.0,16,20,MRHOF,855,100.0,145.59883040935674,-73.06666666666666,1.0284795321637428,0.1403959094552457,3473.6462022961405,4.397200033684211
run_1091_cfg_364_seed_2_mrhof,2,10,16,0,50.0,16,20,MRHOF,855,99.96100584795322,146.69005847953215,-69.4,1.0267719298245614,0.1402153293902029,3473.646657369825,4.391544117894736
run_1092_cfg_364_seed_3_mrhof,3,10,16,0,50.0,16,20,MRHOF,855,99.96100584795322,146.6795321637427,-71.46666666666667,1.0276374269005848,0.1399682343144758,3473.6472800505267,4.383805086315789
run_1093_cfg_365_seed_1_of0,1,10,16,0,50.0,16,20,OF0,855,100.0,145.8269005847953,-71.37894736842105,1.0304561403508772,0.1404172005898989,3473.646148654035,4.397866728421052
run_1094_cfg_365_seed_2_of0,2,10,16,0,50.0,16,20,OF0,855,100.0,144.8982456140351,-70.88538011695907,1.026608187134503,0.1390113528265107,3473.6496913908773,4.353835570526315
run_1095_cfg_365_seed_3_of0,3,10,16,0,50.0,16,20,OF0,855,100.0,144.68070175438598,-70.63040935672515,1.0213567251461988,0.1395085340371172,3473.6484384842106,4.369407410526316
run_1111_cfg_371_seed_1_mrhof,1,10,16,0,60.0,12,5,MRHOF,627,99.87062200956936,97.31259968102071,-71.45454545454545,1.0122966507177034,0.2587766502352011,3473.347882840192,8.104884700478468
run_1112_cfg_371_seed_2_mrhof,2,10,16,0,60.0,12,5,MRHOF,627,99.9503668261563,97.21690590111643,-64.63636363636364,1.0142583732057415,0.2608246481551244,3473.342721890909,8.169027927272726
run_1113_cfg_371_seed_3_mrhof,3,10,16,0,60.0,12,5,MRHOF,627,99.8894417862839,97.10526315789474,-64.63636363636364,1.0157416267942585,0.2604437418986554,3473.343681768421,8.157098021052631
run_1114_cfg_372_seed_1_of0,1,10,16,0,60.0,12,5,OF0,627,99.92133971291868,97.99362041467305,-69.88995215311004,1.016937799043062,0.2610284961816586,3473.342208191388,8.175412478468898
run_1115_cfg_372_seed_2_of0,2,10,16,0,60.0,12,5,OF0,627,99.95215311004785,96.71929824561404,-67.56778309409889,1.0117703349282297,0.2603554279019305,3473.343904321531,8.15433200382775
run_1116_cfg_372_seed_3_of0,3,10,16,0,60.0,12,5,OF0,627,99.95502392344498,97.58692185007976,-65.0622009569378,1.01622009569378,0.2607656565656566,3473.342870545455,8.167180363636364
run_1117_cfg_373_seed_1_mrhof,1,10,16,0,60.0,12,10,MRHOF,627,100.0,95.72248803827752,-68.9090909090909,1.006810207336523,0.1473970650746317,3473.628559395216,4.616476088038277
run_1118_cfg_373_seed_2_mrhof,2,10,16,0,60.0,12,10,MRHOF,627,100.0,94.47049441786284,-67.45454545454545,1.0123604465709728,0.1480521639580652,3473.626908547369,4.6369937684210525
run_1119_cfg_373_seed_3_mrhof,3,10,16,0,60.0,12,10,MRHOF,627,100.0,94.86443381180224,-64.9090909090909,1.0100159489633174,0.1479731844763423,3473.62710757512,4.634520137799043
run_1120_cfg_374_seed_1_of0,1,10,16,0,60.0,12,10,OF0,627,100.0,95.04465709728868,-70.42264752791068,1.0081499202551834,0.1478091228070175,3473.6275210105264,4.629381726315789
run_1121_cfg_374_seed_2_of0,2,10,16,0,60.0,12,10,OF0,627,100.0,94.77033492822966,-67.42583732057416,1.0102232854864432,0.1481036020842999,3473.626778916747,4.638604891866028
run_1122_cfg_374_seed_3_of0,3,10,16,0,60.0,12,10,OF0,627,100.0,94.61084529505582,-66.09409888357257,1.0085167464114833,0.147867199906625,3473.6273746602874,4.631200650717704
run_1123_cfg_375_seed_1_mrhof,1,10,16,0,60.0,12,20,MRHOF,627,99.94682615629984,94.377990430622,-68.9090909090909,1.0112918660287082,0.0842473156191474,3473.7876967655507,2.638625913875598
run_1124_cfg_375_seed_2_mrhof,2,10,16,0,60.0,12,20,MRHOF,627,100.0,93.74162679425838,-67.45454545454545,1.0163317384370016,0.0844451248191706,3473.7871982851675,2.64482131291866
run_1125_cfg_375_seed_3_mrhof,3,10,16,0,60.0,12,20,MRHOF,627,100.0,94.38915470494418,-67.45454545454545,1.0110526315789472,0.0847406902457461,3473.7864534583737,2.6540784459330142
run_1126_cfg_376_seed_1_mrhof,1,10,16,0,60.0,16,10,MRHOF,855,99.84794152046784,122.3438596491228,-70.86666666666666,1.0162923976608187,0.1988819181286549,3473.498817566316,6.228981675789473
run_1127_cfg_376_seed_2_mrhof,2,10,16,0,60.0,16,10,MRHOF,855,99.953216374269,121.52046783625732,-70.4,1.0146900584795322,0.199191918273914,3473.4980363564914,6.238690997894737
run_1128_cfg_376_seed_3_mrhof,3,10,16,0,60.0,16,10,MRHOF,855,99.953216374269,121.2093567251462,-67.4,1.016888888888889,0.198426590817239,3473.499964996492,6.214720757894736
run_1129_cfg_377_seed_1_of0,1,10,16,0,60.0,16,10,OF0,855,99.98050292397662,122.01520467836258,-70.53801169590643,1.0169122807017543,0.1991393650119227,3473.4981687915792,6.237045018947367
run_1130_cfg_377_seed_2_of0,2,10,16,0,60.0,16,10,OF0,855,100.0,120.67251461988305,-71.18362573099415,1.014280701754386,0.1987711620873591,3473.4990966624564,6.225512909473684
run_1131_cfg_377_seed_3_of0,3,10,16,0,60.0,16,10,OF0,855,99.98050292397662,122.29941520467835,-69.71461988304094,1.015625730994152,0.1990134580896686,3473.498486085615,6.233101507368421
run_1132_cfg_378_seed_1_mrhof,1,10,16,0,60.0,16,20,MRHOF,855,99.96100584795322,120.71228070175438,-69.86666666666666,1.0204561403508772,0.1112726237816764,3473.7195929880704,3.485058576842105
run_1133_cfg_378_seed_2_mrhof,2,10,16,0,60.0,16,20,MRHOF,855,99.84404678362571,120.80584795321636,-70.4,1.0195204678362573,0.1116782654546931,3473.7185707621056,3.4977633852631573
run_1134_cfg_378_seed_3_mrhof,3,10,16,0,60.0,16,20,MRHOF,855,99.96100584795322,119.53216374269006,-70.4,1.0252631578947369,0.1118772241715399,3473.718069395088,3.503994661052631
run_1135_cfg_379_seed_1_of0,1,10,16,0,60.0,16,20,OF0,855,99.92201169590643,120.65029239766082,-69.81520467836258,1.015672514619883,0.1113683586744639,3473.7193517361407,3.4880569936842103
run_1136_cfg_379_seed_2_of0,2,10,16,0,60.0,16,20,OF0,855,100.0,119.36023391812866,-69.5578947368421,1.0230175438596492,0.1118694110713787,3473.7180890835093,3.503749962105263
run_1137_cfg_379_seed_3_of0,3,10,16,0,60.0,16,20,OF0,855,100.0,118.95204678362572,-72.40818713450292,1.0123625730994152,0.1112909462743187,3473.7196145319303,3.4856324715789477
run_1153_cfg_385_seed_1_mrhof,1,10,16,5,40.0,12,5,MRHOF,627,99.82098883572569,142.2854864433812,-73.63636363636364,1.0504465709728867,0.4101446126474747,3472.966435544498,12.845729661244018
run_1154_cfg_385_seed_2_mrhof,2,10,16,5,40.0,12,5,MRHOF,627,99.93763955342902,140.1945773524721,-73.36363636363636,1.0490749601275915,0.4129989496580177,3472.959461297608,12.9351273645933
run_1155_cfg_385_seed_3_mrhof,3,10,16,5,40.0,12,5,MRHOF,627,100.0,141.6730462519936,-73.27272727272727,1.0480382775119617,0.4117278068921022,3472.9624459330144,12.895314832535885
run_1156_cfg_386_seed_1_of0,1,10,16,5,40.0,12,5,OF0,627,99.91846889952151,142.28389154704945,-73.70015948963318,1.0504465709728867,0.4106819868374557,3472.96508136268,12.862560206698564
run_1157_cfg_386_seed_2_of0,2,10,16,5,40.0,12,5,OF0,627,99.96810207336524,140.79425837320574,-73.31738437001594,1.041913875598086,0.4115250809136069,3472.9629567923453,12.888965580861242
run_1158_cfg_386_seed_3_of0,3,10,16,5,40.0,12,5,OF0,627,99.95215311004785,142.10207336523126,-73.51834130781499,1.0469856459330145,0.4118927482557555,3472.96203024689,12.90048121722488
run_1159_cfg_387_seed_1_of0,1,10,16,5,40.0,12,10,OF0,627,100.0,136.76874003189792,-73.46730462519936,1.0246570972886764,0.2260524024965199,3473.430347957895,7.079961094736842
run_1160_cfg_387_seed_2_of0,2,10,16,5,40.0,12,10,OF0,627,99.96810207336524,136.5311004784689,-73.5311004784689,1.0277990430622008,0.226563097250957,3473.4290609760765,7.095956440191388
run_1161_cfg_387_seed_3_of0,3,10,16,5,40.0,12,10,OF0,627,99.89365231259968,136.81499202551834,-73.71610845295056,1.0281180223285489,0.2261537840958643,3473.4300924478475,7.083136719617225
run_1162_cfg_388_seed_1_of0,1,10,16,5,40.0,12,20,OF0,627,99.94682615629984,136.2232854864434,-73.725677830941,1.0400637958532697,0.1240402319491679,3473.6874186105265,3.8849401263157897
run_1163_cfg_388_seed_2_of0,2,10,16,5,40.0,12,20,OF0,627,100.0,134.89473684210526,-73.31100478468899,1.0294258373205742,0.123343950550275,3473.6891732593303,3.863132348325359
run_1164_cfg_388_seed_3_of0,3,10,16,5,40.0,12,20,OF0,627,100.0,135.99840510366826,-73.75598086124401,1.0314832535885168,0.1242300911315372,3473.686940172249,3.890886430622009
run_1165_cfg_389_seed_1_mrhof,1,10,16,5,40.0,16,5,MRHOF,855,99.79026900584796,187.3625730994152,-76.86666666666666,1.0899298245614035,0.5559484266541115,3472.599009959298,17.412304791578947
run_1166_cfg_389_seed_2_mrhof,2,10,16,5,40.0,16,5,MRHOF,855,99.83784795321635,187.41988304093567,-76.86432748538012,1.0965497076023392,0.5608304090007862,3472.586707368421,17.56520842105263
run_1167_cfg_389_seed_3_mrhof,3,10,16,5,40.0,16,5,MRHOF,855,99.86872514619884,187.30292397660816,-76.89473684210526,1.095029239766082,0.5574869011343712,3472.595915542456,17.46050022736842
run_1168_cfg_390_seed_1_of0,1,10,16,5,40.0,16,5,OF0,855,99.6425730994152,189.7146198830409,-76.83157894736843,1.0917309941520468,0.5729936715045022,3472.556055955088,17.94616170105263
run_1169_cfg_390_seed_2_of0,2,10,16,5,40.0,16,5,OF0,855,99.836,187.97894736842105,-76.88771929824561,1.1019415204678362,0.5685647117301017,3472.56721693193,17.807446703157893
run_1170_cfg_390_seed_3_of0,3,10,16,5,40.0,16,5,OF0,855,99.6959298245614,191.38011695906437,-76.85730994152047,1.1037894736842104,0.5774848446608767,3472.544738178246,18.086825498947366
run_1171_cfg_391_seed_1_mrhof,1,10,16,5,40.0,16,10,MRHOF,855,99.89472514619884,176.1906432748538,-76.93333333333334,1.0552397660818713,0.3008984042057462,3473.2417360280706,9.424137936842104
run_1172_cfg_391_seed_2_mrhof,2,10,16,5,40.0,16,10,MRHOF,855,99.9766081871345,173.65847953216374,-77.0,1.0434736842105263,0.2993617144110602,3473.245608477193,9.376008926315787
run_1173_cfg_391_seed_3_mrhof,3,10,16,5,40.0,16,10,MRHOF,855,99.83233918128654,174.1941520467836,-76.86666666666666,1.047672514619883,0.2992320452532469,3473.2459352421056,9.371947705263157
run_1174_cfg_392_seed_1_of0,1,10,16,5,40.0,16,10,OF0,855,99.9766081871345,175.08538011695907,-77.11578947368422,1.0455672514619885,0.2995707664622409,3473.2450816449127,9.382556698947369
run_1175_cfg_392_seed_2_of0,2,10,16,5,40.0,16,10,OF0,855,99.89472514619884,173.90292397660818,-77.07719298245614,1.041251461988304,0.2996304152982632,3473.2449313291227,9.384424909473683
run_1176_cfg_392_seed_3_of0,3,10,16,5,40.0,16,10,OF0,855,99.93761403508772,175.06783625730995,-76.95555555555555,1.0554502923976607,0.3011629801774056,3473.2410692547373,9.432424976842103
run_1177_cfg_393_seed_1_of0,1,10,16,5,40.0,16,20,OF0,855,99.96100584795322,173.68538011695907,-76.85847953216374,1.0610526315789477,0.1639792748538011,3473.5867722273683,5.135830888421052
run_1178_cfg_393_seed_2_of0,2,10,16,5,40.0,16,20,OF0,855,100.0,170.3859649122807,-76.93918128654971,1.042421052631579,0.160754958200026,3473.594897493333,5.03484544
run_1179_cfg_393_seed_3_of0,3,10,16,5,40.0,16,20,OF0,855,99.96100584795322,168.3684210526316,-77.15438596491228,1.0358947368421054,0.1603425964610489,3473.5959366568422,5.021930122105263
run_1192_cfg_398_seed_1_mrhof,1,10,16,5,50.0,12,5,MRHOF,627,99.95215311004785,113.58692185007976,-69.72727272727273,1.0210526315789474,0.3158650304013792,3473.2040201263167,9.892892715789474
run_1193_cfg_398_seed_2_mrhof,2,10,16,5,50.0,12,5,MRHOF,627,100.0,113.07336523125996,-69.54545454545455,1.027719298245614,0.317018435970043,3473.2011475215318,9.92901744688995
run_1194_cfg_398_seed_3_mrhof,3,10,16,5,50.0,12,5,MRHOF,627,99.93730462519936,113.3444976076555,-69.0,1.0279425837320575,0.3175893464271523,3473.199674847847,9.946898319617224
run_1195_cfg_399_seed_1_of0,1,10,16,5,50.0,12,5,OF0,627,100.0,114.0622009569378,-69.41786283891547,1.0195215311004784,0.3174364340242507,3473.2000601492828,9.94210957320574
run_1196_cfg_399_seed_2_of0,2,10,16,5,50.0,12,5,OF0,627,99.93620414673046,114.30622009569376,-69.1116427432217,1.0301116427432218,0.3195116414074331,3473.194830660287,10.007104650717704
run_1197_cfg_399_seed_3_of0,3,10,16,5,50.0,12,5,OF0,627,99.93585326953747,113.7846889952153,-69.00637958532695,1.031323763955343,0.3180627539802031,3473.198482074642,9.96172278660287
run_1198_cfg_400_seed_1_mrhof,1,10,16,5,50.0,12,10,MRHOF,627,100.0,109.7719298245614,-68.18181818181819,1.0148006379585326,0.1762559690334239,3473.555834955024,5.5203369875598085
run_1199_cfg_400_seed_2_mrhof,2,10,16,5,50.0,12,10,MRHOF,627,100.0,109.43700159489632,-69.54545454545455,1.010781499202552,0.1759799488101593,3473.556530533972,5.51169193492823
run_1200_cfg_400_seed_3_mrhof,3,10,16,5,50.0,12,10,MRHOF,627,100.0,110.34768740031896,-69.27272727272727,1.0130940988835726,0.1759474962627183,3473.556612310048,5.510675575119617
run_1201_cfg_401_seed_1_of0,1,10,16,5,50.0,12,10,OF0,627,100.0,109.85805422647528,-68.60287081339713,1.013269537480064,0.1763623604465709,3473.555566851675,5.523669129186603
run_1202_cfg_401_seed_2_of0,2,10,16,5,50.0,12,10,OF0,627,99.97341307814992,109.6634768740032,-69.58851674641149,1.0119936204146731,0.1765324832715621,3473.5551381435407,5.528997358851674
run_1203_cfg_401_seed_3_of0,3,10,16,5,50.0,12,10,OF0,627,100.0,108.88676236044655,-69.41786283891547,1.008500797448166,0.1756242467965261,3473.557426909091,5.500551272727272
run_1204_cfg_402_seed_1_mrhof,1,10,16,5,50.0,12,20,MRHOF,627,100.0,108.03827751196172,-70.27272727272727,1.0115629984051038,0.0976683891547049,3473.7538756593303,3.058973948325358
run_1205_cfg_402_seed_2_mrhof,2,10,16,5,50.0,12,20,MRHOF,627,99.94682615629984,109.61244019138756,-69.0,1.0129665071770335,0.0980858674217241,3473.75282360957,3.072049423923445
run_1206_cfg_402_seed_3_mrhof,3,10,16,5,50.0,12,20,MRHOF,627,100.0,108.3652312599681,-69.27272727272727,1.0171451355661882,0.0982755555555555,3473.7523456000004,3.0779904
run_1207_cfg_403_seed_1_of0,1,10,16,5,50.0,12,20,OF0,627,100.0,109.69218500797447,-71.06060606060606,1.024481658692185,0.0988800637958532,3473.7508222392344,3.0969235980861245
run_1208_cfg_403_seed_2_of0,2,10,16,5,50.0,12,20,OF0,627,99.86708133971293,108.65390749601276,-68.82137161084529,1.017177033492823,0.0984155254954756,3473.7524914334927,3.082375533014354
run_1209_cfg_403_seed_3_of0,3,10,16,5,50.0,12,20,OF0,627,99.94682615629984,107.74322169059012,-70.38915470494418,1.0145295055821373,0.0982046672822713,3473.7525242641154,3.0757698602870813
run_1210_cfg_404_seed_1_mrhof,1,10,16,5,50.0,16,5,MRHOF,855,99.87780116959064,158.29356725146198,-72.46666666666667,1.0526432748538013,0.4641527475001311,3472.83033519158,14.537262618947366
run_1211_cfg_404_seed_2_mrhof,2,10,16,5,50.0,16,5,MRHOF,855,99.85808187134504,158.7497076023392,-72.58830409356725,1.0629122807017544,0.4655715612572236,3472.8267597192985,14.581700631578943
run_1212_cfg_404_seed_3_mrhof,3,10,16,5,50.0,16,5,MRHOF,855,99.77360233918128,159.70409356725145,-69.4,1.0579883040935674,0.465966923266617,3472.825763430176,14.594083082105264
run_1213_cfg_405_seed_1_of0,1,10,16,5,50.0,16,5,OF0,855,99.87345029239766,159.69941520467836,-73.9485380116959,1.067766081871345,0.4740390191137785,3472.8054216757896,14.846902029473684
run_1214_cfg_405_seed_2_of0,2,10,16,5,50.0,16,5,OF0,855,99.92720467836256,160.0140350877193,-70.65497076023392,1.077590643274854,0.480599716276067,3472.7890316912285,15.052383696842105
run_1215_cfg_405_seed_3_of0,3,10,16,5,50.0,16,5,OF0,855,99.8934269005848,158.29005847953218,-73.01637426900585,1.0566432748538013,0.4713006305868678,3472.812322526316,14.761134315789471
run_1216_cfg_406_seed_1_mrhof,1,10,16,5,50.0,16,10,MRHOF,855,99.9766081871345,150.14619883040936,-70.6,1.032643274853801,0.2540901848480381,3473.3601103915794,7.95810502736842
run_1217_cfg_406_seed_2_mrhof,2,10,16,5,50.0,16,10,MRHOF,855,99.95711111111112,148.33801169590643,-71.13333333333334,1.0224561403508772,0.2530527695880942,3473.3623070147373,7.925612816842104
run_1218_cfg_406_seed_3_mrhof,3,10,16,5,50.0,16,10,MRHOF,855,99.93371929824562,149.68538011695907,-70.73333333333333,1.024514619883041,0.2524119067682818,3473.363921976141,7.905541153684211
run_1219_cfg_407_seed_1_of0,1,10,16,5,50.0,16,10,OF0,855,100.0,151.2514619883041,-71.36842105263158,1.0360233918128654,0.2565880812037779,3473.353398063158,8.036338357894737
run_1220_cfg_407_seed_2_of0,2,10,16,5,50.0,16,10,OF0,855,100.0,149.2514619883041,-70.39883040935672,1.0295672514619882,0.2546941816841215,3473.3581707171934,7.977021086315789
run_1221_cfg_407_seed_3_of0,3,10,16,5,50.0,16,10,OF0,855,99.9766081871345,149.53684210526316,-72.47017543859648,1.0258362573099415,0.2527021625989853,3473.3631905178954,7.914632134736842
run_1222_cfg_408_seed_1_mrhof,1,10,16,5,50.0,16,20,MRHOF,855,99.96100584795322,145.21169590643274,-73.06666666666666,1.0252631578947369,0.1380426218674866,3473.652103343158,4.3234948547368415
run_1223_cfg_408_seed_2_mrhof,2,10,16,5,50.0,16,20,MRHOF,855,99.94152046783626,148.20584795321636,-69.4,1.0255672514619882,0.1383322822481016,3473.6514026329824,4.332567275789474
run_1224_cfg_408_seed_3_mrhof,3,10,16,5,50.0,16,20,MRHOF,855,99.96100584795322,145.91812865497076,-71.46666666666667,1.0219766081871344,0.1375508590160918,3473.653371828772,4.3080929852631575
run_1225_cfg_409_seed_1_of0,1,10,16,5,50.0,16,20,OF0,855,100.0,146.28187134502923,-72.13333333333334,1.0283040935672516,0.1389772944362816,3473.6497772182456,4.3527688589473685
run_1226_cfg_409_seed_2_of0,2,10,16,5,50.0,16,20,OF0,855,99.96100584795322,147.10760233918128,-72.36491228070176,1.0247251461988305,0.1384886871914549,3473.651008510877,4.337465650526315
run_1227_cfg_409_seed_3_of0,3,10,16,5,50.0,16,20,OF0,855,100.0,145.43040935672514,-73.12982456140351,1.0229473684210526,0.1387206081871345,3473.650424067369,4.344729448421052
run_1243_cfg_415_seed_1_mrhof,1,10,16,5,60.0,12,5,MRHOF,627,99.88657097288676,97.41307814992024,-71.45454545454545,1.0107496012759172,0.2570192577664799,3473.352311448804,8.049843422009568
run_1244_cfg_415_seed_2_mrhof,2,10,16,5,60.0,12,5,MRHOF,627,99.98226475279108,96.64114832535886,-64.63636363636364,1.01451355661882,0.2585975744960378,3473.3483341090914,8.099276072727271
run_1245_cfg_415_seed_3_mrhof,3,10,16,5,60.0,12,5,MRHOF,627,99.96810207336524,97.4561403508772,-64.63636363636364,1.0137958532695377,0.258153954350994,3473.349452019139,8.08538204784689
run_1246_cfg_416_seed_1_mrhof,1,10,16,5,60.0,12,10,MRHOF,627,100.0,95.47049441786284,-68.9090909090909,1.0096810207336524,0.1458317370759516,3473.632038629665,4.567449714832535
run_1247_cfg_416_seed_2_mrhof,2,10,16,5,60.0,12,10,MRHOF,627,99.97341307814992,94.44338118022328,-67.45454545454545,1.013620414673046,0.1459685486443381,3473.632159257417,4.57173494354067
run_1248_cfg_416_seed_3_mrhof,3,10,16,5,60.0,12,10,MRHOF,627,99.97341307814992,94.78787878787878,-64.9090909090909,1.007288676236045,0.1457777783190254,3473.6326400000003,4.56576
run_1249_cfg_417_seed_1_mrhof,1,10,16,5,60.0,12,20,MRHOF,627,99.94682615629984,95.25996810207336,-69.9090909090909,1.0115311004784688,0.0824128226324373,3473.7923196861248,2.5811696153110044
run_1250_cfg_417_seed_2_mrhof,2,10,16,5,60.0,12,20,MRHOF,627,100.0,93.77352472089314,-67.45454545454545,1.012488038277512,0.0827153854332801,3473.791557228709,2.5906458717703345
run_1251_cfg_417_seed_3_mrhof,3,10,16,5,60.0,12,20,MRHOF,627,100.0,92.53588516746412,-67.45454545454545,1.0106379585326952,0.0825709727815325,3473.7919211483254,2.586122870813397
run_1252_cfg_418_seed_1_of0,1,10,16,5,60.0,16,5,OF0,855,99.87345029239766,126.69707602339182,-70.68654970760234,1.0292397660818713,0.3546353639030837,3473.10631887158,11.107179738947368
run_1253_cfg_418_seed_2_of0,2,10,16,5,60.0,16,5,OF0,855,99.89316959064328,126.3625730994152,-71.68771929824561,1.0307719298245617,0.3553152774447655,3473.1046055466672,11.12847392
run_1254_cfg_418_seed_3_of0,3,10,16,5,60.0,16,5,OF0,855,99.93167251461988,126.2502923976608,-68.03508771929825,1.0307602339181283,0.3563640340475953,3473.1019626217544,11.161321701052632
run_1255_cfg_419_seed_1_mrhof,1,10,16,5,60.0,16,10,MRHOF,855,99.953216374269,122.306432748538,-71.46666666666667,1.0169590643274853,0.1967579713377369,3473.504169908772,6.162459705263157
run_1256_cfg_419_seed_2_mrhof,2,10,16,5,60.0,16,10,MRHOF,855,99.96100584795322,121.78830409356723,-70.4,1.016093567251462,0.1969478779405452,3473.503691334737,6.168407696842105
run_1257_cfg_419_seed_3_mrhof,3,10,16,5,60.0,16,10,MRHOF,855,99.91422222222222,122.10058479532164,-67.4,1.020842105263158,0.1972749304662604,3473.50286717193,6.178650863157895
run_1258_cfg_420_seed_1_of0,1,10,16,5,60.0,16,10,OF0,855,99.93371929824562,121.96842105263158,-70.47719298245615,1.0180350877192983,0.1971773249953285,3473.503113139649,6.175593835789473
run_1259_cfg_420_seed_2_of0,2,10,16,5,60.0,16,10,OF0,855,99.91032748538012,121.50994152046783,-69.19181286549707,1.0153684210526317,0.1971352784799594,3473.50321908772,6.174277052631579
run_1260_cfg_420_seed_3_of0,3,10,16,5,60.0,16,10,OF0,855,99.93371929824562,121.70877192982456,-69.66315789473684,1.0204327485380118,0.1975219181286549,3473.5022447663164,6.186386475789473
run_1261_cfg_421_seed_1_mrhof,1,10,16,5,60.0,16,20,MRHOF,855,99.88301754385964,122.5812865497076,-70.6,1.0262573099415204,0.1095573960157567,3473.7239153628075,3.4313376336842105
run_1262_cfg_421_seed_2_mrhof,2,10,16,5,60.0,16,20,MRHOF,855,100.0,119.7812865497076,-70.4,1.0244444444444445,0.1100078429388589,3473.7227802329826,3.4454456757894736
run_1263_cfg_421_seed_3_mrhof,3,10,16,5,60.0,16,20,MRHOF,855,100.0,119.8877192982456,-70.4,1.022,0.1094291475747791,3473.724238551579,3.427320858947368
run_1279_cfg_427_seed_1_mrhof,1,10,16,10,40.0,12,5,MRHOF,627,99.87062200956936,142.31259968102074,-73.6347687400319,1.0431578947368425,0.4106550056611767,3472.965149366508,12.861715016267942
run_1280_cfg_427_seed_2_mrhof,2,10,16,10,40.0,12,5,MRHOF,627,99.93620414673046,141.3524720893142,-73.36363636363636,1.0537480063795854,0.4144991174224961,3472.955462223924,12.982112359808612
run_1281_cfg_427_seed_3_mrhof,3,10,16,10,40.0,12,5,MRHOF,627,99.98226475279108,141.85805422647528,-73.27272727272727,1.0481818181818183,0.4132292763814574,3472.958662208613,12.9423411215311
run_1282_cfg_428_seed_1_of0,1,10,16,10,40.0,12,5,OF0,627,99.85610845295056,142.3269537480064,-73.72089314194578,1.0431259968102071,0.4118498657573982,3472.9622910430626,12.899140501435406
run_1283_cfg_428_seed_2_of0,2,10,16,10,40.0,12,5,OF0,627,99.92025518341308,141.30781499202553,-73.45933014354067,1.044944178628389,0.4113216386372635,3472.9634694736847,12.882593684210526
run_1284_cfg_428_seed_3_of0,3,10,16,10,40.0,12,5,OF0,627,99.9039553429027,140.98564593301435,-73.62838915470495,1.0466188197767146,0.4098518768225124,3472.967299571292,12.836561110047846
run_1285_cfg_429_seed_1_of0,1,10,16,10,40.0,12,10,OF0,627,99.96810207336524,136.52153110047846,-73.45933014354067,1.0327751196172248,0.2267430092196593,3473.4286076172248,7.1015910430622
run_1286_cfg_429_seed_2_of0,2,10,16,10,40.0,12,10,OF0,627,99.85113237639554,136.8181818181818,-73.36363636363636,1.020031897926635,0.2258645384460539,3473.4308213588524,7.0740773971291855
run_1287_cfg_429_seed_3_of0,3,10,16,10,40.0,12,10,OF0,627,99.94682615629984,135.98405103668262,-73.64114832535886,1.0175757575757576,0.2253308627097394,3473.4321662162683,7.0573627406698565
run_1288_cfg_430_seed_1_mrhof,1,10,16,10,40.0,12,20,MRHOF,627,100.0,134.56778309409887,-73.63636363636364,1.0140510366826156,0.1236011695906432,3473.688525052632,3.871188631578947
run_1289_cfg_430_seed_2_mrhof,2,10,16,10,40.0,12,20,MRHOF,627,100.0,134.6730462519936,-73.27272727272727,1.0270015948963316,0.1242849489593279,3473.686801913876,3.892604784688995
run_1290_cfg_430_seed_3_mrhof,3,10,16,10,40.0,12,20,MRHOF,627,99.94682615629984,133.48803827751198,-73.63636363636364,1.0224401913875598,0.1235888156406766,3473.6885561875606,3.8708016688995217
run_1291_cfg_431_seed_1_mrhof,1,10,16,10,40.0,16,5,MRHOF,855,99.6212865497076,188.69473684210527,-76.86666666666666,1.0960584795321635,0.5578250376409181,3472.5942808870177,17.471080404210525
run_1292_cfg_431_seed_2_mrhof,2,10,16,10,40.0,16,5,MRHOF,855,99.80065497076023,187.8280701754386,-76.65380116959064,1.1053099415204677,0.562469663026066,3472.5825514947373,17.616550265263157
run_1293_cfg_431_seed_3_mrhof,3,10,16,10,40.0,16,5,MRHOF,855,99.90853801169592,187.32397660818717,-76.93333333333334,1.0950175438596492,0.5581013891267117,3472.593584482808,17.47973571368421
run_1294_cfg_432_seed_1_of0,1,10,16,10,40.0,16,5,OF0,855,99.75256140350878,189.21052631578948,-76.86900584795322,1.10153216374269,0.5652912865373001,3472.5755683789475,17.70492272842105
run_1295_cfg_432_seed_2_of0,2,10,16,10,40.0,16,5,OF0,855,99.71642105263156,188.8210526315789,-77.0,1.103953216374269,0.5632614628581682,3472.5805562835094,17.641347890526315
run_1296_cfg_432_seed_3_of0,3,10,16,10,40.0,16,5,OF0,855,99.81309941520468,189.66783625730997,-76.93801169590644,1.108877192982456,0.5716582360908615,3472.559421260351,17.904335764210526
run_1297_cfg_433_seed_1_mrhof,1,10,16,10,40.0,16,10,MRHOF,855,99.93761403508772,175.32280701754385,-77.26666666666667,1.0500350877192983,0.2990823157169108,3473.246312544562,9.367258374736842
run_1298_cfg_433_seed_2_mrhof,2,10,16,10,40.0,16,10,MRHOF,855,99.93761403508772,175.74736842105264,-77.0,1.056280701754386,0.302207305089786,3473.2384375691227,9.465133069473683
run_1299_cfg_433_seed_3_mrhof,3,10,16,10,40.0,16,10,MRHOF,855,99.91032748538012,175.1719298245614,-76.86666666666666,1.0458362573099416,0.2987908866275326,3473.247046950176,9.358130762105262
run_1300_cfg_434_seed_1_of0,1,10,16,10,40.0,16,10,OF0,855,99.93761403508772,174.5485380116959,-77.21169590643275,1.047766081871345,0.2989816717532947,3473.246566175439,9.364106105263158
run_1301_cfg_434_seed_2_of0,2,10,16,10,40.0,16,10,OF0,855,99.9766081871345,173.43859649122808,-76.9906432748538,1.0522105263157897,0.3003288860362124,3473.243171160702,9.406301288421052
run_1302_cfg_434_seed_3_of0,3,10,16,10,40.0,16,10,OF0,855,99.93761403508772,175.74736842105264,-76.98479532163742,1.054982456140351,0.3014774483258696,3473.240276844913,9.442273498947367
run_1303_cfg_435_seed_1_mrhof,1,10,16,10,40.0,16,20,MRHOF,855,99.96100584795322,170.42690058479533,-76.86666666666666,1.043345029239766,0.161454603992943,3473.5931344168425,5.056757962105262
run_1304_cfg_435_seed_2_mrhof,2,10,16,10,40.0,16,20,MRHOF,855,100.0,170.78011695906432,-76.93333333333334,1.034046783625731,0.1609821494789277,3473.5943249571933,5.041961246315789
run_1305_cfg_435_seed_3_mrhof,3,10,16,10,40.0,16,20,MRHOF,855,99.96100584795322,168.10526315789474,-77.2,1.0286783625730993,0.1600875321637427,3473.5965794189474,5.01394150736842
run_1309_cfg_437_seed_1_mrhof,1,10,16,10,50.0,12,5,MRHOF,627,99.95180223285486,113.45295055821371,-69.72727272727273,1.0224720893141943,0.3171096039180143,3473.200883804785,9.931872711961722
run_1310_cfg_437_seed_2_mrhof,2,10,16,10,50.0,12,5,MRHOF,627,99.95215311004785,113.37958532695374,-69.68899521531101,1.0298245614035089,0.3180074991515024,3473.198621083254,9.95999510813397
run_1311_cfg_437_seed_3_mrhof,3,10,16,10,50.0,12,5,MRHOF,627,99.92025518341308,113.74481658692186,-69.0,1.021451355661882,0.3175692539516714,3473.199725488995,9.946268922488038
run_1312_cfg_438_seed_1_mrhof,1,10,16,10,50.0,12,10,MRHOF,627,99.97341307814992,110.79425837320574,-68.18181818181819,1.0167942583732057,0.1779041148325358,3473.551681630622,5.571956876555023
run_1313_cfg_438_seed_2_mrhof,2,10,16,10,50.0,12,10,MRHOF,627,100.0,110.34928229665071,-69.54545454545455,1.0165390749601275,0.1780682860435302,3473.5512679272733,5.577098618181818
run_1314_cfg_438_seed_3_mrhof,3,10,16,10,50.0,12,10,MRHOF,627,99.97341307814992,110.13875598086123,-69.27272727272727,1.0132854864433811,0.1775439872408293,3473.552589152153,5.560677680382775
run_1315_cfg_439_seed_1_of0,1,10,16,10,50.0,12,10,OF0,627,100.0,110.87240829346092,-68.77830940988835,1.0142583732057415,0.1777990217969165,3473.5519464650724,5.568665362679425
run_1316_cfg_439_seed_2_of0,2,10,16,10,50.0,12,10,OF0,627,100.0,109.75279106858054,-68.4066985645933,1.014561403508772,0.1775762447012901,3473.5525079119616,5.561687379904305
run_1317_cfg_439_seed_3_of0,3,10,16,10,50.0,12,10,OF0,627,99.94151515151516,110.63157894736842,-69.14832535885168,1.015725677830941,0.1777804612036609,3473.551993247848,5.568083919617225
run_1318_cfg_440_seed_1_mrhof,1,10,16,10,50.0,16,5,MRHOF,855,99.906432748538,159.0187134502924,-72.1438596491228,1.0603040935672516,0.4653732892914149,3472.827259317895,14.575491334736842
run_1319_cfg_440_seed_2_mrhof,2,10,16,10,50.0,16,5,MRHOF,855,99.86070175438596,158.8280701754386,-73.10760233918128,1.056561403508772,0.4665073541436693,3472.824401470877,14.611010290526314
run_1320_cfg_440_seed_3_mrhof,3,10,16,10,50.0,16,5,MRHOF,855,99.82561403508772,158.61169590643274,-69.4,1.0545730994152047,0.4642325623636413,3472.8301339059653,14.539764311578947
run_1321_cfg_441_seed_1_of0,1,10,16,10,50.0,16,5,OF0,855,99.8229941520468,159.47134502923976,-72.69473684210526,1.062233918128655,0.4734763434267251,3472.8068395957903,14.829279309473684
run_1322_cfg_441_seed_2_of0,2,10,16,10,50.0,16,5,OF0,855,99.8957894736842,158.7485380116959,-72.46432748538011,1.0620701754385966,0.4714704925640511,3472.811477072281,14.766450778947368
run_1323_cfg_441_seed_3_of0,3,10,16,10,50.0,16,5,OF0,855,99.84980116959063,159.3918128654971,-71.03157894736842,1.065672514619883,0.4690225195267721,3472.818063017544,14.689788210526316
run_1324_cfg_442_seed_1_mrhof,1,10,16,10,50.0,16,10,MRHOF,855,99.93761403508772,150.6421052631579,-70.6,1.0276608187134502,0.2543469365950433,3473.3590457319306,7.966145903157894
run_1325_cfg_442_seed_2_mrhof,2,10,16,10,50.0,16,10,MRHOF,855,99.9766081871345,149.84444444444443,-71.06549707602339,1.029450292397661,0.2561001946832025,3473.3546275087724,8.021058105263156
run_1326_cfg_442_seed_3_mrhof,3,10,16,10,50.0,16,10,MRHOF,855,99.93371929824562,149.76959064327485,-70.73333333333333,1.0321754385964912,0.254115910387106,3473.3596278961404,7.95891043368421
run_1327_cfg_443_seed_1_mrhof,1,10,16,10,50.0,16,20,MRHOF,855,100.0,146.5672514619883,-73.06666666666666,1.032982456140351,0.1404949343812137,3473.645952752281,4.400301507368421
run_1328_cfg_443_seed_2_mrhof,2,10,16,10,50.0,16,20,MRHOF,855,99.90252631578949,149.31929824561402,-69.4,1.0300350877192983,0.1409593499692019,3473.6447824505267,4.414846686315789
run_1329_cfg_443_seed_3_mrhof,3,10,16,10,50.0,16,20,MRHOF,855,100.0,145.8175438596491,-71.46666666666667,1.0287602339181288,0.1395492830714735,3473.648335797895,4.370683654736841
run_1330_cfg_444_seed_1_of0,1,10,16,10,50.0,16,20,OF0,855,99.96100584795322,144.75672514619882,-70.4187134502924,1.0208304093567253,0.1389757666968991,3473.6497810694736,4.35272099368421
run_1331_cfg_444_seed_2_of0,2,10,16,10,50.0,16,20,OF0,855,99.96100584795322,146.99415204678365,-70.58713450292397,1.0250175438596492,0.1398525692007797,3473.6475715256142,4.380182467368421
run_1332_cfg_444_seed_3_of0,3,10,16,10,50.0,16,20,OF0,855,99.96100584795322,147.4842105263158,-71.12748538011697,1.0429122807017543,0.1416599567974385,3473.642832780351,4.436789002105263
run_1342_cfg_448_seed_1_mrhof,1,10,16,10,60.0,12,5,MRHOF,627,99.98405103668262,97.37480063795851,-71.45454545454545,1.0150877192982457,0.2591762663349939,3473.346875804785,8.117400711961722
run_1343_cfg_448_seed_2_mrhof,2,10,16,10,60.0,12,5,MRHOF,627,99.9695374800638,97.28548644338116,-64.63636363636364,1.015518341307815,0.2606444013854866,3473.343176107177,8.163382667942583
run_1344_cfg_448_seed_3_mrhof,3,10,16,10,60.0,12,5,MRHOF,627,99.96810207336524,97.98405103668262,-64.63636363636364,1.016299840510367,0.2607829432463222,3473.3428269779906,8.167721844976075
run_1345_cfg_449_seed_1_of0,1,10,16,10,60.0,12,5,OF0,627,99.96810207336524,97.25837320574162,-71.18181818181819,1.0114513556618818,0.2592096119085593,3473.346791777991,8.118445044976077
run_1346_cfg_449_seed_2_of0,2,10,16,10,60.0,12,5,OF0,627,99.98405103668262,96.7384370015949,-67.07177033492823,1.0142583732057415,0.2607212849924275,3473.3429822775124,8.165791693779903
run_1347_cfg_449_seed_3_of0,3,10,16,10,60.0,12,5,OF0,627,99.9695374800638,97.33492822966508,-65.4274322169059,1.0170015948963318,0.2607599361936901,3473.3428849607653,8.167001201913875
run_1348_cfg_450_seed_1_mrhof,1,10,16,10,60.0,12,10,MRHOF,627,99.97341307814992,95.2822966507177,-68.9090909090909,1.0079425837320577,0.1472661356613537,3473.6284239234456,4.6123753492822965
run_1349_cfg_450_seed_2_mrhof,2,10,16,10,60.0,12,10,MRHOF,627,100.0,94.7464114832536,-67.45454545454545,1.0121850079744816,0.1480626725075595,3473.6268820746413,4.637322786602871
run_1350_cfg_450_seed_3_mrhof,3,10,16,10,60.0,12,10,MRHOF,627,100.0,95.21052631578948,-64.9090909090909,1.0096969696969698,0.1472683040935672,3473.628883873685,4.612443284210526
run_1351_cfg_451_seed_1_mrhof,1,10,16,10,60.0,16,5,MRHOF,855,99.7042105263158,127.0280701754386,-70.0,1.0328070175438595,0.3557355615850451,3473.1035463803514,11.141637844210528
run_1352_cfg_451_seed_2_mrhof,2,10,16,10,60.0,16,5,MRHOF,855,99.89632748538013,126.46198830409357,-66.06666666666666,1.0347719298245617,0.3568557412311922,3473.1007235480706,11.176721616842103
run_1353_cfg_451_seed_3_mrhof,3,10,16,10,60.0,16,5,MRHOF,855,99.82168421052631,127.27251461988304,-67.2,1.038046783625731,0.357944256944144,3473.098210658246,11.210814871578949
run_1354_cfg_452_seed_1_of0,1,10,16,10,60.0,16,5,OF0,855,99.82430409356724,127.0421052631579,-69.16959064327486,1.033625730994152,0.3565784611500235,3473.1014222708777,11.168037490526316
run_1355_cfg_452_seed_2_of0,2,10,16,10,60.0,16,5,OF0,855,99.86280701754386,126.7438596491228,-70.74385964912281,1.0321052631578949,0.3568318989777037,3473.10078359579,11.175975309473683
run_1356_cfg_452_seed_3_of0,3,10,16,10,60.0,16,5,OF0,855,99.87319298245616,126.80116959064328,-68.16023391812865,1.0383391812865497,0.3590056743538968,3473.095305695439,11.244057785263156
run_1357_cfg_453_seed_1_mrhof,1,10,16,10,60.0,16,10,MRHOF,855,99.93371929824562,121.8327485380117,-71.52397660818714,1.0145380116959064,0.1975752706396213,3473.502110327018,6.188057364210525
run_1358_cfg_453_seed_2_mrhof,2,10,16,10,60.0,16,10,MRHOF,855,99.98050292397662,122.14736842105263,-70.4,1.0198479532163742,0.1993381899604279,3473.4976677782456,6.243271898947368
run_1359_cfg_453_seed_3_mrhof,3,10,16,10,60.0,16,10,MRHOF,855,99.98050292397662,121.6877192982456,-67.4,1.0201052631578948,0.1986348969347856,3473.4994400505266,6.221245086315789
run_1360_cfg_454_seed_1_of0,1,10,16,10,60.0,16,10,OF0,855,100.0,121.71111111111112,-69.26900584795321,1.0170058479532162,0.199330151825655,3473.4976880168424,6.243020362105263
run_1361_cfg_454_seed_2_of0,2,10,16,10,60.0,16,10,OF0,855,100.0,122.44327485380116,-70.1953216374269,1.0170175438596492,0.1997830284430691,3473.49654679579,6.257204109473684
run_1362_cfg_454_seed_3_of0,3,10,16,10,60.0,16,10,OF0,855,99.95711111111112,121.38011695906432,-68.37660818713451,1.0144912280701754,0.1987513469708112,3473.4991466105266,6.2248921263157895
run_1363_cfg_455_seed_1_of0,1,10,16,10,60.0,16,20,OF0,855,99.94152046783626,120.26432748538012,-67.46900584795321,1.016280701754386,0.1106374107467446,3473.7211937235093,3.465163722105263
run_1364_cfg_455_seed_2_of0,2,10,16,10,60.0,16,20,OF0,855,100.0,120.97076023391811,-70.39766081871345,1.0175087719298246,0.1113766207115004,3473.7193309080703,3.4883158568421053
run_1365_cfg_455_seed_3_of0,3,10,16,10,60.0,16,20,OF0,855,99.96100584795322,120.89239766081872,-72.61520467836257,1.0182923976608187,0.1113521780301142,3473.718985670176,3.487550012631579
run_1381_cfg_461_seed_1_mrhof,1,10,18,0,40.0,12,5,MRHOF,627,99.8883572567783,141.59170653907495,-73.63636363636364,1.041371610845295,0.4049192064537167,3472.979603582776,12.682069756937798
run_1382_cfg_461_seed_2_mrhof,2,10,18,0,40.0,12,5,MRHOF,627,99.98405103668262,140.62360446570972,-73.36363636363636,1.0602711323763956,0.4081646919932774,3472.9714249569383,12.783718392344497
run_1383_cfg_461_seed_3_mrhof,3,10,18,0,40.0,12,5,MRHOF,627,99.95215311004785,141.0079744816587,-73.27272727272727,1.0479904306220096,0.407500520494763,3472.973098687082,12.762916317703349
run_1384_cfg_462_seed_1_mrhof,1,10,18,0,40.0,12,20,MRHOF,627,100.0,135.92025518341308,-73.63636363636364,1.038261562998405,0.1188471033074217,3473.700505301436,3.7222912535885166
run_1385_cfg_462_seed_2_mrhof,2,10,18,0,40.0,12,20,MRHOF,627,100.0,133.05263157894737,-73.27272727272727,1.019920255183413,0.1181551556227466,3473.702249018182,3.7006193454545455
run_1386_cfg_462_seed_3_mrhof,3,10,18,0,40.0,12,20,MRHOF,627,100.0,133.244019138756,-73.63636363636364,1.0199681020733653,0.1178999468367889,3473.702892133972,3.692626334928229
run_1387_cfg_463_seed_1_of0,1,10,18,0,40.0,12,20,OF0,627,100.0,135.83572567783094,-73.63636363636364,1.03548644338118,0.1187917502564782,3473.700644792345,3.720557580861244
run_1388_cfg_463_seed_2_of0,2,10,18,0,40.0,12,20,OF0,627,100.0,133.21850079744817,-73.27272727272727,1.0230462519936203,0.1183063492730911,3473.7018680038286,3.7053548095693776
run_1389_cfg_463_seed_3_of0,3,10,18,0,40.0,12,20,OF0,627,100.0,133.6905901116427,-73.60287081339713,1.0291866028708134,0.1185264160102091,3473.7013134162685,3.712247540669856
run_1390_cfg_464_seed_1_mrhof,1,10,18,0,40.0,16,5,MRHOF,855,99.66818713450292,187.50994152046783,-76.87602339181286,1.0842923976608188,0.5515590755922088,3472.610071197193,17.27482940631579
run_1391_cfg_464_seed_2_mrhof,2,10,18,0,40.0,16,5,MRHOF,855,99.80276023391814,186.81988304093568,-76.66666666666667,1.1024912280701755,0.557685408508632,3472.594607842808,17.466707082105263
run_1392_cfg_464_seed_3_mrhof,3,10,18,0,40.0,16,5,MRHOF,855,99.90617543859648,187.2081871345029,-76.93333333333334,1.0960584795321635,0.5517648017141211,3472.609679772632,17.281276564210525
run_1393_cfg_465_seed_1_of0,1,10,18,0,40.0,16,5,OF0,855,99.74191812865496,189.1719298245614,-76.57894736842105,1.1096959064327483,0.5679267100575642,3472.5685441908777,17.787462955789472
run_1394_cfg_465_seed_2_of0,2,10,18,0,40.0,16,5,OF0,855,99.7216842105263,191.87251461988305,-76.47485380116959,1.0879298245614035,0.5718304142394272,3472.55896244772,17.90972842105263
run_1395_cfg_465_seed_3_of0,3,10,18,0,40.0,16,5,OF0,855,99.789216374269,189.10760233918128,-76.74853801169591,1.1028538011695908,0.5679542900154355,3472.568755261754,17.78832746105263
run_1396_cfg_466_seed_1_mrhof,1,10,18,0,40.0,16,10,MRHOF,855,99.86743859649124,175.3216374269006,-77.26666666666667,1.055766081871345,0.2936564570229343,3473.259985740351,9.197320084210526
run_1397_cfg_466_seed_2_mrhof,2,10,18,0,40.0,16,10,MRHOF,855,100.0,174.9719298245614,-76.83040935672514,1.0573801169590644,0.29636935237339,3473.2531492210533,9.28228825263158
run_1398_cfg_466_seed_3_mrhof,3,10,18,0,40.0,16,10,MRHOF,855,99.87133333333334,176.10058479532162,-76.86666666666666,1.056982456140351,0.2948679898097578,3473.256932659649,9.235265515789472
run_1399_cfg_467_seed_1_of0,1,10,18,0,40.0,16,10,OF0,797,99.8347929736512,165.8193224592221,-76.01505646173149,1.0513801756587202,0.2790666673653114,3473.296752,8.740368
run_1400_cfg_467_seed_2_of0,2,10,18,0,40.0,16,10,OF0,855,99.95711111111112,173.30292397660818,-76.97426900584796,1.0526198830409357,0.2943599834441149,3473.258212878597,9.219354223157897
run_1401_cfg_467_seed_3_of0,3,10,18,0,40.0,16,10,OF0,855,99.87133333333334,175.81286549707602,-77.13216374269005,1.0519415204678362,0.2953261837614069,3473.255778037895,9.249615814736842
run_1402_cfg_468_seed_1_of0,1,10,18,0,40.0,16,20,OF0,855,99.80502923976609,172.92865497076022,-77.11578947368422,1.054,0.1574386561740557,3473.6032545796493,4.930978795789474
run_1403_cfg_468_seed_2_of0,2,10,18,0,40.0,16,20,OF0,855,100.0,171.04795321637428,-76.93099415204678,1.0374502923976607,0.1558378484435575,3473.607288623158,4.880841397894736
run_1404_cfg_468_seed_3_of0,3,10,18,0,40.0,16,20,OF0,855,99.88301754385964,170.65380116959065,-77.09590643274854,1.044982456140351,0.1567541487591712,3473.6049795368426,4.909540042105263
run_1417_cfg_473_seed_1_of0,1,10,18,0,50.0,12,10,OF0,627,99.96810207336524,110.35406698564591,-68.67783094098884,1.0156937799043062,0.1725091730906982,3473.565276876556,5.402987391387559
run_1418_cfg_473_seed_2_of0,2,10,18,0,50.0,12,10,OF0,627,99.96810207336524,109.22169059011163,-69.02711323763955,1.011834130781499,0.1715291016304262,3473.567746717704,5.372290794258372
run_1419_cfg_473_seed_3_of0,3,10,18,0,50.0,12,10,OF0,627,100.0,110.7384370015949,-69.3652312599681,1.0117543859649123,0.1714813099562346,3473.567867077512,5.370794893779904
run_1420_cfg_474_seed_1_mrhof,1,10,18,0,50.0,16,5,MRHOF,855,99.88409356725144,158.56842105263158,-72.45614035087719,1.0574269005847954,0.4605482615171515,3472.839818237193,14.424377768421053
run_1421_cfg_474_seed_2_mrhof,2,10,18,0,50.0,16,5,MRHOF,855,99.9402105263158,159.49824561403508,-72.26666666666667,1.0644093567251462,0.4634017709558397,3472.8322870736843,14.51374416842105
run_1422_cfg_474_seed_3_mrhof,3,10,18,0,50.0,16,5,MRHOF,855,99.8957894736842,158.6561403508772,-69.4,1.0603508771929824,0.4603581318450434,3472.839897476492,14.418417077894736
run_1423_cfg_475_seed_1_of0,1,10,18,0,50.0,16,5,OF0,855,99.87911111111111,158.53216374269005,-72.73684210526316,1.056280701754386,0.4613410686107411,3472.8374205080704,14.449202256842105
run_1424_cfg_475_seed_2_of0,2,10,18,0,50.0,16,5,OF0,855,99.87319298245616,158.47836257309942,-72.5345029239766,1.0629005847953217,0.467752799819379,3472.820845695439,14.650012176842104
run_1425_cfg_475_seed_3_of0,3,10,18,0,50.0,16,5,OF0,855,99.90512280701756,157.51461988304092,-71.1485380116959,1.056046783625731,0.4609359760289765,3472.838876112281,14.436517962105263
run_1426_cfg_476_seed_1_mrhof,1,10,18,0,50.0,16,10,MRHOF,855,99.9766081871345,150.12163742690058,-70.6,1.0281988304093568,0.2490369554223384,3473.3724268631586,7.799837557894737
run_1427_cfg_476_seed_2_mrhof,2,10,18,0,50.0,16,10,MRHOF,855,100.0,148.94269005847954,-71.13333333333334,1.028701754385965,0.2491112570843953,3473.372239607018,7.802164884210526
run_1428_cfg_476_seed_3_mrhof,3,10,18,0,50.0,16,10,MRHOF,855,99.953216374269,148.8035087719298,-70.73333333333333,1.0306900584795322,0.2478645925925926,3473.3753812266677,7.7631190399999985
run_1429_cfg_477_seed_1_of0,1,10,18,0,50.0,16,10,OF0,855,99.98050292397662,149.84327485380118,-70.9859649122807,1.0283625730994153,0.2496060360838018,3473.3709927915797,7.817661018947368
run_1430_cfg_477_seed_2_of0,2,10,18,0,50.0,16,10,OF0,855,99.95711111111112,148.67719298245615,-72.11578947368422,1.0263391812865497,0.2489345285020947,3473.372685013333,7.796629119999999
run_1431_cfg_477_seed_3_of0,3,10,18,0,50.0,16,10,OF0,855,99.98050292397662,149.66081871345028,-69.93450292397661,1.0326315789473683,0.2497801875312356,3473.3705539087723,7.823115705263157
run_1432_cfg_478_seed_1_mrhof,1,10,18,0,50.0,16,20,MRHOF,855,100.0,148.96842105263158,-73.06666666666666,1.0376140350877192,0.1362082939136956,3473.6567550933337,4.266043839999999
run_1433_cfg_478_seed_2_mrhof,2,10,18,0,50.0,16,20,MRHOF,855,99.96100584795322,147.41520467836258,-69.4,1.0285730994152047,0.1346175205359132,3473.6607638287724,4.216220985263158
run_1434_cfg_478_seed_3_mrhof,3,10,18,0,50.0,16,20,MRHOF,855,99.96100584795322,145.60584795321637,-71.46666666666667,1.022374269005848,0.1335112706723088,3473.663551607018,4.181572884210526
run_1447_cfg_483_seed_1_mrhof,1,10,18,0,60.0,12,5,MRHOF,627,99.96631578947368,97.4688995215311,-71.45454545454545,1.0128070175438595,0.2543863301198829,3473.358946457417,7.96737974354067
run_1448_cfg_483_seed_2_mrhof,2,10,18,0,60.0,12,5,MRHOF,627,99.93620414673046,96.94736842105264,-64.63636363636364,1.0108931419457736,0.2538681765018607,3473.3602521952157,7.951151288038278
run_1449_cfg_483_seed_3_mrhof,3,10,18,0,60.0,12,5,MRHOF,627,99.96810207336524,97.48484848484848,-64.63636363636364,1.0148803827751196,0.2546343646996278,3473.3583214009573,7.975148302392345
run_1450_cfg_484_seed_1_of0,1,10,18,0,60.0,12,5,OF0,627,99.96810207336524,97.792663476874,-70.1451355661882,1.0179425837320577,0.2548624678140994,3473.357746610526,7.982292126315788
run_1451_cfg_484_seed_2_of0,2,10,18,0,60.0,12,5,OF0,627,99.9390749601276,97.33811802232854,-66.05103668261563,1.01451355661882,0.2558157564699663,3473.3553442909097,8.012149527272726
run_1452_cfg_484_seed_3_of0,3,10,18,0,60.0,12,5,OF0,627,99.96810207336524,97.87400318979266,-65.09888357256779,1.0182137161084528,0.2562044370629861,3473.3543648000004,8.0243232
run_1453_cfg_485_seed_1_mrhof,1,10,18,0,60.0,12,10,MRHOF,627,100.0,95.31738437001594,-68.9090909090909,1.0096969696969698,0.1418450398724083,3473.642550499522,4.442586648803827
run_1454_cfg_485_seed_2_mrhof,2,10,18,0,60.0,12,10,MRHOF,627,99.94151515151516,94.85326953748006,-67.45454545454545,1.0099202551834132,0.1423450505050505,3473.641290472728,4.458246981818181
run_1455_cfg_485_seed_3_mrhof,3,10,18,0,60.0,12,10,MRHOF,627,100.0,94.59489633173844,-64.9090909090909,1.0075279106858055,0.1420840188430443,3473.6419482717706,4.450071479425837
run_1456_cfg_486_seed_1_of0,1,10,18,0,60.0,12,10,OF0,627,100.0,94.85645933014354,-69.94098883572568,1.0122328548644337,0.1421064540138224,3473.641891735886,4.450774139712918
run_1457_cfg_486_seed_2_of0,2,10,18,0,60.0,12,10,OF0,627,100.0,94.55342902711324,-67.09569377990431,1.0083572567783097,0.1420877200250838,3473.6419389473685,4.4501873684210524
run_1458_cfg_486_seed_3_of0,3,10,18,0,60.0,12,10,OF0,627,100.0,95.55502392344498,-66.6555023923445,1.011196172248804,0.1422317916002126,3473.641575885168,4.454699712918661
run_1459_cfg_487_seed_1_mrhof,1,10,18,0,60.0,12,20,MRHOF,627,100.0,94.7511961722488,-68.9090909090909,1.0121690590111645,0.0788872939925571,3473.8012040191397,2.47075004784689
run_1460_cfg_487_seed_2_mrhof,2,10,18,0,60.0,12,20,MRHOF,627,99.94682615629984,93.86921850079744,-67.45454545454545,1.0136363636363637,0.0788925039872408,3473.801190889952,2.4709132248803827
run_1461_cfg_487_seed_3_mrhof,3,10,18,0,60.0,12,20,MRHOF,627,100.0,93.26475279106856,-67.45454545454545,1.0098564593301436,0.0791641849588973,3473.8005062430625,2.4794224076555023
run_1462_cfg_488_seed_1_of0,1,10,18,0,60.0,12,20,OF0,627,100.0,94.15151515151516,-68.98245614035088,1.0101116427432215,0.078521913875598,3473.8021247770344,2.459306342583732
run_1463_cfg_488_seed_2_of0,2,10,18,0,60.0,12,20,OF0,627,100.0,93.8389154704944,-67.45454545454545,1.0130781499202552,0.0790522488038277,3473.800788333015,2.475916432535885
run_1464_cfg_488_seed_3_of0,3,10,18,0,60.0,12,20,OF0,627,100.0,93.73205741626796,-69.66666666666667,1.0147368421052632,0.0792735991493886,3473.8002305301443,2.482849125358852
run_1465_cfg_489_seed_1_mrhof,1,10,18,0,60.0,16,10,MRHOF,855,99.9766081871345,122.01520467836258,-70.86666666666666,1.0163508771929826,0.1928396897304101,3473.514043985965,6.0397390315789465
run_1466_cfg_489_seed_2_mrhof,2,10,18,0,60.0,16,10,MRHOF,855,100.0,121.17543859649123,-70.4,1.0196023391812865,0.1934973891646872,3473.512386582456,6.060338189473684
run_1467_cfg_489_seed_3_mrhof,3,10,18,0,60.0,16,10,MRHOF,855,99.9766081871345,121.3672514619883,-67.4,1.021672514619883,0.1930655588072774,3473.513474790176,6.046813322105264
run_1468_cfg_490_seed_1_of0,1,10,18,0,60.0,16,10,OF0,855,99.9766081871345,121.76023391812863,-71.04912280701754,1.017578947368421,0.1934654333998547,3473.512467104562,6.0593374147368415
run_1469_cfg_490_seed_2_of0,2,10,18,0,60.0,16,10,OF0,855,99.9298245614035,121.84444444444443,-70.13684210526316,1.0145380116959064,0.1941496138771414,3473.510742972632,6.080765911578947
run_1470_cfg_490_seed_3_of0,3,10,18,0,60.0,16,10,OF0,855,99.95711111111112,121.73801169590644,-69.61754385964912,1.018374269005848,0.1934809044834308,3473.512428120702,6.059821928421052
run_1471_cfg_491_seed_1_mrhof,1,10,18,0,60.0,16,20,MRHOF,855,99.96100584795322,119.68304093567252,-69.86666666666666,1.0174269005847951,0.1055223961608275,3473.7340835480704,3.304961616842105
run_1472_cfg_491_seed_2_mrhof,2,10,18,0,60.0,16,20,MRHOF,855,99.92201169590643,119.65029239766082,-70.4,1.018795321637427,0.1059970192311487,3473.732887505965,3.3198267115789477
run_1473_cfg_491_seed_3_mrhof,3,10,18,0,60.0,16,20,MRHOF,855,99.96100584795322,118.20701754385964,-70.4,1.01646783625731,0.1057939963414963,3473.733399129825,3.3134679578947366
run_1483_cfg_495_seed_1_mrhof,1,10,18,5,40.0,12,5,MRHOF,627,99.71960127591709,141.39553429027114,-73.63636363636364,1.05170653907496,0.4044611067688006,3472.9807579866037,12.667722166507176
run_1484_cfg_495_seed_2_mrhof,2,10,18,5,40.0,12,5,MRHOF,627,99.95215311004785,141.48325358851676,-73.36363636363636,1.042153110047847,0.4078675515578932,3472.972173749283,12.77441197320574
run_1485_cfg_495_seed_3_mrhof,3,10,18,5,40.0,12,5,MRHOF,627,99.96452950558214,141.21850079744817,-73.27272727272727,1.0433014354066985,0.4078263778798508,3472.972277496651,12.773122541626794
run_1486_cfg_496_seed_1_of0,1,10,18,5,40.0,12,5,OF0,627,99.92169059011164,141.0956937799043,-73.52631578947368,1.0459649122807018,0.4038842085349537,3472.982211789474,12.649653473684207
run_1487_cfg_496_seed_2_of0,2,10,18,5,40.0,12,5,OF0,627,99.88800637958532,140.92822966507177,-73.4066985645933,1.0461084529505582,0.4068986019355174,3472.97461545646,12.744065041148325
run_1488_cfg_496_seed_3_of0,3,10,18,5,40.0,12,5,OF0,627,99.88979266347688,141.2280701754386,-73.5933014354067,1.043444976076555,0.4036637479251795,3472.9827672880383,12.642749420095694
run_1489_cfg_497_seed_1_mrhof,1,10,18,5,40.0,12,10,MRHOF,627,99.96810207336524,135.6969696969697,-73.72727272727273,1.0227591706539074,0.2198678790451414,3473.445932945455,6.886261963636363
run_1490_cfg_497_seed_2_mrhof,2,10,18,5,40.0,12,10,MRHOF,627,100.0,135.09250398724083,-73.36363636363636,1.020494417862839,0.2203276533973297,3473.444774308134,6.900662170334928
run_1491_cfg_497_seed_3_mrhof,3,10,18,5,40.0,12,10,MRHOF,627,99.87240829346092,135.78628389154704,-73.63636363636364,1.01896331738437,0.2198286336722492,3473.446031869857,6.885032474641148
run_1492_cfg_498_seed_1_of0,1,10,18,5,40.0,12,10,OF0,627,99.96810207336524,136.00637958532695,-73.60925039872409,1.0301594896331738,0.2208460375512791,3473.443467980862,6.916897952153109
run_1493_cfg_498_seed_2_of0,2,10,18,5,40.0,12,10,OF0,627,99.94682615629984,135.96810207336523,-73.79585326953747,1.0199840510366829,0.2210851799050532,3473.442865324402,6.9243881110047845
run_1494_cfg_498_seed_3_of0,3,10,18,5,40.0,12,10,OF0,627,99.97341307814992,136.4561403508772,-73.55502392344498,1.0241467304625198,0.2207887340852753,3473.4436124019144,6.915103004784688
run_1495_cfg_499_seed_1_mrhof,1,10,18,5,40.0,12,20,MRHOF,627,100.0,133.74960127591706,-73.63636363636364,1.027097288676236,0.1179518101765964,3473.70276143158,3.6942507789473686
run_1496_cfg_499_seed_2_mrhof,2,10,18,5,40.0,12,20,MRHOF,627,100.0,132.70015948963317,-73.27272727272727,1.0238437001594898,0.1177358819777033,3473.7033055693787,3.687487923444976
run_1497_cfg_499_seed_3_mrhof,3,10,18,5,40.0,12,20,MRHOF,627,100.0,134.6188197767145,-73.63636363636364,1.0293141945773523,0.1182605791773002,3473.701983326316,3.703921515789473
run_1498_cfg_500_seed_1_of0,1,10,18,5,40.0,12,20,OF0,627,99.94682615629984,135.07655502392345,-73.725677830941,1.0330462519936203,0.1184419551959557,3473.7015262698565,3.709602074641148
run_1499_cfg_500_seed_2_of0,2,10,18,5,40.0,12,20,OF0,627,100.0,132.82775119617224,-73.29984051036682,1.0212280701754386,0.1176942028130786,3473.703410602872,3.686182507177033
run_1500_cfg_500_seed_3_of0,3,10,18,5,40.0,12,20,OF0,627,100.0,134.68261562998404,-73.69537480063796,1.0251515151515151,0.1185433272839234,3473.701270813397,3.712777033492823
run_1501_cfg_501_seed_1_mrhof,1,10,18,5,40.0,16,5,MRHOF,855,99.59595321637426,187.94736842105263,-76.88304093567251,1.0985146198830409,0.5506953256020376,3472.612247769825,17.247777717894735
run_1502_cfg_501_seed_2_mrhof,2,10,18,5,40.0,16,5,MRHOF,855,99.83811695906432,187.74502923976607,-76.62222222222222,1.0983976608187134,0.5565496734982052,3472.5974948154385,17.43113586526316
run_1503_cfg_501_seed_3_mrhof,3,10,18,5,40.0,16,5,MRHOF,855,99.79001169590644,192.9754385964912,-76.7719298245614,1.1080584795321635,0.5738379689870987,3472.554192872982,17.97260970105263
run_1504_cfg_502_seed_1_of0,1,10,18,5,40.0,16,5,OF0,855,99.83338011695906,192.3894736842105,-76.76842105263158,1.112374269005848,0.582052553326372,3472.533339472281,18.229888909473683
run_1505_cfg_502_seed_2_of0,2,10,18,5,40.0,16,5,OF0,854,99.53936768149882,194.5023419203747,-76.81030444964871,1.1118852459016393,0.5906676919228615,3472.5115173639347,18.499712762529278
run_1506_cfg_502_seed_3_of0,3,10,18,5,40.0,16,5,OF0,855,99.7785730994152,189.56608187134503,-76.67017543859649,1.0943508771929824,0.5720785701311852,3472.55836201544,17.91750066526316
run_1519_cfg_507_seed_1_mrhof,1,10,18,5,50.0,12,20,MRHOF,627,100.0,108.40988835725678,-70.27272727272727,1.0139234449760766,0.0932678982021434,3473.7649648918664,2.921150629665072
run_1520_cfg_507_seed_2_mrhof,2,10,18,5,50.0,12,20,MRHOF,627,99.94682615629984,109.4896331738437,-69.0,1.0164593301435407,0.0933570633885966,3473.764740195216,2.923943288038277
run_1521_cfg_507_seed_3_mrhof,3,10,18,5,50.0,12,20,MRHOF,627,100.0,108.06060606060606,-69.27272727272727,1.0156299840510363,0.0936257517615585,3473.764063104307,2.93235856076555
run_1522_cfg_508_seed_1_of0,1,10,18,5,50.0,12,20,OF0,627,100.0,108.18500797448166,-70.11483253588517,1.0141626794258374,0.093124953856931,3473.7653251138763,2.916673584688995
run_1523_cfg_508_seed_2_of0,2,10,18,5,50.0,12,20,OF0,627,99.94682615629984,111.23285486443382,-69.32854864433811,1.0183732057416268,0.0937254024312955,3473.763811988517,2.9354795712918658
run_1524_cfg_508_seed_3_of0,3,10,18,5,50.0,12,20,OF0,627,100.0,109.20414673046253,-71.57735247208932,1.01792663476874,0.0938893999441969,3473.763398713876,2.940615984688995
run_1525_cfg_509_seed_1_mrhof,1,10,18,5,50.0,16,5,MRHOF,855,99.91787134502924,159.79298245614035,-72.46666666666667,1.0659181286549708,0.461774856021632,3472.8363273880705,14.462788176842103
run_1526_cfg_509_seed_2_mrhof,2,10,18,5,50.0,16,5,MRHOF,855,99.9425730994152,158.0397660818713,-72.26666666666667,1.064701754385965,0.4617048151391936,3472.836503955088,14.46059370105263
run_1527_cfg_509_seed_3_mrhof,3,10,18,5,50.0,16,5,MRHOF,855,99.82430409356724,158.40584795321638,-69.4,1.054046783625731,0.4581817378630737,3472.845382018246,14.350252058947367
run_1528_cfg_510_seed_1_mrhof,1,10,18,5,50.0,16,10,MRHOF,855,99.9766081871345,149.46432748538012,-69.69122807017544,1.0252631578947369,0.2488711610585879,3473.3728446821056,7.794644665263158
run_1529_cfg_510_seed_2_mrhof,2,10,18,5,50.0,16,10,MRHOF,855,100.0,149.7497076023392,-71.13333333333334,1.0307602339181283,0.2493638215411324,3473.3716032112284,7.810074374736842
run_1530_cfg_510_seed_3_mrhof,3,10,18,5,50.0,16,10,MRHOF,855,99.95711111111112,151.2736842105263,-70.73333333333333,1.0269590643274853,0.2476832592592592,3473.375838186667,7.75743968
run_1531_cfg_511_seed_1_of0,1,10,18,5,50.0,16,10,OF0,855,99.93371929824562,151.15438596491228,-70.57894736842105,1.0332514619883042,0.2504967531120645,3473.368748154386,7.845558652631579
run_1532_cfg_511_seed_2_of0,2,10,18,5,50.0,16,10,OF0,855,100.0,149.41754385964913,-71.93684210526315,1.0276140350877194,0.2486169519002404,3473.3734852828075,7.78668291368421
run_1533_cfg_511_seed_3_of0,3,10,18,5,50.0,16,10,OF0,855,100.0,150.31695906432748,-73.46666666666667,1.032877192982456,0.2495505884769422,3473.371132536141,7.81592419368421
run_1534_cfg_512_seed_1_mrhof,1,10,18,5,50.0,16,20,MRHOF,855,100.0,145.48070175438596,-73.06666666666666,1.025391812865497,0.1334562360557835,3473.6636610357896,4.179849246315789
run_1535_cfg_512_seed_2_mrhof,2,10,18,5,50.0,16,20,MRHOF,855,100.0,147.0795321637427,-69.89824561403509,1.0311812865497076,0.1340913785617513,3473.662089712281,4.19974214736842
run_1536_cfg_512_seed_3_mrhof,3,10,18,5,50.0,16,20,MRHOF,855,100.0,145.34736842105264,-71.74736842105263,1.024561403508772,0.133338507529501,3473.663986952983,4.1761621557894735
run_1537_cfg_513_seed_1_of0,1,10,18,5,50.0,16,20,OF0,855,100.0,147.26783625730994,-73.40116959064328,1.0334269005847954,0.1343517372847859,3473.661433628071,4.207896336842105
run_1538_cfg_513_seed_2_of0,2,10,18,5,50.0,16,20,OF0,855,99.96100584795322,147.29473684210527,-71.92865497076023,1.0321754385964912,0.133939820662768,3473.66247165193,4.194995183157895
run_1539_cfg_513_seed_3_of0,3,10,18,5,50.0,16,20,OF0,855,99.96100584795322,147.52631578947367,-73.88070175438597,1.0308654970760234,0.13457216374269,3473.6608781473687,4.2148001684210525
run_1552_cfg_518_seed_1_mrhof,1,10,18,5,60.0,12,5,MRHOF,627,99.9503668261563,97.77511961722487,-71.45454545454545,1.0117065390749602,0.2526755338985884,3473.363257653589,7.913797733971291
run_1553_cfg_518_seed_2_mrhof,2,10,18,5,60.0,12,5,MRHOF,627,99.91990430622008,97.21052631578948,-64.63636363636364,1.0167942583732057,0.2548634341412047,3473.357744145455,7.982322763636363
run_1554_cfg_518_seed_3_mrhof,3,10,18,5,60.0,12,5,MRHOF,627,99.9535885167464,96.89314194577352,-64.63636363636364,1.0177511961722487,0.2544653694843168,3473.3587472689,7.969855372248803
run_1555_cfg_519_seed_1_of0,1,10,18,5,60.0,12,5,OF0,627,99.8430303030303,98.13716108452952,-69.11961722488039,1.014561403508772,0.2534685170602452,3473.3612593377998,7.938633944497607
run_1556_cfg_519_seed_2_of0,2,10,18,5,60.0,12,5,OF0,627,99.93441786283891,96.4609250398724,-66.31419457735247,1.013987240829346,0.2540022973782782,3473.359914212441,7.955351931100478
run_1557_cfg_519_seed_3_of0,3,10,18,5,60.0,12,5,OF0,627,99.96810207336524,97.23763955342903,-66.12759170653908,1.0118022328548644,0.2541455183413078,3473.35955329378,7.959837634449761
run_1558_cfg_520_seed_1_mrhof,1,10,18,5,60.0,12,10,MRHOF,627,100.0,95.414673046252,-68.9090909090909,1.0101754385964912,0.1412148626835946,3473.643673178948,4.422848888038277
run_1559_cfg_520_seed_2_mrhof,2,10,18,5,60.0,12,10,MRHOF,627,99.94682615629984,94.481658692185,-67.45454545454545,1.0079425837320577,0.1411360095057026,3473.644337247847,4.420379919617225
run_1560_cfg_520_seed_3_mrhof,3,10,18,5,60.0,12,10,MRHOF,627,99.97341307814992,94.88197767145137,-64.9090909090909,1.0064912280701754,0.1409588752108091,3473.644783640192,4.414831900478469
run_1561_cfg_521_seed_1_of0,1,10,18,5,60.0,12,10,OF0,627,100.0,95.27751196172248,-71.45295055821371,1.0111802232854863,0.141324210627642,3473.643862989474,4.426274273684211
run_1562_cfg_521_seed_2_of0,2,10,18,5,60.0,12,10,OF0,627,100.0,94.51515151515152,-67.71451355661883,1.0111802232854863,0.1416965001009996,3473.642924815312,4.437934438277512
run_1563_cfg_521_seed_3_of0,3,10,18,5,60.0,12,10,OF0,627,99.93620414673046,95.25996810207336,-66.61084529505582,1.009218500797448,0.1414414036431504,3473.6435676631586,4.429944757894736
run_1564_cfg_522_seed_1_mrhof,1,10,18,5,60.0,12,20,MRHOF,627,100.0,93.82296650717704,-69.9090909090909,1.0107974481658693,0.0777620414673046,3473.804039655503,2.435507138755981
run_1565_cfg_522_seed_2_mrhof,2,10,18,5,60.0,12,20,MRHOF,627,100.0,93.20574162679426,-67.45454545454545,1.0102392344497606,0.0781506645401382,3473.80306032536,2.447678813397129
run_1566_cfg_522_seed_3_mrhof,3,10,18,5,60.0,12,20,MRHOF,627,100.0,93.00478468899522,-67.45454545454545,1.0122966507177034,0.0782594154171553,3473.802786273685,2.4510848842105264
run_1567_cfg_523_seed_1_of0,1,10,18,5,60.0,12,20,OF0,627,100.0,93.97607655502392,-68.65390749601276,1.0106379585326952,0.0775105156385315,3473.8046735004787,2.427629351196172
run_1568_cfg_523_seed_2_of0,2,10,18,5,60.0,12,20,OF0,627,99.94682615629984,96.69377990430624,-66.66826156299841,1.016060606060606,0.0815415201776517,3473.794515368422,2.553880421052632
run_1569_cfg_523_seed_3_of0,3,10,18,5,60.0,12,20,OF0,627,100.0,94.30462519936204,-70.01435406698565,1.0169856459330142,0.0784531419457735,3473.802298082297,2.4571524057416267
run_1570_cfg_524_seed_1_mrhof,1,10,18,5,60.0,16,5,MRHOF,855,99.83653801169592,127.08187134502924,-69.99766081871346,1.0357543859649123,0.349272298429991,3473.1198338133336,10.93920832
run_1571_cfg_524_seed_2_mrhof,2,10,18,5,60.0,16,5,MRHOF,855,99.90617543859648,126.30877192982456,-66.06666666666666,1.0323625730994153,0.3493378242954434,3473.119668682106,10.941260665263158
run_1572_cfg_524_seed_3_mrhof,3,10,18,5,60.0,16,5,MRHOF,855,99.96491228070175,126.46666666666668,-67.1438596491228,1.0339298245614037,0.3516957829916415,3473.113726630176,11.015111882105264
run_1573_cfg_525_seed_1_of0,1,10,18,5,60.0,16,5,OF0,855,99.87425730994153,125.30760233918129,-71.0982456140351,1.030701754385965,0.3507405213864165,3473.116133883509,10.985193162105263
run_1574_cfg_525_seed_2_of0,2,10,18,5,60.0,16,5,OF0,855,99.87134502923976,126.74853801169591,-71.77076023391812,1.0303976608187135,0.3517606070522604,3473.1135632673686,11.017142248421052
run_1575_cfg_525_seed_3_of0,3,10,18,5,60.0,16,5,OF0,855,99.9191812865497,126.00116959064329,-67.3812865497076,1.033029239766082,0.3516053493527546,3473.113954520702,11.012279528421052
run_1576_cfg_526_seed_1_mrhof,1,10,18,5,60.0,16,10,MRHOF,855,99.96100584795322,121.78830409356723,-71.46666666666667,1.0202105263157897,0.1922534740181374,3473.5155212463164,6.021378795789473
run_1577_cfg_526_seed_2_mrhof,2,10,18,5,60.0,16,10,MRHOF,855,99.95711111111112,122.75555555555556,-71.22105263157894,1.023906432748538,0.1929470536573858,3473.513773417544,6.043101810526316
run_1578_cfg_526_seed_3_mrhof,3,10,18,5,60.0,16,10,MRHOF,855,99.91422222222222,121.43040935672516,-67.4,1.017953216374269,0.1923043477136622,3473.515393055439,6.022972025263158
run_1579_cfg_527_seed_1_of0,1,10,18,5,60.0,16,10,OF0,855,99.9766081871345,121.37543859649122,-69.96374269005848,1.0134502923976607,0.1921297010818752,3473.515833156492,6.0175021978947365
run_1580_cfg_527_seed_2_of0,2,10,18,5,60.0,16,10,OF0,855,99.9766081871345,122.27602339181288,-70.72046783625731,1.0201988304093568,0.1934035844609949,3473.5126229614043,6.057400336842105
run_1581_cfg_527_seed_3_of0,3,10,18,5,60.0,16,10,OF0,855,99.87133333333334,121.62573099415204,-69.67719298245613,1.01859649122807,0.192712997424254,3473.5143632449126,6.035771098947368
run_1582_cfg_528_seed_1_mrhof,1,10,18,5,60.0,16,20,MRHOF,855,99.88301754385964,120.54736842105264,-70.6,1.0193801169590644,0.1046340084014596,3473.7363222905265,3.2771372463157893
run_1583_cfg_528_seed_2_mrhof,2,10,18,5,60.0,16,20,MRHOF,855,100.0,118.94269005847951,-70.4,1.022748538011696,0.1053820205468522,3473.7344373108776,3.300564850526315
run_1584_cfg_528_seed_3_mrhof,3,10,18,5,60.0,16,20,MRHOF,855,99.96100584795322,118.90058479532163,-70.4,1.0172748538011696,0.1049538206100219,3473.735516362105,3.2871537852631576
run_1585_cfg_529_seed_1_of0,1,10,18,5,60.0,16,20,OF0,855,99.96100584795322,119.95087719298246,-69.99766081871346,1.0186198830409356,0.1049124374246611,3473.7356206596496,3.2858575157894734
run_1586_cfg_529_seed_2_of0,2,10,18,5,60.0,16,20,OF0,855,100.0,119.553216374269,-69.55906432748537,1.020549707602339,0.1054323273206632,3473.734310534737,3.302140496842105
run_1587_cfg_529_seed_3_of0,3,10,18,5,60.0,16,20,OF0,855,99.96100584795322,119.12865497076024,-72.11578947368422,1.0198830409356725,0.1052477652935958,3473.734775629474,3.29636003368421
run_1600_cfg_534_seed_1_of0,1,10,18,10,40.0,12,5,OF0,627,99.93763955342902,141.41626794258374,-73.55502392344498,1.0377511961722488,0.4043394778063632,3472.9810645129187,12.66391248229665
run_1601_cfg_534_seed_2_of0,2,10,18,10,40.0,12,5,OF0,627,99.98548644338118,140.91228070175438,-73.34928229665071,1.0508931419457734,0.4072751382100772,3472.9736666181825,12.755857745454543
run_1602_cfg_534_seed_3_of0,3,10,18,10,40.0,12,5,OF0,627,99.85789473684213,141.19617224880383,-73.57416267942584,1.0459808612440191,0.4063391130135322,3472.976025423924,12.726541159808612
run_1603_cfg_535_seed_1_mrhof,1,10,18,10,40.0,12,10,MRHOF,627,99.88834130781498,135.94098883572568,-73.72727272727273,1.0237480063795854,0.2196606911217437,3473.446455058373,6.879772845933013
run_1604_cfg_535_seed_2_mrhof,2,10,18,10,40.0,12,10,MRHOF,627,100.0,134.40829346092505,-73.36363636363636,1.0181499202551834,0.2197836592024249,3473.446145155981,6.883624489952152
run_1605_cfg_535_seed_3_mrhof,3,10,18,10,40.0,12,10,MRHOF,627,99.94151515151516,136.0494417862839,-73.63636363636364,1.0174960127591708,0.2195279090065169,3473.446789665072,6.875614162679426
run_1606_cfg_536_seed_1_of0,1,10,18,10,40.0,16,5,OF0,855,99.69487719298245,197.54502923976608,-76.84912280701755,1.108982456140351,0.5987564028892816,3472.49085332772,18.75304939789473
run_1607_cfg_536_seed_2_of0,2,10,18,10,40.0,16,5,OF0,855,99.7216842105263,191.87251461988305,-76.47485380116959,1.0879298245614035,0.5718304142394272,3472.55896244772,17.90972842105263
run_1608_cfg_536_seed_3_of0,3,10,18,10,40.0,16,5,OF0,853,99.64980070339976,188.17819460726847,-76.84056271981243,1.1010785463071513,0.5699911512756098,3472.563622255569,17.852123395076198
run_1609_cfg_537_seed_1_mrhof,1,10,18,10,40.0,16,10,MRHOF,855,99.86743859649124,175.3216374269006,-77.26666666666667,1.055766081871345,0.2936564570229343,3473.259985740351,9.197320084210526
run_1610_cfg_537_seed_2_mrhof,2,10,18,10,40.0,16,10,MRHOF,855,100.0,173.51228070175438,-77.0,1.047438596491228,0.2947001717596759,3473.2573555480703,9.230009616842104
run_1611_cfg_537_seed_3_mrhof,3,10,18,10,40.0,16,10,MRHOF,855,99.87133333333334,176.10058479532162,-76.86666666666666,1.056982456140351,0.2948679898097578,3473.256932659649,9.235265515789472
run_1612_cfg_538_seed_1_of0,1,10,18,10,40.0,16,10,OF0,797,99.8347929736512,165.8193224592221,-76.01505646173149,1.0513801756587202,0.2790666673653114,3473.296752,8.740368
run_1613_cfg_538_seed_2_of0,2,10,18,10,40.0,16,10,OF0,855,99.9766081871345,173.62456140350878,-77.02105263157895,1.0536374269005848,0.2950126944430199,3473.2565680505268,9.23979708631579
run_1614_cfg_538_seed_3_of0,3,10,18,10,40.0,16,10,OF0,855,99.87133333333334,175.81286549707602,-77.13216374269005,1.0519415204678362,0.2953261837614069,3473.255778037895,9.249615814736842
run_1615_cfg_539_seed_1_mrhof,1,10,18,10,40.0,16,20,MRHOF,855,99.96100584795322,171.3204678362573,-76.86666666666666,1.044233918128655,0.156337523921632,3473.606029428772,4.896491385263157
run_1616_cfg_539_seed_2_mrhof,2,10,18,10,40.0,16,20,MRHOF,855,99.96100584795322,169.67602339181286,-76.93333333333334,1.0420350877192983,0.1552168691021357,3473.608853479299,4.861392471578947
run_1617_cfg_539_seed_3_mrhof,3,10,18,10,40.0,16,20,MRHOF,855,99.96100584795322,167.73216374269006,-77.2,1.0318128654970762,0.1551703079922027,3473.60897082386,4.859934046315789
run_1618_cfg_540_seed_1_of0,1,10,18,10,40.0,16,20,OF0,855,99.80502923976609,172.92865497076022,-77.11578947368422,1.054,0.1574386561740557,3473.6032545796493,4.930978795789474
run_1619_cfg_540_seed_2_of0,2,10,18,10,40.0,16,20,OF0,855,99.96100584795322,174.5076023391813,-76.93918128654971,1.05893567251462,0.1589853348237519,3473.5993569403518,4.979420884210526
run_1620_cfg_540_seed_3_of0,3,10,18,10,40.0,16,20,OF0,855,99.88301754385964,170.65380116959065,-77.09590643274854,1.044982456140351,0.1567541487591712,3473.6049795368426,4.909540042105263
run_1633_cfg_545_seed_1_mrhof,1,10,18,10,50.0,12,5,MRHOF,627,99.9535885167464,113.22169059011163,-69.72727272727273,1.0209409888357257,0.3111433310002399,3473.215918813398,9.745009033492822
run_1634_cfg_545_seed_2_mrhof,2,10,18,10,50.0,12,5,MRHOF,627,100.0,113.34609250398724,-69.54545454545455,1.0249601275917064,0.3128772768769374,3473.2115492593302,9.79931634832536
run_1635_cfg_545_seed_3_mrhof,3,10,18,10,50.0,12,5,MRHOF,627,99.93763955342902,113.14194577352472,-69.0,1.0209728867623604,0.3120511822087595,3473.2136310124406,9.773443131100478
run_1636_cfg_546_seed_1_of0,1,10,18,10,50.0,12,5,OF0,627,99.98548644338118,114.01275917065392,-69.45933014354067,1.0194417862838916,0.3114953546414026,3473.215031709092,9.756034472727272
run_1637_cfg_546_seed_2_of0,2,10,18,10,50.0,12,5,OF0,627,99.96631578947368,112.7639553429027,-68.36044657097288,1.0265709728867622,0.3131363084102905,3473.210896497608,9.807429244019138
run_1638_cfg_546_seed_3_of0,3,10,18,10,50.0,12,5,OF0,627,99.95215311004785,113.9298245614035,-69.86602870813397,1.035103668261563,0.3139467076164832,3473.208854292823,9.832810932057416
run_1639_cfg_547_seed_1_mrhof,1,10,18,10,50.0,12,10,MRHOF,627,99.97341307814992,110.0494417862839,-68.18181818181819,1.0146570972886764,0.1725136067232436,3473.565265730144,5.403125925358851
run_1640_cfg_547_seed_2_mrhof,2,10,18,10,50.0,12,10,MRHOF,627,100.0,109.6427432216906,-69.54545454545455,1.0097129186602871,0.1714287284402616,3473.5679996019144,5.369147804784689
run_1641_cfg_547_seed_3_mrhof,3,10,18,10,50.0,12,10,MRHOF,627,100.0,109.94736842105264,-69.27272727272727,1.0108931419457736,0.1715003624929213,3473.5678190622016,5.371391655502392
run_1642_cfg_548_seed_1_of0,1,10,18,10,50.0,12,10,OF0,627,99.97341307814992,110.23285486443382,-68.8548644338118,1.01377990430622,0.1718741706789439,3473.5668770832544,5.383099108133971
run_1643_cfg_548_seed_2_of0,2,10,18,10,50.0,12,10,OF0,627,100.0,110.74322169059012,-70.51674641148325,1.018421052631579,0.1724691642603386,3473.565377730144,5.401733925358852
run_1644_cfg_548_seed_3_of0,3,10,18,10,50.0,12,10,OF0,627,100.0,110.50398724082936,-70.12599681020734,1.0166507177033497,0.1721463455180644,3473.566191203829,5.391623609569377
run_1645_cfg_549_seed_1_of0,1,10,18,10,50.0,12,20,OF0,627,100.0,108.87878787878788,-70.13875598086125,1.018181818181818,0.0940647236517469,3473.762956876555,2.9461073913875597
run_1646_cfg_549_seed_2_of0,2,10,18,10,50.0,12,20,OF0,627,100.0,108.99681020733652,-69.01594896331738,1.011834130781499,0.0940295601438495,3473.7630455119624,2.945005779904306
run_1647_cfg_549_seed_3_of0,3,10,18,10,50.0,12,20,OF0,627,100.0,108.05263157894736,-69.26953748006379,1.013987240829346,0.0940742964775238,3473.7629327617237,2.94640710430622
run_1648_cfg_550_seed_1_mrhof,1,10,18,10,50.0,16,5,MRHOF,855,99.9191812865497,159.55204678362574,-72.46666666666667,1.067438596491228,0.4622201156084216,3472.835205305264,14.476734063157894
run_1649_cfg_550_seed_2_mrhof,2,10,18,10,50.0,16,5,MRHOF,855,99.89473684210526,158.40701754385964,-72.17076023391813,1.0659181286549708,0.4636359657850825,3472.8316373389475,14.52107878736842
run_1650_cfg_550_seed_3_mrhof,3,10,18,10,50.0,16,5,MRHOF,855,99.80091228070177,157.40350877192984,-69.4,1.0529005847953217,0.4574814188177985,3472.84714682386,14.328318046315788
run_1651_cfg_551_seed_1_of0,1,10,18,10,50.0,16,5,OF0,855,99.95190643274854,159.3356725146199,-72.1672514619883,1.0656842105263158,0.4666756805959163,3472.823977560702,14.616278888421052
run_1652_cfg_551_seed_2_of0,2,10,18,10,50.0,16,5,OF0,855,99.953216374269,158.2409356725146,-71.60350877192982,1.064842105263158,0.4657126386615224,3472.825986849123,14.586114981052631
run_1653_cfg_551_seed_3_of0,3,10,18,10,50.0,16,5,OF0,855,99.82666666666668,156.9298245614035,-69.80116959064327,1.0550175438596492,0.4595284799931739,3472.8419881431582,14.392433077894736
run_1654_cfg_552_seed_1_of0,1,10,18,10,50.0,16,10,OF0,855,99.9766081871345,149.53450292397662,-72.66666666666667,1.033157894736842,0.2500373401604098,3473.369905880702,7.831169768421052
run_1655_cfg_552_seed_2_of0,2,10,18,10,50.0,16,10,OF0,855,99.98050292397662,148.89941520467838,-70.84795321637426,1.0276023391812863,0.2500788650762924,3473.3698012687723,7.832469945263157
run_1656_cfg_552_seed_3_of0,3,10,18,10,50.0,16,10,OF0,855,99.95711111111112,150.106432748538,-71.81754385964912,1.0273801169590644,0.2484443893539184,3473.3739201571934,7.781278046315789
run_1657_cfg_553_seed_1_mrhof,1,10,18,10,50.0,16,20,MRHOF,855,99.96100584795322,147.78830409356726,-73.06666666666666,1.034654970760234,0.1353411773879142,3473.6589402329832,4.238885675789473
run_1658_cfg_553_seed_2_mrhof,2,10,18,10,50.0,16,20,MRHOF,855,99.92201169590643,145.99181286549708,-69.4,1.0222573099415204,0.1339980312539315,3473.662324951579,4.1968184589473685
run_1659_cfg_553_seed_3_mrhof,3,10,18,10,50.0,16,20,MRHOF,855,100.0,146.8982456140351,-71.46666666666667,1.0237309941520467,0.1339956023391812,3473.662331082105,4.196742265263158
run_1660_cfg_554_seed_1_of0,1,10,18,10,50.0,16,20,OF0,855,100.0,147.6982456140351,-71.6140350877193,1.0253801169590644,0.1343975050646572,3473.6613182877195,4.209329852631579
run_1661_cfg_554_seed_2_of0,2,10,18,10,50.0,16,20,OF0,855,100.0,146.34619883040935,-70.48304093567252,1.0230526315789474,0.1337573483062742,3473.662931480702,4.189280168421052
run_1662_cfg_554_seed_3_of0,3,10,18,10,50.0,16,20,OF0,855,99.96100584795322,145.94970760233917,-71.11929824561403,1.0215438596491229,0.1338072160566977,3473.6626216870177,4.190841162105263
run_1675_cfg_559_seed_1_mrhof,1,10,18,10,60.0,12,5,MRHOF,627,99.88979266347688,97.78628389154704,-71.45454545454545,1.0156299840510363,0.2538376221897859,3473.360329148325,7.950194870813396
run_1676_cfg_559_seed_2_mrhof,2,10,18,10,60.0,12,5,MRHOF,627,99.98226475279108,97.21371610845296,-64.63636363636364,1.0152153110047846,0.2553701208924647,3473.3564672918665,7.998192229665071
run_1677_cfg_559_seed_3_mrhof,3,10,18,10,60.0,12,5,MRHOF,627,99.93441786283891,97.32535885167464,-64.63636363636364,1.0135087719298246,0.2544135063622751,3473.3588779712923,7.968230928229665
run_1678_cfg_560_seed_1_of0,1,10,18,10,60.0,12,5,OF0,627,99.92025518341308,97.2950558213716,-70.61244019138756,1.0144497607655505,0.2542321477853744,3473.3593349741627,7.962551035406698
run_1679_cfg_560_seed_2_of0,2,10,18,10,60.0,12,5,OF0,627,99.98405103668262,96.72089314194578,-66.01275917065391,1.0135885167464114,0.2544098825070741,3473.35888708134,7.968117703349282
run_1680_cfg_560_seed_3_of0,3,10,18,10,60.0,12,5,OF0,627,99.98548644338118,97.41626794258372,-65.49282296650718,1.017352472089314,0.2556029359733839,3473.355880604785,8.005483911961722
run_1681_cfg_561_seed_1_mrhof,1,10,18,10,60.0,12,10,MRHOF,627,100.0,95.50398724082936,-68.9090909090909,1.0107974481658693,0.1420951480014486,3473.6414548287084,4.450419812440192
run_1682_cfg_561_seed_2_mrhof,2,10,18,10,60.0,12,10,MRHOF,627,100.0,94.19138755980862,-67.45454545454545,1.0112759170653909,0.1424445507708665,3473.641039732058,4.4613633301435405
run_1683_cfg_561_seed_3_mrhof,3,10,18,10,60.0,12,10,MRHOF,627,100.0,94.18819776714514,-64.9090909090909,1.008054226475279,0.141906836788942,3473.6423947712924,4.444522128229664
run_1684_cfg_562_seed_1_mrhof,1,10,18,10,60.0,12,20,MRHOF,627,100.0,94.52950558213716,-68.9090909090909,1.0134130781499202,0.0786085699096225,3473.8019064038285,2.462020409569378
run_1685_cfg_562_seed_2_mrhof,2,10,18,10,60.0,12,20,MRHOF,627,100.0,93.16905901116428,-67.45454545454545,1.0116427432216906,0.0784289442417875,3473.8023590660296,2.45639446507177
run_1686_cfg_562_seed_3_mrhof,3,10,18,10,60.0,12,20,MRHOF,627,100.0,93.88197767145137,-67.45454545454545,1.010494417862839,0.0788021693864636,3473.801418533972,2.468083934928229
run_1687_cfg_563_seed_1_of0,1,10,18,10,60.0,12,20,OF0,627,100.0,94.77511961722487,-68.98245614035088,1.0129346092503988,0.0786571662002541,3473.801783954068,2.463542285167464
run_1688_cfg_563_seed_2_of0,2,10,18,10,60.0,12,20,OF0,627,99.94682615629984,94.59968102073366,-67.2153110047847,1.0140031897926634,0.0786849330923902,3473.801713967465,2.4644121186602868
run_1689_cfg_563_seed_3_of0,3,10,18,10,60.0,12,20,OF0,627,100.0,92.84529505582135,-69.72727272727273,1.0104306220095691,0.0786025305688463,3473.8019216229663,2.4618312574162675
run_1690_cfg_564_seed_1_mrhof,1,10,18,10,60.0,16,5,MRHOF,855,99.85677192982456,127.87719298245614,-70.0,1.030701754385965,0.3502441645628479,3473.1174966933336,10.96964916210526
run_1691_cfg_564_seed_2_mrhof,2,10,18,10,60.0,16,5,MRHOF,855,99.87911111111111,127.02690058479531,-66.06666666666666,1.0360233918128654,0.3511059413325482,3473.115213047018,10.996637844210523
run_1692_cfg_564_seed_3_mrhof,3,10,18,10,60.0,16,5,MRHOF,855,99.83494736842106,126.33099415204678,-67.2,1.0341169590643275,0.3523787588379437,3473.112005524211,11.036502770526312
run_1693_cfg_565_seed_1_mrhof,1,10,18,10,60.0,16,10,MRHOF,855,99.91422222222222,122.06666666666666,-71.46666666666667,1.015953216374269,0.1924170839353927,3473.515108929123,6.026503309473683
run_1694_cfg_565_seed_2_mrhof,2,10,18,10,60.0,16,10,MRHOF,855,99.98050292397662,120.9497076023392,-70.4,1.015941520467836,0.1935744495331967,3473.512192370527,6.062751966315789
run_1695_cfg_565_seed_3_mrhof,3,10,18,10,60.0,16,10,MRHOF,855,100.0,121.54619883040937,-67.4,1.0182923976608187,0.1932386366929964,3473.513038618948,6.05223430736842
run_1696_cfg_566_seed_1_of0,1,10,18,10,60.0,16,20,OF0,855,99.96100584795322,120.42105263157896,-67.76608187134502,1.0182573099415204,0.1057086954901304,3473.733614091228,3.310796294736842
run_1697_cfg_566_seed_2_of0,2,10,18,10,60.0,16,20,OF0,855,100.0,120.4233918128655,-70.07251461988304,1.0169122807017543,0.1059650085252054,3473.7329681852634,3.3188239831578943
run_1698_cfg_566_seed_3_of0,3,10,18,10,60.0,16,20,OF0,855,99.96100584795322,119.89590643274852,-72.96959064327486,1.0182222222222224,0.105625047984858,3473.7334180294743,3.3081764042105264
run_1708_cfg_570_seed_1_mrhof,1,10,20,0,40.0,12,10,MRHOF,627,99.88834130781498,135.77033492822966,-73.72727272727273,1.0214832535885168,0.2185162000085345,3473.449339192345,6.843927180861243
run_1709_cfg_570_seed_2_mrhof,2,10,20,0,40.0,12,10,MRHOF,627,99.97341307814992,135.67783094098883,-73.36363636363636,1.0237161084529505,0.2199280541295547,3473.4457812899527,6.888146824880383
run_1710_cfg_570_seed_3_mrhof,3,10,20,0,40.0,12,10,MRHOF,627,99.96810207336524,137.77511961722487,-73.63636363636364,1.0237320574162678,0.2198059015532728,3473.4460891023928,6.88432115598086
run_1711_cfg_571_seed_1_of0,1,10,20,0,40.0,12,20,OF0,627,100.0,134.56778309409887,-73.5598086124402,1.0257575757575756,0.1175000744284954,3473.7038998124403,3.6801023311004784
run_1712_cfg_571_seed_2_of0,2,10,20,0,40.0,12,20,OF0,627,100.0,133.55342902711322,-73.27272727272727,1.0236842105263158,0.1171929782415309,3473.7046736842112,3.670484210526316
run_1713_cfg_571_seed_3_of0,3,10,20,0,40.0,12,20,OF0,627,100.0,132.7591706539075,-73.7049441786284,1.0255342902711324,0.1168259436469962,3473.7055986220103,3.6589885550239223
run_1714_cfg_572_seed_1_of0,1,10,20,0,40.0,16,5,OF0,855,99.68711111111112,190.0549707602339,-77.72865497076023,1.1008187134502925,0.5668544729450323,3472.5713425740355,17.75388156631579
run_1715_cfg_572_seed_2_of0,2,10,20,0,40.0,16,5,OF0,855,99.76818713450292,196.319298245614,-76.753216374269,1.1164912280701755,0.5911918426164811,3472.5101716322806,18.51612855578947
run_1716_cfg_572_seed_3_of0,3,10,20,0,40.0,16,5,OF0,855,99.77250292397662,198.280701754386,-77.1906432748538,1.1184561403508773,0.5957193340805331,3472.4987873291234,18.65792890947368
run_1717_cfg_573_seed_1_mrhof,1,10,20,0,40.0,16,10,MRHOF,855,99.93761403508772,174.3719298245614,-77.26666666666667,1.0460584795321637,0.2927990034927687,3473.2621465150883,9.170464741052632
run_1718_cfg_573_seed_2_mrhof,2,10,20,0,40.0,16,10,MRHOF,855,99.9766081871345,175.04444444444445,-77.0,1.0564561403508772,0.29518959597201,3473.2561222119302,9.245338223157894
run_1719_cfg_573_seed_3_mrhof,3,10,20,0,40.0,16,10,MRHOF,855,99.9298245614035,174.44795321637426,-76.86666666666666,1.052608187134503,0.2930738066809952,3473.261454001404,9.179071696842104
run_1720_cfg_574_seed_1_of0,1,10,20,0,40.0,16,10,OF0,855,99.95711111111112,174.49005847953217,-77.1953216374269,1.0361988304093568,0.2919253160970033,3473.264348277895,9.143099974736842
run_1721_cfg_574_seed_2_of0,2,10,20,0,40.0,16,10,OF0,855,99.95711111111112,175.27836257309943,-77.17309941520467,1.0468187134502924,0.2941327472818341,3473.2587854933336,9.21223744
run_1722_cfg_574_seed_3_of0,3,10,20,0,40.0,16,10,OF0,855,99.93761403508772,182.4701754385965,-77.17076023391813,1.0543976608187131,0.3117511648610133,3473.214387082105,9.764046265263158
run_1723_cfg_575_seed_1_of0,1,10,20,0,40.0,16,20,OF0,855,99.84402339181288,170.96374269005847,-77.25614035087719,1.0460818713450293,0.1548450058479532,3473.6097905852635,4.849745583157894
run_1724_cfg_575_seed_2_of0,2,10,20,0,40.0,16,20,OF0,855,100.0,170.27251461988303,-77.01052631578948,1.0355438596491229,0.1546366019913291,3473.6103157670177,4.843218324210526
run_1725_cfg_575_seed_3_of0,3,10,20,0,40.0,16,20,OF0,855,99.88301754385964,170.25730994152048,-76.72046783625731,1.0473216374269003,0.1555788387260661,3473.60794132772,4.872729212631579
run_1744_cfg_582_seed_1_mrhof,1,10,20,0,50.0,12,10,MRHOF,627,99.97341307814992,109.80223285486444,-68.18181818181819,1.0113397129186603,0.1703781482113054,3473.570647088996,5.336243322488038
run_1745_cfg_582_seed_2_mrhof,2,10,20,0,50.0,12,10,MRHOF,627,100.0,109.91228070175438,-69.54545454545455,1.0191068580542264,0.1713123399743385,3473.568292891867,5.365502629665071
run_1746_cfg_582_seed_3_mrhof,3,10,20,0,50.0,12,10,MRHOF,627,100.0,109.92344497607657,-69.27272727272727,1.0066985645933015,0.1704893861619319,3473.5703667138755,5.339727984688995
run_1747_cfg_583_seed_1_of0,1,10,20,0,50.0,12,20,OF0,627,100.0,108.9585326953748,-70.76874003189792,1.015980861244019,0.0927893673479387,3473.766170794259,2.906162985645933
run_1748_cfg_583_seed_2_of0,2,10,20,0,50.0,12,20,OF0,627,100.0,110.54545454545456,-69.06379585326954,1.020446570972887,0.0933895191579789,3473.764658365551,2.924960313875598
run_1749_cfg_583_seed_3_of0,3,10,20,0,50.0,12,20,OF0,627,100.0,107.62998405103669,-69.28708133971291,1.0130781499202552,0.092684054880307,3473.7664361645934,2.902864811483253
run_1750_cfg_584_seed_1_mrhof,1,10,20,0,50.0,16,5,MRHOF,855,99.89447953216374,158.54619883040937,-72.46666666666667,1.0570526315789472,0.4584282464640431,3472.844760830877,14.357972530526316
run_1751_cfg_584_seed_2_mrhof,2,10,20,0,50.0,16,5,MRHOF,855,99.929567251462,158.4748538011696,-72.26666666666667,1.061578947368421,0.4613781170250516,3472.8373271354385,14.450362745263158
run_1752_cfg_584_seed_3_mrhof,3,10,20,0,50.0,16,5,MRHOF,855,99.8490058479532,158.63508771929824,-70.2701754385965,1.0591929824561404,0.4579866040791268,3472.845873757193,14.344140446315787
run_1753_cfg_585_seed_1_of0,1,10,20,0,50.0,16,5,OF0,855,99.8003976608187,158.01520467836258,-72.39298245614034,1.0577076023391814,0.461888702435081,3472.836152614737,14.466354138947368
run_1754_cfg_585_seed_2_of0,2,10,20,0,50.0,16,5,OF0,855,99.86846783625732,158.73801169590644,-71.10058479532164,1.067777777777778,0.4643735552892301,3472.8293614680706,14.544173288421051
run_1755_cfg_585_seed_3_of0,3,10,20,0,50.0,16,5,OF0,855,99.89447953216374,159.6093567251462,-71.04093567251462,1.06387134502924,0.4630844457459626,3472.8330272000007,14.5038048
run_1756_cfg_586_seed_1_of0,1,10,20,0,50.0,16,10,OF0,855,99.98050292397662,149.40116959064326,-71.83625730994152,1.026561403508772,0.2478974191873704,3473.37529850386,7.764147166315789
run_1757_cfg_586_seed_2_of0,2,10,20,0,50.0,16,10,OF0,855,99.88693567251462,150.493567251462,-71.05847953216374,1.0404561403508772,0.2505441508341385,3473.368628727018,7.847042964210526
run_1758_cfg_586_seed_3_of0,3,10,20,0,50.0,16,10,OF0,855,100.0,150.0923976608187,-70.87134502923976,1.0275438596491226,0.2474342835137591,3473.376465583158,7.749642037894736
run_1759_cfg_587_seed_1_of0,1,10,20,0,50.0,16,20,OF0,855,100.0,145.05847953216374,-70.65847953216374,1.0239766081871344,0.1329187662667389,3473.6650447045618,4.163015814736842
run_1760_cfg_587_seed_2_of0,2,10,20,0,50.0,16,20,OF0,855,100.0,144.87719298245614,-70.64327485380117,1.027672514619883,0.1324255126705653,3473.6662877080707,4.147567056842105
run_1761_cfg_587_seed_3_of0,3,10,20,0,50.0,16,20,OF0,855,100.0,145.7590643274854,-72.76491228070175,1.022748538011696,0.133091010006835,3473.664610655439,4.168410425263158
run_1780_cfg_594_seed_1_mrhof,1,10,20,0,60.0,12,5,MRHOF,627,99.93620414673046,97.72886762360449,-71.45454545454545,1.0116905901116429,0.2528900175281255,3473.362717159809,7.92051529952153
run_1781_cfg_594_seed_2_mrhof,2,10,20,0,60.0,12,5,MRHOF,627,99.96810207336524,96.48325358851676,-64.63636363636364,1.0111483253588518,0.2529793302590051,3473.3624920880384,7.923312620095693
run_1782_cfg_594_seed_3_mrhof,3,10,20,0,60.0,12,5,MRHOF,627,99.96775119617224,97.1610845295056,-64.63636363636364,1.0146570972886764,0.2535926191277912,3473.3610071732064,7.942520888038277
run_1783_cfg_595_seed_1_mrhof,1,10,20,0,60.0,12,10,MRHOF,627,100.0,95.37161084529504,-69.15470494417863,1.0096491228070177,0.1405446253214826,3473.645827544498,4.401857661244018
run_1784_cfg_595_seed_2_mrhof,2,10,20,0,60.0,12,10,MRHOF,627,100.0,94.19936204146732,-67.45454545454545,1.0079904306220095,0.1408517975115599,3473.645053458373,4.411478445933014
run_1785_cfg_595_seed_3_mrhof,3,10,20,0,60.0,12,10,MRHOF,627,100.0,94.84529505582135,-64.9090909090909,1.0089314194577352,0.141258543328017,3473.6440284708137,4.424217577033493
run_1786_cfg_596_seed_1_mrhof,1,10,20,0,60.0,16,5,MRHOF,855,99.74297076023392,127.53333333333332,-70.0,1.0305730994152047,0.3488962057620973,3473.1207815691228,10.927429069473684
run_1787_cfg_596_seed_2_mrhof,2,10,20,0,60.0,16,5,MRHOF,855,99.7806783625731,126.28187134502924,-66.06666666666666,1.0332280701754386,0.3493335021932342,3473.1196795677192,10.941125372631578
run_1788_cfg_596_seed_3_mrhof,3,10,20,0,60.0,16,5,MRHOF,855,99.906432748538,126.91228070175438,-67.2,1.0303508771929826,0.3497845177051448,3473.118543023158,10.955250997894735
run_1789_cfg_597_seed_1_of0,1,10,20,0,60.0,16,5,OF0,855,99.81235087719298,126.67836257309942,-69.02222222222223,1.0272865497076025,0.348647160658878,3473.121409162105,10.919628985263158
run_1790_cfg_597_seed_2_of0,2,10,20,0,60.0,16,5,OF0,855,99.8851461988304,125.61052631578949,-69.26666666666667,1.0314269005847954,0.3499821750705794,3473.118044917895,10.96144173473684
run_1791_cfg_597_seed_3_of0,3,10,20,0,60.0,16,5,OF0,855,99.86044444444444,127.61520467836256,-68.1766081871345,1.038280701754386,0.3532720232263636,3473.1097794021057,11.064480016842104
run_1792_cfg_598_seed_1_mrhof,1,10,20,0,60.0,16,10,MRHOF,855,99.91032748538012,122.63391812865495,-70.86666666666666,1.014842105263158,0.1914361048338148,3473.5175809852635,5.995779183157894
run_1793_cfg_598_seed_2_mrhof,2,10,20,0,60.0,16,10,MRHOF,855,99.9766081871345,120.62105263157896,-70.4,1.0172982456140351,0.1919103487562669,3473.5163859256145,6.01063206736842
run_1794_cfg_598_seed_3_mrhof,3,10,20,0,60.0,16,10,MRHOF,855,99.98050292397662,122.43157894736842,-67.4,1.0196374269005848,0.19290931402784,3473.5138685192983,6.041919831578946
run_1795_cfg_599_seed_1_of0,1,10,20,0,60.0,16,20,OF0,855,99.90252631578949,119.55087719298244,-69.66432748538011,1.0161052631578946,0.1047284162355133,3473.7360844182463,3.280093658947368
run_1796_cfg_599_seed_2_of0,2,10,20,0,60.0,16,20,OF0,855,100.0,119.07134502923977,-70.39181286549707,1.0209707602339182,0.1047796328782489,3473.735955323509,3.281698122105263
run_1797_cfg_599_seed_3_of0,3,10,20,0,60.0,16,20,OF0,855,100.0,117.87251461988303,-71.96959064327486,1.015485380116959,0.104789411555733,3473.735930683509,3.282004362105263
run_1810_cfg_604_seed_1_mrhof,1,10,20,5,40.0,12,5,MRHOF,627,99.82708133971292,142.5279106858054,-73.63636363636364,1.052328548644338,0.4034617512488423,3472.983276325359,12.636422813397129
run_1811_cfg_604_seed_2_mrhof,2,10,20,5,40.0,12,5,MRHOF,627,100.0,141.55980861244018,-73.35087719298245,1.0457416267942583,0.4076178580425694,3472.972802985646,12.766591464114832
run_1812_cfg_604_seed_3_mrhof,3,10,20,5,40.0,12,5,MRHOF,627,100.0,141.5071770334928,-73.27272727272727,1.0453269537480063,0.4066244827276796,3472.975306266029,12.735479265071769
run_1813_cfg_605_seed_1_of0,1,10,20,5,40.0,12,5,OF0,627,99.90717703349284,141.77033492822966,-73.45135566188198,1.045805422647528,0.4047346052630697,3472.980068784689,12.676287961722489
run_1814_cfg_605_seed_2_of0,2,10,20,5,40.0,12,5,OF0,627,99.92169059011164,140.98245614035088,-73.29824561403508,1.0466666666666666,0.4058641676795135,3472.977222269857,12.711666074641148
run_1815_cfg_605_seed_3_of0,3,10,20,5,40.0,12,5,OF0,627,99.92025518341308,141.2408293460925,-73.40510366826156,1.0410207336523127,0.4043643379973153,3472.9810018143544,12.664691735885166
run_1816_cfg_606_seed_1_of0,1,10,20,5,40.0,12,10,OF0,627,100.0,136.44976076555025,-73.58692185007975,1.0229984051036682,0.2189969104534475,3473.4481277703358,6.85898342583732
run_1817_cfg_606_seed_2_of0,2,10,20,5,40.0,12,10,OF0,627,100.0,136.36682615629985,-73.92025518341308,1.0198086124401913,0.2210321085367311,3473.44299908134,6.922725703349283
run_1818_cfg_606_seed_3_of0,3,10,20,5,40.0,12,10,OF0,627,99.97341307814992,135.89792663476874,-73.68740031897927,1.0194896331738437,0.2182253534105841,3473.450072122488,6.834817906220096
run_1819_cfg_607_seed_1_mrhof,1,10,20,5,40.0,12,20,MRHOF,627,99.94682615629984,135.97607655502392,-73.63636363636364,1.029457735247209,0.1172833530376061,3473.704445933015,3.673314832535885
run_1820_cfg_607_seed_2_mrhof,2,10,20,5,40.0,12,20,MRHOF,627,100.0,134.0494417862839,-73.27272727272727,1.0253269537480063,0.1169544922913344,3473.705274679426,3.663014698564593
run_1821_cfg_607_seed_3_mrhof,3,10,20,5,40.0,12,20,MRHOF,627,100.0,132.7719298245614,-73.63636363636364,1.0188835725677832,0.1164877190106286,3473.706450947369,3.648395368421052
run_1822_cfg_608_seed_1_of0,1,10,20,5,40.0,16,5,OF0,855,99.75702923976608,202.1345029239766,-77.15321637426901,1.1173450292397662,0.6105775464567917,3472.461344589474,19.12328867368421
run_1823_cfg_608_seed_2_of0,2,10,20,5,40.0,16,5,OF0,855,99.88383625730994,197.04444444444445,-77.30058479532164,1.1128888888888888,0.6006742911974766,3472.486300783158,18.813118837894734
run_1824_cfg_608_seed_3_of0,3,10,20,5,40.0,16,5,OF0,855,99.89080701754386,188.3719298245614,-77.23274853801169,1.096327485380117,0.5616445083126699,3472.584655803509,17.59070644210526
run_1825_cfg_609_seed_1_mrhof,1,10,20,5,40.0,16,10,MRHOF,855,99.83233918128654,176.07485380116958,-76.93333333333334,1.0544795321637428,0.2940180055059756,3473.2590746105266,9.20864412631579
run_1826_cfg_609_seed_2_mrhof,2,10,20,5,40.0,16,10,MRHOF,855,100.0,174.21052631578948,-77.0,1.0454619883040936,0.2950357133681518,3473.2565100070183,9.240518484210526
run_1827_cfg_609_seed_3_mrhof,3,10,20,5,40.0,16,10,MRHOF,855,99.89083040935672,174.51812865497075,-77.12514619883041,1.0430526315789477,0.2910093512531173,3473.266656460351,9.114412564210523
run_1828_cfg_610_seed_1_of0,1,10,20,5,40.0,16,10,OF0,855,99.91422222222222,173.9672514619883,-76.89122807017544,1.0463508771929824,0.2931662302432298,3473.261381479299,9.18196608
run_1829_cfg_610_seed_2_of0,2,10,20,5,40.0,16,10,OF0,855,99.95711111111112,176.6421052631579,-76.88187134502924,1.0503976608187136,0.2998619839849517,3473.244347828772,9.391676985263157
run_1830_cfg_610_seed_3_of0,3,10,20,5,40.0,16,10,OF0,855,99.87133333333334,175.49590643274854,-77.16023391812865,1.053169590643275,0.2936809743146227,3473.259923924211,9.198088370526316
run_1831_cfg_611_seed_1_mrhof,1,10,20,5,40.0,16,20,MRHOF,855,99.92201169590643,171.47251461988304,-76.96608187134503,1.0429941520467836,0.1554797812248737,3473.6081909501754,4.869626762105263
run_1832_cfg_611_seed_2_mrhof,2,10,20,5,40.0,16,20,MRHOF,855,99.96100584795322,169.73684210526315,-76.93333333333334,1.0345614035087718,0.1541769193671658,3473.611474161404,4.828821136842105
run_1833_cfg_611_seed_3_mrhof,3,10,20,5,40.0,16,20,MRHOF,855,99.96100584795322,170.04093567251462,-77.2,1.0421637426900583,0.1542388735347033,3473.611318029474,4.830761633684211
run_1834_cfg_612_seed_1_of0,1,10,20,5,40.0,16,20,OF0,855,99.96100584795322,170.29122807017544,-76.71111111111111,1.0361052631578946,0.1545096296296296,3473.6106357333338,4.8392416
run_1835_cfg_612_seed_2_of0,2,10,20,5,40.0,16,20,OF0,855,100.0,170.1953216374269,-76.99766081871346,1.0361520467836256,0.1540723722048348,3473.6117376168427,4.825546762105263
run_1836_cfg_612_seed_3_of0,3,10,20,5,40.0,16,20,OF0,855,99.84404678362571,168.67719298245615,-77.1953216374269,1.032701754385965,0.1536475789473684,3473.612808101053,4.812242172631579
run_1846_cfg_616_seed_1_mrhof,1,10,20,5,50.0,12,5,MRHOF,627,100.0,112.89792663476874,-69.72727272727273,1.0195374800637955,0.3103585975227048,3473.2178963368424,9.720431242105262
run_1847_cfg_616_seed_2_mrhof,2,10,20,5,50.0,12,5,MRHOF,627,99.9695374800638,112.87081339712918,-69.54545454545455,1.0194736842105263,0.3103368361870032,3473.217951157895,9.71974989473684
run_1848_cfg_616_seed_3_mrhof,3,10,20,5,50.0,12,5,MRHOF,627,99.98405103668262,113.65390749601276,-69.36204146730462,1.0192822966507178,0.309612540242293,3473.2197763827758,9.697064956937798
run_1849_cfg_617_seed_1_of0,1,10,20,5,50.0,12,5,OF0,627,99.93620414673046,114.04784688995215,-68.95215311004785,1.0271132376395535,0.3122029890201285,3473.213878495694,9.778199242105265
run_1850_cfg_617_seed_2_of0,2,10,20,5,50.0,12,5,OF0,627,99.98226475279108,113.03668261563,-70.88197767145135,1.0174003189792662,0.3099604006315385,3473.218899781819,9.707959854545454
run_1851_cfg_617_seed_3_of0,3,10,20,5,50.0,12,5,OF0,627,99.94858054226476,114.41786283891548,-69.4896331738437,1.0262519936204146,0.3104521151781087,3473.217660654546,9.723360436363636
run_1852_cfg_618_seed_1_mrhof,1,10,20,5,50.0,12,10,MRHOF,627,100.0,110.7511961722488,-68.18181818181819,1.0118819776714514,0.1702408649516621,3473.570993002871,5.3319441071770335
run_1853_cfg_618_seed_2_mrhof,2,10,20,5,50.0,12,10,MRHOF,627,100.0,108.9585326953748,-69.54545454545455,1.0133971291866029,0.1698786212561232,3473.571905883254,5.320598308133971
run_1854_cfg_618_seed_3_mrhof,3,10,20,5,50.0,12,10,MRHOF,627,100.0,110.95693779904306,-69.27272727272727,1.016634768740032,0.1710820143000869,3473.5688733090915,5.358288872727273
run_1855_cfg_619_seed_1_of0,1,10,20,5,50.0,12,10,OF0,627,100.0,109.46251993620416,-68.1451355661882,1.011658692185008,0.1701168735169248,3473.571305477513,5.328060493779904
run_1856_cfg_619_seed_2_of0,2,10,20,5,50.0,12,10,OF0,627,99.96810207336524,110.45933014354068,-68.9090909090909,1.0156937799043062,0.1715480416562121,3473.5676989167478,5.372884891866028
run_1857_cfg_619_seed_3_of0,3,10,20,5,50.0,12,10,OF0,627,99.94151515151516,109.71451355661884,-70.70813397129187,1.0144976076555023,0.1698141414141414,3473.572068363637,5.318578909090909
run_1858_cfg_620_seed_1_of0,1,10,20,5,50.0,12,20,OF0,627,99.92025518341308,107.9218500797448,-69.95534290271132,1.0136044657097287,0.0919553032552333,3473.768272643062,2.880040007655502
run_1859_cfg_620_seed_2_of0,2,10,20,5,50.0,12,20,OF0,627,100.0,109.3317384370016,-68.50558213716108,1.0183891547049442,0.0924040191387559,3473.767141871771,2.8940938794258373
run_1860_cfg_620_seed_3_of0,3,10,20,5,50.0,12,20,OF0,627,100.0,107.95693779904306,-70.45614035087719,1.015311004784689,0.0925103455608718,3473.766873929187,2.897424022966507
run_1861_cfg_621_seed_1_of0,1,10,20,5,50.0,16,5,OF0,855,99.91812865497076,158.38713450292397,-72.34269005847953,1.0564327485380116,0.4601781538453505,3472.8403510568423,14.412779722105263
run_1862_cfg_621_seed_2_of0,2,10,20,5,50.0,16,5,OF0,855,99.95295906432747,158.12748538011695,-70.27953216374269,1.0533801169590644,0.4600718457402941,3472.840618952983,14.409450155789472
run_1863_cfg_621_seed_3_of0,3,10,20,5,50.0,16,5,OF0,855,99.90512280701756,158.1625730994152,-71.84444444444445,1.064748538011696,0.4644389605945732,3472.829613832983,14.546228075789474
run_1864_cfg_622_seed_1_of0,1,10,20,5,50.0,16,10,OF0,855,100.0,151.27134502923977,-70.10643274853801,1.0328654970760234,0.2501255386557307,3473.369683649123,7.8339317894736835
run_1865_cfg_622_seed_2_of0,2,10,20,5,50.0,16,10,OF0,855,99.98050292397662,149.3953216374269,-71.83157894736843,1.030374269005848,0.2480076538948681,3473.3750651284213,7.767599814736841
run_1866_cfg_622_seed_3_of0,3,10,20,5,50.0,16,10,OF0,855,99.9766081871345,148.65029239766082,-74.14502923976609,1.026608187134503,0.2472104463898837,3473.377029670176,7.742631242105262
run_1867_cfg_623_seed_1_of0,1,10,20,5,50.0,16,20,OF0,855,100.0,145.50292397660817,-73.49590643274854,1.0204912280701754,0.1321137593189401,3473.6670733192987,4.137803031578947
run_1868_cfg_623_seed_2_of0,2,10,20,5,50.0,16,20,OF0,855,99.96100584795322,148.1298245614035,-73.0280701754386,1.0386666666666666,0.1343271998203518,3473.661861049825,4.2071290273684205
run_1869_cfg_623_seed_3_of0,3,10,20,5,50.0,16,20,OF0,855,100.0,145.9391812865497,-74.41754385964913,1.0267719298245614,0.1328383000559204,3473.665247483509,4.160495562105263
run_1879_cfg_627_seed_1_mrhof,1,10,20,5,60.0,12,10,MRHOF,627,100.0,94.9505582137161,-68.9090909090909,1.009569377990431,0.1404160007654784,3473.645686285168,4.397828853588517
run_1880_cfg_627_seed_2_mrhof,2,10,20,5,60.0,12,10,MRHOF,627,99.94682615629984,94.14194577352472,-67.45454545454545,1.0113875598086124,0.140823217189382,3473.64512548134,4.410583303349282
run_1881_cfg_627_seed_3_mrhof,3,10,20,5,60.0,12,10,MRHOF,627,100.0,94.37639553429028,-64.93620414673046,1.0083094098883574,0.1405108132478441,3473.6459127502394,4.400798675598086
run_1882_cfg_628_seed_1_of0,1,10,20,5,60.0,12,10,OF0,627,100.0,95.22966507177034,-70.59808612440192,1.0081977671451356,0.140210653907496,3473.646669152153,4.391397680382775
run_1883_cfg_628_seed_2_of0,2,10,20,5,60.0,12,10,OF0,627,100.0,99.274322169059,-65.5805422647528,1.0125518341307815,0.1504850381424925,3473.6207776995216,4.713191448803827
run_1884_cfg_628_seed_3_of0,3,10,20,5,60.0,12,10,OF0,627,100.0,94.57575757575758,-66.85645933014354,1.0096650717703348,0.1403793301435406,3473.6462440880387,4.396680620095694
run_1885_cfg_629_seed_1_mrhof,1,10,20,5,60.0,12,20,MRHOF,627,100.0,94.42105263157896,-69.9090909090909,1.0110047846889951,0.0771461988304093,3473.805591578948,2.416218947368421
run_1886_cfg_629_seed_2_mrhof,2,10,20,5,60.0,12,20,MRHOF,627,100.0,93.67783094098884,-67.57575757575758,1.0155502392344498,0.0774125042341926,3473.804920489953,2.4245596248803825
run_1887_cfg_629_seed_3_mrhof,3,10,20,5,60.0,12,20,MRHOF,627,100.0,93.6427432216906,-67.45454545454545,1.01481658692185,0.0775843489631415,3473.804487441149,2.4299418028708133
run_1888_cfg_630_seed_1_of0,1,10,20,5,60.0,12,20,OF0,627,100.0,93.82137161084528,-69.24242424242425,1.0103668261563,0.0769367056748416,3473.806641619139,2.4096598966507177
run_1889_cfg_630_seed_2_of0,2,10,20,5,60.0,12,20,OF0,627,99.94682615629984,93.0829346092504,-67.44657097288676,1.0108931419457736,0.0772183700784681,3473.805409699521,2.4184794488038275
run_1890_cfg_630_seed_3_of0,3,10,20,5,60.0,12,20,OF0,627,100.0,93.86124401913877,-69.52312599681021,1.01933014354067,0.077767336523126,3473.8040263119624,2.435672979904306
run_1891_cfg_631_seed_1_of0,1,10,20,5,60.0,16,20,OF0,855,99.88301754385964,121.03040935672514,-69.89590643274853,1.0181988304093568,0.1041713216374269,3473.7374882694744,3.2626457936842104
run_1892_cfg_631_seed_2_of0,2,10,20,5,60.0,16,20,OF0,855,100.0,119.85029239766082,-69.66432748538011,1.0191461988304094,0.1048508798415512,3473.735775769825,3.2839297178947366
run_1893_cfg_631_seed_3_of0,3,10,20,5,60.0,16,20,OF0,855,99.96100584795322,120.03157894736842,-70.06315789473685,1.019345029239766,0.1051269048504198,3473.7350801908774,3.292574770526316
run_1909_cfg_637_seed_1_mrhof,1,10,20,10,40.0,12,5,MRHOF,627,99.88800637958532,142.1531100478469,-73.63636363636364,1.0461084529505582,0.4040273471557682,3472.981851085168,12.65413651291866
run_1910_cfg_637_seed_2_mrhof,2,10,20,10,40.0,12,5,MRHOF,627,99.96810207336524,141.21850079744817,-73.36363636363636,1.055757575757576,0.4077862288663476,3472.9723787253592,12.771864413397129
run_1911_cfg_637_seed_3_mrhof,3,10,20,10,40.0,12,5,MRHOF,627,99.9503668261563,141.585326953748,-73.27272727272727,1.0500159489633174,0.406886831866128,3472.974645198087,12.74369539521531
run_1912_cfg_638_seed_1_of0,1,10,20,10,40.0,12,5,OF0,627,99.93441786283891,141.1578947368421,-73.58213716108453,1.0416905901116429,0.4032340658254339,3472.9838501511963,12.62929097799043
run_1913_cfg_638_seed_2_of0,2,10,20,10,40.0,12,5,OF0,627,99.98405103668262,141.3030303030303,-73.42583732057416,1.0538755980861243,0.4078195620823348,3472.9722946985653,12.77290874641148
run_1914_cfg_638_seed_3_of0,3,10,20,10,40.0,12,5,OF0,627,99.92025518341308,141.30781499202553,-73.5805422647528,1.0480223285486443,0.4048266194756375,3472.9798369607656,12.679169201913874
run_1915_cfg_639_seed_1_mrhof,1,10,20,10,40.0,12,10,MRHOF,627,99.88834130781498,135.69856459330143,-73.72727272727273,1.0219617224880382,0.2187349985199647,3473.448787820096,6.850779950239233
run_1916_cfg_639_seed_2_mrhof,2,10,20,10,40.0,12,10,MRHOF,627,99.96810207336524,135.49601275917067,-73.36363636363636,1.0302392344497608,0.2195138092954511,3473.4468251942585,6.875172585645932
run_1917_cfg_639_seed_3_mrhof,3,10,20,10,40.0,12,10,MRHOF,627,99.96810207336524,137.0287081339713,-73.63636363636364,1.020127591706539,0.2187792390720914,3473.449198495694,6.852167288038277
run_1918_cfg_640_seed_1_mrhof,1,10,20,10,40.0,12,20,MRHOF,627,100.0,135.96012759170654,-73.63636363636364,1.0267464114832536,0.1174637455377154,3473.703991395216,3.6789640880382777
run_1919_cfg_640_seed_2_mrhof,2,10,20,10,40.0,12,20,MRHOF,627,100.0,132.43859649122808,-73.27272727272727,1.0242743221690591,0.116870132081729,3473.705487265072,3.660372562679426
run_1920_cfg_640_seed_3_mrhof,3,10,20,10,40.0,12,20,MRHOF,627,100.0,133.03189792663477,-73.63636363636364,1.0241626794258374,0.1168770441254651,3473.705469848804,3.6605890220095687
run_1921_cfg_641_seed_1_of0,1,10,20,10,40.0,16,5,OF0,855,99.695649122807,190.69707602339184,-77.07953216374268,1.106666666666667,0.5622430214243802,3472.58286714386,17.609449111578947
run_1922_cfg_641_seed_2_of0,2,10,20,10,40.0,16,5,OF0,855,99.82404678362572,200.35204678362567,-76.46432748538011,1.1088888888888888,0.6022526494328161,3472.482298329825,18.86255388631579
run_1923_cfg_641_seed_3_of0,3,10,20,10,40.0,16,5,OF0,853,99.60713950762016,191.39976553341148,-76.8065650644783,1.1156506447831185,0.5867681019969939,3472.5213443563894,18.377577284876903
run_1924_cfg_642_seed_1_mrhof,1,10,20,10,40.0,16,10,MRHOF,855,99.91422222222222,174.2970760233918,-77.26666666666667,1.0409473684210526,0.2921317906240728,3473.263827890527,9.14956764631579
run_1925_cfg_642_seed_2_mrhof,2,10,20,10,40.0,16,10,MRHOF,855,100.0,173.70526315789473,-77.0,1.0502573099415204,0.2936617673816606,3473.2599723396497,9.197486635789472
run_1926_cfg_642_seed_3_mrhof,3,10,20,10,40.0,16,10,MRHOF,855,99.9298245614035,174.05730994152046,-76.86666666666666,1.0532982456140352,0.2927080522950303,3473.262375702456,9.167616269473683
run_1927_cfg_643_seed_1_of0,1,10,20,10,40.0,16,10,OF0,855,99.87522807017544,176.67251461988303,-77.30058479532164,1.0481988304093568,0.2969929103294554,3473.251577841404,9.301818256842106
run_1928_cfg_643_seed_2_of0,2,10,20,10,40.0,16,10,OF0,855,99.88693567251462,174.2385964912281,-77.14970760233918,1.041953216374269,0.2934294418943508,3473.260557844211,9.190209650526317
run_1929_cfg_643_seed_3_of0,3,10,20,10,40.0,16,10,OF0,855,99.95711111111112,182.2140350877193,-77.29590643274854,1.047204678362573,0.3115366605218394,3473.214927629474,9.75732803368421
run_1930_cfg_644_seed_1_of0,1,10,20,10,40.0,16,20,OF0,855,99.84402339181288,171.45380116959063,-77.17894736842105,1.045906432748538,0.1551880701754386,3473.6089260631584,4.8604903578947365
run_1931_cfg_644_seed_2_of0,2,10,20,10,40.0,16,20,OF0,855,100.0,172.12748538011695,-76.96374269005848,1.0544093567251462,0.155597105281007,3473.6078952701755,4.873301642105263
run_1932_cfg_644_seed_3_of0,3,10,20,10,40.0,16,20,OF0,855,99.88301754385964,169.69590643274853,-76.74269005847954,1.0385263157894735,0.1547430028206699,3473.610047635088,4.846550821052631
run_1939_cfg_647_seed_1_of0,1,10,20,10,50.0,12,5,OF0,627,99.93763955342902,113.71291866028707,-69.27751196172248,1.0227113237639551,0.3106784553091978,3473.217090204785,9.730450311961722
run_1940_cfg_647_seed_2_of0,2,10,20,10,50.0,12,5,OF0,627,99.95215311004785,113.30143540669856,-69.39712918660287,1.026682615629984,0.3112605847953216,3473.215623326316,9.748681515789473
run_1941_cfg_647_seed_3_of0,3,10,20,10,50.0,12,5,OF0,627,99.96810207336524,112.93301435406698,-69.15948963317385,1.0229346092503988,0.3095133833207116,3473.220026266029,9.69395926507177
run_1942_cfg_648_seed_1_of0,1,10,20,10,50.0,12,10,OF0,627,100.0,109.32854864433811,-68.42424242424242,1.0114673046251994,0.1704991797826103,3473.570342063158,5.340034357894736
run_1943_cfg_648_seed_2_of0,2,10,20,10,50.0,12,10,OF0,627,99.94151515151516,110.4194577352472,-69.7846889952153,1.0165231259968102,0.1713246868854559,3473.5682618105266,5.3658889263157885
run_1944_cfg_648_seed_3_of0,3,10,20,10,50.0,12,10,OF0,627,99.94682615629984,110.688995215311,-69.34130781499202,1.013572567783094,0.1707432437659069,3473.5697270277515,5.34767836937799
run_1945_cfg_649_seed_1_mrhof,1,10,20,10,50.0,12,20,MRHOF,627,100.0,108.40350877192982,-70.27272727272727,1.0169059011164274,0.0927215523657629,3473.7663416880387,2.9040390200956936
run_1946_cfg_649_seed_2_mrhof,2,10,20,10,50.0,12,20,MRHOF,627,100.0,109.25996810207336,-69.0,1.0172408293460926,0.0931839660730374,3473.765176405742,2.918521814354067
run_1947_cfg_649_seed_3_mrhof,3,10,20,10,50.0,12,20,MRHOF,627,100.0,109.55023923444976,-69.27272727272727,1.02377990430622,0.0931636106721012,3473.765227689953,2.9178844248803824
run_1948_cfg_650_seed_1_of0,1,10,20,10,50.0,12,20,OF0,627,100.0,109.89154704944178,-68.96810207336523,1.0201116427432215,0.0932278787878787,3473.765065745455,2.9198971636363638
run_1949_cfg_650_seed_2_of0,2,10,20,10,50.0,12,20,OF0,627,100.0,109.95534290271132,-69.43221690590111,1.015023923444976,0.0927482828282828,3473.766274327273,2.9048762181818177
run_1950_cfg_650_seed_3_of0,3,10,20,10,50.0,12,20,OF0,627,100.0,108.04306220095694,-68.62679425837321,1.015725677830941,0.0927747962117078,3473.7662075023927,2.905706755980861
run_1951_cfg_651_seed_1_mrhof,1,10,20,10,50.0,16,5,MRHOF,855,99.95295906432747,157.9216374269006,-71.74035087719298,1.0556608187134504,0.4578971594597533,3472.846099054036,14.341340328421053
run_1952_cfg_651_seed_2_mrhof,2,10,20,10,50.0,16,5,MRHOF,855,99.83574269005848,157.78479532163743,-71.4421052631579,1.0592748538011696,0.4611297056297459,3472.8379531171936,14.442582686315788
run_1953_cfg_651_seed_3_mrhof,3,10,20,10,50.0,16,5,MRHOF,855,99.8232514619883,158.09941520467837,-69.4,1.0581286549707605,0.4580681802994554,3472.8456681880702,14.346695376842105
run_1954_cfg_652_seed_1_of0,1,10,20,10,50.0,16,5,OF0,855,99.90853801169592,158.98479532163742,-71.7345029239766,1.068877192982456,0.467111364405569,3472.8228793712283,14.629927814736842
run_1955_cfg_652_seed_2_of0,2,10,20,10,50.0,16,5,OF0,855,99.90933333333332,157.48771929824562,-73.0187134502924,1.062561403508772,0.4615476512826109,3472.8364829389475,14.455663578947368
run_1956_cfg_652_seed_3_of0,3,10,20,10,50.0,16,5,OF0,855,99.87108771929825,158.03391812865496,-69.68771929824561,1.055590643274854,0.4597601067605578,3472.841404524913,14.399686618947367
run_1957_cfg_653_seed_1_of0,1,10,20,10,50.0,16,10,OF0,855,100.0,150.22222222222223,-71.41520467836257,1.0298830409356723,0.2493904687409566,3473.3715360112287,7.810909574736842
run_1958_cfg_653_seed_2_of0,2,10,20,10,50.0,16,10,OF0,855,99.95711111111112,149.306432748538,-69.91812865497076,1.03353216374269,0.2489844990253411,3473.3725590624563,7.798194509473684
run_1959_cfg_653_seed_3_of0,3,10,20,10,50.0,16,10,OF0,855,99.91422222222222,150.0888888888889,-70.13567251461988,1.0334619883040936,0.247969901656084,3473.3751158456143,7.766417347368421
run_1960_cfg_654_seed_1_mrhof,1,10,20,10,50.0,16,20,MRHOF,855,99.92201169590643,147.3906432748538,-73.0280701754386,1.0311929824561403,0.1339031716187506,3473.662564002808,4.19384739368421
run_1961_cfg_654_seed_2_mrhof,2,10,20,10,50.0,16,20,MRHOF,855,99.92201169590643,146.64327485380116,-69.4,1.0218947368421052,0.1325610916179337,3473.6659460491232,4.151813389473684
run_1962_cfg_654_seed_3_mrhof,3,10,20,10,50.0,16,20,MRHOF,855,100.0,145.44795321637426,-71.46666666666667,1.024058479532164,0.132468091830808,3473.666598037895,4.148901423157894
run_1963_cfg_655_seed_1_of0,1,10,20,10,50.0,16,20,OF0,855,99.96100584795322,147.2970760233918,-70.4093567251462,1.0275555555555556,0.1331396179337232,3473.664488162807,4.16993283368421
run_1964_cfg_655_seed_2_of0,2,10,20,10,50.0,16,20,OF0,855,100.0,145.3859649122807,-70.30058479532164,1.0216023391812863,0.1327318166489677,3473.66551581193,4.157160623157894
run_1965_cfg_655_seed_3_of0,3,10,20,10,50.0,16,20,OF0,855,99.92201169590643,146.8842105263158,-71.8327485380117,1.020842105263158,0.1328559659247365,3473.665018840702,4.161047966315789
run_1975_cfg_659_seed_1_of0,1,10,20,10,60.0,12,5,OF0,627,99.90574162679428,96.9090909090909,-69.28070175438596,1.0128867623604467,0.2527631236002619,3473.363036922488,7.916541106220095
run_1976_cfg_659_seed_2_of0,2,10,20,10,60.0,12,5,OF0,627,99.96810207336524,97.11642743221692,-67.35566188197767,1.0148644338118022,0.2539270404871585,3473.3601038622014,7.952994855502392
run_1977_cfg_659_seed_3_of0,3,10,20,10,60.0,12,5,OF0,627,99.98226475279108,97.15948963317383,-66.44497607655502,1.0149920255183411,0.2536942885785111,3473.360690388517,7.945705171291865
run_1978_cfg_660_seed_1_mrhof,1,10,20,10,60.0,12,10,MRHOF,627,99.97341307814992,95.585326953748,-68.9090909090909,1.0120574162679428,0.1408523409782231,3473.6445867023926,4.411495096650717
run_1979_cfg_660_seed_2_mrhof,2,10,20,10,60.0,12,10,MRHOF,627,100.0,94.22009569377992,-67.45454545454545,1.0064593301435405,0.1403541767037151,3473.6463074832536,4.395892708133971
run_1980_cfg_660_seed_3_mrhof,3,10,20,10,60.0,12,10,MRHOF,627,99.97341307814992,94.07177033492825,-64.9090909090909,1.0050877192982457,0.1407180459113237,3473.645390530144,4.407289125358852
run_1981_cfg_661_seed_1_of0,1,10,20,10,60.0,12,10,OF0,627,100.0,95.244019138756,-69.50717703349282,1.0113556618819777,0.140946689653151,3473.644814346412,4.414450266028708
run_1982_cfg_661_seed_2_of0,2,10,20,10,60.0,12,10,OF0,627,100.0,94.69059011164276,-65.7049441786284,1.0079106858054228,0.1408258372698461,3473.6451188899528,4.410665224880383
run_1983_cfg_661_seed_3_of0,3,10,20,10,60.0,12,10,OF0,627,100.0,93.86283891547048,-66.37480063795853,1.007511961722488,0.1404303243037383,3473.646115582776,4.398277756937799
run_1984_cfg_662_seed_1_mrhof,1,10,20,10,60.0,16,5,MRHOF,855,99.8126081871345,126.83859649122807,-70.0,1.028783625730994,0.348648730040053,3473.1214051929824,10.919678315789474
run_1985_cfg_662_seed_2_mrhof,2,10,20,10,60.0,16,5,MRHOF,855,99.87911111111111,126.96374269005848,-66.06666666666666,1.0373567251461988,0.350115427080754,3473.1177091143863,10.96561529263158
run_1986_cfg_662_seed_3_mrhof,3,10,20,10,60.0,16,5,MRHOF,855,99.84795321637426,127.14736842105263,-67.0046783625731,1.039122807017544,0.3510001698018621,3473.1154795677194,10.993325372631578
run_1987_cfg_663_seed_1_mrhof,1,10,20,10,60.0,16,10,MRHOF,855,99.95711111111112,122.7578947368421,-71.46666666666667,1.0221052631578946,0.1922017305095804,3473.515651637895,6.019758214736842
run_1988_cfg_663_seed_2_mrhof,2,10,20,10,60.0,16,10,MRHOF,855,99.98050292397662,120.83391812865496,-70.4,1.0176608187134504,0.1923346736677489,3473.5153166203518,6.023922004210526
run_1989_cfg_663_seed_3_mrhof,3,10,20,10,60.0,16,10,MRHOF,855,99.93761403508772,121.26081871345028,-67.4,1.0195204678362573,0.1922529455268453,3473.5155225824565,6.021362189473684
run_1990_cfg_664_seed_1_mrhof,1,10,20,10,60.0,16,20,MRHOF,855,99.92201169590643,120.67134502923976,-69.86666666666666,1.0214619883040936,0.1044872046783625,3473.736692244211,3.272539250526316
run_1991_cfg_664_seed_2_mrhof,2,10,20,10,60.0,16,20,MRHOF,855,99.96100584795322,122.05730994152049,-71.10409356725147,1.0245380116959064,0.1049942493002369,3473.735414501053,3.288419772631579
run_1992_cfg_664_seed_3_mrhof,3,10,20,10,60.0,16,20,MRHOF,855,100.0,119.7625730994152,-70.45263157894736,1.0198128654970762,0.104624480380723,3473.736346301755,3.276838821052632
run_2005_cfg_669_seed_1_mrhof,1,12,16,0,40.0,12,5,MRHOF,627,100.0,141.7320574162679,-73.36363636363636,1.0386443381180224,0.4120906260312524,3472.9615316057425,12.906678614354066
run_2006_cfg_669_seed_2_mrhof,2,12,16,0,40.0,12,5,MRHOF,627,99.95215311004785,141.5773524720893,-73.36363636363636,1.0459330143540668,0.4127345859510626,3472.959908838277,12.92684729569378
run_2007_cfg_669_seed_3_mrhof,3,12,16,0,40.0,12,5,MRHOF,627,99.93763955342902,141.60765550239233,-73.27272727272727,1.056714513556619,0.4132357824307755,3472.958645810527,12.942544926315788
run_2008_cfg_670_seed_1_mrhof,1,12,16,0,40.0,12,10,MRHOF,627,99.97341307814992,136.08931419457736,-73.27272727272727,1.02311004784689,0.2268856337478548,3473.428248199043,7.106058097607656
run_2009_cfg_670_seed_2_mrhof,2,12,16,0,40.0,12,10,MRHOF,627,100.0,136.2488038277512,-73.27272727272727,1.0237639553429028,0.2271801605852537,3473.4275059980864,7.115282595215311
run_2010_cfg_670_seed_3_mrhof,3,12,16,0,40.0,12,10,MRHOF,627,99.96810207336524,136.3811802232855,-73.63636363636364,1.0268261562998406,0.2259120457655288,3473.4307016421058,7.075565305263157
run_2011_cfg_671_seed_1_mrhof,1,12,16,0,40.0,12,20,MRHOF,627,100.0,135.88995215311004,-73.27272727272727,1.0256778309409889,0.1244719404572036,3473.6863307100484,3.8984611751196168
run_2012_cfg_671_seed_2_mrhof,2,12,16,0,40.0,12,20,MRHOF,627,100.0,132.93141945773525,-73.27272727272727,1.0164114832535884,0.1236584157363104,3473.688380792345,3.872981580861244
run_2013_cfg_671_seed_3_mrhof,3,12,16,0,40.0,12,20,MRHOF,627,100.0,134.3732057416268,-73.63636363636364,1.0302551834130782,0.1248232928125262,3473.685445266986,3.909465967464114
run_2014_cfg_672_seed_1_of0,1,12,16,0,40.0,12,20,OF0,627,99.89365231259968,136.207336523126,-73.4194577352472,1.0384529505582136,0.1246629452418926,3473.685849377991,3.904443444976076
run_2015_cfg_672_seed_2_of0,2,12,16,0,40.0,12,20,OF0,627,100.0,133.23285486443382,-73.33173843700159,1.0132535885167464,0.1233739074960127,3473.68909775311,3.86407078277512
run_2016_cfg_672_seed_3_of0,3,12,16,0,40.0,12,20,OF0,627,100.0,133.00318979266348,-73.63636363636364,1.0215151515151517,0.1240040197589979,3473.6875098717705,3.883805879425837
run_2017_cfg_673_seed_1_of0,1,12,16,0,40.0,16,5,OF0,855,99.67950877192982,189.2210526315789,-76.94035087719298,1.10093567251462,0.5651837012981642,3472.5757371059653,17.701553111578946
run_2018_cfg_673_seed_2_of0,2,12,16,0,40.0,16,5,OF0,855,99.58750877192983,191.36374269005847,-76.81754385964912,1.1023391812865495,0.5906743873451741,3472.5112705768424,18.499918349473685
run_2019_cfg_673_seed_3_of0,3,12,16,0,40.0,16,5,OF0,855,99.83836257309942,190.8608187134503,-76.93333333333334,1.1188888888888888,0.5710122609112787,3472.561049111579,17.884103898947366
run_2020_cfg_674_seed_1_mrhof,1,12,16,0,40.0,16,20,MRHOF,855,100.0,171.23391812865498,-76.6,1.0395204678362573,0.1615833918134471,3473.592809852632,5.060791831578947
run_2021_cfg_674_seed_2_mrhof,2,12,16,0,40.0,16,20,MRHOF,855,99.96100584795322,170.89005847953217,-76.6,1.0367719298245617,0.1610818876194277,3473.594073644913,5.0450846989473686
run_2022_cfg_674_seed_3_mrhof,3,12,16,0,40.0,16,20,MRHOF,855,99.8635321637427,171.58830409356725,-77.2,1.0470760233918128,0.1611789772094979,3473.593828974035,5.048125608421052
run_2023_cfg_675_seed_1_of0,1,12,16,0,40.0,16,20,OF0,855,99.92201169590643,172.39415204678363,-76.78479532163743,1.043497076023392,0.1618865957353669,3473.5920457768425,5.070288202105263
run_2024_cfg_675_seed_2_of0,2,12,16,0,40.0,16,20,OF0,855,100.0,170.1263157894737,-76.60350877192982,1.0377894736842106,0.161577078255775,3473.593005591579,5.060594509473684
run_2025_cfg_675_seed_3_of0,3,12,16,0,40.0,16,20,OF0,855,99.92201169590643,169.09590643274854,-77.18713450292398,1.0460350877192983,0.1611652866284013,3473.593863477895,5.047696774736841
run_2041_cfg_681_seed_1_of0,1,12,16,0,50.0,12,5,OF0,627,99.9503668261563,113.518341307815,-68.41786283891547,1.023237639553429,0.3171589757774972,3473.200759372249,9.93341923062201
run_2042_cfg_681_seed_2_of0,2,12,16,0,50.0,12,5,OF0,627,99.98405103668262,113.9011164274322,-68.55023923444976,1.028995215311005,0.3196097762919943,3473.1945831885173,10.010180371291865
run_2043_cfg_681_seed_3_of0,3,12,16,0,50.0,12,5,OF0,627,99.91990430622008,113.63955342902712,-68.50558213716108,1.026714513556619,0.3184037682046297,3473.197622514833,9.97240588708134
run_2044_cfg_682_seed_1_of0,1,12,16,0,50.0,12,10,OF0,627,100.0,110.99043062200955,-69.2822966507177,1.0186602870813397,0.1782737905369484,3473.550750047847,5.583535119617225
run_2045_cfg_682_seed_2_of0,2,12,16,0,50.0,12,10,OF0,627,100.0,109.8054226475279,-68.59649122807018,1.0143221690590112,0.1777094014591128,3473.552172287081,5.56585871770335
run_2046_cfg_682_seed_3_of0,3,12,16,0,50.0,12,10,OF0,627,100.0,110.09250398724085,-68.01754385964912,1.0077033492822969,0.1772448208087497,3473.553343035407,5.551307988516746
run_2047_cfg_683_seed_1_of0,1,12,16,0,50.0,12,20,OF0,627,100.0,109.3157894736842,-67.94896331738437,1.011244019138756,0.0995257016969171,3473.749195238277,3.11714489569378
run_2048_cfg_683_seed_2_of0,2,12,16,0,50.0,12,20,OF0,627,100.0,109.1818181818182,-69.55502392344498,1.015645933014354,0.0994710236688726,3473.7493330143543,3.115432535885168
run_2049_cfg_683_seed_3_of0,3,12,16,0,50.0,12,20,OF0,627,100.0,108.03508771929825,-69.27272727272727,1.0136682615629984,0.0998195427963849,3473.748454752153,3.1263480803827752
run_2050_cfg_684_seed_1_mrhof,1,12,16,0,50.0,16,5,MRHOF,855,99.90617543859648,157.9906432748538,-71.44327485380117,1.063239766081871,0.4698273149244614,3472.816035149474,14.71499171368421
run_2051_cfg_684_seed_2_mrhof,2,12,16,0,50.0,16,5,MRHOF,855,99.96491228070175,157.72748538011697,-70.13333333333334,1.0591345029239767,0.4717667734701683,3472.8111477052635,14.775735663157894
run_2052_cfg_684_seed_3_mrhof,3,12,16,0,50.0,16,5,MRHOF,855,99.90748538011697,158.38245614035088,-70.33801169590643,1.0625380116959064,0.465833648320915,3472.826099194386,14.589910012631575
run_2053_cfg_685_seed_1_of0,1,12,16,0,50.0,16,5,OF0,855,99.9446783625731,160.62105263157895,-71.28070175438596,1.0621754385964912,0.4724890790251311,3472.8093275677197,14.798357372631576
run_2054_cfg_685_seed_2_of0,2,12,16,0,50.0,16,5,OF0,855,99.95190643274854,158.64093567251462,-70.36608187134503,1.061824561403509,0.4721283450491386,3472.8102365754385,14.787059705263156
run_2055_cfg_685_seed_3_of0,3,12,16,0,50.0,16,5,OF0,855,99.76530994152048,158.08304093567253,-72.05614035087719,1.0535789473684212,0.4684240840896886,3472.8195712842107,14.671042610526314
run_2056_cfg_686_seed_1_mrhof,1,12,16,0,50.0,16,10,MRHOF,855,99.953216374269,150.87836257309942,-72.26666666666667,1.0298011695906433,0.255443967490006,3473.356281218246,8.000504858947368
run_2057_cfg_686_seed_2_mrhof,2,12,16,0,50.0,16,10,MRHOF,855,99.95711111111112,149.53450292397662,-72.13333333333334,1.034187134502924,0.2566820986844426,3473.353502360702,8.039284025263157
run_2058_cfg_686_seed_3_mrhof,3,12,16,0,50.0,16,10,MRHOF,855,99.98050292397662,149.75555555555556,-71.0,1.0261988304093568,0.2538840037311269,3473.360212300351,7.951647124210526
run_2059_cfg_687_seed_1_of0,1,12,16,0,50.0,16,10,OF0,855,99.93371929824562,152.11929824561403,-72.82456140350877,1.0360233918128654,0.2576298527608978,3473.350772783158,8.068966837894736
run_2060_cfg_687_seed_2_of0,2,12,16,0,50.0,16,10,OF0,855,99.98050292397662,150.03157894736842,-70.33333333333333,1.036093567251462,0.256779384494481,3473.3529159522814,8.04233030736842
run_2061_cfg_687_seed_3_of0,3,12,16,0,50.0,16,10,OF0,855,99.96100584795322,150.07134502923978,-69.98830409356725,1.0320818713450293,0.255538190792057,3473.3560437389474,8.00345638736842
run_2062_cfg_688_seed_1_mrhof,1,12,16,0,50.0,16,20,MRHOF,855,100.0,149.0140350877193,-72.86666666666666,1.038701754385965,0.1416741272388306,3473.6429925529824,4.43723395368421
run_2063_cfg_688_seed_2_mrhof,2,12,16,0,50.0,16,20,MRHOF,855,99.96100584795322,146.8269005847953,-69.66666666666667,1.0258830409356725,0.1395132908627096,3473.648426498246,4.369556378947368
run_2064_cfg_688_seed_3_mrhof,3,12,16,0,50.0,16,20,MRHOF,855,100.0,146.84561403508772,-72.13333333333334,1.0244444444444445,0.1396575719023701,3473.6480629108773,4.374075250526316
run_2065_cfg_689_seed_1_of0,1,12,16,0,50.0,16,20,OF0,855,100.0,147.2736842105263,-73.47953216374269,1.0299649122807015,0.1407247880163386,3473.645373535439,4.407500345263157
run_2066_cfg_689_seed_2_of0,2,12,16,0,50.0,16,20,OF0,855,99.90252631578949,146.71345029239765,-70.42923976608188,1.0216374269005848,0.139777512507372,3473.6477606680705,4.377831696842105
run_2067_cfg_689_seed_3_of0,3,12,16,0,50.0,16,20,OF0,855,100.0,145.47719298245613,-70.6187134502924,1.020374269005848,0.1392412791920003,3473.649111977544,4.361036850526316
run_2083_cfg_695_seed_1_mrhof,1,12,16,0,60.0,12,5,MRHOF,627,99.9503668261563,97.14832535885168,-73.45454545454545,1.0135087719298246,0.2603673777204184,3473.343874204785,8.154706311961723
run_2084_cfg_695_seed_2_mrhof,2,12,16,0,60.0,12,5,MRHOF,627,99.98548644338118,96.46730462519936,-68.0909090909091,1.01377990430622,0.2604237896712859,3473.3437320344506,8.1564732861244
run_2085_cfg_695_seed_3_mrhof,3,12,16,0,60.0,12,5,MRHOF,627,99.95215311004785,97.4976076555024,-64.45454545454545,1.0167942583732057,0.2614453130356939,3473.341157802872,8.188467307177032
run_2086_cfg_696_seed_1_of0,1,12,16,0,60.0,12,5,OF0,627,99.96810207336524,97.3732057416268,-71.31897926634768,1.0166188197767143,0.2614980329611909,3473.3410249569383,8.190118392344498
run_2087_cfg_696_seed_2_of0,2,12,16,0,60.0,12,5,OF0,627,99.93763955342902,97.19776714513556,-68.97129186602871,1.0188038277511962,0.2609323116687762,3473.342450572249,8.17240003062201
run_2088_cfg_696_seed_3_of0,3,12,16,0,60.0,12,5,OF0,627,99.916331738437,97.6267942583732,-67.63157894736842,1.01451355661882,0.260183882730517,3473.344336620096,8.148959150239234
run_2089_cfg_697_seed_1_mrhof,1,12,16,0,60.0,12,10,MRHOF,627,100.0,95.21371610845296,-70.63636363636364,1.0097288676236045,0.1476180533657175,3473.6280025033498,4.623397458373206
run_2090_cfg_697_seed_2_mrhof,2,12,16,0,60.0,12,10,MRHOF,627,100.0,93.81180223285486,-64.45454545454545,1.0064433811802231,0.1477348432312946,3473.627708195216,4.627055288038277
run_2091_cfg_697_seed_3_mrhof,3,12,16,0,60.0,12,10,MRHOF,627,99.97341307814992,94.896331738437,-65.9090909090909,1.0069218500797448,0.147527379038092,3473.628231004785,4.620557511961723
run_2092_cfg_698_seed_1_of0,1,12,16,0,60.0,12,10,OF0,627,100.0,95.22966507177034,-72.15151515151516,1.008341307814992,0.1476504817197606,3473.627920780861,4.624413152153109
run_2093_cfg_698_seed_2_of0,2,12,16,0,60.0,12,10,OF0,627,100.0,94.63317384370016,-69.82934609250398,1.009872408293461,0.148058543091515,3473.6268924708133,4.637193577033492
run_2094_cfg_698_seed_3_of0,3,12,16,0,60.0,12,10,OF0,627,99.94151515151516,94.77990430622008,-65.78787878787878,1.0099202551834132,0.148107899673247,3473.626768091867,4.638739429665072
run_2095_cfg_699_seed_1_mrhof,1,12,16,0,60.0,12,20,MRHOF,627,100.0,94.04465709728868,-69.63636363636364,1.0119298245614037,0.0845048162163753,3473.7870478622017,2.646690855502392
run_2096_cfg_699_seed_2_mrhof,2,12,16,0,60.0,12,20,MRHOF,627,100.0,93.94736842105264,-67.27272727272727,1.01311004784689,0.0844364457463413,3473.7872201492823,2.644549573205741
run_2097_cfg_699_seed_3_mrhof,3,12,16,0,60.0,12,20,MRHOF,627,100.0,94.39712918660288,-64.9090909090909,1.0122966507177034,0.0848074422525703,3473.78628524402,2.6561691100478466
run_2098_cfg_700_seed_1_of0,1,12,16,0,60.0,12,20,OF0,627,99.94682615629984,93.11323763955345,-66.5725677830941,1.0110526315789472,0.0842690909090909,3473.787641890909,2.639307927272727
run_2099_cfg_700_seed_2_of0,2,12,16,0,60.0,12,20,OF0,627,100.0,94.25199362041468,-65.04465709728868,1.0100956937799044,0.0845447527910685,3473.7869472229672,2.647941657416268
run_2100_cfg_700_seed_3_of0,3,12,16,0,60.0,12,20,OF0,627,100.0,92.9585326953748,-69.72727272727273,1.0128548644338118,0.0846101220437844,3473.7867824918662,2.649989029665072
run_2101_cfg_701_seed_1_mrhof,1,12,16,0,60.0,16,5,MRHOF,855,99.85005847953217,126.52982456140352,-71.68888888888888,1.0393216374269003,0.3578036755972668,3473.0983347256147,11.20641126736842
run_2102_cfg_701_seed_2_mrhof,2,12,16,0,60.0,16,5,MRHOF,855,99.94126315789474,126.8046783625731,-70.86666666666666,1.0385380116959064,0.3591378904956601,3473.094972524913,11.248198618947368
run_2103_cfg_701_seed_3_mrhof,3,12,16,0,60.0,16,5,MRHOF,855,99.91787134502924,125.67017543859647,-66.53333333333333,1.030795321637427,0.3580507195483759,3473.09803864421,11.214151275789472
run_2104_cfg_702_seed_1_of0,1,12,16,0,60.0,16,5,OF0,855,99.89553216374269,127.11695906432747,-70.76608187134502,1.031766081871345,0.3585606031340679,3473.0964272673687,11.230118248421052
run_2105_cfg_702_seed_2_of0,2,12,16,0,60.0,16,5,OF0,855,99.89447953216374,126.36140350877191,-71.18830409356725,1.028093567251462,0.3559795052709701,3473.1029316378954,11.149278214736842
run_2106_cfg_702_seed_3_of0,3,12,16,0,60.0,16,5,OF0,855,99.9191812865497,126.74619883040936,-68.29005847953216,1.0337894736842106,0.3583192910903748,3473.0971030877195,11.222560421052632
run_2107_cfg_703_seed_1_mrhof,1,12,16,0,60.0,16,10,MRHOF,855,99.98050292397662,122.41754385964911,-71.66666666666667,1.026701754385965,0.2001277668480553,3473.495678029474,6.26800163368421
run_2108_cfg_703_seed_2_mrhof,2,12,16,0,60.0,16,10,MRHOF,855,99.953216374269,120.98245614035088,-65.93333333333334,1.0163391812865497,0.1995908339160862,3473.497031107369,6.251184808421052
run_2109_cfg_703_seed_3_mrhof,3,12,16,0,60.0,16,10,MRHOF,855,99.98050292397662,120.846783625731,-65.4,1.013953216374269,0.1985513390368204,3473.499650649825,6.218627637894736
run_2128_cfg_710_seed_1_of0,1,12,16,5,40.0,12,5,OF0,627,99.98226475279108,141.3939393939394,-73.44178628389155,1.0383253588516743,0.4103437023140607,3472.965933795216,12.851965688038277
run_2129_cfg_710_seed_2_of0,2,12,16,5,40.0,12,5,OF0,627,99.82564593301436,140.63636363636363,-73.48325358851675,1.0438755980861243,0.4106552332466096,3472.9649960153115,12.861720344497606
run_2130_cfg_710_seed_3_of0,3,12,16,5,40.0,12,5,OF0,627,99.96631578947368,140.37639553429028,-73.45933014354067,1.0395215311004784,0.4092491576681308,3472.9683192459333,12.817681194258371
run_2131_cfg_711_seed_1_mrhof,1,12,16,5,40.0,12,10,MRHOF,627,100.0,135.94098883572568,-73.27272727272727,1.030047846889952,0.2269424901091765,3473.42810490335,7.107839058373205
run_2132_cfg_711_seed_2_mrhof,2,12,16,5,40.0,12,10,MRHOF,627,100.0,136.0909090909091,-73.27272727272727,1.026427432216906,0.2257323094467433,3473.431154572249,7.069936030622009
run_2133_cfg_711_seed_3_mrhof,3,12,16,5,40.0,12,10,MRHOF,627,99.97341307814992,137.16427432216906,-73.63636363636364,1.0306379585326957,0.2265348106592404,3473.4291323023926,7.09506995598086
run_2134_cfg_712_seed_1_of0,1,12,16,5,40.0,12,10,OF0,627,99.93620414673046,136.32057416267943,-73.3987240829346,1.0188676236044658,0.225676837043864,3473.4312943846894,7.068198361722487
run_2135_cfg_712_seed_2_of0,2,12,16,5,40.0,12,10,OF0,627,99.97341307814992,135.80382775119617,-73.29346092503987,1.0270653907496012,0.2252857485675999,3473.4322799311008,7.055949427751196
run_2136_cfg_712_seed_3_of0,3,12,16,5,40.0,12,10,OF0,627,100.0,135.83094098883572,-73.72727272727273,1.0215948963317385,0.2252679617838137,3473.432324731101,7.055392627751195
run_2137_cfg_713_seed_1_mrhof,1,12,16,5,40.0,12,20,MRHOF,627,100.0,134.52950558213715,-73.27272727272727,1.0175598086124402,0.1229669128773002,3473.6901233837325,3.851323659330144
run_2138_cfg_713_seed_2_mrhof,2,12,16,5,40.0,12,20,MRHOF,627,100.0,135.46730462519938,-73.27272727272727,1.032488038277512,0.124107687400319,3473.687248627752,3.88705276937799
run_2139_cfg_713_seed_3_mrhof,3,12,16,5,40.0,12,20,MRHOF,627,100.0,132.00159489633174,-73.63636363636364,1.021275917065391,0.1228678984670531,3473.690372891866,3.848222629665071
run_2140_cfg_714_seed_1_mrhof,1,12,16,5,40.0,16,5,MRHOF,855,99.80853801169592,187.7684210526316,-76.70994152046784,1.1015555555555556,0.5609737603220549,3472.5863460996493,17.569698475789473
run_2141_cfg_714_seed_2_mrhof,2,12,16,5,40.0,16,5,MRHOF,855,99.9191812865497,187.540350877193,-76.64444444444445,1.0975789473684212,0.5612926942190352,3472.585542450526,17.57968668631579
run_2142_cfg_714_seed_3_mrhof,3,12,16,5,40.0,16,5,MRHOF,855,99.78304093567252,188.05146198830408,-76.64795321637428,1.1019181286549709,0.5590663144018138,3472.591152864561,17.509957254736843
run_2143_cfg_715_seed_1_of0,1,12,16,5,40.0,16,5,OF0,855,99.71957894736845,191.6584795321637,-76.91929824561403,1.0990760233918129,0.5763514012685444,3472.547594492632,18.051325591578944
run_2144_cfg_715_seed_2_of0,2,12,16,5,40.0,16,5,OF0,855,99.70446783625732,189.45029239766083,-76.67953216374269,1.1070409356725146,0.5733565757066401,3472.5551415242107,17.957526770526314
run_2145_cfg_715_seed_3_of0,3,12,16,5,40.0,16,5,OF0,855,99.91656140350878,189.89005847953217,-76.66900584795322,1.108970760233918,0.5742156431898647,3472.5527032336845,17.984430955789474
run_2146_cfg_716_seed_1_of0,1,12,16,5,40.0,16,10,OF0,855,99.93761403508772,177.05029239766083,-76.99649122807017,1.0554035087719298,0.3031551175565845,3473.2360490217548,9.49481930105263
run_2147_cfg_716_seed_2_of0,2,12,16,5,40.0,16,10,OF0,855,99.906432748538,176.62222222222223,-76.58479532163743,1.0585029239766082,0.306710383676201,3473.2270898470183,9.606169044210526
run_2148_cfg_716_seed_3_of0,3,12,16,5,40.0,16,10,OF0,855,99.89861988304096,173.58830409356725,-77.14619883040936,1.0432280701754386,0.2980449488399351,3473.2489267424567,9.334767629473683
run_2149_cfg_717_seed_1_mrhof,1,12,16,5,40.0,16,20,MRHOF,855,99.92201169590643,169.9309941520468,-76.6,1.0335906432748538,0.160600062320949,3473.5952878428075,5.02999395368421
run_2150_cfg_717_seed_2_mrhof,2,12,16,5,40.0,16,20,MRHOF,855,99.92201169590643,170.93216374269005,-76.6,1.037719298245614,0.1609763742690058,3473.594339536842,5.041780042105263
run_2151_cfg_717_seed_3_mrhof,3,12,16,5,40.0,16,20,MRHOF,855,99.96100584795322,169.9450292397661,-77.2,1.037812865497076,0.1603188927875243,3473.595996390176,5.021187722105263
run_2152_cfg_718_seed_1_of0,1,12,16,5,40.0,16,20,OF0,855,99.8635321637427,170.412865497076,-76.87251461988303,1.047391812865497,0.1609383703703703,3473.5944353066666,5.04058976
run_2153_cfg_718_seed_2_of0,2,12,16,5,40.0,16,20,OF0,855,99.84402339181288,172.34269005847952,-76.65964912280701,1.0502105263157897,0.1623272517783376,3473.590935326316,5.084089515789473
run_2154_cfg_718_seed_3_of0,3,12,16,5,40.0,16,20,OF0,855,99.88301754385964,173.35087719298247,-77.13099415204678,1.0567836257309942,0.1623119829676488,3473.5909737992984,5.083611351578947
run_2164_cfg_722_seed_1_of0,1,12,16,5,50.0,12,5,OF0,627,99.95502392344498,114.38118022328548,-68.3157894736842,1.0243062200956938,0.3169171724885885,3473.2013687272733,9.925845818181816
run_2165_cfg_722_seed_2_of0,2,12,16,5,50.0,12,5,OF0,627,99.93441786283891,112.95374800637958,-67.8755980861244,1.0274800637958532,0.3174491381139215,3473.200028156938,9.942507192344497
run_2166_cfg_722_seed_3_of0,3,12,16,5,50.0,12,5,OF0,627,99.9695374800638,113.4976076555024,-69.07336523125997,1.0252312599681022,0.3166774066996272,3473.2019729377994,9.918336344497607
run_2167_cfg_723_seed_1_mrhof,1,12,16,5,50.0,12,10,MRHOF,627,99.96810207336524,110.90430622009568,-69.45454545454545,1.0150079744816587,0.1766635210595815,3473.5548079311006,5.533101427751196
run_2168_cfg_723_seed_2_mrhof,2,12,16,5,50.0,12,10,MRHOF,627,100.0,110.21690590111643,-69.36363636363636,1.0114035087719295,0.1771967656667559,3473.5534641454547,5.549802763636364
run_2169_cfg_723_seed_3_mrhof,3,12,16,5,50.0,12,10,MRHOF,627,100.0,110.34609250398724,-69.27272727272727,1.0165390749601275,0.176257586390218,3473.555830882297,5.520387605741626
run_2170_cfg_724_seed_1_of0,1,12,16,5,50.0,12,10,OF0,627,100.0,110.34290271132376,-69.17065390749602,1.0144497607655505,0.1762026794258373,3473.555969247847,5.518667919617225
run_2171_cfg_724_seed_2_of0,2,12,16,5,50.0,12,10,OF0,627,99.94151515151516,109.64433811802232,-67.50398724082935,1.0183732057416268,0.1768622434875066,3473.554307146412,5.539325466028708
run_2172_cfg_724_seed_3_of0,3,12,16,5,50.0,12,10,OF0,627,100.0,110.35406698564591,-68.76555023923444,1.0133333333333334,0.1766067403057938,3473.5549510124406,5.531323131100479
run_2173_cfg_725_seed_1_mrhof,1,12,16,5,50.0,12,20,MRHOF,627,99.94682615629984,110.55661881977672,-70.0,1.0319457735247208,0.0991576808534413,3473.7501226411487,3.105618602870813
run_2174_cfg_725_seed_2_mrhof,2,12,16,5,50.0,12,20,MRHOF,627,100.0,108.78149920255184,-69.36363636363636,1.0165709728867622,0.0982697713981924,3473.7523601760768,3.0778092401913875
run_2175_cfg_725_seed_3_mrhof,3,12,16,5,50.0,12,20,MRHOF,627,99.92025518341308,106.5725677830941,-69.27272727272727,1.0105582137161084,0.0979675486295993,3473.753121776077,3.0683436401913875
run_2176_cfg_726_seed_1_mrhof,1,12,16,5,50.0,16,5,MRHOF,855,99.929567251462,160.1719298245614,-70.97777777777777,1.0645146198830409,0.4682063333367485,3472.8201200449125,14.664222298947369
run_2177_cfg_726_seed_2_mrhof,2,12,16,5,50.0,16,5,MRHOF,855,99.953216374269,157.10994152046783,-70.13333333333334,1.0548187134502924,0.468898727629748,3472.818375202808,14.685908193684211
run_2178_cfg_726_seed_3_mrhof,3,12,16,5,50.0,16,5,MRHOF,855,99.9106432748538,156.5637426900585,-72.86666666666666,1.057672514619883,0.4640790747334786,3472.830520797193,14.53495580631579
run_2179_cfg_727_seed_1_mrhof,1,12,16,5,50.0,16,10,MRHOF,855,99.98050292397662,149.96608187134504,-71.53333333333333,1.0281169590643275,0.2535431443907157,3473.361071242105,7.940971705263157
run_2180_cfg_727_seed_2_mrhof,2,12,16,5,50.0,16,10,MRHOF,855,99.9766081871345,151.12748538011695,-72.13216374269005,1.0410409356725148,0.2569253704825333,3473.352548042106,8.046902905263158
run_2181_cfg_727_seed_3_mrhof,3,12,16,5,50.0,16,10,MRHOF,855,100.0,150.78011695906432,-71.66666666666667,1.038140350877193,0.2537674433942645,3473.3605060154387,7.947996665263157
run_2182_cfg_728_seed_1_of0,1,12,16,5,50.0,16,10,OF0,855,99.98050292397662,149.29122807017544,-72.25497076023392,1.0290994152046784,0.2533666556669708,3473.3615160196496,7.935443755789473
run_2183_cfg_728_seed_2_of0,2,12,16,5,50.0,16,10,OF0,855,99.953216374269,151.3953216374269,-70.9578947368421,1.0375438596491229,0.2558115883958339,3473.355354683509,8.012020362105263
run_2184_cfg_728_seed_3_of0,3,12,16,5,50.0,16,10,OF0,855,99.95711111111112,150.95204678362572,-71.72163742690059,1.0387719298245617,0.2562805854243883,3473.354172906667,8.02670816
run_2185_cfg_729_seed_1_mrhof,1,12,16,5,50.0,16,20,MRHOF,855,100.0,148.49122807017545,-72.86666666666666,1.0324912280701757,0.139480452608943,3473.648509260352,4.368527764210526
run_2186_cfg_729_seed_2_mrhof,2,12,16,5,50.0,16,20,MRHOF,855,100.0,147.18830409356724,-69.66666666666667,1.0238362573099415,0.1389298037612689,3473.6498968814035,4.351281616842105
run_2187_cfg_729_seed_3_mrhof,3,12,16,5,50.0,16,20,MRHOF,855,99.92201169590643,147.16374269005848,-72.13333333333334,1.03106432748538,0.1381877273562061,3473.65176692772,4.328039612631579
run_2188_cfg_730_seed_1_of0,1,12,16,5,50.0,16,20,OF0,855,100.0,146.16608187134503,-71.54853801169591,1.0259415204678362,0.1391009902534113,3473.6494655045617,4.356643014736842
run_2189_cfg_730_seed_2_of0,2,12,16,5,50.0,16,20,OF0,855,100.0,146.03625730994153,-71.2093567251462,1.022233918128655,0.1387709157217011,3473.650297291228,4.346305094736842
run_2190_cfg_730_seed_3_of0,3,12,16,5,50.0,16,20,OF0,855,99.94152046783626,145.7204678362573,-71.06315789473685,1.0223157894736845,0.137830159822899,3473.652667997193,4.31684060631579
run_2197_cfg_733_seed_1_of0,1,12,16,5,60.0,12,5,OF0,627,99.93441786283891,97.61084529505582,-71.94258373205741,1.0128548644338118,0.2583475337698747,3473.3489642028712,8.091444907177033
run_2198_cfg_733_seed_2_of0,2,12,16,5,60.0,12,5,OF0,627,99.93585326953747,96.96810207336524,-68.05582137161085,1.017591706539075,0.2595075810695968,3473.3460408956944,8.127777439234448
run_2199_cfg_733_seed_3_of0,3,12,16,5,60.0,12,5,OF0,627,99.9695374800638,96.74003189792664,-66.33811802232854,1.0145773524720894,0.2594888041510078,3473.346088214354,8.127189335885166
run_2200_cfg_734_seed_1_mrhof,1,12,16,5,60.0,12,10,MRHOF,627,100.0,95.30143540669856,-70.63636363636364,1.0154545454545456,0.1459482366764035,3473.63221043445,4.5710988861244015
run_2201_cfg_734_seed_2_mrhof,2,12,16,5,60.0,12,10,MRHOF,627,100.0,94.09250398724085,-64.45454545454545,1.0109250398724083,0.1459798830409356,3473.632130694737,4.572089936842105
run_2202_cfg_734_seed_3_mrhof,3,12,16,5,60.0,12,10,MRHOF,627,99.97341307814992,95.1116427432217,-65.9090909090909,1.008341307814992,0.1457850079744816,3473.632621779905,4.565986449760765
run_2203_cfg_735_seed_1_of0,1,12,16,5,60.0,12,10,OF0,627,99.94682615629984,95.07974481658692,-70.73365231259969,1.0082456140350875,0.1456582451450089,3473.6329412210525,4.562016252631579
run_2204_cfg_735_seed_2_of0,2,12,16,5,60.0,12,10,OF0,627,99.97341307814992,94.70175438596492,-68.23923444976077,1.0088676236044658,0.1458066349075273,3473.632567280383,4.566663800956937
run_2205_cfg_735_seed_3_of0,3,12,16,5,60.0,12,10,OF0,627,100.0,94.98883572567784,-67.47049441786284,1.008213716108453,0.1458303381933515,3473.632507529187,4.567406422966507
run_2206_cfg_736_seed_1_of0,1,12,16,5,60.0,12,20,OF0,627,99.94682615629984,93.80223285486444,-68.16267942583733,1.0142105263157897,0.0826101014210175,3473.7918225454546,2.587348363636364
run_2207_cfg_736_seed_2_of0,2,12,16,5,60.0,12,20,OF0,627,99.94682615629984,93.59808612440192,-67.28548644338117,1.0142105263157897,0.0826343434343434,3473.791761454546,2.588107636363636
run_2208_cfg_736_seed_3_of0,3,12,16,5,60.0,12,20,OF0,627,100.0,93.7177033492823,-69.56140350877193,1.0109409888357257,0.0823406698564593,3473.792501511962,2.578909779904306
run_2209_cfg_737_seed_1_mrhof,1,12,16,5,60.0,16,10,MRHOF,855,99.9766081871345,122.08187134502924,-71.66666666666667,1.0224795321637428,0.197248930892542,3473.502932682105,6.177836665263158
run_2210_cfg_737_seed_2_mrhof,2,12,16,5,60.0,16,10,MRHOF,855,99.9766081871345,121.1766081871345,-65.93333333333334,1.017578947368421,0.197475119485626,3473.502362700351,6.184920724210525
run_2211_cfg_737_seed_3_mrhof,3,12,16,5,60.0,16,10,MRHOF,855,99.98050292397662,121.57894736842104,-65.93333333333334,1.021497076023392,0.1970823835164323,3473.5033523873685,6.172620328421052
run_2212_cfg_738_seed_1_of0,1,12,16,5,60.0,16,10,OF0,855,99.9766081871345,121.45146198830408,-72.37660818713451,1.0170058479532162,0.1971860729883135,3473.5030910933338,6.17586784
run_2213_cfg_738_seed_2_of0,2,12,16,5,60.0,16,10,OF0,855,99.95711111111112,121.69473684210526,-68.71461988304094,1.0166315789473686,0.1966562153109092,3473.5044263298246,6.159272757894736
run_2214_cfg_738_seed_3_of0,3,12,16,5,60.0,16,10,OF0,855,99.95711111111112,122.659649122807,-67.82105263157895,1.0192514619883042,0.1980863327923088,3473.5008224449125,6.204063898947369
run_2215_cfg_739_seed_1_mrhof,1,12,16,5,60.0,16,20,MRHOF,855,100.0,120.98011695906432,-69.26666666666667,1.0209005847953216,0.1097062277987857,3473.7235403003515,3.4359991242105257
run_2216_cfg_739_seed_2_mrhof,2,12,16,5,60.0,16,20,MRHOF,855,99.96100584795322,118.54853801169592,-70.26666666666667,1.0169707602339182,0.1091620586248507,3473.724911612632,3.418955671578947
run_2217_cfg_739_seed_3_mrhof,3,12,16,5,60.0,16,20,MRHOF,855,99.96100584795322,118.34269005847952,-68.53333333333333,1.0158596491228071,0.1090919290055448,3473.725088336843,3.416759242105263
run_2230_cfg_744_seed_1_mrhof,1,12,16,10,40.0,12,5,MRHOF,627,100.0,141.7320574162679,-73.36363636363636,1.0386443381180224,0.4120906260312524,3472.9615316057425,12.906678614354066
run_2231_cfg_744_seed_2_mrhof,2,12,16,10,40.0,12,5,MRHOF,627,99.95215311004785,141.5773524720893,-73.36363636363636,1.0459330143540668,0.4127345859510626,3472.959908838277,12.92684729569378
run_2232_cfg_744_seed_3_mrhof,3,12,16,10,40.0,12,5,MRHOF,627,99.93763955342902,141.60765550239233,-73.27272727272727,1.056714513556619,0.4132357824307755,3472.958645810527,12.942544926315788
run_2233_cfg_745_seed_1_of0,1,12,16,10,40.0,12,10,OF0,627,99.96810207336524,135.87878787878788,-73.34928229665071,1.0268261562998406,0.2262391641453144,3473.4298772899524,7.085810824880382
run_2234_cfg_745_seed_2_of0,2,12,16,10,40.0,12,10,OF0,627,99.96810207336524,135.4066985645933,-73.34768740031897,1.0244657097288676,0.2261491300485618,3473.4302393760763,7.082990859330143
run_2235_cfg_745_seed_3_of0,3,12,16,10,40.0,12,10,OF0,627,99.9096172248804,137.18979266347688,-73.39393939393939,1.032153110047847,0.2273854340347106,3473.4269887081346,7.121711770334927
run_2236_cfg_746_seed_1_mrhof,1,12,16,10,40.0,12,20,MRHOF,627,100.0,135.88995215311004,-73.27272727272727,1.0256778309409889,0.1244719404572036,3473.6863307100484,3.8984611751196168
run_2237_cfg_746_seed_2_mrhof,2,12,16,10,40.0,12,20,MRHOF,627,100.0,132.93141945773525,-73.27272727272727,1.0164114832535884,0.1236584157363104,3473.688380792345,3.872981580861244
run_2238_cfg_746_seed_3_mrhof,3,12,16,10,40.0,12,20,MRHOF,627,100.0,134.3732057416268,-73.63636363636364,1.0302551834130782,0.1248232928125262,3473.685445266986,3.909465967464114
run_2239_cfg_747_seed_1_mrhof,1,12,16,10,40.0,16,5,MRHOF,855,99.77752046783624,186.65380116959065,-77.0,1.0909941520467836,0.5591255845855952,3472.5910035312286,17.51181325473684
run_2240_cfg_747_seed_2_mrhof,2,12,16,10,40.0,16,5,MRHOF,855,99.85005847953217,186.9298245614035,-76.96023391812865,1.1021169590643276,0.56206984537939,3472.58358394386,17.60402812631579
run_2241_cfg_747_seed_3_mrhof,3,12,16,10,40.0,16,5,MRHOF,855,99.82511111111111,186.6046783625731,-76.6,1.1005380116959065,0.5588884151215191,3472.591601218246,17.50438485894737
run_2242_cfg_748_seed_1_of0,1,12,16,10,40.0,16,5,OF0,855,99.67950877192982,189.2210526315789,-76.94035087719298,1.10093567251462,0.5651837012981642,3472.5757371059653,17.701553111578946
run_2243_cfg_748_seed_2_of0,2,12,16,10,40.0,16,5,OF0,855,99.76873684210528,193.2385964912281,-76.78479532163743,1.1095204678362574,0.5862147836104706,3472.52250893193,18.36024165052632
run_2244_cfg_748_seed_3_of0,3,12,16,10,40.0,16,5,OF0,855,99.83836257309942,190.8608187134503,-76.93333333333334,1.1188888888888888,0.5710122609112787,3472.561049111579,17.884103898947366
run_2245_cfg_749_seed_1_of0,1,12,16,10,40.0,16,10,OF0,855,99.87133333333334,176.24795321637427,-76.94502923976609,1.0543625730994153,0.30625568816699,3473.2282356659653,9.591928151578946
run_2246_cfg_749_seed_2_of0,2,12,16,10,40.0,16,10,OF0,853,99.85932004689332,175.0187573270809,-76.68464243845251,1.052086752637749,0.3104532865840217,3473.2176577181717,9.723396931301288
run_2247_cfg_749_seed_3_of0,3,12,16,10,40.0,16,10,OF0,855,99.86548538011697,172.62923976608187,-76.9017543859649,1.0352982456140352,0.296994430407304,3473.2519199354388,9.30186905263158
run_2248_cfg_750_seed_1_of0,1,12,16,10,40.0,16,20,OF0,855,99.92201169590643,172.39415204678363,-76.78479532163743,1.043497076023392,0.1618865957353669,3473.5920457768425,5.070288202105263
run_2249_cfg_750_seed_2_of0,2,12,16,10,40.0,16,20,OF0,855,100.0,170.1263157894737,-76.60350877192982,1.0377894736842106,0.161577078255775,3473.593005591579,5.060594509473684
run_2250_cfg_750_seed_3_of0,3,12,16,10,40.0,16,20,OF0,855,99.92201169590643,169.09590643274854,-77.18713450292398,1.0460350877192983,0.1611652866284013,3473.593863477895,5.047696774736841
run_2260_cfg_754_seed_1_mrhof,1,12,16,10,50.0,12,5,MRHOF,627,99.93620414673046,113.56618819776716,-68.0909090909091,1.0244976076555024,0.3177982960624261,3473.1991482870817,9.953442717703348
run_2261_cfg_754_seed_2_mrhof,2,12,16,10,50.0,12,5,MRHOF,627,99.9503668261563,112.72248803827752,-70.0,1.0258054226475275,0.3199495531474945,3473.1937271119623,10.020820179904304
run_2262_cfg_754_seed_3_mrhof,3,12,16,10,50.0,12,5,MRHOF,627,99.9503668261563,113.27910685805422,-70.9090909090909,1.019505582137161,0.3171588967956297,3473.2007595866035,9.933416566507177
run_2263_cfg_755_seed_1_of0,1,12,16,10,50.0,12,5,OF0,627,100.0,113.37480063795851,-68.28389154704944,1.023939393939394,0.3175793083106857,3473.199700141627,9.946583954066984
run_2264_cfg_755_seed_2_of0,2,12,16,10,50.0,12,5,OF0,627,99.98405103668262,113.8054226475279,-68.02551834130782,1.028628389154705,0.3195577883773194,3473.1947143732064,10.008549933014352
run_2265_cfg_755_seed_3_of0,3,12,16,10,50.0,12,5,OF0,627,100.0,112.93301435406698,-69.49760765550239,1.0242105263157897,0.3184067606002413,3473.197614958852,9.972499797129188
run_2266_cfg_756_seed_1_mrhof,1,12,16,10,50.0,12,10,MRHOF,627,100.0,110.76076555023924,-69.45454545454545,1.0134609250398725,0.1773328666143725,3473.553121178948,5.554065347368421
run_2267_cfg_756_seed_2_mrhof,2,12,16,10,50.0,12,10,MRHOF,627,99.97341307814992,110.50877192982456,-69.36363636363636,1.0187878787878788,0.1796283452216318,3473.547336566508,5.625959816267942
run_2268_cfg_756_seed_3_mrhof,3,12,16,10,50.0,12,10,MRHOF,627,99.96810207336524,110.2695374800638,-69.27272727272727,1.013684210526316,0.177386619546157,3473.5529857071774,5.555749067942584
run_2269_cfg_757_seed_1_mrhof,1,12,16,10,50.0,12,20,MRHOF,627,99.92025518341308,109.42105263157896,-70.0,1.02,0.0996877144160228,3473.7487869473684,3.122219368421052
run_2270_cfg_757_seed_2_mrhof,2,12,16,10,50.0,12,20,MRHOF,627,100.0,109.33811802232854,-69.36363636363636,1.0155661881977671,0.0998889922353302,3473.7482797320577,3.1285233301435404
run_2271_cfg_757_seed_3_mrhof,3,12,16,10,50.0,12,20,MRHOF,627,100.0,107.8341307814992,-69.27272727272727,1.011371610845295,0.0992479940564941,3473.749895050718,3.108447226794258
run_2272_cfg_758_seed_1_mrhof,1,12,16,10,50.0,16,5,MRHOF,855,99.95295906432747,158.73801169590644,-71.2140350877193,1.069812865497076,0.4697822825247276,3472.816148642807,14.71358115368421
run_2273_cfg_758_seed_2_mrhof,2,12,16,10,50.0,16,5,MRHOF,855,99.90617543859648,158.28538011695906,-70.24561403508773,1.0686081871345028,0.4731894421407902,3472.8075626049126,14.820293338947367
run_2274_cfg_758_seed_3_mrhof,3,12,16,10,50.0,16,5,MRHOF,855,99.89447953216374,158.0561403508772,-70.70058479532163,1.0555672514619885,0.4648034981263398,3472.8286951578957,14.557645894736842
run_2275_cfg_759_seed_1_of0,1,12,16,10,50.0,16,5,OF0,855,99.9446783625731,160.62105263157895,-71.28070175438596,1.0621754385964912,0.4724890790251311,3472.8093275677197,14.798357372631576
run_2276_cfg_759_seed_2_of0,2,12,16,10,50.0,16,5,OF0,855,99.881216374269,158.84444444444443,-70.97076023391813,1.0678011695906433,0.4709026995502234,3472.8133249852635,14.748675183157896
run_2277_cfg_759_seed_3_of0,3,12,16,10,50.0,16,5,OF0,855,99.88226900584796,158.79649122807018,-71.64093567251462,1.0634035087719298,0.469140873513816,3472.817765058246,14.693491418947367
run_2278_cfg_760_seed_1_mrhof,1,12,16,10,50.0,16,10,MRHOF,855,99.9298245614035,149.27602339181286,-72.26666666666667,1.0280818713450293,0.2532162870705344,3473.3618949726315,7.930733911578947
run_2279_cfg_760_seed_2_mrhof,2,12,16,10,50.0,16,10,MRHOF,855,99.95711111111112,149.53450292397662,-72.13333333333334,1.034187134502924,0.2566820986844426,3473.353502360702,8.039284025263157
run_2280_cfg_760_seed_3_mrhof,3,12,16,10,50.0,16,10,MRHOF,855,99.92201169590643,149.85497076023393,-71.0,1.0309941520467836,0.2543429691850221,3473.3590557136845,7.966021844210526
run_2281_cfg_761_seed_1_mrhof,1,12,16,10,50.0,16,20,MRHOF,855,99.92201169590643,148.69590643274853,-72.86666666666666,1.035391812865497,0.1414176112264994,3473.6436275929827,4.429199915789473
run_2282_cfg_761_seed_2_mrhof,2,12,16,10,50.0,16,20,MRHOF,855,99.96100584795322,147.0374269005848,-69.66666666666667,1.0268070175438595,0.1398905860060127,3473.647475716492,4.381373237894737
run_2283_cfg_761_seed_3_mrhof,3,12,16,10,50.0,16,20,MRHOF,855,99.96100584795322,144.2409356725146,-72.13333333333334,1.021169590643275,0.1386419649122807,3473.6506222484213,4.342266341052631
run_2284_cfg_762_seed_1_of0,1,12,16,10,50.0,16,20,OF0,855,100.0,149.44561403508771,-73.25964912280702,1.042187134502924,0.1414553928879688,3473.643532412632,4.430382871578947
run_2285_cfg_762_seed_2_of0,2,12,16,10,50.0,16,20,OF0,855,100.0,148.7157894736842,-69.6561403508772,1.0364327485380116,0.1424865968660237,3473.6409337768423,4.462680202105263
run_2286_cfg_762_seed_3_of0,3,12,16,10,50.0,16,20,OF0,855,100.0,145.77076023391814,-70.553216374269,1.024830409356725,0.1395976795459903,3473.6482138554397,4.372199225263158
run_2293_cfg_765_seed_1_mrhof,1,12,16,10,60.0,12,5,MRHOF,627,99.96810207336524,97.5933014354067,-73.45454545454545,1.013716108452951,0.259769965974936,3473.345379666986,8.135995567464114
run_2294_cfg_765_seed_2_mrhof,2,12,16,10,60.0,12,5,MRHOF,627,99.93763955342902,96.99681020733652,-68.0909090909091,1.0192822966507178,0.2613476004531428,3473.3414040421058,8.185406905263157
run_2295_cfg_765_seed_3_mrhof,3,12,16,10,60.0,12,5,MRHOF,627,99.95215311004785,97.3859649122807,-64.45454545454545,1.0156618819776717,0.260766359457779,3473.3428687770333,8.167202342583732
run_2296_cfg_766_seed_1_mrhof,1,12,16,10,60.0,12,10,MRHOF,627,100.0,94.79904306220097,-70.63636363636364,1.0098564593301436,0.1473691644329973,3473.6286297033494,4.6156022583732055
run_2297_cfg_766_seed_2_mrhof,2,12,16,10,60.0,12,10,MRHOF,627,100.0,94.3987240829346,-64.45454545454545,1.0098883572567785,0.1473309529099975,3473.6287260019144,4.614405404784688
run_2298_cfg_766_seed_3_mrhof,3,12,16,10,60.0,12,10,MRHOF,627,99.97341307814992,94.54066985645932,-65.9090909090909,1.009489633173844,0.1476193037826206,3473.627999341627,4.623436754066985
run_2299_cfg_767_seed_1_of0,1,12,16,10,60.0,12,10,OF0,627,100.0,95.75757575757576,-72.21371610845296,1.0104465709728867,0.1473386705329271,3473.6287065492825,4.614647173205741
run_2300_cfg_767_seed_2_of0,2,12,16,10,60.0,12,10,OF0,627,100.0,93.98405103668262,-69.58692185007975,1.0065709728867624,0.1475387600605415,3473.6282023349286,4.620913837320574
run_2301_cfg_767_seed_3_of0,3,12,16,10,60.0,12,10,OF0,627,100.0,94.97767145135566,-66.32057416267942,1.013700159489633,0.14809356671106,3473.626804210526,4.638290526315789
run_2302_cfg_768_seed_1_mrhof,1,12,16,10,60.0,12,20,MRHOF,627,100.0,94.04306220095694,-69.63636363636364,1.0111164274322169,0.084251251370515,3473.7876868516746,2.638749129186603
run_2303_cfg_768_seed_2_mrhof,2,12,16,10,60.0,12,20,MRHOF,627,100.0,93.72886762360449,-67.27272727272727,1.0120574162679423,0.0843048803827751,3473.787551701436,2.6404288535885163
run_2304_cfg_768_seed_3_mrhof,3,12,16,10,60.0,12,20,MRHOF,627,99.92025518341308,93.02232854864434,-64.9090909090909,1.0110207336523125,0.0844458904837852,3473.787196355981,2.644845289952153
run_2305_cfg_769_seed_1_of0,1,12,16,10,60.0,12,20,OF0,627,99.94682615629984,94.85007974481658,-66.83253588516746,1.0115789473684211,0.0843129606810731,3473.7875313377995,2.6406819444976075
run_2306_cfg_769_seed_2_of0,2,12,16,10,60.0,12,20,OF0,627,100.0,93.4354066985646,-65.12599681020734,1.0095055821371612,0.0841339287612971,3473.7879824995216,2.6350746488038275
run_2307_cfg_769_seed_3_of0,3,12,16,10,60.0,12,20,OF0,627,100.0,94.01116427432216,-69.84529505582137,1.0112599681020735,0.0842476768329411,3473.7876958545457,2.6386372363636363
run_2308_cfg_770_seed_1_mrhof,1,12,16,10,60.0,16,5,MRHOF,855,99.8277192982456,126.31695906432748,-72.06666666666666,1.0330058479532165,0.3566580263176692,3473.101221771228,11.170529414736842
run_2309_cfg_770_seed_2_mrhof,2,12,16,10,60.0,16,5,MRHOF,855,99.8934269005848,126.59766081871344,-70.86666666666666,1.038842105263158,0.3579917474138783,3473.0978607887723,11.212301625263157
run_2310_cfg_770_seed_3_mrhof,3,12,16,10,60.0,16,5,MRHOF,855,99.93087719298244,126.47953216374268,-66.53333333333333,1.0384444444444445,0.3584986214656157,3473.096583477896,11.22817677473684
run_2311_cfg_771_seed_1_of0,1,12,16,10,60.0,16,10,OF0,855,99.91422222222222,121.9438596491228,-71.58479532163743,1.0194269005847951,0.1994164068440778,3473.4974706582457,6.245721818947368
run_2312_cfg_771_seed_2_of0,2,12,16,10,60.0,16,10,OF0,855,99.98050292397662,121.84912280701757,-69.26198830409356,1.0172748538011696,0.1986454305040663,3473.499413524211,6.221574770526316
run_2313_cfg_771_seed_3_of0,3,12,16,10,60.0,16,10,OF0,855,99.95711111111112,121.6421052631579,-66.28654970760233,1.0187251461988305,0.1996267723320596,3473.4969405249126,6.252310618947368
run_2314_cfg_772_seed_1_mrhof,1,12,16,10,60.0,16,20,MRHOF,855,100.0,122.51929824561404,-69.26666666666667,1.0200584795321637,0.1111108304093567,3473.720000707369,3.4799912084210525
run_2315_cfg_772_seed_2_mrhof,2,12,16,10,60.0,16,20,MRHOF,855,99.96100584795322,119.13684210526316,-70.26666666666667,1.0210292397660818,0.1113823313284119,3473.7193165249128,3.488494618947368
run_2316_cfg_772_seed_3_mrhof,3,12,16,10,60.0,16,20,MRHOF,855,100.0,118.83625730994152,-68.53333333333333,1.0174152046783629,0.1108928810407388,3473.7205499396496,3.473165035789473
run_2317_cfg_773_seed_1_of0,1,12,16,10,60.0,16,20,OF0,855,99.96100584795322,120.15672514619882,-68.19415204678363,1.0141988304093568,0.1108232826510721,3473.72072532772,3.4709852126315788
run_2318_cfg_773_seed_2_of0,2,12,16,10,60.0,16,20,OF0,855,100.0,119.1625730994152,-68.71461988304094,1.0155204678362573,0.111297730233735,3473.719529717895,3.485844934736841
run_2319_cfg_773_seed_3_of0,3,12,16,10,60.0,16,20,OF0,855,100.0,118.90409356725146,-71.45380116959065,1.0186315789473683,0.111050384546379,3473.7201530273687,3.4780980884210524
run_2329_cfg_777_seed_1_mrhof,1,12,18,0,40.0,12,5,MRHOF,627,99.9695374800638,141.82296650717703,-73.36363636363636,1.0491547049441787,0.4085424825517744,3472.9704729569376,12.795550392344497
run_2330_cfg_777_seed_2_mrhof,2,12,18,0,40.0,12,5,MRHOF,627,99.98405103668262,140.6937799043062,-73.36363636363636,1.045821371610845,0.4081988436503322,3472.97133889378,12.78478803444976
run_2331_cfg_777_seed_3_mrhof,3,12,18,0,40.0,12,5,MRHOF,627,99.94858054226476,141.41626794258374,-73.27272727272727,1.0447527910685803,0.4079000188785666,3472.972091973206,12.775428333014354
run_2332_cfg_778_seed_1_of0,1,12,18,0,40.0,12,5,OF0,627,99.95215311004785,140.81020733652312,-73.54066985645933,1.0327272727272727,0.4038703098516336,3472.982246836364,12.64921789090909
run_2333_cfg_778_seed_2_of0,2,12,18,0,40.0,12,5,OF0,627,99.93620414673046,141.10845295055822,-73.41148325358851,1.0441786283891548,0.4068314749598218,3472.974784688996,12.741961722488035
run_2334_cfg_778_seed_3_of0,3,12,18,0,40.0,12,5,OF0,627,99.96452950558214,141.45454545454547,-73.31738437001594,1.0405901116427434,0.4072053614430358,3472.97366609378,12.753669841148325
run_2335_cfg_779_seed_1_mrhof,1,12,18,0,40.0,12,10,MRHOF,627,100.0,136.39234449760767,-73.27272727272727,1.0210526315789474,0.219515466257639,3473.4468210143546,6.875224535885168
run_2336_cfg_779_seed_2_mrhof,2,12,18,0,40.0,12,10,MRHOF,627,100.0,134.49441786283893,-73.27272727272727,1.0155821371610845,0.2198599468367889,3473.4459529339715,6.88601353492823
run_2337_cfg_779_seed_3_mrhof,3,12,18,0,40.0,12,10,MRHOF,627,99.96810207336524,135.65869218500796,-73.63636363636364,1.0216267942583732,0.219979021714448,3473.4456528918663,6.889742629665071
run_2338_cfg_780_seed_1_mrhof,1,12,18,0,40.0,12,20,MRHOF,627,99.94682615629984,133.7320574162679,-73.27272727272727,1.0162679425837322,0.1184958867000153,3473.7013903693787,3.711291123444976
run_2339_cfg_780_seed_2_mrhof,2,12,18,0,40.0,12,20,MRHOF,627,100.0,132.0574162679426,-73.27272727272727,1.0156140350877192,0.1172787878787878,3473.704457454546,3.673171636363636
run_2340_cfg_780_seed_3_mrhof,3,12,18,0,40.0,12,20,MRHOF,627,100.0,134.17065390749602,-73.63636363636364,1.030701754385965,0.1190080508563969,3473.700226017225,3.7273324248803834
run_2341_cfg_781_seed_1_mrhof,1,12,18,0,40.0,16,5,MRHOF,855,99.80432748538011,188.2058479532164,-77.0,1.109485380116959,0.5570945198178567,3472.5961218133334,17.448200319999998
run_2342_cfg_781_seed_2_mrhof,2,12,18,0,40.0,16,5,MRHOF,855,99.83312280701756,187.5134502923977,-77.0,1.0994269005847954,0.5552201282516579,3472.6008452266674,17.389495039999996
run_2343_cfg_781_seed_3_mrhof,3,12,18,0,40.0,16,5,MRHOF,855,99.85808187134504,188.1567251461988,-76.6,1.1078947368421053,0.5541841363410948,3472.603455966316,17.357047275789473
run_2344_cfg_782_seed_1_of0,1,12,18,0,40.0,16,5,OF0,855,99.8019649122807,187.319298245614,-76.78479532163743,1.0980584795321635,0.557773921623316,3472.594615534036,17.469479848421052
run_2345_cfg_782_seed_2_of0,2,12,18,0,40.0,16,5,OF0,855,99.81497076023392,188.38245614035088,-76.59181286549708,1.0893684210526315,0.5622063174678107,3472.5830101529828,17.608297903157894
run_2346_cfg_782_seed_3_of0,3,12,18,0,40.0,16,5,OF0,855,99.81235087719298,190.21052631578948,-76.77894736842106,1.1022222222222222,0.5708249140584434,3472.561521122808,17.87823747368421
run_2347_cfg_783_seed_1_mrhof,1,12,18,0,40.0,16,10,MRHOF,855,99.95711111111112,174.70643274853802,-76.93333333333334,1.054654970760234,0.2944647372295904,3473.257948833684,9.222635924210524
run_2348_cfg_783_seed_2_mrhof,2,12,18,0,40.0,16,10,MRHOF,855,100.0,174.11228070175437,-76.6,1.0443508771929824,0.29427246901659,3473.258433381053,9.216613692631578
run_2349_cfg_783_seed_3_mrhof,3,12,18,0,40.0,16,10,MRHOF,855,99.91422222222222,176.88187134502925,-77.05614035087719,1.0568888888888888,0.2946898451564578,3473.257381563509,9.229686282105265
run_2350_cfg_784_seed_1_of0,1,12,18,0,40.0,16,10,OF0,855,99.82844444444446,175.16725146198831,-77.15789473684211,1.0513567251461988,0.2947321528867936,3473.257274947369,9.231011368421052
run_2351_cfg_784_seed_2_of0,2,12,18,0,40.0,16,10,OF0,855,99.87522807017544,175.0561403508772,-76.85029239766082,1.0490994152046784,0.3074441956609389,3473.225240628772,9.629152185263155
run_2352_cfg_784_seed_3_of0,3,12,18,0,40.0,16,10,OF0,855,99.86548538011697,174.64795321637428,-76.82456140350877,1.0476023391812863,0.2937927782689452,3473.2596421557896,9.201590349473683
run_2353_cfg_785_seed_1_mrhof,1,12,18,0,40.0,16,20,MRHOF,855,99.96100584795322,172.64561403508773,-76.6,1.051263157894737,0.1577213034012008,3473.6025423382457,4.939830938947368
run_2354_cfg_785_seed_2_mrhof,2,12,18,0,40.0,16,20,MRHOF,855,100.0,169.99649122807017,-76.6,1.0372865497076025,0.1557192046799308,3473.607587604211,4.877125490526316
run_2355_cfg_785_seed_3_mrhof,3,12,18,0,40.0,16,20,MRHOF,855,99.96100584795322,169.12280701754386,-77.2,1.0425497076023391,0.1553233986541887,3473.6085850329832,4.864728875789473
run_2374_cfg_792_seed_1_of0,1,12,18,0,50.0,12,5,OF0,627,99.98405103668262,113.7974481658692,-68.0829346092504,1.0222169059011164,0.3120308129133576,3473.21368235024,9.772805075598084
run_2375_cfg_792_seed_2_of0,2,12,18,0,50.0,12,5,OF0,627,99.95215311004785,113.91547049441786,-67.91387559808612,1.026634768740032,0.3136765172472882,3473.209535134929,9.824349037320571
run_2376_cfg_792_seed_3_of0,3,12,18,0,50.0,12,5,OF0,627,99.95215311004785,113.85645933014354,-69.63955342902712,1.019569377990431,0.3118048287008396,3473.214251835407,9.765727188516744
run_2377_cfg_793_seed_1_of0,1,12,18,0,50.0,12,10,OF0,627,100.0,110.5805422647528,-69.1116427432217,1.0118022328548644,0.1721465390749601,3473.566190721532,5.391629603827751
run_2378_cfg_793_seed_2_of0,2,12,18,0,50.0,12,10,OF0,627,99.94151515151516,109.45454545454544,-67.58851674641149,1.0129665071770335,0.1718803399739747,3473.5668615425843,5.383292256459329
run_2379_cfg_793_seed_3_of0,3,12,18,0,50.0,12,10,OF0,627,100.0,110.244019138756,-67.6427432216906,1.0134130781499202,0.17268989255237,3473.56482148134,5.408647303349282
run_2380_cfg_794_seed_1_of0,1,12,18,0,50.0,12,20,OF0,627,100.0,108.73524720893144,-67.91068580542264,1.013237639553429,0.0941836895791276,3473.762657102393,2.949833155980861
run_2381_cfg_794_seed_2_of0,2,12,18,0,50.0,12,20,OF0,627,100.0,108.0829346092504,-69.55502392344498,1.012328548644338,0.0936253478179161,3473.7640641224884,2.932345906220095
run_2382_cfg_794_seed_3_of0,3,12,18,0,50.0,12,20,OF0,627,100.0,109.103668261563,-69.1451355661882,1.0147368421052632,0.0942166593045883,3473.762574040192,2.9508655004784687
run_2383_cfg_795_seed_1_of0,1,12,18,0,50.0,16,5,OF0,855,99.88147368421052,157.30292397660818,-71.23976608187135,1.0560818713450293,0.462090985346304,3472.835530694737,14.472689936842103
run_2384_cfg_795_seed_2_of0,2,12,18,0,50.0,16,5,OF0,855,99.90722807017544,157.5251461988304,-70.94736842105263,1.05693567251462,0.4661072364950555,3472.8254093529827,14.598483755789472
run_2385_cfg_795_seed_3_of0,3,12,18,0,50.0,16,5,OF0,855,99.96491228070175,158.45730994152046,-72.62105263157895,1.0594269005847954,0.4655015369391818,3472.826936168421,14.579507621052633
run_2386_cfg_796_seed_1_mrhof,1,12,18,0,50.0,16,10,MRHOF,855,99.9766081871345,151.66900584795323,-72.26666666666667,1.0349239766081872,0.2511602920998394,3473.3670760533337,7.86634048
run_2387_cfg_796_seed_2_mrhof,2,12,18,0,50.0,16,10,MRHOF,855,99.91032748538012,150.34736842105264,-72.13333333333334,1.0294736842105263,0.251731744342715,3473.365636008421,7.884238181052631
run_2388_cfg_796_seed_3_mrhof,3,12,18,0,50.0,16,10,MRHOF,855,99.93761403508772,150.6795321637427,-70.77543859649123,1.0313567251461988,0.2494840035464732,3473.371300300352,7.813839124210526
run_2389_cfg_797_seed_1_of0,1,12,18,0,50.0,16,10,OF0,855,100.0,149.82923976608188,-72.30877192982456,1.029859649122807,0.2508647803319452,3473.367820755088,7.857084901052631
run_2390_cfg_797_seed_2_of0,2,12,18,0,50.0,16,10,OF0,855,100.0,150.3017543859649,-70.15672514619882,1.0353801169590644,0.2510001592759368,3473.367479646316,7.861324395789473
run_2391_cfg_797_seed_3_of0,3,12,18,0,50.0,16,10,OF0,855,99.91811695906432,149.08538011695907,-70.19766081871344,1.0310877192982455,0.2492625988395839,3473.371858256842,7.806904522105263
run_2392_cfg_798_seed_1_mrhof,1,12,18,0,50.0,16,20,MRHOF,855,99.96100584795322,147.6280701754386,-72.86666666666666,1.0359883040935671,0.1351984094056842,3473.6593000084217,4.234414181052632
run_2393_cfg_798_seed_2_mrhof,2,12,18,0,50.0,16,20,MRHOF,855,99.96100584795322,148.81286549707602,-69.66666666666667,1.0380116959064327,0.1356793303649612,3473.658088089825,4.249476597894736
run_2394_cfg_798_seed_3_mrhof,3,12,18,0,50.0,16,20,MRHOF,855,99.96100584795322,147.36491228070176,-72.13333333333334,1.026923976608187,0.1338672117981935,3473.662654624562,4.192721094736842
run_2395_cfg_799_seed_1_of0,1,12,18,0,50.0,16,20,OF0,855,100.0,147.76491228070176,-70.8327485380117,1.0310994152046784,0.1359950107425543,3473.6572925754385,4.259363705263158
run_2396_cfg_799_seed_2_of0,2,12,18,0,50.0,16,20,OF0,855,100.0,145.2327485380117,-71.69824561403509,1.028748538011696,0.1343874627789952,3473.6613435957897,4.209015309473684
run_2397_cfg_799_seed_3_of0,3,12,18,0,50.0,16,20,OF0,855,100.0,146.3625730994152,-70.42690058479532,1.0273567251461988,0.1344991345029239,3473.661062181053,4.212512892631579
run_2410_cfg_804_seed_1_mrhof,1,12,18,0,60.0,12,5,MRHOF,627,99.9503668261563,96.9377990430622,-73.45454545454545,1.014194577352472,0.2543389645310174,3473.3590657990435,7.965896497607655
run_2411_cfg_804_seed_2_mrhof,2,12,18,0,60.0,12,5,MRHOF,627,100.0,97.0207336523126,-68.0909090909091,1.0187400318979267,0.2564322155686362,3473.3537908133976,8.031457033492822
run_2412_cfg_804_seed_3_mrhof,3,12,18,0,60.0,12,5,MRHOF,627,99.94858054226476,97.08133971291866,-64.45454545454545,1.0168261562998404,0.2559084955465256,3473.355110591388,8.015054078468898
run_2413_cfg_805_seed_1_mrhof,1,12,18,0,60.0,12,10,MRHOF,627,100.0,94.95534290271132,-70.63636363636364,1.0122647527910686,0.1420064005045533,3473.6421438698567,4.447640474641148
run_2414_cfg_805_seed_2_mrhof,2,12,18,0,60.0,12,10,MRHOF,627,99.97341307814992,94.43700159489632,-64.45454545454545,1.0101754385964912,0.1419714176190777,3473.642232022967,4.446544857416268
run_2415_cfg_805_seed_3_mrhof,3,12,18,0,60.0,12,10,MRHOF,627,100.0,95.37161084529504,-65.9090909090909,1.0156618819776717,0.1430021228243841,3473.639634641149,4.4788266028708135
run_2416_cfg_806_seed_1_of0,1,12,18,0,60.0,12,10,OF0,627,99.97341307814992,95.44178628389156,-70.92822966507177,1.0132854864433811,0.1425036665696945,3473.640890755981,4.463214889952153
run_2417_cfg_806_seed_2_of0,2,12,18,0,60.0,12,10,OF0,627,100.0,94.86124401913877,-69.32535885167464,1.0084051036682615,0.1421203696880099,3473.642125542584,4.451210388516746
run_2418_cfg_806_seed_3_of0,3,12,18,0,60.0,12,10,OF0,627,99.96810207336524,94.61722488038278,-65.78947368421052,1.0117065390749602,0.142324589209696,3473.641342024881,4.457606262200956
run_2419_cfg_807_seed_1_of0,1,12,18,0,60.0,12,20,OF0,627,99.94682615629984,94.43221690590111,-66.91387559808612,1.0124561403508772,0.0788997129186602,3473.8011727234457,2.47113900861244
run_2420_cfg_807_seed_2_of0,2,12,18,0,60.0,12,20,OF0,627,100.0,94.48644338118022,-65.04465709728868,1.0092344497607657,0.0788060180754917,3473.8014088344503,2.4682044861244017
run_2421_cfg_807_seed_3_of0,3,12,18,0,60.0,12,20,OF0,627,100.0,92.56299840510368,-69.58213716108453,1.0119776714513558,0.0788414885699096,3473.801319448804,2.469315422009569
run_2422_cfg_808_seed_1_mrhof,1,12,18,0,60.0,16,5,MRHOF,855,99.93087719298244,126.15672514619882,-72.05263157894737,1.0330526315789474,0.3524268256723155,3473.111884407018,11.038008084210524
run_2423_cfg_808_seed_2_mrhof,2,12,18,0,60.0,16,5,MRHOF,855,99.87188304093569,126.23157894736842,-70.86198830409357,1.0326666666666668,0.3515117762643212,3473.114190310176,11.009349002105262
run_2424_cfg_808_seed_3_mrhof,3,12,18,0,60.0,16,5,MRHOF,855,99.9298245614035,126.293567251462,-66.53333333333333,1.033111111111111,0.3529296917362772,3473.1110000589474,11.053759663157892
run_2425_cfg_809_seed_1_mrhof,1,12,18,0,60.0,16,10,MRHOF,855,99.98050292397662,122.26666666666668,-71.66666666666667,1.0212631578947369,0.1936800068295575,3473.5119377768424,6.0660576
run_2426_cfg_809_seed_2_mrhof,2,12,18,0,60.0,16,10,MRHOF,855,99.98050292397662,121.17543859649123,-65.93333333333334,1.0167602339181288,0.193920514619883,3473.5113203031583,6.073590517894736
run_2427_cfg_809_seed_3_mrhof,3,12,18,0,60.0,16,10,MRHOF,855,99.953216374269,121.74035087719298,-65.4,1.0193801169590644,0.1933658012225884,3473.512718181053,6.056216892631578
run_2428_cfg_810_seed_1_of0,1,12,18,0,60.0,16,10,OF0,855,99.98050292397662,121.64327485380116,-72.73333333333333,1.0133567251461988,0.1930577886571062,3473.5134944000006,6.0465696
run_2429_cfg_810_seed_2_of0,2,12,18,0,60.0,16,10,OF0,855,99.98050292397662,121.4280701754386,-70.50292397660819,1.0176608187134504,0.1936915973932446,3473.511897240702,6.066420008421052
run_2430_cfg_810_seed_3_of0,3,12,18,0,60.0,16,10,OF0,855,99.98050292397662,121.29239766081872,-65.88187134502924,1.0163976608187135,0.194146760347811,3473.510750164211,6.080676530526315
run_2431_cfg_811_seed_1_mrhof,1,12,18,0,60.0,16,20,MRHOF,855,99.96100584795322,120.45964912280702,-69.26666666666667,1.0204561403508772,0.1057970682261208,3473.7333913880707,3.3135641768421054
run_2432_cfg_811_seed_2_mrhof,2,12,18,0,60.0,16,20,MRHOF,855,100.0,118.13216374269004,-70.26666666666667,1.0171695906432747,0.1058709564653511,3473.7332051929825,3.3158783157894733
run_2433_cfg_811_seed_3_mrhof,3,12,18,0,60.0,16,20,MRHOF,855,99.96100584795322,119.75438596491227,-68.53333333333333,1.0257894736842104,0.1062480155945419,3473.732255000702,3.327687848421052
run_2434_cfg_812_seed_1_of0,1,12,18,0,60.0,16,20,OF0,855,100.0,120.1906432748538,-68.02105263157895,1.013766081871345,0.1057795369594863,3473.733435559299,3.3130151915789474
run_2435_cfg_812_seed_2_of0,2,12,18,0,60.0,16,20,OF0,855,100.0,119.28654970760232,-68.80818713450293,1.014561403508772,0.1059983640819604,3473.732884126316,3.319868715789473
run_2436_cfg_812_seed_3_of0,3,12,18,0,60.0,16,20,OF0,855,100.0,119.19181286549708,-71.27836257309941,1.0172046783625732,0.1059094892787524,3473.733108087018,3.3170852042105263
run_2452_cfg_818_seed_1_of0,1,12,18,5,40.0,12,5,OF0,627,99.96810207336524,141.00478468899522,-73.39712918660287,1.039744816586922,0.4055586519579287,3472.977992176077,12.702097240191389
run_2453_cfg_818_seed_2_of0,2,12,18,5,40.0,12,5,OF0,627,99.93585326953747,141.38755980861245,-73.4896331738437,1.0465390749601278,0.4086446619466621,3472.970062648804,12.798749328229665
run_2454_cfg_818_seed_3_of0,3,12,18,5,40.0,12,5,OF0,627,99.8894417862839,141.2886762360447,-73.56778309409889,1.037049441786284,0.4053993707385458,3472.978020696651,12.697106021052631
run_2455_cfg_819_seed_1_of0,1,12,18,5,40.0,12,10,OF0,627,100.0,135.55980861244018,-73.31738437001594,1.0175598086124402,0.2196364486355187,3473.446516149283,6.879013573205741
run_2456_cfg_819_seed_2_of0,2,12,18,5,40.0,12,10,OF0,627,100.0,135.03030303030303,-73.27272727272727,1.0229186602870814,0.2200280875185649,3473.445529209569,6.891279823923444
run_2457_cfg_819_seed_3_of0,3,12,18,5,40.0,12,10,OF0,627,100.0,134.86443381180223,-73.59968102073366,1.0256140350877194,0.2201329292929293,3473.445265018182,6.894563345454545
run_2458_cfg_820_seed_1_mrhof,1,12,18,5,40.0,16,5,MRHOF,855,99.80432748538011,187.446783625731,-76.83859649122807,1.1050526315789475,0.5564948850199986,3472.5976328701754,17.429420042105264
run_2459_cfg_820_seed_2_mrhof,2,12,18,5,40.0,16,5,MRHOF,855,99.8721403508772,187.97309941520467,-76.62456140350878,1.0974269005847952,0.5554100992098059,3472.600366534737,17.395444496842103
run_2460_cfg_820_seed_3_mrhof,3,12,18,5,40.0,16,5,MRHOF,855,99.8490058479532,185.693567251462,-76.6,1.0879649122807018,0.5499398249998362,3472.61415165193,17.224115183157892
run_2461_cfg_821_seed_1_of0,1,12,18,5,40.0,16,5,OF0,855,99.6930643274854,192.62923976608187,-76.47134502923977,1.106561403508772,0.5781337939891964,3472.5431027424565,18.107151629473684
run_2462_cfg_821_seed_2_of0,2,12,18,5,40.0,16,5,OF0,855,99.8593918128655,189.493567251462,-76.78011695906433,1.0976257309941522,0.5666496404477561,3472.572390217544,17.74746615578947
run_2463_cfg_821_seed_3_of0,3,12,18,5,40.0,16,5,OF0,855,99.71959064327486,190.9953216374269,-77.34853801169591,1.099263157894737,0.5683237726075695,3472.5675505038603,17.799900597894734
run_2464_cfg_822_seed_1_mrhof,1,12,18,5,40.0,16,10,MRHOF,855,100.0,173.96140350877192,-76.93333333333334,1.047485380116959,0.2944598426368323,3473.257972589474,9.222482071578948
run_2465_cfg_822_seed_2_mrhof,2,12,18,5,40.0,16,10,MRHOF,855,99.96100584795322,172.4701754385965,-76.61637426900585,1.039625730994152,0.2928755634698438,3473.261953560702,9.172862888421053
run_2466_cfg_822_seed_3_mrhof,3,12,18,5,40.0,16,10,MRHOF,855,99.91422222222222,174.4187134502924,-76.86666666666666,1.0438713450292398,0.2920781972907633,3473.264059351579,9.147889431578946
run_2467_cfg_823_seed_1_of0,1,12,18,5,40.0,16,10,OF0,855,99.89472514619884,178.72163742690057,-77.21286549707602,1.059263157894737,0.3028846448629777,3473.236730689123,9.486347149473684
run_2468_cfg_823_seed_2_of0,2,12,18,5,40.0,16,10,OF0,855,100.0,175.04327485380117,-76.9906432748538,1.0545029239766082,0.2953613341885979,3473.2556894203512,9.250717204210526
run_2469_cfg_823_seed_3_of0,3,12,18,5,40.0,16,10,OF0,855,99.86743859649124,175.06432748538012,-77.21286549707602,1.0588654970760234,0.2962801700662954,3473.25337396772,9.27949497263158
run_2470_cfg_824_seed_1_mrhof,1,12,18,5,40.0,16,20,MRHOF,855,100.0,170.87134502923976,-76.6,1.045976608187135,0.1558449747919867,3473.60727066386,4.881064606315789
run_2471_cfg_824_seed_2_mrhof,2,12,18,5,40.0,16,20,MRHOF,855,100.0,170.7017543859649,-76.6,1.0439649122807018,0.1558865282214561,3473.6071659340355,4.882366248421053
run_2472_cfg_824_seed_3_mrhof,3,12,18,5,40.0,16,20,MRHOF,855,99.88301754385964,171.4830409356725,-77.11812865497076,1.055111111111111,0.1570424795321637,3473.604252951579,4.918570458947368
run_2473_cfg_825_seed_1_of0,1,12,18,5,40.0,16,20,OF0,855,99.96100584795322,172.3251461988304,-76.77076023391812,1.0442105263157897,0.1571638362573099,3473.603947132632,4.9223713515789465
run_2474_cfg_825_seed_2_of0,2,12,18,5,40.0,16,20,OF0,855,99.96100584795322,175.94035087719297,-77.27134502923977,1.0435906432748538,0.1624254346978557,3473.590687904562,5.087164614736842
run_2475_cfg_825_seed_3_of0,3,12,18,5,40.0,16,20,OF0,855,99.96100584795322,168.53450292397662,-77.04093567251462,1.0347719298245617,0.1557529550933802,3473.607502523509,4.878182922105263
run_2488_cfg_830_seed_1_mrhof,1,12,18,5,50.0,12,5,MRHOF,627,99.9503668261563,113.688995215311,-68.0909090909091,1.033365231259968,0.3130230549920224,3473.2111819100483,9.803881975119616
run_2489_cfg_830_seed_2_mrhof,2,12,18,5,50.0,12,5,MRHOF,627,99.92025518341308,112.69059011164276,-69.61084529505582,1.0267304625199365,0.313295909808359,3473.21049431579,9.812427789473682
run_2490_cfg_830_seed_3_mrhof,3,12,18,5,50.0,12,5,MRHOF,627,100.0,113.96172248803828,-70.9090909090909,1.026682615629984,0.3139809664249781,3473.2087679617225,9.83388390430622
run_2491_cfg_831_seed_1_mrhof,1,12,18,5,50.0,12,10,MRHOF,627,99.97341307814992,110.06539074960128,-69.45454545454545,1.0174800637958534,0.1717435406698564,3473.567206277512,5.379007693779904
run_2492_cfg_831_seed_2_mrhof,2,12,18,5,50.0,12,10,MRHOF,627,100.0,110.36044657097288,-69.274322169059,1.0178947368421054,0.1730999893673578,3473.563788026795,5.421491666985645
run_2493_cfg_831_seed_3_mrhof,3,12,18,5,50.0,12,10,MRHOF,627,100.0,110.20574162679426,-69.27272727272727,1.014481658692185,0.1711448165869218,3473.568715062201,5.360255655502392
run_2494_cfg_832_seed_1_of0,1,12,18,5,50.0,12,10,OF0,627,99.94151515151516,109.7097288676236,-68.53907496012759,1.0129824561403509,0.1715188462777091,3473.56777249378,5.371970434449761
run_2495_cfg_832_seed_2_of0,2,12,18,5,50.0,12,10,OF0,627,99.96810207336524,109.5023923444976,-68.23125996810208,1.016714513556619,0.1721661064649454,3473.566141420096,5.392242350239234
run_2496_cfg_832_seed_3_of0,3,12,18,5,50.0,12,10,OF0,627,100.0,110.31738437001594,-69.77511961722487,1.016842105263158,0.1719062843423467,3473.5667961645936,5.384104811483254
run_2497_cfg_833_seed_1_of0,1,12,18,5,50.0,12,20,OF0,627,100.0,108.18022328548643,-68.07336523125997,1.0088995215311003,0.0932116080423051,3473.76510674067,2.919387651674641
run_2498_cfg_833_seed_2_of0,2,12,18,5,50.0,12,20,OF0,627,100.0,109.24242424242424,-68.88357256778309,1.02311004784689,0.0942768114967614,3473.762422438278,2.95274969569378
run_2499_cfg_833_seed_3_of0,3,12,18,5,50.0,12,20,OF0,627,100.0,108.27751196172248,-69.17862838915471,1.0142105263157897,0.0933354983869657,3473.764794533972,2.9232679349282296
run_2500_cfg_834_seed_1_of0,1,12,18,5,50.0,16,5,OF0,855,99.88304093567253,160.4327485380117,-71.34619883040936,1.0710760233918128,0.4680239831484942,3472.820878992281,14.658513145263155
run_2501_cfg_834_seed_2_of0,2,12,18,5,50.0,16,5,OF0,855,99.94126315789474,158.30292397660818,-70.31812865497076,1.0602573099415205,0.4625235079635198,3472.834235166316,14.486232875789472
run_2502_cfg_834_seed_3_of0,3,12,18,5,50.0,16,5,OF0,855,99.94336842105264,160.07719298245615,-72.35906432748538,1.0538362573099416,0.4695401968668971,3472.8167587480702,14.705998416842103
run_2503_cfg_835_seed_1_mrhof,1,12,18,5,50.0,16,10,MRHOF,855,99.96100584795322,149.81169590643276,-71.72748538011696,1.0318947368421052,0.2489227704524031,3473.3727146049127,7.796261338947368
run_2504_cfg_835_seed_2_mrhof,2,12,18,5,50.0,16,10,MRHOF,855,99.98050292397662,149.98362573099416,-72.13333333333334,1.0338362573099416,0.2509933199790863,3473.367496819649,7.861110955789472
run_2505_cfg_835_seed_3_mrhof,3,12,18,5,50.0,16,10,MRHOF,855,99.89083040935672,150.3216374269006,-71.95204678362573,1.0319181286549708,0.2483609807468842,3473.374130324211,7.778665970526315
run_2506_cfg_836_seed_1_of0,1,12,18,5,50.0,16,10,OF0,855,99.9766081871345,149.3953216374269,-70.98947368421052,1.025076023391813,0.2486804139378988,3473.3733253782457,7.788670298947368
run_2507_cfg_836_seed_2_of0,2,12,18,5,50.0,16,10,OF0,855,99.953216374269,150.66783625730994,-72.7345029239766,1.0376608187134504,0.251390094414777,3473.366496954386,7.873537852631578
run_2508_cfg_836_seed_3_of0,3,12,18,5,50.0,16,10,OF0,855,100.0,149.49941520467837,-72.46666666666667,1.0278245614035086,0.2502563072721635,3473.3693540940358,7.838027688421052
run_2509_cfg_837_seed_1_mrhof,1,12,18,5,50.0,16,20,MRHOF,855,99.96100584795322,147.04327485380117,-72.86666666666666,1.033906432748538,0.134183874614736,3473.6618566343864,4.202638972631579
run_2510_cfg_837_seed_2_mrhof,2,12,18,5,50.0,16,20,MRHOF,855,100.0,146.1497076023392,-70.6280701754386,1.0353567251461988,0.1353805180500429,3473.6588410835093,4.240117962105263
run_2511_cfg_837_seed_3_mrhof,3,12,18,5,50.0,16,20,MRHOF,855,99.92201169590643,144.96959064327484,-72.13333333333334,1.0192280701754386,0.132355630418103,3473.666463803509,4.145378442105263
run_2512_cfg_838_seed_1_of0,1,12,18,5,50.0,16,20,OF0,855,100.0,145.67134502923977,-71.80350877192983,1.0254970760233917,0.134000794740421,3473.6623179957896,4.196904909473684
run_2513_cfg_838_seed_2_of0,2,12,18,5,50.0,16,20,OF0,855,99.96100584795322,145.3918128654971,-70.76842105263158,1.0256023391812863,0.1342640407693486,3473.661654602105,4.205149945263157
run_2514_cfg_838_seed_3_of0,3,12,18,5,50.0,16,20,OF0,855,99.96100584795322,146.65380116959065,-72.35438596491228,1.027953216374269,0.1336744951267056,3473.663140272281,4.186685187368421
run_2524_cfg_842_seed_1_mrhof,1,12,18,5,60.0,12,5,MRHOF,627,99.9695374800638,97.622009569378,-73.45454545454545,1.0158213716108453,0.2541814352420936,3473.359462782776,7.960962556937798
run_2525_cfg_842_seed_2_mrhof,2,12,18,5,60.0,12,5,MRHOF,627,99.90574162679428,97.725677830941,-68.0909090909091,1.017049441786284,0.2551996808910042,3473.356896803828,7.992854009569378
run_2526_cfg_842_seed_3_mrhof,3,12,18,5,60.0,12,5,MRHOF,627,99.92025518341308,97.05422647527912,-64.45454545454545,1.0179744816586922,0.2549865390264449,3473.357433921531,7.986178403827751
run_2527_cfg_843_seed_1_of0,1,12,18,5,60.0,12,5,OF0,627,99.9695374800638,98.34928229665071,-69.51515151515152,1.0193939393939393,0.2553012221100436,3473.356640918661,7.996034296650717
run_2528_cfg_843_seed_2_of0,2,12,18,5,60.0,12,5,OF0,627,99.96810207336524,96.68102073365232,-70.1945773524721,1.0136363636363637,0.2543369666043633,3473.359070836364,7.9658338909090896
run_2529_cfg_843_seed_3_of0,3,12,18,5,60.0,12,5,OF0,627,99.92025518341308,96.76076555023924,-67.2950558213716,1.0124720893141947,0.2544846145667198,3473.358698771292,7.970458128229665
run_2530_cfg_844_seed_1_mrhof,1,12,18,5,60.0,12,10,MRHOF,627,100.0,94.79904306220097,-70.63636363636364,1.009122807017544,0.1415498903489372,3473.6432942545457,4.433342836363636
run_2531_cfg_844_seed_2_mrhof,2,12,18,5,60.0,12,10,MRHOF,627,100.0,93.9011164274322,-64.45454545454545,1.0078947368421054,0.1412329399255715,3473.6440929913883,4.423415678468899
run_2532_cfg_844_seed_3_mrhof,3,12,18,5,60.0,12,10,MRHOF,627,100.0,94.50558213716108,-65.9090909090909,1.00792663476874,0.1413508133971291,3473.64379595024,4.427107475598086
run_2533_cfg_845_seed_1_of0,1,12,18,5,60.0,12,20,OF0,627,99.94682615629984,93.1738437001595,-67.65709728867624,1.0112121212121212,0.0779828601807549,3473.8034831923446,2.4424231808612435
run_2534_cfg_845_seed_2_of0,2,12,18,5,60.0,12,20,OF0,627,100.0,93.03827751196172,-67.89154704944178,1.0139074960127592,0.0781417096597828,3473.8030828861247,2.4473984153110044
run_2535_cfg_845_seed_3_of0,3,12,18,5,60.0,12,20,OF0,627,100.0,92.77511961722487,-68.25837320574162,1.0124561403508774,0.0783111961722488,3473.802655785646,2.4527066641148325
run_2536_cfg_846_seed_1_mrhof,1,12,18,5,60.0,16,5,MRHOF,855,99.90853801169592,126.48187134502923,-72.06666666666666,1.034280701754386,0.3505943041441651,3473.11650234386,10.980613726315788
run_2537_cfg_846_seed_2_mrhof,2,12,18,5,60.0,16,5,MRHOF,855,99.86175438596491,125.80233918128656,-71.25029239766081,1.0358011695906433,0.3516995782671918,3473.113717041404,11.015231056842104
run_2538_cfg_846_seed_3_mrhof,3,12,18,5,60.0,16,5,MRHOF,855,99.882783625731,126.7719298245614,-65.66783625730994,1.03506432748538,0.3507651104927531,3473.116071910176,10.985963402105265
run_2539_cfg_847_seed_1_of0,1,12,18,5,60.0,16,5,OF0,855,99.86044444444444,127.4608187134503,-71.24912280701754,1.0342456140350875,0.3523233209839626,3473.112145229474,11.03476643368421
run_2540_cfg_847_seed_2_of0,2,12,18,5,60.0,16,5,OF0,855,99.93087719298244,125.32748538011695,-70.97076023391813,1.028187134502924,0.3496337070564508,3473.1193652968423,10.950532362105262
run_2541_cfg_847_seed_3_of0,3,12,18,5,60.0,16,5,OF0,855,99.90617543859648,127.30760233918129,-68.4888888888889,1.0347602339181288,0.3527845480682779,3473.110982944562,11.04921197473684
run_2542_cfg_848_seed_1_mrhof,1,12,18,5,60.0,16,20,MRHOF,855,99.92201169590643,121.46198830409357,-69.26666666666667,1.022549707602339,0.105140048783103,3473.7350470624565,3.292986509473684
run_2543_cfg_848_seed_2_mrhof,2,12,18,5,60.0,16,20,MRHOF,855,99.96100584795322,118.94035087719298,-70.26666666666667,1.0144912280701754,0.1049976985461192,3473.7354058161404,3.2885277136842106
run_2544_cfg_848_seed_3_mrhof,3,12,18,5,60.0,16,20,MRHOF,855,100.0,119.15789473684212,-68.25497076023392,1.0220350877192983,0.1050871421736344,3473.735180401404,3.2913292968421053
run_2545_cfg_849_seed_1_of0,1,12,18,5,60.0,16,20,OF0,855,100.0,119.84795321637426,-70.54736842105264,1.0198479532163742,0.1054578091405806,3473.734246321404,3.302938576842105
run_2546_cfg_849_seed_2_of0,2,12,18,5,60.0,16,20,OF0,855,99.96100584795322,117.9766081871345,-70.33684210526316,1.014573099415205,0.1048937203675499,3473.7356678175443,3.2852714105263154
run_2547_cfg_849_seed_3_of0,3,12,18,5,60.0,16,20,OF0,855,100.0,120.09590643274854,-70.84795321637426,1.0178245614035089,0.1048863436486149,3473.735686405614,3.285040387368421
run_2557_cfg_853_seed_1_of0,1,12,18,10,40.0,12,5,OF0,627,99.96810207336524,141.25039872408294,-73.50398724082935,1.035837320574163,0.4047572423343555,3472.980011766508,12.676996616267942
run_2558_cfg_853_seed_2_of0,2,12,18,10,40.0,12,5,OF0,627,99.93620414673046,141.10845295055822,-73.41148325358851,1.0441786283891548,0.4068314749598218,3472.974784688996,12.741961722488035
run_2559_cfg_853_seed_3_of0,3,12,18,10,40.0,12,5,OF0,627,99.96452950558214,141.45454545454547,-73.31738437001594,1.0405901116427434,0.4072053614430358,3472.97366609378,12.753669841148325
run_2560_cfg_854_seed_1_mrhof,1,12,18,10,40.0,12,10,MRHOF,627,99.96810207336524,136.8213716108453,-73.27272727272727,1.0234130781499202,0.2209330526478569,3473.443248696651,6.919623341626794
run_2561_cfg_854_seed_2_mrhof,2,12,18,10,40.0,12,10,MRHOF,627,99.96810207336524,135.8133971291866,-73.27272727272727,1.0213875598086124,0.2205762862536885,3473.4443597205745,6.908450044019139
run_2562_cfg_854_seed_3_mrhof,3,12,18,10,40.0,12,10,MRHOF,627,99.96810207336524,135.65869218500796,-73.63636363636364,1.0216267942583732,0.219979021714448,3473.4456528918663,6.889742629665071
run_2563_cfg_855_seed_1_of0,1,12,18,10,40.0,12,10,OF0,627,100.0,136.08931419457736,-73.33492822966507,1.0285326953748006,0.2212466152559662,3473.442458533972,6.929443934928229
run_2564_cfg_855_seed_2_of0,2,12,18,10,40.0,12,10,OF0,627,100.0,135.6395534290271,-73.37958532695374,1.0210207336523125,0.2209179146585768,3473.443286851675,6.919149129186603
run_2565_cfg_855_seed_3_of0,3,12,18,10,40.0,12,10,OF0,627,99.96810207336524,135.9043062200957,-73.59011164274322,1.0255821371610845,0.221015441773576,3473.4430410411487,6.922204202870812
run_2566_cfg_856_seed_1_of0,1,12,18,10,40.0,12,20,OF0,627,99.94682615629984,135.72886762360446,-73.4274322169059,1.0219457735247208,0.1186793616669501,3473.700928007656,3.717037619138756
run_2567_cfg_856_seed_2_of0,2,12,18,10,40.0,12,20,OF0,627,100.0,134.207336523126,-73.32057416267942,1.021834130781499,0.118389928906891,3473.7016573473684,3.707972968421052
run_2568_cfg_856_seed_3_of0,3,12,18,10,40.0,12,20,OF0,627,99.94682615629984,133.82296650717703,-73.57894736842105,1.028548644338118,0.1183693323258165,3473.7017092746414,3.707327586602871
run_2569_cfg_857_seed_1_of0,1,12,18,10,40.0,16,5,OF0,855,99.8019649122807,187.319298245614,-76.78479532163743,1.0980584795321635,0.557773921623316,3472.594615534036,17.469479848421052
run_2570_cfg_857_seed_2_of0,2,12,18,10,40.0,16,5,OF0,854,99.52614754098362,189.47775175644028,-76.7576112412178,1.1008899297423886,0.5730338486618427,3472.5557245405157,17.94741573583138
run_2571_cfg_857_seed_3_of0,3,12,18,10,40.0,16,5,OF0,855,99.8022222222222,193.9625730994152,-76.94035087719298,1.1090058479532163,0.5801831508694397,3472.5379384421058,18.17133650526316
run_2572_cfg_858_seed_1_mrhof,1,12,18,10,40.0,16,10,MRHOF,855,99.95711111111112,174.70643274853802,-76.93333333333334,1.054654970760234,0.2944647372295904,3473.257948833684,9.222635924210524
run_2573_cfg_858_seed_2_mrhof,2,12,18,10,40.0,16,10,MRHOF,855,100.0,174.11228070175437,-76.6,1.0443508771929824,0.29427246901659,3473.258433381053,9.216613692631578
run_2574_cfg_858_seed_3_mrhof,3,12,18,10,40.0,16,10,MRHOF,855,99.91032748538012,174.97309941520467,-76.86666666666666,1.0495204678362573,0.2943619128778399,3473.258207966316,9.219415275789473
run_2575_cfg_859_seed_1_of0,1,12,18,10,40.0,16,10,OF0,855,99.82844444444446,175.16725146198831,-77.15789473684211,1.0513567251461988,0.2947321528867936,3473.257274947369,9.231011368421052
run_2576_cfg_859_seed_2_of0,2,12,18,10,40.0,16,10,OF0,855,99.96100584795322,173.91812865497076,-76.97309941520467,1.0592748538011696,0.2956345716675533,3473.25500087579,9.259274829473684
run_2577_cfg_859_seed_3_of0,3,12,18,10,40.0,16,10,OF0,855,99.87719298245614,174.11812865497075,-77.13216374269005,1.048654970760234,0.2943887437501999,3473.2581403733334,9.22025536
run_2578_cfg_860_seed_1_mrhof,1,12,18,10,40.0,16,20,MRHOF,855,100.0,170.02105263157895,-76.6,1.034748538011696,0.1557538202491346,3473.607500401404,4.878209296842106
run_2579_cfg_860_seed_2_mrhof,2,12,18,10,40.0,16,20,MRHOF,855,100.0,170.07251461988304,-76.6,1.0354736842105263,0.155558703733342,3473.607992061755,4.872098661052632
run_2580_cfg_860_seed_3_mrhof,3,12,18,10,40.0,16,20,MRHOF,855,99.96100584795322,169.12280701754386,-77.2,1.0425497076023391,0.1553233986541887,3473.6085850329832,4.864728875789473
run_2581_cfg_861_seed_1_of0,1,12,18,10,40.0,16,20,OF0,855,99.96100584795322,169.85614035087718,-76.92865497076023,1.027625730994152,0.1556158902578445,3473.6078479550883,4.873889701052631
run_2582_cfg_861_seed_2_of0,2,12,18,10,40.0,16,20,OF0,855,100.0,170.1345029239766,-76.82690058479533,1.0355906432748538,0.156738070411532,3473.605020053334,4.909036479999999
run_2583_cfg_861_seed_3_of0,3,12,18,10,40.0,16,20,OF0,855,99.88301754385964,169.70643274853802,-77.03391812865497,1.0433216374269003,0.1569220291731894,3473.604556491229,4.914797894736841
run_2599_cfg_867_seed_1_mrhof,1,12,18,10,50.0,12,5,MRHOF,627,99.93763955342902,112.90271132376397,-68.0909090909091,1.0221212121212122,0.3116861101895,3473.214680195216,9.76201008229665
run_2600_cfg_867_seed_2_mrhof,2,12,18,10,50.0,12,5,MRHOF,627,99.98405103668262,113.55502392344498,-70.0,1.0325837320574165,0.3146309269227342,3473.2071300822968,9.854240405741626
run_2601_cfg_867_seed_3_mrhof,3,12,18,10,50.0,12,5,MRHOF,627,99.95215311004785,113.03987240829346,-70.9090909090909,1.0283572567783097,0.312622966211204,3473.2121901244022,9.791351311004783
run_2602_cfg_868_seed_1_of0,1,12,18,10,50.0,12,5,OF0,627,99.92169059011164,113.94098883572568,-70.22488038277513,1.0248006379585326,0.3130626862830879,3473.211082021053,9.805123452631578
run_2603_cfg_868_seed_2_of0,2,12,18,10,50.0,12,5,OF0,627,99.96810207336524,113.1738437001595,-68.46251993620415,1.02585326953748,0.3133649536884076,3473.2103203674646,9.814589718660288
run_2604_cfg_868_seed_3_of0,3,12,18,10,50.0,12,5,OF0,627,99.98405103668262,113.42264752791068,-69.15470494417863,1.0225199362041468,0.3120499658813099,3473.2136340669863,9.773405167464114
run_2605_cfg_869_seed_1_mrhof,1,12,18,10,50.0,12,10,MRHOF,627,99.96810207336524,110.3987240829346,-69.45454545454545,1.0142424242424242,0.1720188820409237,3473.566512413397,5.387631433492822
run_2606_cfg_869_seed_2_mrhof,2,12,18,10,50.0,12,10,MRHOF,627,100.0,109.1738437001595,-69.36363636363636,1.0188676236044658,0.1731929977606714,3473.563553630622,5.424404876555023
run_2607_cfg_869_seed_3_mrhof,3,12,18,10,50.0,12,10,MRHOF,627,100.0,110.11642743221692,-69.27272727272727,1.0154545454545456,0.1720640297713982,3473.5663986449767,5.389045412440191
run_2608_cfg_870_seed_1_of0,1,12,18,10,50.0,12,20,OF0,627,100.0,109.06698564593302,-68.03030303030303,1.0139553429027113,0.0942970319068582,3473.7623714755982,2.9533830889952157
run_2609_cfg_870_seed_2_of0,2,12,18,10,50.0,12,20,OF0,627,100.0,109.40829346092504,-70.04625199362042,1.015470494417863,0.0944701967038809,3473.7619351043063,2.95880656076555
run_2610_cfg_870_seed_3_of0,3,12,18,10,50.0,12,20,OF0,627,100.0,108.00318979266348,-67.7719298245614,1.0107496012759172,0.0940404465709729,3473.7630180746414,2.94534678660287
run_2611_cfg_871_seed_1_of0,1,12,18,10,50.0,16,5,OF0,855,99.90355555555554,156.94853801169592,-72.69005847953217,1.0624561403508772,0.4633895862583887,3472.832258172632,14.513362711578946
run_2612_cfg_871_seed_2_of0,2,12,18,10,50.0,16,5,OF0,855,99.90617543859648,158.81052631578947,-70.8327485380117,1.0609005847953217,0.4664369380260116,3472.82457882386,14.608806046315788
run_2613_cfg_871_seed_3_of0,3,12,18,10,50.0,16,5,OF0,855,99.89422222222224,158.73333333333332,-71.56374269005848,1.055438596491228,0.462432815330232,3472.834669395088,14.48339466105263
run_2614_cfg_872_seed_1_mrhof,1,12,18,10,50.0,16,10,MRHOF,855,99.953216374269,151.87251461988305,-71.68888888888888,1.0415204678362573,0.2492192931758838,3473.37196738807,7.805548176842104
run_2615_cfg_872_seed_2_mrhof,2,12,18,10,50.0,16,10,MRHOF,855,99.953216374269,149.55789473684212,-72.13333333333334,1.0295087719298246,0.2513442157126013,3473.366736050527,7.872101406315789
run_2616_cfg_872_seed_3_mrhof,3,12,18,10,50.0,16,10,MRHOF,855,100.0,149.6374269005848,-71.0,1.0310526315789472,0.2482009090051267,3473.3745337207024,7.773652328421052
run_2629_cfg_877_seed_1_mrhof,1,12,18,10,60.0,12,5,MRHOF,627,99.95215311004785,97.61084529505582,-73.45454545454545,1.0138915470494418,0.2543601449018208,3473.3590124248803,7.966559862200956
run_2630_cfg_877_seed_2_mrhof,2,12,18,10,60.0,12,5,MRHOF,627,99.98548644338118,97.2615629984051,-68.0909090909091,1.0145773524720894,0.2548035475282786,3473.3578950507176,7.980447226794258
run_2631_cfg_877_seed_3_mrhof,3,12,18,10,60.0,12,5,MRHOF,627,99.96810207336524,96.53429027113238,-64.45454545454545,1.0156937799043062,0.2548756394696302,3473.357713385646,7.982705064114832
run_2632_cfg_878_seed_1_of0,1,12,18,10,60.0,12,5,OF0,627,99.93620414673046,97.94736842105264,-70.4066985645933,1.0176076555023923,0.2552413184447253,3473.3567918775125,7.994158093779903
run_2633_cfg_878_seed_2_of0,2,12,18,10,60.0,12,5,OF0,627,99.98405103668262,97.38755980861244,-69.4688995215311,1.0155502392344498,0.2550191186879227,3473.357351823924,7.987198759808612
run_2634_cfg_878_seed_3_of0,3,12,18,10,60.0,12,5,OF0,627,99.96631578947368,96.9792663476874,-66.8341307814992,1.0156140350877192,0.2546925465178097,3473.358174782775,7.976970556937799
run_2635_cfg_879_seed_1_mrhof,1,12,18,10,60.0,12,20,MRHOF,627,100.0,93.30781499202553,-69.63636363636364,1.0097607655502392,0.0784575866189038,3473.8022868822973,2.4572916057416267
run_2636_cfg_879_seed_2_mrhof,2,12,18,10,60.0,12,20,MRHOF,627,100.0,93.42264752791068,-67.27272727272727,1.0149441786283893,0.0788140138447687,3473.801388685168,2.46845491291866
run_2637_cfg_879_seed_3_mrhof,3,12,18,10,60.0,12,20,MRHOF,627,100.0,92.58692185007976,-64.9090909090909,1.0123604465709728,0.0790129505582137,3473.8008873645936,2.4746856114832534
run_2638_cfg_880_seed_1_mrhof,1,12,18,10,60.0,16,5,MRHOF,855,99.85005847953217,126.3391812865497,-71.89941520467836,1.034093567251462,0.3509879240433887,3473.1155104561403,10.99294147368421
run_2639_cfg_880_seed_2_mrhof,2,12,18,10,60.0,16,5,MRHOF,855,99.90486549707605,126.5953216374269,-70.86666666666666,1.039204678362573,0.3528046736264749,3473.1109322105267,11.04984252631579
run_2640_cfg_880_seed_3_mrhof,3,12,18,10,60.0,16,5,MRHOF,855,99.90748538011697,126.43157894736842,-66.53333333333333,1.0330526315789474,0.3522053888337283,3473.112442402808,11.03107299368421
run_2641_cfg_881_seed_1_of0,1,12,18,10,60.0,16,5,OF0,855,99.9168187134503,126.23040935672516,-70.64912280701755,1.0311929824561403,0.3521395703889179,3473.1126082807023,11.029011368421052
run_2642_cfg_881_seed_2_of0,2,12,18,10,60.0,16,5,OF0,855,99.9191812865497,125.29005847953216,-69.46666666666667,1.0310994152046784,0.3513010207186285,3473.1147214259654,11.002747991578946
run_2643_cfg_881_seed_3_of0,3,12,18,10,60.0,16,5,OF0,855,99.94362573099416,126.52397660818714,-69.33801169590643,1.0367719298245617,0.3523986259630547,3473.111955458246,11.037125018947368
run_2644_cfg_882_seed_1_mrhof,1,12,18,10,60.0,16,10,MRHOF,855,99.93761403508772,120.74269005847954,-71.66666666666667,1.0145847953216374,0.1924963288678115,3473.514909254737,6.028984976842104
run_2645_cfg_882_seed_2_mrhof,2,12,18,10,60.0,16,10,MRHOF,855,100.0,121.49590643274854,-65.93333333333334,1.018315789473684,0.1934586947493844,3473.512484081404,6.059126416842105
run_2646_cfg_882_seed_3_mrhof,3,12,18,10,60.0,16,10,MRHOF,855,100.0,121.2140350877193,-65.4,1.0158947368421054,0.1927629300845148,3473.51423741193,6.037335023157894
run_2647_cfg_883_seed_1_of0,1,12,18,10,60.0,16,10,OF0,855,99.9766081871345,121.88421052631578,-72.52163742690058,1.0151228070175438,0.1931357786278786,3473.513297751579,6.049013658947368
run_2648_cfg_883_seed_2_of0,2,12,18,10,60.0,16,10,OF0,855,99.98050292397662,121.60818713450293,-69.89005847953216,1.0159298245614037,0.1936840070587658,3473.511916261053,6.066183612631579
run_2649_cfg_883_seed_3_of0,3,12,18,10,60.0,16,10,OF0,855,99.9766081871345,122.0842105263158,-65.26081871345029,1.0176023391812865,0.1933927480856815,3473.512650273685,6.057060884210525
run_2650_cfg_884_seed_1_mrhof,1,12,18,10,60.0,16,20,MRHOF,855,99.92201169590643,120.29239766081872,-69.26666666666667,1.0180818713450293,0.105454061795798,3473.734255752983,3.3028213557894737
run_2651_cfg_884_seed_2_mrhof,2,12,18,10,60.0,16,20,MRHOF,855,100.0,118.67602339181286,-70.26666666666667,1.024233918128655,0.1063032040974046,3473.7321159242106,3.329416370526315
run_2652_cfg_884_seed_3_mrhof,3,12,18,10,60.0,16,20,MRHOF,855,100.0,118.75555555555556,-68.53333333333333,1.0169473684210526,0.1052214580896686,3473.7348419256145,3.295536067368421
run_2653_cfg_885_seed_1_of0,1,12,18,10,60.0,16,20,OF0,855,99.96100584795322,120.17076023391812,-68.58362573099416,1.0196023391812865,0.1057756725371578,3473.733445305264,3.3128940631578945
run_2654_cfg_885_seed_2_of0,2,12,18,10,60.0,16,20,OF0,855,99.96100584795322,119.41169590643275,-67.59181286549708,1.0171461988304094,0.105833590641485,3473.7332993515797,3.3147080589473683
run_2655_cfg_885_seed_3_of0,3,12,18,10,60.0,16,20,OF0,855,100.0,119.07251461988304,-72.21520467836257,1.0192514619883042,0.1055807095516569,3473.73393661193,3.3067878231578947
run_2671_cfg_891_seed_1_mrhof,1,12,20,0,40.0,12,5,MRHOF,627,99.98405103668262,143.347687400319,-73.36363636363636,1.0512599681020731,0.4097134187563267,3472.967522212441,12.832223931100478
run_2672_cfg_891_seed_2_mrhof,2,12,20,0,40.0,12,5,MRHOF,627,99.96810207336524,140.86602870813397,-73.36363636363636,1.049170653907496,0.4068186552704845,3472.9751279119623,12.741561439234449
run_2673_cfg_891_seed_3_mrhof,3,12,20,0,40.0,12,5,MRHOF,627,99.96631578947368,141.4896331738437,-73.27272727272727,1.0474800637958532,0.4067277471496156,3472.97504609378,12.73871283444976
run_2674_cfg_892_seed_1_of0,1,12,20,0,40.0,12,5,OF0,627,99.8883572567783,140.8755980861244,-73.43221690590111,1.0361722488038276,0.4034898842989817,3472.9832055349284,12.637302637320571
run_2675_cfg_892_seed_2_of0,2,12,20,0,40.0,12,5,OF0,627,99.91846889952151,141.74162679425837,-73.37001594896331,1.0463317384370014,0.4063260820053261,3472.9760582736844,12.726132884210523
run_2676_cfg_892_seed_3_of0,3,12,20,0,40.0,12,5,OF0,627,99.87527910685806,142.18341307814993,-73.46092503987241,1.0424720893141943,0.4062559668071517,3472.9760585531103,12.723934989473683
run_2677_cfg_893_seed_1_mrhof,1,12,20,0,40.0,12,10,MRHOF,627,100.0,136.93460925039872,-73.27272727272727,1.0252312599681022,0.2195686017620265,3473.446687096651,6.8768889416267935
run_2678_cfg_893_seed_2_mrhof,2,12,20,0,40.0,12,10,MRHOF,627,100.0,135.9011164274322,-73.27272727272727,1.0235087719298246,0.2191882822248118,3473.447645527273,6.864977018181818
run_2679_cfg_893_seed_3_mrhof,3,12,20,0,40.0,12,10,MRHOF,627,100.0,135.01754385964912,-73.63636363636364,1.0219617224880382,0.2183035678707417,3473.449875023924,6.837267559808612
run_2680_cfg_894_seed_1_mrhof,1,12,20,0,40.0,12,20,MRHOF,627,99.94682615629984,134.34928229665073,-73.27272727272727,1.0248325358851675,0.1176151274761543,3473.7036098985645,3.683705546411483
run_2681_cfg_894_seed_2_mrhof,2,12,20,0,40.0,12,20,MRHOF,627,100.0,132.37161084529507,-73.27272727272727,1.0275438596491229,0.1166460804715899,3473.706051873685,3.653355284210526
run_2682_cfg_894_seed_3_mrhof,3,12,20,0,40.0,12,20,MRHOF,627,99.94682615629984,133.43859649122808,-73.63636363636364,1.0280701754385966,0.1173553849913072,3473.7042644287085,3.675570671770335
run_2683_cfg_895_seed_1_of0,1,12,20,0,40.0,12,20,OF0,627,100.0,134.2822966507177,-73.28389154704944,1.0186602870813397,0.1171370291189995,3473.7048146755983,3.668731888995216
run_2684_cfg_895_seed_2_of0,2,12,20,0,40.0,12,20,OF0,627,100.0,133.87878787878788,-73.27591706539074,1.0215151515151517,0.1173715211984915,3473.7042237550245,3.676076187559808
run_2685_cfg_895_seed_3_of0,3,12,20,0,40.0,12,20,OF0,627,99.89365231259968,135.0207336523126,-73.63636363636364,1.0284210526315791,0.1175655077086656,3473.703734920575,3.6821517014354064
run_2686_cfg_896_seed_1_mrhof,1,12,20,0,40.0,16,5,MRHOF,855,99.8484912280702,188.30409356725147,-76.7345029239766,1.1132748538011696,0.557329245057564,3472.5955302568423,17.45555252210526
run_2687_cfg_896_seed_2_mrhof,2,12,20,0,40.0,16,5,MRHOF,855,99.72916959064328,188.1438596491228,-77.0233918128655,1.0993450292397662,0.5535746227916438,3472.604991859649,17.337958315789475
run_2688_cfg_896_seed_3_mrhof,3,12,20,0,40.0,16,5,MRHOF,855,99.75702923976608,186.80701754385964,-76.6,1.1110409356725146,0.5525216070059197,3472.6076455522807,17.30497670736842
run_2689_cfg_897_seed_1_of0,1,12,20,0,40.0,16,5,OF0,855,99.67436257309942,192.23976608187132,-77.25146198830409,1.108187134502924,0.5690234670961501,3472.566353512983,17.821820446315787
run_2690_cfg_897_seed_2_of0,2,12,20,0,40.0,16,5,OF0,855,99.88409356725144,187.2888888888889,-76.62923976608187,1.0876374269005848,0.558076415905979,3472.5934175466678,17.47894886736842
run_2691_cfg_897_seed_3_of0,3,12,20,0,40.0,16,5,OF0,855,99.84954385964912,195.7122807017544,-76.76725146198831,1.1004444444444443,0.5836869085556633,3472.5291089908774,18.281073970526315
run_2692_cfg_898_seed_1_mrhof,1,12,20,0,40.0,16,10,MRHOF,855,99.87522807017544,175.33333333333334,-76.93333333333334,1.040046783625731,0.292348366909032,3473.263282116492,9.156350837894736
run_2693_cfg_898_seed_2_mrhof,2,12,20,0,40.0,16,10,MRHOF,855,99.9766081871345,174.58362573099416,-76.71695906432748,1.0527953216374268,0.2934215669206312,3473.2605776505266,9.18996348631579
run_2694_cfg_898_seed_3_mrhof,3,12,20,0,40.0,16,10,MRHOF,855,99.89083040935672,177.54152046783625,-76.89122807017544,1.0545614035087718,0.2940963784493209,3473.2588771761407,9.21109795368421
run_2695_cfg_899_seed_1_of0,1,12,20,0,40.0,16,10,OF0,855,99.7894619883041,176.12163742690058,-77.02923976608187,1.0552748538011696,0.3047454971131991,3473.232041347369,9.544628968421051
run_2696_cfg_899_seed_2_of0,2,12,20,0,40.0,16,10,OF0,855,99.96100584795322,173.77309941520468,-76.72865497076023,1.0492397660818713,0.2937935366850035,3473.259640269474,9.20161379368421
run_2697_cfg_899_seed_3_of0,3,12,20,0,40.0,16,10,OF0,855,99.90837426900583,178.353216374269,-76.83157894736843,1.054678362573099,0.300865881329278,3473.241817964913,9.423119578947368
run_2698_cfg_900_seed_1_mrhof,1,12,20,0,40.0,16,20,MRHOF,855,100.0,170.40701754385964,-76.6,1.0378479532163742,0.155219224758607,3473.6088475845618,4.861465734736842
run_2699_cfg_900_seed_2_mrhof,2,12,20,0,40.0,16,20,MRHOF,855,100.0,169.28654970760235,-76.6,1.0387719298245617,0.1538487478386678,3473.6123011536847,4.818542804210526
run_2700_cfg_900_seed_3_mrhof,3,12,20,0,40.0,16,20,MRHOF,855,99.92201169590643,170.04327485380117,-77.2,1.0541286549707602,0.1549258144451284,3473.6095869417545,4.852276581052632
run_2701_cfg_901_seed_1_of0,1,12,20,0,40.0,16,20,OF0,855,100.0,168.89005847953217,-76.92865497076023,1.0293216374269007,0.1541200309992454,3473.611617521404,4.827039376842104
run_2702_cfg_901_seed_2_of0,2,12,20,0,40.0,16,20,OF0,855,100.0,170.5438596491228,-76.85847953216374,1.032748538011696,0.1543565569306657,3473.6110214849127,4.834447258947368
run_2703_cfg_901_seed_3_of0,3,12,20,0,40.0,16,20,OF0,855,99.88301754385964,168.7497076023392,-77.10409356725147,1.0373216374269003,0.1544206320887527,3473.610860008421,4.836454181052631
run_2713_cfg_905_seed_1_mrhof,1,12,20,0,50.0,12,5,MRHOF,627,99.9535885167464,113.67942583732058,-68.0909090909091,1.02792663476874,0.3118164522238827,3473.214222522488,9.766091506220096
run_2714_cfg_905_seed_2_mrhof,2,12,20,0,50.0,12,5,MRHOF,627,99.95215311004785,113.76714513556618,-70.0,1.0306060606060607,0.3145847076989643,3473.207246530144,9.85279312535885
run_2715_cfg_905_seed_3_mrhof,3,12,20,0,50.0,12,5,MRHOF,627,99.96631578947368,113.07496012759172,-70.12599681020734,1.026299840510367,0.3110479101026531,3473.216159265072,9.742020562679423
run_2716_cfg_906_seed_1_mrhof,1,12,20,0,50.0,12,10,MRHOF,627,100.0,110.77352472089314,-69.45454545454545,1.012328548644338,0.1708441892610313,3473.5694726430625,5.350840007655503
run_2717_cfg_906_seed_2_mrhof,2,12,20,0,50.0,12,10,MRHOF,627,100.0,109.12759170653908,-69.36363636363636,1.0166507177033497,0.1719198514415999,3473.5672509244027,5.384531069856459
run_2718_cfg_906_seed_3_mrhof,3,12,20,0,50.0,12,10,MRHOF,627,100.0,111.2902711323764,-69.27272727272727,1.0206539074960128,0.1711352986539081,3473.5687390698567,5.359957274641149
run_2719_cfg_907_seed_1_of0,1,12,20,0,50.0,12,10,OF0,627,100.0,109.84210526315788,-68.52950558213716,1.0116746411483255,0.1706452740581687,3473.569973910048,5.344609975119616
run_2720_cfg_907_seed_2_of0,2,12,20,0,50.0,12,10,OF0,627,100.0,109.6842105263158,-69.60765550239235,1.0113556618819777,0.170745964695428,3473.569720168421,5.347763621052631
run_2721_cfg_907_seed_3_of0,3,12,20,0,50.0,12,10,OF0,627,100.0,110.61881977671452,-69.11961722488039,1.0148803827751196,0.1710369990110029,3473.5689867559813,5.356878889952153
run_2722_cfg_908_seed_1_mrhof,1,12,20,0,50.0,12,20,MRHOF,627,100.0,111.33014354066984,-70.0,1.0287878787878788,0.0938262180441771,3473.7635579253592,2.938637213397129
run_2723_cfg_908_seed_2_mrhof,2,12,20,0,50.0,12,20,MRHOF,627,100.0,108.18500797448166,-69.36363636363636,1.014066985645933,0.0928558851674641,3473.7660031693786,2.908246323444976
run_2724_cfg_908_seed_3_mrhof,3,12,20,0,50.0,12,20,MRHOF,627,100.0,108.3652312599681,-69.27272727272727,1.0181499202551834,0.0935091748698027,3473.764356876556,2.9287073913875594
run_2725_cfg_909_seed_1_mrhof,1,12,20,0,50.0,16,5,MRHOF,855,99.95426900584796,158.07368421052632,-71.31111111111112,1.06387134502924,0.4619691342279425,3472.8358378105268,14.46887292631579
run_2726_cfg_909_seed_2_mrhof,2,12,20,0,50.0,16,5,MRHOF,855,99.953216374269,157.0923976608187,-70.19181286549707,1.0616608187134504,0.4640656865036112,3472.830554436492,14.534537717894736
run_2727_cfg_909_seed_3_mrhof,3,12,20,0,50.0,16,5,MRHOF,855,99.94126315789474,157.55672514619883,-72.86666666666666,1.062877192982456,0.4593123396121029,3472.84253285614,14.38566307368421
run_2728_cfg_910_seed_1_of0,1,12,20,0,50.0,16,5,OF0,855,99.94126315789474,157.6315789473684,-71.31695906432749,1.0582690058479534,0.4615387089310944,3472.836922481404,14.455392016842104
run_2729_cfg_910_seed_2_of0,2,12,20,0,50.0,16,5,OF0,855,99.90512280701756,159.16608187134503,-72.23976608187135,1.0589941520467836,0.4628432894945344,3472.833634868772,14.496252345263157
run_2730_cfg_910_seed_3_of0,3,12,20,0,50.0,16,5,OF0,855,99.9402105263158,159.4690058479532,-71.97894736842105,1.0547836257309942,0.4624275790574126,3472.8346825207022,14.48323152842105
run_2731_cfg_911_seed_1_mrhof,1,12,20,0,50.0,16,20,MRHOF,855,100.0,147.29005847953218,-72.86666666666666,1.0367368421052632,0.1339771837884176,3473.6623774933337,4.19616544
run_2732_cfg_911_seed_2_mrhof,2,12,20,0,50.0,16,20,MRHOF,855,99.96100584795322,147.57894736842104,-69.66666666666667,1.0278362573099415,0.1335277611224097,3473.6635100294743,4.18208963368421
run_2733_cfg_911_seed_3_mrhof,3,12,20,0,50.0,16,20,MRHOF,855,99.96100584795322,146.24444444444444,-71.9906432748538,1.0254619883040936,0.1331014222833173,3473.664584404211,4.168736690526316
run_2734_cfg_912_seed_1_of0,1,12,20,0,50.0,16,20,OF0,855,100.0,147.1017543859649,-70.19181286549707,1.027485380116959,0.133589738791423,3473.663353858246,4.184030618947368
run_2735_cfg_912_seed_2_of0,2,12,20,0,50.0,16,20,OF0,855,99.96100584795322,143.4795321637427,-70.45263157894736,1.024842105263158,0.1329837348927875,3473.6648809880703,4.165050576842105
run_2736_cfg_912_seed_3_of0,3,12,20,0,50.0,16,20,OF0,855,99.96100584795322,147.24678362573098,-71.95204678362573,1.029251461988304,0.1336583600229746,3473.663180945965,4.186179671578947
run_2746_cfg_916_seed_1_of0,1,12,20,0,60.0,12,5,OF0,627,99.96810207336524,97.0988835725678,-70.48006379585327,1.0140031897926634,0.2532009334927121,3473.361933588517,7.930253971291865
run_2747_cfg_916_seed_2_of0,2,12,20,0,60.0,12,5,OF0,627,99.98405103668262,96.57894736842104,-70.59011164274322,1.015725677830941,0.2538717285539069,3473.3602432459334,7.951262514832535
run_2748_cfg_916_seed_3_of0,3,12,20,0,60.0,12,5,OF0,627,99.9503668261563,97.59489633173844,-68.2822966507177,1.021244019138756,0.2563529526891962,3473.3539905377997,8.028974744497607
run_2749_cfg_917_seed_1_mrhof,1,12,20,0,60.0,12,10,MRHOF,627,100.0,93.859649122807,-70.63636363636364,1.008628389154705,0.1402264123662323,3473.6466294430625,4.391891207655502
run_2750_cfg_917_seed_2_mrhof,2,12,20,0,60.0,12,10,MRHOF,627,100.0,94.12280701754386,-64.45454545454545,1.008803827751196,0.1410634556087187,3473.6445200918665,4.418107429665072
run_2751_cfg_917_seed_3_mrhof,3,12,20,0,60.0,12,10,MRHOF,627,99.91492822966508,95.35406698564591,-65.9090909090909,1.009840510366826,0.141159039023351,3473.644279211483,4.4211012287081335
run_2752_cfg_918_seed_1_of0,1,12,20,0,60.0,12,10,OF0,627,100.0,95.10047846889952,-72.89792663476874,1.0120255183413078,0.1407668270020759,3473.645267598087,4.408816995215311
run_2753_cfg_918_seed_2_of0,2,12,20,0,60.0,12,10,OF0,627,100.0,94.32216905901116,-70.17543859649123,1.008803827751196,0.1408024029771398,3473.645177944498,4.40993126124402
run_2754_cfg_918_seed_3_of0,3,12,20,0,60.0,12,10,OF0,627,100.0,94.57894736842104,-65.75438596491227,1.00896331738437,0.1412189937374043,3473.6441281454545,4.422978763636364
run_2755_cfg_919_seed_1_mrhof,1,12,20,0,60.0,12,20,MRHOF,627,100.0,93.46411483253588,-69.63636363636364,1.010287081339713,0.0777012227538543,3473.804192918661,2.4336022966507174
run_2756_cfg_919_seed_2_mrhof,2,12,20,0,60.0,12,20,MRHOF,627,100.0,93.43221690590111,-67.27272727272727,1.0136682615629984,0.0778314502003158,3473.803864742584,2.43768105645933
run_2757_cfg_919_seed_3_mrhof,3,12,20,0,60.0,12,20,MRHOF,627,100.0,93.50079744816588,-64.9090909090909,1.0106060606060605,0.0779765231259968,3473.8034991617224,2.44222470430622
run_2758_cfg_920_seed_1_of0,1,12,20,0,60.0,12,20,OF0,627,99.94682615629984,94.02711323763955,-66.90271132376395,1.0121212121212122,0.0779042424242424,3473.803681309091,2.4399608727272724
run_2759_cfg_920_seed_2_of0,2,12,20,0,60.0,12,20,OF0,627,100.0,94.22647527910686,-65.08931419457736,1.013620414673046,0.0780540334320236,3473.80330383158,2.444652378947368
run_2760_cfg_920_seed_3_of0,3,12,20,0,60.0,12,20,OF0,627,100.0,93.89314194577352,-69.72727272727273,1.0134928229665072,0.0777517490696438,3473.804065592345,2.435184780861244
run_2761_cfg_921_seed_1_mrhof,1,12,20,0,60.0,16,5,MRHOF,855,99.8508538011696,127.21520467836255,-71.55906432748537,1.0364327485380116,0.3510822650645087,3473.1152727017547,10.995896421052633
run_2762_cfg_921_seed_2_mrhof,2,12,20,0,60.0,16,5,MRHOF,855,99.86044444444444,126.8093567251462,-70.86198830409357,1.0339415204678362,0.3510858134720697,3473.115263741755,10.99600778105263
run_2763_cfg_921_seed_3_mrhof,3,12,20,0,60.0,16,5,MRHOF,855,99.96491228070175,126.12865497076024,-66.53333333333333,1.0321637426900585,0.3516138971937652,3473.1139329852635,11.012547183157894
run_2764_cfg_922_seed_1_of0,1,12,20,0,60.0,16,5,OF0,855,99.91787134502924,126.78245614035087,-68.7906432748538,1.031906432748538,0.3511674233293522,3473.1150580547373,10.998564176842104
run_2765_cfg_922_seed_2_of0,2,12,20,0,60.0,16,5,OF0,855,99.8490058479532,126.30760233918129,-72.91695906432749,1.0277543859649123,0.350327923986954,3473.117173636492,10.972270517894737
run_2766_cfg_922_seed_3_of0,3,12,20,0,60.0,16,5,OF0,855,99.9212865497076,126.66783625730994,-69.76140350877193,1.0319415204678364,0.3519152669784121,3473.1131734680707,11.021986896842105
run_2767_cfg_923_seed_1_mrhof,1,12,20,0,60.0,16,10,MRHOF,855,100.0,121.45380116959063,-71.66666666666667,1.018888888888889,0.1923849142491314,3473.515190040702,6.025495208421052
run_2768_cfg_923_seed_2_mrhof,2,12,20,0,60.0,16,10,MRHOF,855,99.98050292397662,121.10526315789474,-65.94502923976609,1.019438596491228,0.1927765304067164,3473.51420314386,6.037760926315789
run_2769_cfg_923_seed_3_mrhof,3,12,20,0,60.0,16,10,MRHOF,855,99.95711111111112,121.3122807017544,-65.4,1.0158245614035086,0.1919182344213046,3473.5163660407025,6.010879208421052
run_2770_cfg_924_seed_1_of0,1,12,20,0,60.0,16,10,OF0,855,99.9766081871345,121.59298245614036,-72.88654970760234,1.014187134502924,0.1920559225323351,3473.516019076492,6.015191477894737
run_2771_cfg_924_seed_2_of0,2,12,20,0,60.0,16,10,OF0,855,99.95711111111112,121.27953216374269,-71.11695906432749,1.0166900584795322,0.1922916931725333,3473.51543901193,6.022575915789473
run_2772_cfg_924_seed_3_of0,3,12,20,0,60.0,16,10,OF0,855,99.95711111111112,122.42456140350878,-65.40584795321638,1.0177543859649123,0.1927786650227192,3473.51419776,6.037827839999999
run_2773_cfg_925_seed_1_of0,1,12,20,0,60.0,16,20,OF0,855,100.0,119.48187134502923,-68.79766081871345,1.0120701754385966,0.1044001559454191,3473.736911607018,3.2698128842105256
run_2774_cfg_925_seed_2_of0,2,12,20,0,60.0,16,20,OF0,855,99.96100584795322,119.093567251462,-67.80116959064327,1.014783625730994,0.1045722592279102,3473.73647791158,3.2752030989473684
run_2775_cfg_925_seed_3_of0,3,12,20,0,60.0,16,20,OF0,855,100.0,118.76608187134502,-70.50760233918129,1.016140350877193,0.1041341581930517,3473.737581917193,3.261481886315789
run_2791_cfg_931_seed_1_mrhof,1,12,20,5,40.0,12,5,MRHOF,627,99.93763955342902,141.5438596491228,-73.36363636363636,1.044768740031898,0.4059027267883437,3472.977125113876,12.712873584688994
run_2792_cfg_931_seed_2_mrhof,2,12,20,5,40.0,12,5,MRHOF,627,99.9535885167464,141.24242424242425,-73.36363636363636,1.0457894736842106,0.4067889997627952,3472.974738943541,12.74062966507177
run_2793_cfg_931_seed_3_mrhof,3,12,20,5,40.0,12,5,MRHOF,627,99.98405103668262,142.14354066985646,-73.27272727272727,1.053907496012759,0.406946298286137,3472.9744953645936,12.745557611483251
run_2794_cfg_932_seed_1_of0,1,12,20,5,40.0,12,5,OF0,627,99.9535885167464,142.41148325358853,-73.35247208931419,1.046730462519936,0.4061194868735784,3472.976578886125,12.719662415311005
run_2795_cfg_932_seed_2_of0,2,12,20,5,40.0,12,5,OF0,627,99.93620414673046,143.21052631578948,-73.66666666666667,1.0415629984051038,0.4113563515707499,3472.9632292019146,12.883679311004784
run_2796_cfg_932_seed_3_of0,3,12,20,5,40.0,12,5,OF0,627,99.96810207336524,140.7352472089314,-73.3859649122807,1.0462838915470494,0.4055102145934873,3472.977741232536,12.700579360765548
run_2797_cfg_933_seed_1_mrhof,1,12,20,5,40.0,12,10,MRHOF,627,100.0,136.11004784688996,-73.2950558213716,1.023125996810207,0.2192612618255559,3473.4474616114835,6.867262828708133
run_2798_cfg_933_seed_2_mrhof,2,12,20,5,40.0,12,10,MRHOF,627,100.0,136.12918660287082,-73.27272727272727,1.0265231259968102,0.219813170776525,3473.4460708287083,6.884548271770334
run_2799_cfg_933_seed_3_mrhof,3,12,20,5,40.0,12,10,MRHOF,627,99.97341307814992,136.72089314194577,-73.63636363636364,1.020127591706539,0.218524692206815,3473.4493177569384,6.844193592344498
run_2800_cfg_934_seed_1_of0,1,12,20,5,40.0,12,10,OF0,627,100.0,136.6905901116427,-73.34768740031897,1.0284370015948965,0.2199404565386914,3473.445750047847,6.888535119617224
run_2801_cfg_934_seed_2_of0,2,12,20,5,40.0,12,10,OF0,627,100.0,134.8054226475279,-73.27272727272727,1.0243859649122806,0.2192644252288995,3473.447453626795,6.8673620669856446
run_2802_cfg_934_seed_3_of0,3,12,20,5,40.0,12,10,OF0,627,99.96810207336524,136.14992025518342,-73.61722488038278,1.0315470494417862,0.2192261305185125,3473.447550139713,6.866162549282296
run_2803_cfg_935_seed_1_mrhof,1,12,20,5,40.0,12,20,MRHOF,627,99.94682615629984,135.4274322169059,-73.27272727272727,1.0325518341307816,0.1180677710545198,3473.7024692133978,3.697882633492823
run_2804_cfg_935_seed_2_mrhof,2,12,20,5,40.0,12,20,MRHOF,627,100.0,134.45295055821373,-73.27272727272727,1.0210685805422648,0.1173434130781499,3473.704294599043,3.675195697607655
run_2805_cfg_935_seed_3_mrhof,3,12,20,5,40.0,12,20,MRHOF,627,99.89365231259968,133.89473684210526,-73.63636363636364,1.025438596491228,0.1170676448697501,3473.704989534928,3.666558637320574
run_2806_cfg_936_seed_1_of0,1,12,20,5,40.0,12,20,OF0,627,100.0,132.859649122807,-73.27272727272727,1.018755980861244,0.1164083123853808,3473.70665104689,3.64590841722488
run_2807_cfg_936_seed_2_of0,2,12,20,5,40.0,12,20,OF0,627,100.0,133.9505582137161,-73.39393939393939,1.0229665071770335,0.1175656140350877,3473.703734652632,3.6821550315789473
run_2808_cfg_936_seed_3_of0,3,12,20,5,40.0,12,20,OF0,627,100.0,134.38277511961724,-73.63636363636364,1.0288197767145135,0.1171959168730389,3473.704666288996,3.6705761224880376
run_2809_cfg_937_seed_1_mrhof,1,12,20,5,40.0,16,5,MRHOF,855,99.66661988304094,187.45847953216372,-76.8514619883041,1.100187134502924,0.5531714640048134,3472.6060079157896,17.325330189473682
run_2810_cfg_937_seed_2_mrhof,2,12,20,5,40.0,16,5,MRHOF,855,99.7294269005848,186.7181286549708,-76.76725146198831,1.0898947368421052,0.5511063319148903,3472.611211985965,17.260651031578945
run_2811_cfg_937_seed_3_mrhof,3,12,20,5,40.0,16,5,MRHOF,855,99.86385964912282,185.3345029239766,-76.6,1.1003274853801168,0.5502772341347831,3472.613301395088,17.23468266105263
run_2812_cfg_938_seed_1_of0,1,12,20,5,40.0,16,10,OF0,855,99.96100584795322,181.6619883040936,-77.47134502923977,1.054888888888889,0.3079378713450292,3473.223996564211,9.644614130526316
run_2813_cfg_938_seed_2_of0,2,12,20,5,40.0,16,10,OF0,855,100.0,173.41637426900584,-76.7766081871345,1.051029239766082,0.2931708452258201,3473.2612094877195,9.18211065263158
run_2814_cfg_938_seed_3_of0,3,12,20,5,40.0,16,10,OF0,855,99.91811695906432,173.51812865497075,-77.16491228070176,1.0451929824561403,0.2915796626152782,3473.265219205615,9.13227558736842
run_2815_cfg_939_seed_1_mrhof,1,12,20,5,40.0,16,20,MRHOF,855,100.0,171.6327485380117,-76.60116959064328,1.040654970760234,0.1551661611076551,3473.6089812771934,4.859804126315789
run_2816_cfg_939_seed_2_mrhof,2,12,20,5,40.0,16,20,MRHOF,855,100.0,169.23391812865498,-76.6,1.0386315789473684,0.1542201454903108,3473.611365226667,4.83017504
run_2817_cfg_939_seed_3_mrhof,3,12,20,5,40.0,16,20,MRHOF,855,100.0,171.6140350877193,-77.2,1.052877192982456,0.1555308365188043,3473.60806228772,4.871225852631579
run_2818_cfg_940_seed_1_of0,1,12,20,5,40.0,16,20,OF0,855,99.96100584795322,171.91461988304093,-76.7859649122807,1.0493567251461988,0.1561587416113813,3473.606479983158,4.890891637894737
run_2819_cfg_940_seed_2_of0,2,12,20,5,40.0,16,20,OF0,855,100.0,175.39415204678363,-77.12163742690059,1.044982456140351,0.1590615732605262,3473.59916477193,4.981809263157894
run_2820_cfg_940_seed_3_of0,3,12,20,5,40.0,16,20,OF0,855,99.96100584795322,168.57543859649124,-77.06198830409356,1.031204678362573,0.1550799844054581,3473.609198439299,4.857105111578947
run_2830_cfg_944_seed_1_mrhof,1,12,20,5,50.0,12,5,MRHOF,627,99.96810207336524,114.27113237639551,-68.0909090909091,1.030414673046252,0.3110701713283256,3473.2161031578958,9.742717894736842
run_2831_cfg_944_seed_2_mrhof,2,12,20,5,50.0,12,5,MRHOF,627,99.96810207336524,113.45773524720892,-70.0,1.0319298245614037,0.3145318859122226,3473.207379644019,9.851138710047849
run_2832_cfg_944_seed_3_mrhof,3,12,20,5,50.0,12,5,MRHOF,627,100.0,113.34130781499202,-70.68899521531101,1.026714513556619,0.3116781473620764,3473.214571062201,9.761759655502392
run_2833_cfg_945_seed_1_of0,1,12,20,5,50.0,12,5,OF0,627,99.9695374800638,114.11323763955345,-68.31738437001594,1.0226634768740033,0.3116387074713235,3473.2146704689003,9.760524172248802
run_2834_cfg_945_seed_2_of0,2,12,20,5,50.0,12,5,OF0,627,99.96631578947368,113.59170653907496,-69.11483253588517,1.0235566188197769,0.3109728173683964,3473.216474759809,9.739669481339712
run_2835_cfg_945_seed_3_of0,3,12,20,5,50.0,12,5,OF0,627,99.96810207336524,112.60287081339712,-69.4066985645933,1.018421052631579,0.3102084327362309,3473.218274725359,9.715728413397128
run_2836_cfg_946_seed_1_mrhof,1,12,20,5,50.0,12,10,MRHOF,627,100.0,111.07496012759172,-69.45454545454545,1.0211164274322169,0.1712412759170654,3473.56847198469,5.363276761722488
run_2837_cfg_946_seed_2_mrhof,2,12,20,5,50.0,12,10,MRHOF,627,100.0,110.0701754385965,-69.377990430622,1.0216267942583732,0.1719836013995182,3473.566601316747,5.386526491866028
run_2838_cfg_946_seed_3_mrhof,3,12,20,5,50.0,12,10,MRHOF,627,100.0,109.9170653907496,-69.76874003189792,1.015933014354067,0.170356189589259,3473.570702392345,5.335555980861244
run_2839_cfg_947_seed_1_of0,1,12,20,5,50.0,12,10,OF0,627,99.9096172248804,110.20574162679426,-68.60446570972887,1.0106539074960126,0.1701275241029745,3473.571278629666,5.328394174162679
run_2840_cfg_947_seed_2_of0,2,12,20,5,50.0,12,10,OF0,627,99.96810207336524,110.13078149920256,-69.56140350877193,1.013716108452951,0.171002521629985,3473.5690736229667,5.355799257416267
run_2841_cfg_947_seed_3_of0,3,12,20,5,50.0,12,10,OF0,627,100.0,110.2025518341308,-69.38118022328548,1.0169696969696969,0.1710788304093567,3473.5688813473685,5.358188968421052
run_2842_cfg_948_seed_1_of0,1,12,20,5,50.0,12,20,OF0,627,100.0,109.05901116427432,-68.24720893141946,1.010287081339713,0.0926325527170722,3473.7665659559816,2.901251689952153
run_2843_cfg_948_seed_2_of0,2,12,20,5,50.0,12,20,OF0,627,100.0,108.98245614035088,-68.52153110047847,1.0166507177033497,0.0927882598100314,3473.766173580862,2.90612835215311
run_2844_cfg_948_seed_3_of0,3,12,20,5,50.0,12,20,OF0,627,100.0,106.77033492822966,-69.12759170653908,1.0124720893141947,0.0922695374800637,3473.7674807655503,2.889881913875598
run_2845_cfg_949_seed_1_of0,1,12,20,5,50.0,16,5,OF0,855,99.88409356725144,161.66315789473686,-71.71345029239767,1.0608304093567251,0.4727153301154444,3472.8087571536844,14.805446804210526
run_2846_cfg_949_seed_2_of0,2,12,20,5,50.0,16,5,OF0,855,99.929567251462,157.43859649122808,-71.79883040935673,1.0574970760233915,0.4596220460268065,3472.841546644211,14.395361650526317
run_2847_cfg_949_seed_3_of0,3,12,20,5,50.0,16,5,OF0,855,99.89894736842106,159.35438596491227,-71.98713450292398,1.0605263157894738,0.4631371052329626,3472.832894489825,14.505454197894736
run_2848_cfg_950_seed_1_of0,1,12,20,5,50.0,16,10,OF0,855,99.98050292397662,150.0608187134503,-72.76959064327485,1.0323859649122809,0.2487942895728196,3473.3730383831585,7.792237237894736
run_2849_cfg_950_seed_2_of0,2,12,20,5,50.0,16,10,OF0,855,99.9766081871345,149.57894736842104,-72.4046783625731,1.038,0.2492611158465025,3473.3718619508777,7.806858610526315
run_2850_cfg_950_seed_3_of0,3,12,20,5,50.0,16,10,OF0,855,99.94150877192985,149.60233918128654,-72.39883040935672,1.0288421052631578,0.2491087416147749,3473.372245973334,7.80208576
run_2851_cfg_951_seed_1_mrhof,1,12,20,5,50.0,16,20,MRHOF,855,100.0,147.54970760233917,-72.56608187134503,1.035953216374269,0.1335693410923231,3473.6634052603517,4.183391764210526
run_2852_cfg_951_seed_2_mrhof,2,12,20,5,50.0,16,20,MRHOF,855,100.0,145.9812865497076,-71.92280701754386,1.038877192982456,0.1344968864120722,3473.6610678400007,4.21244256
run_2853_cfg_951_seed_3_mrhof,3,12,20,5,50.0,16,20,MRHOF,855,99.92201169590643,146.20818713450294,-72.13333333333334,1.026187134502924,0.1318111188545528,3473.667835980352,4.128324244210526
run_2854_cfg_952_seed_1_of0,1,12,20,5,50.0,16,20,OF0,855,99.96100584795322,147.3345029239766,-71.24327485380117,1.0274736842105263,0.1339226822612085,3473.662514840702,4.1944584084210526
run_2855_cfg_952_seed_2_of0,2,12,20,5,50.0,16,20,OF0,855,100.0,144.97076023391813,-72.12514619883041,1.027251461988304,0.1336050584005748,3473.6633152673685,4.184510248421052
run_2856_cfg_952_seed_3_of0,3,12,20,5,50.0,16,20,OF0,855,100.0,145.2,-71.36959064327485,1.0252631578947369,0.132862081871345,3473.6651875536845,4.161240404210526
run_2866_cfg_956_seed_1_mrhof,1,12,20,5,60.0,12,5,MRHOF,627,99.92133971291868,97.5023923444976,-71.69059011164275,1.0188038277511962,0.2534187991709272,3473.361384627752,7.93707676937799
run_2867_cfg_956_seed_2_mrhof,2,12,20,5,60.0,12,5,MRHOF,627,99.93620414673046,97.5311004784689,-68.07814992025519,1.0193460925039872,0.2541067942287108,3473.359650878469,7.958624796172248
run_2868_cfg_956_seed_3_mrhof,3,12,20,5,60.0,12,5,MRHOF,627,99.96810207336524,97.74162679425838,-64.45454545454545,1.0206060606060603,0.2546366423089388,3473.358315666986,7.975219567464115
run_2869_cfg_957_seed_1_of0,1,12,20,5,60.0,12,5,OF0,627,100.0,97.2280701754386,-68.53269537480064,1.0126475279106857,0.253033003816694,3473.362356830622,7.924993676555022
run_2870_cfg_957_seed_2_of0,2,12,20,5,60.0,12,5,OF0,627,99.93441786283891,96.71929824561404,-71.14992025518342,1.0155821371610845,0.254254456117211,3473.359278759809,7.96324969952153
run_2871_cfg_957_seed_3_of0,3,12,20,5,60.0,12,5,OF0,627,99.98405103668262,96.59649122807018,-66.65709728867624,1.013572567783094,0.2526752559811575,3473.3632583502394,7.913789075598085
run_2872_cfg_958_seed_1_mrhof,1,12,20,5,60.0,12,10,MRHOF,627,100.0,94.78787878787878,-70.40031897926634,1.0117543859649123,0.14052884635832,3473.645867307177,4.401363467942583
run_2873_cfg_958_seed_2_mrhof,2,12,20,5,60.0,12,10,MRHOF,627,100.0,93.91387559808612,-64.45454545454545,1.012328548644338,0.1407624265498707,3473.645278690909,4.408679127272727
run_2874_cfg_958_seed_3_mrhof,3,12,20,5,60.0,12,10,MRHOF,627,100.0,94.21850079744816,-65.77033492822966,1.0092344497607657,0.140641658692185,3473.645583020096,4.404896750239234
run_2875_cfg_959_seed_1_of0,1,12,20,5,60.0,12,10,OF0,627,99.96810207336524,94.2280701754386,-72.73205741626795,1.0078947368421054,0.1400973902474864,3473.6469545645937,4.387850411483253
run_2876_cfg_959_seed_2_of0,2,12,20,5,60.0,12,10,OF0,627,99.94682615629984,95.11323763955345,-68.62360446570973,1.0116108452950558,0.1407127065315038,3473.645403980862,4.407121952153109
run_2877_cfg_959_seed_3_of0,3,12,20,5,60.0,12,10,OF0,627,100.0,94.51196172248804,-68.55023923444976,1.006475279106858,0.1404209250398724,3473.6461392689,4.397983372248803
run_2878_cfg_960_seed_1_of0,1,12,20,5,60.0,12,20,OF0,627,99.94682615629984,93.3030303030303,-68.20255183413079,1.0099840510366829,0.076917490696438,3473.806167923445,2.40905580861244
run_2879_cfg_960_seed_2_of0,2,12,20,5,60.0,12,20,OF0,627,100.0,97.83732057416267,-66.47208931419458,1.0169218500797448,0.0817744603934077,3473.793928359809,2.561176099521531
run_2880_cfg_960_seed_3_of0,3,12,20,5,60.0,12,20,OF0,627,100.0,93.75438596491227,-69.72727272727273,1.011196172248804,0.0771024777898609,3473.805701756938,2.4148495923444973
run_2881_cfg_961_seed_1_of0,1,12,20,5,60.0,16,5,OF0,855,99.90853801169592,126.44561403508771,-70.05263157894737,1.0328070175438595,0.3501988356977024,3473.1174989473684,10.968227368421053
run_2882_cfg_961_seed_2_of0,2,12,20,5,60.0,16,5,OF0,855,99.8934269005848,127.5625730994152,-71.67719298245613,1.0350058479532165,0.3559934544527693,3473.1028965445616,11.14971437473684
run_2883_cfg_961_seed_3_of0,3,12,20,5,60.0,16,5,OF0,855,99.882783625731,127.5672514619883,-69.1766081871345,1.037157894736842,0.3525641343582801,3473.1115384252635,11.042308143157896
run_2884_cfg_962_seed_1_of0,1,12,20,5,60.0,16,10,OF0,855,99.93761403508772,122.33684210526316,-72.84912280701755,1.0187134502923976,0.1921568187134503,3473.5157648168424,6.018351562105263
run_2885_cfg_962_seed_2_of0,2,12,20,5,60.0,16,10,OF0,855,99.9766081871345,121.35672514619884,-66.28538011695906,1.0157894736842106,0.1913510182866667,3473.5177954357896,5.993113869473684
run_2886_cfg_962_seed_3_of0,3,12,20,5,60.0,16,10,OF0,855,99.94150877192985,122.0421052631579,-67.2233918128655,1.019485380116959,0.1922607327814104,3473.5155029333337,6.0216064
run_2887_cfg_963_seed_1_mrhof,1,12,20,5,60.0,16,20,MRHOF,855,99.92201169590643,120.40701754385964,-69.26666666666667,1.0181520467836258,0.1040231734892787,3473.7378616028072,3.25800579368421
run_2888_cfg_963_seed_2_mrhof,2,12,20,5,60.0,16,20,MRHOF,855,99.96100584795322,118.1953216374269,-70.26666666666667,1.0130175438596491,0.1036033814334448,3473.738919472281,3.244857987368421
run_2889_cfg_963_seed_3_mrhof,3,12,20,5,60.0,16,20,MRHOF,855,100.0,117.88187134502924,-67.72397660818713,1.016502923976608,0.103765208576998,3473.7385116743867,3.249926332631579
run_2896_cfg_966_seed_1_mrhof,1,12,20,10,40.0,12,5,MRHOF,627,99.98405103668262,142.39872408293462,-73.36363636363636,1.053955342902711,0.4073140290192798,3472.9735686583736,12.757075245933017
run_2897_cfg_966_seed_2_mrhof,2,12,20,10,40.0,12,5,MRHOF,627,99.98405103668262,140.73684210526315,-73.36363636363636,1.0401116427432218,0.4053576028634869,3472.9784988555025,12.69579993875598
run_2898_cfg_966_seed_3_mrhof,3,12,20,10,40.0,12,5,MRHOF,627,99.96810207336524,141.1658692185008,-73.27272727272727,1.042264752791069,0.4061547945617797,3472.9764899291868,12.720768022966508
run_2899_cfg_967_seed_1_of0,1,12,20,10,40.0,12,5,OF0,627,99.8883572567783,140.8755980861244,-73.43221690590111,1.0361722488038276,0.4034898842989817,3472.9832055349284,12.637302637320571
run_2900_cfg_967_seed_2_of0,2,12,20,10,40.0,12,5,OF0,627,99.95215311004785,141.25996810207337,-73.40829346092504,1.041913875598086,0.4053721297741788,3472.978543356938,12.69625683444976
run_2901_cfg_967_seed_3_of0,3,12,20,10,40.0,12,5,OF0,627,99.93620414673046,141.8835725677831,-73.45295055821371,1.0415789473684212,0.4070412146596662,3472.974079743541,12.74852876555024
run_2902_cfg_968_seed_1_of0,1,12,20,10,40.0,12,10,OF0,627,100.0,135.2408293460925,-73.37480063795853,1.0186921850079744,0.2191080832944723,3473.44784760957,6.862465423923444
run_2903_cfg_968_seed_2_of0,2,12,20,10,40.0,12,10,OF0,627,100.0,136.37001594896333,-73.42424242424242,1.0247049441786285,0.2197900797267548,3473.446128972249,6.88382563062201
run_2904_cfg_968_seed_3_of0,3,12,20,10,40.0,12,10,OF0,627,99.96810207336524,135.4433811802233,-73.66985645933015,1.0203189792663476,0.2197777713150173,3473.4461600000004,6.883439999999999
run_2905_cfg_969_seed_1_mrhof,1,12,20,10,40.0,12,20,MRHOF,627,99.89365231259968,133.49920255183414,-73.27272727272727,1.0239074960127592,0.1175826049973418,3473.703691835407,3.682687188516746
run_2906_cfg_969_seed_2_mrhof,2,12,20,10,40.0,12,20,MRHOF,627,100.0,133.24561403508773,-73.27272727272727,1.0267783094098883,0.1165514298383927,3473.7062903961723,3.650390790430622
run_2907_cfg_969_seed_3_mrhof,3,12,20,10,40.0,12,20,MRHOF,627,100.0,133.87081339712918,-73.63636363636364,1.0236204146730463,0.1169141095162148,3473.70537644402,3.661749910047847
run_2908_cfg_970_seed_1_of0,1,12,20,10,40.0,16,10,OF0,855,99.785567251462,176.74619883040936,-76.9672514619883,1.0595087719298246,0.3097619210180737,3473.2196696421056,9.70174474105263
run_2909_cfg_970_seed_2_of0,2,12,20,10,40.0,16,10,OF0,855,99.91811695906432,173.18947368421053,-76.9672514619883,1.049859649122807,0.2934583801498837,3473.2604848673686,9.191116648421051
run_2910_cfg_970_seed_3_of0,3,12,20,10,40.0,16,10,OF0,855,99.90837426900583,176.05847953216374,-76.98011695906433,1.053543859649123,0.2941239264680425,3473.2588076968427,9.211961482105265
run_2911_cfg_971_seed_1_of0,1,12,20,10,40.0,16,20,OF0,855,100.0,168.906432748538,-76.92865497076023,1.0272865497076025,0.1538525985162628,3473.612291447017,4.818663444210526
run_2912_cfg_971_seed_2_of0,2,12,20,10,40.0,16,20,OF0,855,100.0,170.61169590643274,-76.67485380116959,1.045157894736842,0.1553603019753726,3473.60872647579,4.865886433684211
run_2913_cfg_971_seed_3_of0,3,12,20,10,40.0,16,20,OF0,855,99.88301754385964,168.79766081871344,-77.2,1.0355906432748538,0.154182503433782,3473.611460092632,4.828995991578947
run_2923_cfg_975_seed_1_mrhof,1,12,20,10,50.0,12,5,MRHOF,627,99.9535885167464,114.45933014354068,-68.0909090909091,1.031275917065391,0.312286612891951,3473.213037733972,9.780816734928228
run_2924_cfg_975_seed_2_mrhof,2,12,20,10,50.0,12,5,MRHOF,627,99.95215311004785,113.8468899521531,-69.90430622009569,1.0356778309409889,0.315167049431474,3473.2061585684214,9.871034319617223
run_2925_cfg_975_seed_3_mrhof,3,12,20,10,50.0,12,5,MRHOF,627,99.96810207336524,113.69218500797447,-70.9090909090909,1.02933014354067,0.3122253905878258,3473.2131920153115,9.778899238277512
run_2926_cfg_976_seed_1_mrhof,1,12,20,10,50.0,12,10,MRHOF,627,99.97341307814992,110.67942583732058,-69.45454545454545,1.0152472089314195,0.1711000313711606,3473.568827919617,5.358852999043062
run_2927_cfg_976_seed_2_mrhof,2,12,20,10,50.0,12,10,MRHOF,627,100.0,109.07974481658692,-69.36682615629984,1.01377990430622,0.1710783421200304,3473.5688825799048,5.358173649760765
run_2928_cfg_976_seed_3_mrhof,3,12,20,10,50.0,12,10,MRHOF,627,100.0,110.27591706539074,-69.27272727272727,1.0141626794258374,0.1707388764589968,3473.569738013397,5.347541833492823
run_2929_cfg_977_seed_1_of0,1,12,20,10,50.0,12,10,OF0,627,100.0,109.79106858054226,-68.65071770334929,1.0192025518341308,0.1713292006504417,3473.5682503961725,5.366030790430622
run_2930_cfg_977_seed_2_of0,2,12,20,10,50.0,12,10,OF0,627,100.0,109.67145135566189,-67.51993620414673,1.0125518341307815,0.1715905603212907,3473.5675917933017,5.374216283253587
run_2931_cfg_977_seed_3_of0,3,12,20,10,50.0,12,10,OF0,627,100.0,110.25996810207336,-68.71132376395535,1.010861244019139,0.1707043912812333,3473.569824933972,5.346461534928229
run_2932_cfg_978_seed_1_mrhof,1,12,20,10,50.0,12,20,MRHOF,627,100.0,110.81020733652312,-70.0,1.0228708133971292,0.0935603225021119,3473.7642279961724,2.9303091904306218
run_2933_cfg_978_seed_2_mrhof,2,12,20,10,50.0,12,20,MRHOF,627,100.0,107.94736842105264,-69.36363636363636,1.0100637958532697,0.0926076980329611,3473.766628600957,2.900473102392344
run_2934_cfg_978_seed_3_mrhof,3,12,20,10,50.0,12,20,MRHOF,627,100.0,107.91387559808612,-69.27272727272727,1.0100637958532697,0.09292995215311,3473.7658165205744,2.9105661014354065
run_2935_cfg_979_seed_1_mrhof,1,12,20,10,50.0,16,5,MRHOF,855,99.89473684210526,162.38713450292397,-72.8233918128655,1.0655789473684212,0.4747768983253521,3472.80356224,14.870012159999998
run_2936_cfg_979_seed_2_mrhof,2,12,20,10,50.0,16,5,MRHOF,855,99.94362573099416,157.7029239766082,-71.14502923976609,1.0571461988304094,0.4594239116890708,3472.842251716492,14.389157237894736
run_2937_cfg_979_seed_3_mrhof,3,12,20,10,50.0,16,5,MRHOF,855,99.9425730994152,158.76374269005848,-73.05730994152047,1.0673216374269006,0.4623102075089059,3472.834978279299,14.479555671578948
run_2938_cfg_980_seed_1_mrhof,1,12,20,10,50.0,16,10,MRHOF,855,99.95711111111112,150.00584795321635,-72.26666666666667,1.0323976608187135,0.2477502603540249,3473.3756693221058,7.759538425263157
run_2939_cfg_980_seed_2_mrhof,2,12,20,10,50.0,16,10,MRHOF,855,99.95711111111112,151.00233918128654,-72.13333333333334,1.0318713450292398,0.2501698557504873,3473.3695719635093,7.835319882105263
run_2940_cfg_980_seed_3_mrhof,3,12,20,10,50.0,16,10,MRHOF,855,100.0,149.2374269005848,-70.81871345029239,1.029438596491228,0.2476015082756296,3473.3760441880704,7.754879376842105
run_2941_cfg_981_seed_1_of0,1,12,20,10,50.0,16,10,OF0,855,100.0,149.47134502923976,-70.6374269005848,1.0260350877192983,0.2483243652852313,3473.374222596492,7.777519157894736
run_2942_cfg_981_seed_2_of0,2,12,20,10,50.0,16,10,OF0,855,99.98050292397662,150.81052631578947,-71.40233918128655,1.0258128654970762,0.2492160675318613,3473.371975483509,7.805447562105263
run_2943_cfg_981_seed_3_of0,3,12,20,10,50.0,16,10,OF0,855,100.0,150.72865497076023,-69.74502923976608,1.0289005847953216,0.2499780627813792,3473.3700552533337,7.829313279999999
run_2944_cfg_982_seed_1_mrhof,1,12,20,10,50.0,16,20,MRHOF,855,100.0,149.24327485380118,-72.58947368421053,1.0429005847953217,0.1351792729005997,3473.6593482273693,4.233814888421053
run_2945_cfg_982_seed_2_mrhof,2,12,20,10,50.0,16,20,MRHOF,855,99.96100584795322,148.1251461988304,-69.66666666666667,1.0292280701754386,0.1337270175438596,3473.66300791579,4.188330189473684
run_2946_cfg_982_seed_3_mrhof,3,12,20,10,50.0,16,20,MRHOF,855,99.96100584795322,147.2643274853801,-71.68888888888888,1.0244444444444445,0.1324624185056294,3473.666629521404,4.148725591578947
run_2959_cfg_987_seed_1_mrhof,1,12,20,10,60.0,12,5,MRHOF,627,99.90574162679428,97.5645933014354,-73.45454545454545,1.0175598086124402,0.2537056999745906,3473.360661611484,7.946062828708134
run_2960_cfg_987_seed_2_mrhof,2,12,20,10,60.0,12,5,MRHOF,627,99.9535885167464,97.32216905901116,-68.0909090909091,1.0183094098883574,0.2544840757171798,3473.358700111005,7.970441477511962
run_2961_cfg_987_seed_3_mrhof,3,12,20,10,60.0,12,5,MRHOF,627,99.93763955342902,96.96331738437,-64.45454545454545,1.0202232854864433,0.2544272839161218,3473.3588432459333,7.968662514832536
run_2962_cfg_988_seed_1_of0,1,12,20,10,60.0,12,5,OF0,627,99.96810207336524,97.6842105263158,-71.67145135566189,1.0151993620414672,0.2533445832538954,3473.3615716516747,7.934752329186602
run_2963_cfg_988_seed_2_of0,2,12,20,10,60.0,12,5,OF0,627,99.96810207336524,96.64114832535886,-69.75757575757575,1.013684210526316,0.2533384692779085,3473.36158703158,7.934561178947368
run_2964_cfg_988_seed_3_of0,3,12,20,10,60.0,12,5,OF0,627,99.98405103668262,97.30781499202553,-68.1531100478469,1.0177990430622008,0.2551674448876634,3473.35697804402,7.9918443100478465
run_2965_cfg_989_seed_1_mrhof,1,12,20,10,60.0,12,10,MRHOF,627,100.0,94.78309409888357,-70.63636363636364,1.0097448165869218,0.1403123239781523,3473.646412945455,4.394581963636363
run_2966_cfg_989_seed_2_mrhof,2,12,20,10,60.0,12,10,MRHOF,627,99.87771929824562,94.43221690590111,-64.45454545454545,1.0092344497607657,0.1403302481952754,3473.646367770335,4.39514342583732
run_2967_cfg_989_seed_3_mrhof,3,12,20,10,60.0,12,10,MRHOF,627,100.0,95.0701754385965,-65.9090909090909,1.0103349282296652,0.1411481339335662,3473.644306702393,4.420759555980862
run_2968_cfg_990_seed_1_of0,1,12,20,10,60.0,12,10,OF0,627,100.0,95.2535885167464,-72.20414673046253,1.0057256778309411,0.1404546730462519,3473.646054223924,4.3990403598086125
run_2969_cfg_990_seed_2_of0,2,12,20,10,60.0,12,10,OF0,627,100.0,94.15470494417865,-69.73684210526316,1.0113875598086124,0.1412713632404884,3473.6439961569386,4.424619192344497
run_2970_cfg_990_seed_3_of0,3,12,20,10,60.0,12,10,OF0,627,100.0,95.2280701754386,-66.07814992025519,1.0100637958532697,0.1413787772461456,3473.6437254813404,4.427983303349282
run_2971_cfg_991_seed_1_mrhof,1,12,20,10,60.0,12,20,MRHOF,627,100.0,93.30940988835724,-69.63636363636364,1.010494417862839,0.0774447208931419,3473.8048393033496,2.425568658373205
run_2972_cfg_991_seed_2_mrhof,2,12,20,10,60.0,12,20,MRHOF,627,100.0,93.1116427432217,-67.27272727272727,1.0152631578947369,0.0778067623604465,3473.803926958852,2.4369077971291864
run_2973_cfg_991_seed_3_mrhof,3,12,20,10,60.0,12,20,MRHOF,627,100.0,93.19617224880383,-64.9090909090909,1.010829346092504,0.077552514619883,3473.8045676631577,2.4289447578947367
run_2974_cfg_992_seed_1_of0,1,12,20,10,60.0,12,20,OF0,627,99.94682615629984,94.4401913875598,-66.90271132376395,1.010829346092504,0.0775582555517961,3473.804553194259,2.429124585645933
run_2975_cfg_992_seed_2_of0,2,12,20,10,60.0,12,20,OF0,627,100.0,93.85645933014354,-65.04465709728868,1.0110366826156298,0.0776876342371079,3473.8042271617223,2.43317670430622
run_2976_cfg_992_seed_3_of0,3,12,20,10,60.0,12,20,OF0,627,100.0,93.41148325358851,-69.72727272727273,1.0111004784688995,0.0777781594073488,3473.803999035407,2.4360119885167464
run_2977_cfg_993_seed_1_mrhof,1,12,20,10,60.0,16,5,MRHOF,855,99.90748538011697,126.81169590643276,-71.62456140350878,1.0393567251461988,0.3502383590140392,3473.117399326316,10.969465515789471
run_2978_cfg_993_seed_2_mrhof,2,12,20,10,60.0,16,5,MRHOF,855,99.89211695906432,125.41169590643275,-70.86666666666666,1.036830409356725,0.3508830350449958,3473.1157747368425,10.989656842105262
run_2979_cfg_993_seed_3_mrhof,3,12,20,10,60.0,16,5,MRHOF,855,99.9659649122807,126.30526315789474,-66.53333333333333,1.0352982456140352,0.3520349335287124,3473.11287197193,11.025734063157891
run_2980_cfg_994_seed_1_of0,1,12,20,10,60.0,16,5,OF0,855,99.91787134502924,126.83157894736844,-70.41286549707603,1.035450292397661,0.3512191356385294,3473.114927781053,11.000183292631576
run_2981_cfg_994_seed_2_of0,2,12,20,10,60.0,16,5,OF0,855,99.91787134502924,126.74736842105264,-70.48304093567252,1.032233918128655,0.3534384520505113,3473.109335169124,11.069691469473684
run_2982_cfg_994_seed_3_of0,3,12,20,10,60.0,16,5,OF0,855,99.90748538011697,128.83391812865497,-69.12397660818714,1.039216374269006,0.3559808473713035,3473.1029282582463,11.149320218947366
run_2983_cfg_995_seed_1_mrhof,1,12,20,10,60.0,16,20,MRHOF,855,99.92201169590643,120.16140350877193,-69.26666666666667,1.0184912280701754,0.1044666076206902,3473.736744157193,3.271894046315789
run_2984_cfg_995_seed_2_mrhof,2,12,20,10,60.0,16,20,MRHOF,855,100.0,119.43040935672516,-70.26666666666667,1.0239883040935671,0.1051500351079804,3473.73502191158,3.2932990989473683
run_2985_cfg_995_seed_3_mrhof,3,12,20,10,60.0,16,20,MRHOF,855,100.0,118.62339181286548,-68.53333333333333,1.0172046783625732,0.1043306662201894,3473.7370867200007,3.26763648
run_2986_cfg_996_seed_1_of0,1,12,20,10,60.0,16,20,OF0,855,99.96100584795322,120.02105263157895,-68.57309941520468,1.0170175438596492,0.1044371617933723,3473.7368183522813,3.2709719073684207
run_2987_cfg_996_seed_2_of0,2,12,20,10,60.0,16,20,OF0,855,100.0,119.27602339181288,-66.8374269005848,1.01493567251462,0.1044341848630523,3473.736825858246,3.270878618947368
run_2988_cfg_996_seed_3_of0,3,12,20,10,60.0,16,20,OF0,855,100.0,118.06666666666666,-70.81988304093568,1.0147017543859649,0.1040325614035087,3473.7378379452634,3.2582998231578943
