timestamp_ms,node_id,seq_no,rssi_dbm,delay_ms,pdr_percent
17360,5,1,-94,44,100.0
24697,3,1,-65,18,100.0
26006,2,1,-69,55,100.0
29027,4,1,-81,34,99.6923076923077
29221,5,2,-94,38,100.0
31731,6,1,-63,104,100.0
36222,7,1,-66,72,100.0
36404,3,2,-65,45,100.0
37500,8,1,-63,42,100.0
37918,2,2,-69,50,100.0
39041,4,2,-81,22,99.6923076923077
39996,5,3,-94,75,100.0
42205,9,1,-64,173,100.0
42322,6,2,-63,100,100.0
46528,7,2,-66,114,100.0
47013,3,3,-65,42,100.0
48273,8,2,-63,92,100.0
48768,11,1,-65,152,100.0
49423,2,3,-69,67,100.0
49613,4,3,-81,42,99.6923076923077
51245,5,4,-94,56,100.0
53250,10,1,-52,118,100.0
53396,6,3,-63,160,100.0
53675,9,2,-64,179,100.0
57249,7,3,-66,88,100.0
58903,3,4,-65,24,100.0
59535,11,2,-65,147,100.0
59815,8,3,-63,123,100.0
59893,2,4,-69,45,100.0
60989,4,4,-81,137,99.6923076923077
61257,12,1,-68,238,100.0
62141,5,5,-94,21,100.0
62666,14,1,-65,147,100.0
63704,6,4,-63,145,100.0
63727,9,3,-64,219,100.0
64737,10,2,-52,134,100.0
68689,13,1,-89,183,100.0
68803,7,4,-66,106,100.0
69715,3,5,-65,56,100.0
69936,2,5,-69,24,100.0
70474,8,4,-63,93,100.0
71462,11,3,-65,121,100.0
72436,12,2,-68,248,100.0
72720,4,5,-81,42,99.6923076923077
73478,5,6,-94,64,100.0
74526,14,2,-65,239,100.0
75399,9,4,-64,169,100.0
75479,6,5,-63,115,100.0
76060,10,3,-52,204,100.0
76624,15,1,-83,245,100.0
79604,13,2,-89,166,100.0
80278,7,5,-66,96,100.0
80571,3,6,-65,53,100.0
81109,2,6,-69,64,100.0
81552,8,5,-63,96,100.0
83052,11,4,-65,162,100.0
83598,12,3,-68,237,100.0
83782,4,6,-81,68,99.6923076923077
85019,14,3,-65,264,100.0
85035,16,1,-76,300,100.0
85049,5,7,-94,45,100.0
85593,9,5,-64,198,100.0
86447,6,6,-63,115,100.0
86576,10,4,-52,142,100.0
87201,15,2,-83,215,100.0
90573,7,6,-66,64,100.0
90884,3,7,-65,62,100.0
91549,13,3,-89,154,100.0
92312,2,7,-69,49,100.0
93202,8,6,-63,122,100.0
93384,11,5,-65,127,100.0
94691,12,4,-68,257,100.0
95406,16,2,-76,195,100.0
95466,4,7,-81,50,99.6923076923077
96057,14,4,-65,218,100.0
96184,5,8,-94,59,100.0
97027,6,7,-63,142,100.0
97219,9,6,-64,123,100.0
97550,10,5,-52,160,100.0
98757,15,3,-83,199,100.0
101743,13,4,-89,212,100.0
102502,7,7,-66,141,100.0
102710,3,8,-65,28,100.0
103369,8,7,-63,96,100.0
104134,11,6,-65,104,100.0
104254,2,8,-69,71,100.0
105291,12,5,-68,199,100.0
106416,4,8,-81,37,99.6923076923077
106529,5,9,-94,79,100.0
107166,16,3,-76,279,100.0
107383,14,5,-65,190,100.0
107569,6,8,-63,80,100.0
108538,9,7,-64,196,100.0
108614,10,6,-52,270,100.0
109957,15,4,-83,249,100.0
112864,13,5,-89,294,100.0
113004,7,8,-66,97,100.0
113587,8,8,-63,53,100.0
114014,3,9,-65,85,100.0
115634,12,6,-68,173,100.0
115680,11,7,-65,221,100.0
116049,2,9,-69,53,100.0
117396,14,6,-65,197,100.0
117751,16,4,-76,272,100.0
117984,5,10,-94,61,100.0
118174,6,9,-63,66,100.0
118272,4,9,-81,57,99.6923076923077
118654,9,8,-64,202,100.0
119993,10,7,-52,134,100.0
120341,15,5,-83,310,100.0
123171,13,6,-89,220,100.0
124246,7,9,-66,126,100.0
124362,8,9,-63,108,100.0
125162,3,10,-65,13,100.0
125741,12,7,-68,199,100.0
126224,11,8,-65,102,100.0
126351,2,10,-69,52,100.0
128668,16,5,-76,322,100.0
128757,5,11,-94,45,100.0
128825,14,7,-65,217,100.0
129453,4,10,-81,68,99.6923076923077
129623,9,9,-64,138,100.0
129757,6,10,-63,110,100.0
130351,15,6,-83,219,100.0
131908,10,8,-52,126,100.0
134377,13,7,-89,236,100.0
135292,3,11,-65,60,100.0
135568,7,10,-66,95,100.0
135698,8,10,-63,102,100.0
136619,12,8,-68,222,100.0
136988,2,11,-69,67,100.0
137295,11,9,-65,153,100.0
139879,5,12,-94,47,100.0
140080,6,11,-63,174,100.0
140120,16,6,-76,442,100.0
140196,4,11,-81,127,99.6923076923077
140254,14,8,-65,431,100.0
141352,15,7,-83,256,100.0
141388,9,10,-64,197,100.0
143404,10,9,-52,118,100.0
145648,13,8,-89,198,100.0
146646,7,11,-66,99,100.0
146753,3,12,-65,39,100.0
146915,8,11,-63,106,100.0
147260,12,9,-68,206,100.0
148558,2,12,-69,71,100.0
149168,11,10,-65,132,100.0
150181,4,12,-81,44,99.6923076923077
150308,5,13,-94,35,100.0
150659,14,9,-65,201,100.0
150825,16,7,-76,261,100.0
151465,6,12,-63,54,100.0
151484,15,8,-83,283,100.0
153115,9,11,-64,201,100.0
154533,10,10,-52,144,100.0
156909,13,9,-89,273,100.0
157046,8,12,-63,105,100.0
157795,7,12,-66,113,100.0
158015,3,13,-65,67,100.0
158375,12,10,-68,203,100.0
159971,11,11,-65,181,100.0
160214,2,13,-69,21,100.0
161444,16,8,-76,258,100.0
161639,4,13,-81,34,99.6923076923077
161957,5,14,-94,65,100.0
162255,14,10,-65,208,100.0
162735,15,9,-83,200,100.0
163388,6,13,-63,68,100.0
164000,9,12,-64,180,100.0
166083,10,11,-52,127,100.0
168064,8,13,-63,74,100.0
168308,7,13,-66,51,100.0
168424,3,14,-65,68,100.0
168654,13,10,-89,164,100.0
169687,12,11,-68,140,100.0
171690,16,9,-76,222,100.0
171845,11,12,-65,184,100.0
172217,2,14,-69,49,100.0
172543,14,11,-65,145,100.0
172694,4,14,-81,77,99.6923076923077
173593,5,15,-94,50,100.0
173669,6,14,-63,61,100.0
174624,15,10,-83,223,100.0
175355,9,13,-64,142,100.0
178006,10,12,-52,140,100.0
178712,3,15,-65,77,100.0
178978,13,11,-89,257,100.0
179493,7,14,-66,96,100.0
179817,12,12,-68,180,100.0
179979,8,14,-63,131,100.0
182742,11,13,-65,131,100.0
183208,14,12,-65,251,100.0
183318,16,10,-76,225,100.0
183356,2,15,-69,28,100.0
183945,4,15,-81,32,99.6923076923077
184483,5,16,-94,48,100.0
185218,15,11,-83,279,100.0
185331,6,15,-63,159,100.0
186348,9,14,-64,143,100.0
189392,13,12,-89,268,100.0
189442,10,13,-52,281,100.0
190349,8,15,-63,131,100.0
190353,3,16,-65,19,100.0
190712,7,15,-66,120,100.0
191502,12,13,-68,150,100.0
193551,14,13,-65,187,100.0
194098,16,11,-76,240,100.0
194157,4,16,-81,22,99.6923076923077
194679,11,14,-65,187,100.0
195158,2,16,-69,64,100.0
195381,15,12,-83,225,100.0
195536,5,17,-94,24,100.0
196243,6,16,-63,112,100.0
196460,9,15,-64,166,100.0
199311,10,14,-52,133,100.0
199780,13,13,-89,174,100.0
201404,8,16,-63,108,100.0
201624,12,14,-68,159,100.0
202212,3,17,-65,37,100.0
202270,7,16,-66,136,100.0
203930,14,14,-65,223,100.0
204558,4,17,-81,68,99.6923076923077
205958,11,15,-65,209,100.0
206066,16,12,-76,285,100.0
206233,2,17,-69,27,100.0
206981,15,13,-83,246,100.0
207284,5,18,-94,28,100.0
207662,9,16,-64,139,100.0
207721,6,17,-63,71,100.0
210982,10,15,-52,143,100.0
211398,8,17,-63,89,100.0
211657,13,14,-89,230,100.0
212716,12,15,-68,175,100.0
212907,3,18,-65,44,100.0
213323,7,17,-66,46,100.0
214753,4,18,-81,75,99.6923076923077
215619,14,15,-65,209,100.0
217093,11,16,-65,255,100.0
217276,2,18,-69,73,100.0
217326,16,13,-76,376,100.0
217844,5,19,-94,24,100.0
218187,15,14,-83,255,100.0
219062,9,17,-64,204,100.0
219155,6,18,-63,52,100.0
221304,10,16,-52,132,100.0
221646,13,15,-89,185,100.0
222259,8,18,-63,78,100.0
223630,12,16,-68,202,100.0
223701,7,18,-66,63,100.0
224243,3,19,-65,73,100.0
225844,14,16,-65,220,100.0
225879,4,19,-81,47,99.6923076923077
227291,11,17,-65,125,100.0
227874,16,14,-76,244,100.0
228376,2,19,-69,45,100.0
229680,15,15,-83,244,100.0
229708,5,20,-94,139,100.0
229717,6,19,-63,173,100.0
230699,9,18,-64,150,100.0
233106,13,16,-89,226,100.0
233310,10,17,-52,167,100.0
233899,8,19,-63,91,100.0
234299,3,20,-65,76,100.0
234465,12,17,-68,195,100.0
235336,7,19,-66,92,100.0
235981,14,17,-65,185,100.0
237575,11,18,-65,189,100.0
237778,4,20,-81,72,99.6923076923077
238391,2,20,-69,41,100.0
239404,16,15,-76,237,100.0
240350,6,20,-63,80,100.0
240414,5,21,-94,54,100.0
241240,15,16,-83,244,100.0
241372,9,19,-64,179,100.0
243393,10,18,-52,171,100.0
244136,13,17,-89,168,100.0
244844,3,21,-65,78,100.0
245302,12,18,-68,272,100.0
245418,7,20,-66,169,100.0
245889,8,20,-63,86,100.0
247144,14,18,-65,182,100.0
249114,11,19,-65,182,100.0
249235,4,21,-81,53,99.6923076923077
250158,2,21,-69,18,100.0
250780,16,16,-76,251,100.0
251307,5,22,-94,29,100.0
251729,9,20,-64,133,100.0
251885,6,21,-63,118,100.0
253176,15,17,-83,252,100.0
253816,10,19,-52,173,100.0
254344,13,18,-89,202,100.0
255560,7,21,-66,114,100.0
255788,12,19,-68,200,100.0
255826,3,22,-65,56,100.0
257627,14,19,-65,179,100.0
257881,8,21,-63,109,100.0
259928,11,20,-65,172,100.0
260666,4,22,-81,58,99.6923076923077
260910,2,22,-69,56,100.0
262639,16,17,-76,278,100.0
262762,6,22,-63,255,100.0
263181,9,21,-64,174,100.0
263277,5,23,-94,27,100.0
263587,15,18,-83,237,100.0
264207,10,20,-52,158,100.0
264768,13,19,-89,216,100.0
266173,7,22,-66,93,100.0
266823,3,23,-65,49,100.0
267362,12,20,-68,157,100.0
269130,14,20,-65,211,100.0
269693,8,22,-63,124,100.0
270214,11,21,-65,105,100.0
271246,4,23,-81,34,99.6923076923077
271299,2,23,-69,48,100.0
273114,16,18,-76,273,100.0
273423,6,23,-63,123,100.0
274267,15,19,-83,226,100.0
274312,9,22,-64,160,100.0
274581,5,24,-94,39,100.0
275343,13,20,-89,205,100.0
275707,10,21,-52,207,100.0
276426,7,23,-66,113,100.0
277879,3,24,-65,20,100.0
278589,12,21,-68,158,100.0
279836,8,23,-63,153,100.0
279864,14,21,-65,270,100.0
280812,11,22,-65,165,100.0
281685,4,24,-81,59,99.6923076923077
282184,2,24,-69,50,100.0
283884,6,24,-63,75,100.0
284544,16,19,-76,317,100.0
284973,9,23,-64,159,100.0
285587,13,21,-89,263,100.0
285960,15,20,-83,285,100.0
286336,5,25,-94,54,100.0
286567,10,22,-52,157,100.0
288156,7,24,-66,60,100.0
289563,3,25,-65,35,100.0
289738,12,22,-68,228,100.0
290014,14,22,-65,211,100.0
291043,11,23,-65,141,100.0
291187,8,24,-63,51,100.0
292347,2,25,-69,33,100.0
293115,4,25,-81,16,99.6923076923077
294647,16,20,-76,298,100.0
295247,6,25,-63,93,100.0
295626,13,22,-89,200,100.0
295951,9,24,-64,127,100.0
296612,15,21,-83,332,100.0
297636,5,26,-94,27,100.0
297757,10,23,-52,86,100.0
299827,7,25,-66,108,100.0
300653,3,26,-65,67,100.0
300760,14,23,-65,230,100.0
301514,12,23,-68,193,100.0
301980,8,25,-63,73,100.0
302618,11,24,-65,223,100.0
303438,2,26,-69,52,100.0
304075,4,26,-81,49,99.6923076923077
305944,16,21,-76,255,100.0
306497,6,26,-63,110,100.0
306727,9,25,-64,152,100.0
307380,13,23,-89,226,100.0
307647,15,22,-83,294,100.0
309036,10,24,-52,178,100.0
309322,5,27,-94,67,100.0
311730,7,26,-66,72,100.0
311909,3,27,-65,87,100.0
312049,14,24,-65,280,100.0
312108,12,24,-68,309,100.0
313446,8,26,-63,86,100.0
313552,11,25,-65,172,100.0
315197,4,27,-81,69,99.6923076923077
315253,2,27,-69,84,100.0
315921,16,22,-76,210,100.0
317356,13,24,-89,201,100.0
317705,15,23,-83,199,100.0
317744,6,27,-63,109,100.0
318191,9,26,-64,152,100.0
320167,5,28,-94,58,100.0
320253,10,25,-52,167,100.0
322723,7,27,-66,124,100.0
322920,12,25,-68,185,100.0
323216,14,25,-65,295,100.0
323507,3,28,-65,21,100.0
323942,8,27,-63,91,100.0
324416,11,26,-65,167,100.0
325918,4,28,-81,67,99.6923076923077
327103,2,28,-69,35,100.0
327586,16,23,-76,255,100.0
328246,13,25,-89,170,100.0
328542,15,24,-83,258,100.0
328817,9,27,-64,154,100.0
329691,6,28,-63,108,100.0
330611,10,26,-52,183,100.0
331070,5,29,-94,62,100.0
333834,14,26,-65,227,100.0
334527,7,28,-66,173,100.0
334620,11,27,-65,285,100.0
334927,12,26,-68,218,100.0
334972,3,29,-65,67,100.0
335573,8,28,-63,111,100.0
337326,2,29,-69,13,100.0
337457,4,29,-81,55,99.6923076923077
339156,15,25,-83,369,100.0
339169,9,28,-64,282,100.0
339475,13,26,-89,554,100.0
339509,16,24,-76,234,100.0
339973,6,29,-63,136,100.0
342177,5,30,-94,32,100.0
342345,10,27,-52,210,100.0
344434,14,27,-65,149,100.0
345496,11,28,-65,62,100.0
346068,3,30,-65,49,100.0
346333,7,29,-66,91,100.0
346709,12,27,-68,210,100.0
347123,8,29,-63,133,100.0
347422,4,30,-81,18,99.6923076923077
349040,2,30,-69,22,100.0
349877,13,27,-89,185,100.0
350422,15,26,-83,233,100.0
350628,6,30,-63,131,100.0
350959,9,29,-64,160,100.0
351256,16,25,-76,236,100.0
352453,10,28,-52,154,100.0
353267,5,31,-94,59,100.0
355699,11,29,-65,226,100.0
356081,14,28,-65,243,100.0
356682,7,30,-66,121,100.0
357622,8,30,-63,93,100.0
357647,12,28,-68,192,100.0
357851,3,31,-65,25,100.0
358058,4,31,-81,77,99.6923076923077
360586,2,31,-69,40,100.0
361321,13,28,-89,219,100.0
361389,9,30,-64,197,100.0
361658,6,31,-63,71,100.0
362374,15,27,-83,219,100.0
362688,16,26,-76,233,100.0
364201,5,32,-94,65,100.0
364313,10,29,-52,193,100.0
366358,11,30,-65,139,100.0
367865,14,29,-65,206,100.0
368038,7,31,-66,113,100.0
368540,3,32,-65,29,100.0
368609,8,31,-63,93,100.0
368803,12,29,-68,344,100.0
369368,4,32,-81,59,99.6923076923077
371449,9,31,-64,188,100.0
371941,2,32,-69,33,100.0
372299,6,32,-63,119,100.0
372618,13,29,-89,171,100.0
372870,15,28,-83,308,100.0
373584,16,27,-76,339,100.0
374861,5,33,-94,24,100.0
375992,10,30,-52,125,100.0
377537,11,31,-65,131,100.0
378562,3,33,-65,46,100.0
378779,14,30,-65,161,100.0
378879,8,32,-63,78,100.0
379255,12,30,-68,198,100.0
379805,7,32,-66,76,100.0
380151,4,33,-81,44,99.6923076923077
383016,9,32,-64,131,100.0
383310,2,33,-69,19,100.0
383318,13,30,-89,187,100.0
383433,6,33,-63,138,100.0
383552,15,29,-83,282,100.0
385055,16,28,-76,259,100.0
386431,5,34,-94,17,100.0
387672,10,31,-52,140,100.0
389162,8,33,-63,134,100.0
389423,11,32,-65,147,100.0
389766,14,31,-65,218,100.0
390089,3,34,-65,72,100.0
390153,12,31,-68,210,100.0
390348,7,33,-66,115,100.0
390456,4,34,-81,37,99.6923076923077
393449,2,34,-69,74,100.0
393562,6,34,-63,185,100.0
394503,15,30,-83,287,100.0
394680,9,33,-64,167,100.0
395340,13,31,-89,246,100.0
396752,16,29,-76,269,100.0
397428,5,35,-94,50,100.0
399398,8,34,-63,74,100.0
399568,10,32,-52,169,100.0
400622,11,33,-65,190,100.0
400969,14,32,-65,220,100.0
401292,3,35,-65,39,100.0
401408,4,35,-81,42,99.6923076923077
401910,7,34,-66,118,100.0
402140,12,32,-68,241,100.0
403972,2,35,-69,76,100.0
404205,6,35,-63,80,100.0
405055,15,31,-83,227,100.0
405602,13,32,-89,197,100.0
405672,9,34,-64,178,100.0
406979,16,30,-76,219,100.0
409263,5,36,-94,25,100.0
409531,8,35,-63,131,100.0
410785,11,34,-65,125,100.0
411035,14,33,-65,192,100.0
411110,10,33,-52,182,100.0
411475,3,36,-65,78,100.0
412373,12,33,-68,231,100.0
412461,4,36,-81,45,99.6923076923077
413329,7,35,-66,139,100.0
414884,2,36,-69,77,100.0
415708,6,36,-63,143,100.0
416284,13,33,-89,183,100.0
416455,9,35,-64,155,100.0
416725,15,32,-83,302,100.0
418203,16,31,-76,283,100.0
420903,5,37,-94,70,100.0
421346,14,34,-65,275,100.0
421435,8,36,-63,145,100.0
421447,3,37,-65,30,100.0
421473,10,34,-52,179,100.0
422082,11,35,-65,180,100.0
423098,12,34,-68,239,100.0
423208,4,37,-81,43,99.6923076923077
424363,7,36,-66,95,100.0
426475,2,37,-69,49,100.0
426709,13,34,-89,201,100.0
426892,6,37,-63,74,100.0
427306,15,33,-83,214,100.0
427447,9,36,-64,195,100.0
428113,16,32,-76,192,100.0
431071,5,38,-94,60,100.0
431497,3,38,-65,56,100.0
432461,14,35,-65,214,100.0
432960,11,36,-65,121,100.0
433319,10,35,-52,178,100.0
433405,8,37,-63,160,100.0
433645,12,35,-68,195,100.0
434167,4,38,-81,70,99.6923076923077
434418,7,37,-66,73,100.0
436597,2,38,-69,47,100.0
437680,13,35,-89,287,100.0
438009,9,37,-64,161,100.0
438209,6,38,-63,101,100.0
438728,15,34,-83,305,100.0
439801,16,33,-76,234,100.0
442806,14,36,-65,161,100.0
442963,5,39,-94,51,100.0
443004,3,39,-65,15,100.0
443810,11,37,-65,158,100.0
444092,12,36,-68,152,100.0
444206,4,39,-81,53,99.6923076923077
444533,10,36,-52,108,100.0
445139,8,38,-63,73,100.0
446348,7,38,-66,68,100.0
446871,2,39,-69,27,100.0
448332,13,36,-89,251,100.0
448749,6,39,-63,61,100.0
449930,9,38,-64,200,100.0
450658,15,35,-83,291,100.0
451463,16,34,-76,237,100.0
453832,3,40,-65,35,100.0
454463,5,40,-94,61,100.0
454646,14,37,-65,288,100.0
454725,10,37,-52,284,100.0
454795,11,38,-65,197,100.0
455147,4,40,-81,38,99.6923076923077
455452,12,37,-68,206,100.0
456239,8,39,-63,118,100.0
457612,7,39,-66,132,100.0
458841,2,40,-69,11,100.0
459003,6,40,-63,147,100.0
459617,13,37,-89,269,100.0
461077,9,39,-64,104,100.0
462164,16,35,-76,335,100.0
462400,15,36,-83,240,100.0
464707,5,41,-94,92,100.0
464748,14,38,-65,226,100.0
465249,11,39,-65,144,100.0
465597,3,41,-65,45,100.0
465633,4,41,-81,59,99.6923076923077
465704,12,38,-68,228,100.0
466143,10,38,-52,105,100.0
467407,8,40,-63,105,100.0
467730,7,40,-66,61,100.0
470162,6,41,-63,58,100.0
470545,2,41,-69,29,100.0
471355,13,38,-89,246,100.0
471838,9,40,-64,203,100.0
474028,16,36,-76,243,100.0
474319,15,37,-83,293,100.0
475409,11,40,-65,115,100.0
475785,14,39,-65,203,100.0
476239,3,42,-65,72,100.0
476461,5,42,-94,58,100.0
477338,12,39,-68,210,100.0
477341,4,42,-81,79,99.6923076923077
477818,10,39,-52,133,100.0
478180,8,41,-63,108,100.0
479328,7,41,-66,83,100.0
481449,6,42,-63,140,100.0
481922,13,39,-89,292,100.0
482260,2,42,-69,54,100.0
482457,9,41,-64,103,100.0
484115,16,37,-76,228,100.0
486105,15,38,-83,281,100.0
486247,14,40,-65,175,100.0
486340,11,41,-65,189,100.0
487776,3,43,-65,45,100.0
487792,12,40,-68,221,100.0
487883,10,40,-52,69,100.0
487980,5,43,-94,73,100.0
488514,4,43,-81,52,99.6923076923077
489334,8,42,-63,84,100.0
490730,7,42,-66,77,100.0
491991,6,43,-63,99,100.0
492489,2,43,-69,76,100.0
493309,13,40,-89,206,100.0
494226,9,42,-64,187,100.0
495581,16,38,-76,203,100.0
496662,14,41,-65,147,100.0
496894,11,42,-65,348,100.0
497495,15,39,-83,293,100.0
498260,3,44,-65,48,100.0
499260,12,41,-68,200,100.0
499318,5,44,-94,71,100.0
499596,8,43,-63,59,100.0
499617,10,41,-52,165,100.0
500166,4,44,-81,49,99.6923076923077
501487,7,43,-66,81,100.0
502767,6,44,-63,126,100.0
503831,2,44,-69,50,100.0
505336,13,41,-89,260,100.0
505853,9,43,-64,151,100.0
506601,16,39,-76,213,100.0
508083,15,40,-83,302,100.0
508424,11,43,-65,177,100.0
508671,14,42,-65,287,100.0
509263,3,45,-65,51,100.0
510290,4,45,-81,29,99.6923076923077
510611,10,42,-52,126,100.0
511039,5,45,-94,53,100.0
511257,12,42,-68,228,100.0
511459,8,44,-63,142,100.0
511667,7,44,-66,90,100.0
512816,6,45,-63,119,100.0
514959,2,45,-69,45,100.0
516525,13,42,-89,247,100.0
517039,9,44,-64,199,100.0
518584,16,40,-76,259,100.0
519101,14,43,-65,186,100.0
519807,15,41,-83,235,100.0
520392,11,44,-65,180,100.0
520403,4,46,-81,69,99.6923076923077
520793,3,46,-65,45,100.0
521665,10,43,-52,151,100.0
521768,12,43,-68,246,100.0
521967,5,46,-94,55,100.0
521993,7,45,-66,141,100.0
522736,8,45,-63,109,100.0
522923,6,46,-63,101,100.0
526574,2,46,-69,51,100.0
527689,13,43,-89,258,100.0
528941,9,45,-64,164,100.0
529358,14,44,-65,211,100.0
529887,16,41,-76,288,100.0
530991,15,42,-83,244,100.0
531107,3,47,-65,34,100.0
531432,11,45,-65,180,100.0
531521,4,47,-81,75,99.6923076923077
532562,7,46,-66,105,100.0
532989,5,47,-94,28,100.0
533468,10,44,-52,140,100.0
533629,12,44,-68,242,100.0
533730,6,47,-63,131,100.0
534550,8,46,-63,71,100.0
536927,2,47,-69,59,100.0
538644,13,44,-89,223,100.0
538920,9,46,-64,118,100.0
540657,16,42,-76,321,100.0
541350,14,45,-65,217,100.0
541890,15,43,-83,225,100.0
541907,3,48,-65,57,100.0
541997,4,48,-81,71,99.6923076923077
542791,7,47,-66,92,100.0
542991,11,46,-65,195,100.0
543621,5,48,-94,72,100.0
543713,12,45,-68,236,100.0
545420,8,47,-63,162,100.0
545460,10,45,-52,205,100.0
545722,6,48,-63,329,100.0
547676,2,48,-69,44,100.0
549239,9,47,-64,163,100.0
549980,13,45,-89,250,100.0
551338,14,46,-65,182,100.0
552272,3,49,-65,42,100.0
552596,16,43,-76,271,100.0
553023,4,49,-81,31,99.6923076923077
553430,7,48,-66,72,100.0
553757,11,47,-65,208,100.0
553785,15,44,-83,312,100.0
555441,12,46,-68,169,100.0
555506,5,49,-94,48,100.0
555927,8,48,-63,64,100.0
556093,6,49,-63,106,100.0
557257,10,46,-52,138,100.0
559545,2,49,-69,47,100.0
560466,9,48,-64,214,100.0
561517,13,46,-89,200,100.0
561815,14,47,-65,229,100.0
563591,3,50,-65,18,100.0
564479,15,45,-83,244,100.0
564590,16,44,-76,289,100.0
564711,4,50,-81,19,99.6923076923077
564860,11,48,-65,200,100.0
565158,7,49,-66,95,100.0
565647,5,50,-94,24,100.0
566054,12,47,-68,173,100.0
566301,6,50,-63,67,100.0
566862,8,49,-63,102,100.0
567522,10,47,-52,163,100.0
570445,9,49,-64,138,100.0
570672,2,50,-69,55,100.0
571632,13,47,-89,195,100.0
572333,14,48,-65,246,100.0
575247,3,51,-65,50,100.0
575362,15,46,-83,227,100.0
575565,11,49,-65,146,100.0
575696,16,45,-76,338,100.0
575843,7,50,-66,128,100.0
576145,12,48,-68,189,100.0
576516,4,51,-81,31,99.6923076923077
577005,5,51,-94,45,100.0
577636,8,50,-63,79,100.0
577782,10,48,-52,161,100.0
577835,6,51,-63,170,100.0
580626,9,50,-64,176,100.0
581265,2,51,-69,35,100.0
582848,13,48,-89,177,100.0
583445,14,49,-65,181,100.0
585910,16,46,-76,402,100.0
585981,15,47,-83,399,100.0
586217,12,49,-68,164,100.0
586734,3,52,-65,12,100.0
587179,4,52,-81,75,99.6923076923077
587556,11,50,-65,189,100.0
587580,7,51,-66,96,100.0
588288,8,51,-63,92,100.0
588511,6,52,-63,98,100.0
588621,10,49,-52,214,100.0
588741,5,52,-94,303,100.0
590881,9,51,-64,230,100.0
593062,2,52,-69,22,100.0
593792,14,50,-65,180,100.0
594775,13,49,-89,119,100.0
595893,16,47,-76,210,100.0
596482,15,48,-83,274,100.0
597222,12,50,-68,185,100.0
598097,7,52,-66,106,100.0
598478,3,53,-65,63,100.0
598596,6,53,-63,78,100.0
598989,4,53,-81,64,99.6923076923077
599056,11,51,-65,170,100.0
599113,10,50,-52,229,100.0
599330,5,53,-94,71,100.0
600243,8,52,-63,152,100.0
601961,9,52,-64,189,100.0
603777,14,51,-65,163,100.0
604096,2,53,-69,43,100.0
605748,13,50,-89,205,100.0
606865,16,48,-76,267,100.0
607002,15,49,-83,192,100.0
608459,7,53,-66,165,100.0
608614,12,51,-68,227,100.0
609014,6,54,-63,97,100.0
609448,5,54,-94,45,100.0
609930,10,51,-52,114,100.0
610185,11,52,-65,107,100.0
610277,4,54,-81,64,99.6923076923077
610324,3,54,-65,54,100.0
612046,8,53,-63,74,100.0
613291,9,53,-64,164,100.0
614062,14,52,-65,239,100.0
614400,2,54,-69,70,100.0
616215,13,51,-89,220,100.0
618304,16,49,-76,224,100.0
618785,15,50,-83,233,100.0
619522,12,52,-68,247,100.0
619571,6,55,-63,118,100.0
619838,7,54,-66,128,100.0
619910,5,55,-94,82,100.0
620251,4,55,-81,18,99.6923076923077
621095,11,53,-65,114,100.0
621185,3,55,-65,12,100.0
621383,10,52,-52,257,100.0
623609,8,54,-63,104,100.0
624143,14,53,-65,285,100.0
624169,9,54,-64,116,100.0
625740,2,55,-69,47,100.0
628119,13,52,-89,156,100.0
629247,16,50,-76,199,100.0
629471,15,51,-83,246,100.0
629916,6,56,-63,94,100.0
630323,4,56,-81,52,99.6923076923077
630343,7,55,-66,120,100.0
630614,12,53,-68,213,100.0
630765,5,56,-94,46,100.0
631445,11,54,-65,148,100.0
631976,3,56,-65,48,100.0
633124,10,53,-52,168,100.0
635053,8,55,-63,110,100.0
635869,14,54,-65,249,100.0
635989,9,55,-64,163,100.0
637403,2,56,-69,30,100.0
638445,13,53,-89,231,100.0
640119,15,52,-83,325,100.0
640341,4,57,-81,46,99.6923076923077
640949,12,54,-68,233,100.0
641031,16,51,-76,342,100.0
641526,6,57,-63,84,100.0
641876,7,56,-66,107,100.0
642149,5,57,-94,75,100.0
642522,3,57,-65,42,100.0
642816,11,55,-65,143,100.0
644263,10,54,-52,172,100.0
646224,8,56,-63,100,100.0
646420,14,55,-65,199,100.0
647498,9,56,-64,204,100.0
648280,2,57,-69,45,100.0
649934,13,54,-89,181,100.0
650332,15,53,-83,269,100.0
651011,4,58,-81,51,99.6923076923077
651355,16,52,-76,282,100.0
652461,7,57,-66,72,100.0
652695,12,55,-68,213,100.0
652842,6,58,-63,89,100.0
653647,3,58,-65,26,100.0
653962,5,58,-94,52,100.0
654120,11,56,-65,106,100.0
655591,10,55,-52,173,100.0
656883,8,57,-63,138,100.0
657212,14,56,-65,191,100.0
658498,2,58,-69,84,100.0
658829,9,57,-64,177,100.0
661373,16,53,-76,287,100.0
661591,13,55,-89,142,100.0
662102,15,54,-83,297,100.0
662758,4,59,-81,58,99.6923076923077
664000,7,58,-66,123,100.0
664009,12,56,-68,218,100.0
664400,6,59,-63,149,100.0
664496,5,59,-94,31,100.0
664767,3,59,-65,54,100.0
664903,11,57,-65,131,100.0
666533,10,56,-52,169,100.0
667200,8,58,-63,147,100.0
667485,14,57,-65,182,100.0
668976,9,58,-64,140,100.0
669569,2,59,-69,30,100.0
671590,16,54,-76,229,100.0
672693,13,56,-89,160,100.0
673058,15,55,-83,243,100.0
674343,4,60,-81,45,99.6923076923077
674809,12,57,-68,174,100.0
675097,5,60,-94,51,100.0
675241,6,60,-63,174,100.0
675754,7,59,-66,135,100.0
676485,3,60,-65,15,100.0
676636,11,58,-65,63,100.0
677206,10,57,-52,141,100.0
677760,8,59,-63,76,100.0
677872,14,58,-65,215,100.0
680188,9,59,-64,108,100.0
680969,2,60,-69,59,100.0
682889,16,55,-76,233,100.0
683139,13,57,-89,210,100.0
683554,15,56,-83,205,100.0
685691,4,61,-81,45,99.6923076923077
686323,5,61,-94,17,100.0
686493,12,58,-68,198,100.0
686572,3,61,-65,40,100.0
686966,6,61,-63,136,100.0
687097,7,60,-66,145,100.0
688200,10,58,-52,145,100.0
688539,11,59,-65,97,100.0
688788,14,59,-65,152,100.0
688877,8,60,-63,71,100.0
691168,2,61,-69,42,100.0
691661,9,60,-64,174,100.0
693529,16,56,-76,244,100.0
693674,15,57,-83,255,100.0
694247,13,58,-89,279,100.0
697204,3,62,-65,53,100.0
697317,5,62,-94,47,100.0
697350,6,62,-63,118,100.0
697436,4,62,-81,137,99.6923076923077
698054,12,59,-68,151,100.0
698516,7,61,-66,123,100.0
699390,10,59,-52,117,100.0
699729,14,60,-65,168,100.0
699902,8,61,-63,81,100.0
700105,11,60,-65,133,100.0
701999,9,61,-64,137,100.0
703007,2,62,-69,32,100.0
704560,16,57,-76,200,100.0
704750,13,59,-89,309,100.0
705065,15,58,-83,249,100.0
707649,3,63,-65,34,100.0
708307,4,63,-81,64,99.6923076923077
708352,5,63,-94,140,100.0
708512,12,60,-68,157,100.0
708567,6,63,-63,87,100.0
709707,7,62,-66,110,100.0
710063,8,62,-63,96,100.0
710440,10,60,-52,171,100.0
711190,14,61,-65,202,100.0
712090,11,61,-65,167,100.0
713150,9,62,-64,179,100.0
713865,2,63,-69,52,100.0
715888,16,58,-76,286,100.0
716273,13,60,-89,186,100.0
717075,15,59,-83,272,100.0
718203,3,64,-65,48,100.0
718559,5,64,-94,54,100.0
718956,12,61,-68,196,100.0
719767,7,63,-66,138,100.0
719868,4,64,-81,33,99.6923076923077
720208,6,64,-63,99,100.0
721545,10,61,-52,146,100.0
721805,8,63,-63,115,100.0
722867,14,62,-65,177,100.0
723153,11,62,-65,113,100.0
724041,9,63,-64,175,100.0
725727,2,64,-69,80,100.0
725879,16,59,-76,257,100.0
726331,13,61,-89,200,100.0
727644,15,60,-83,296,100.0
729313,3,65,-65,70,100.0
729616,12,62,-68,160,100.0
729862,7,64,-66,101,100.0
730178,5,65,-94,37,100.0
730306,4,65,-81,35,99.6923076923077
731894,6,65,-63,155,100.0
732239,8,64,-63,142,100.0
733201,10,62,-52,140,100.0
733977,14,63,-65,185,100.0
734979,11,63,-65,148,100.0
735413,9,64,-64,126,100.0
736337,2,65,-69,55,100.0
737018,16,60,-76,280,100.0
737137,13,62,-89,319,100.0
737941,15,61,-83,315,100.0
739389,3,66,-65,37,100.0
740150,12,63,-68,265,100.0
740438,5,66,-94,18,100.0
740532,7,65,-66,154,100.0
742862,8,65,-63,123,100.0
743143,6,66,-63,110,100.0
743465,10,63,-52,130,100.0
745578,14,64,-65,216,100.0
745604,11,64,-65,165,100.0
747194,9,65,-64,151,100.0
747332,13,63,-89,243,100.0
748265,2,66,-69,87,100.0
748638,16,61,-76,212,100.0
749430,3,67,-65,64,100.0
749843,15,62,-83,284,100.0
750172,12,64,-68,175,100.0
751217,5,67,-94,49,100.0
751334,4,67,-81,41,99.6923076923077
751842,7,66,-66,107,100.0
753127,6,67,-63,83,100.0
753893,8,66,-63,138,100.0
754475,10,64,-52,129,100.0
756145,14,65,-65,140,100.0
756691,11,65,-65,135,100.0
758039,9,66,-64,115,100.0
758778,13,64,-89,170,100.0
759516,3,68,-65,43,100.0
759895,16,62,-76,250,100.0
760149,2,67,-69,46,100.0
761226,15,63,-83,249,100.0
761379,12,65,-68,146,100.0
761925,5,68,-94,33,100.0
763011,4,68,-81,13,99.6923076923077
763787,7,67,-66,107,100.0
764668,8,67,-63,124,100.0
764944,6,68,-63,91,100.0
765756,10,65,-52,143,100.0
767200,14,66,-65,143,100.0
767442,11,66,-65,156,100.0
769161,13,65,-89,169,100.0
769310,9,67,-64,131,100.0
769918,3,69,-65,71,100.0
770659,16,63,-76,303,100.0
772143,2,68,-69,50,100.0
772188,5,69,-94,22,100.0
772465,15,64,-83,239,100.0
772589,12,66,-68,188,100.0
774246,7,68,-66,77,100.0
774713,4,69,-81,83,99.6923076923077
774820,8,68,-63,201,100.0
776283,10,66,-52,147,100.0
776569,6,69,-63,116,100.0
778068,11,67,-65,178,100.0
778726,14,67,-65,146,100.0
779953,3,70,-65,66,100.0
780029,9,68,-64,201,100.0
780262,13,66,-89,346,100.0
781528,16,64,-76,270,100.0
782556,15,65,-83,277,100.0
782914,2,69,-69,50,100.0
783282,12,67,-68,270,100.0
783296,5,70,-94,97,100.0
784809,7,69,-66,125,100.0
785223,8,69,-63,108,100.0
785719,4,70,-81,72,99.6923076923077
786831,10,67,-52,120,100.0
787237,6,70,-63,83,100.0
789766,11,68,-65,147,100.0
790325,9,69,-64,145,100.0
790647,14,68,-65,185,100.0
791113,3,71,-65,49,100.0
791550,13,67,-89,286,100.0
792731,15,66,-83,236,100.0
793251,16,65,-76,278,100.0
793546,2,70,-69,62,100.0
793621,12,68,-68,263,100.0
794741,5,71,-94,45,100.0
794928,7,70,-66,95,100.0
796172,8,70,-63,117,100.0
796947,4,71,-81,36,99.6923076923077
797678,10,68,-52,219,100.0
799143,6,71,-63,54,100.0
800059,11,69,-65,145,100.0
801344,9,70,-64,109,100.0
802107,13,68,-89,220,100.0
802177,3,72,-65,64,100.0
802341,14,69,-65,239,100.0
803516,15,67,-83,301,100.0
804746,16,66,-76,384,100.0
804810,12,69,-68,279,100.0
804957,2,71,-69,43,100.0
805452,5,72,-94,84,100.0
805503,7,71,-66,166,100.0
807780,8,71,-63,111,100.0
808178,4,72,-81,63,99.6923076923077
809535,10,69,-52,167,100.0
810710,6,72,-63,45,100.0
811144,11,70,-65,97,100.0
812217,9,71,-64,178,100.0
813486,14,70,-65,210,100.0
813789,13,69,-89,221,100.0
814112,3,73,-65,31,100.0
814828,15,68,-83,249,100.0
815855,7,72,-66,98,100.0
816284,12,70,-68,170,100.0
816315,2,72,-69,109,100.0
816482,16,67,-76,378,100.0
817168,5,73,-94,20,100.0
818059,8,72,-63,105,100.0
819683,4,73,-81,74,99.6923076923077
819831,10,70,-52,245,100.0
821296,6,73,-63,90,100.0
822688,11,71,-65,166,100.0
822716,9,72,-64,150,100.0
824100,13,70,-89,194,100.0
824477,3,74,-65,33,100.0
824853,14,71,-65,191,100.0
825825,15,69,-83,305,100.0
826341,7,73,-66,82,100.0
826502,2,73,-69,51,100.0
826811,12,71,-68,164,100.0
828071,16,68,-76,250,100.0
828614,8,73,-63,76,100.0
828872,5,74,-94,22,100.0
830316,4,74,-81,67,99.6923076923077
831031,10,71,-52,164,100.0
833076,9,73,-64,141,100.0
833264,6,74,-63,108,100.0
833405,11,72,-65,168,100.0
834367,13,71,-89,218,100.0
834581,3,75,-65,68,100.0
835250,14,72,-65,216,100.0
836591,2,74,-69,73,100.0
837044,7,74,-66,107,100.0
837309,15,70,-83,198,100.0
837955,12,72,-68,224,100.0
838906,8,74,-63,108,100.0
838989,16,69,-76,243,100.0
840088,5,75,-94,69,100.0
841772,4,75,-81,71,99.6923076923077
842428,10,72,-52,119,100.0
843454,11,73,-65,159,100.0
844360,6,75,-63,84,100.0
844449,9,74,-64,127,100.0
844927,3,76,-65,28,100.0
845112,13,72,-89,300,100.0
846719,2,75,-69,53,100.0
846999,14,73,-65,134,100.0
847530,15,71,-83,155,100.0
848185,7,75,-66,101,100.0
849192,8,75,-63,98,100.0
849729,12,73,-68,267,100.0
849818,16,70,-76,360,100.0
851823,5,76,-94,47,100.0
853019,10,73,-52,208,100.0
853150,4,76,-81,14,99.6923076923077
853660,11,74,-65,172,100.0
854788,6,76,-63,113,100.0
855141,3,77,-65,52,100.0
855406,9,75,-64,144,100.0
856625,13,73,-89,229,100.0
857625,14,74,-65,223,100.0
858428,2,76,-69,52,100.0
859257,15,72,-83,301,100.0
859713,7,76,-66,119,100.0
860435,16,71,-76,250,100.0
860440,12,74,-68,227,100.0
860544,8,76,-63,117,100.0
863029,5,77,-94,56,100.0
864242,10,74,-52,242,100.0
864355,11,75,-65,387,100.0
864376,4,77,-81,67,99.6923076923077
865145,6,77,-63,134,100.0
866282,3,78,-65,72,100.0
866697,9,76,-64,150,100.0
867099,13,74,-89,131,100.0
868417,14,75,-65,166,100.0
869531,15,73,-83,259,100.0
870027,2,77,-69,62,100.0
870275,7,77,-66,117,100.0
870856,12,75,-68,205,100.0
871012,8,77,-63,106,100.0
872247,16,72,-76,207,100.0
873714,5,78,-94,63,100.0
875071,6,78,-63,54,100.0
875347,10,75,-52,119,100.0
875633,4,78,-81,50,99.6923076923077
875785,11,76,-65,125,100.0
877176,3,79,-65,18,100.0
877580,9,77,-64,186,100.0
878839,13,75,-89,176,100.0
879458,14,76,-65,182,100.0
880661,15,74,-83,303,100.0
880847,2,78,-69,57,100.0
881260,12,76,-68,253,100.0
881528,7,78,-66,115,100.0
881804,8,78,-63,36,100.0
883419,16,73,-76,230,100.0
885637,5,79,-94,37,100.0
886500,11,77,-65,163,100.0
886897,6,79,-63,83,100.0
887180,10,76,-52,126,100.0
887332,4,79,-81,45,99.6923076923077
887732,3,80,-65,77,100.0
889233,9,78,-64,113,100.0
889350,13,76,-89,244,100.0
889938,14,77,-65,192,100.0
890995,15,75,-83,310,100.0
891776,2,79,-69,79,100.0
892959,12,77,-68,227,100.0
893153,7,79,-66,71,100.0
893739,8,79,-63,124,100.0
894312,16,74,-76,243,100.0
897268,5,80,-94,32,100.0
897789,3,81,-65,59,100.0
897968,10,77,-52,173,100.0
898014,11,78,-65,200,100.0
898095,4,80,-81,69,99.6923076923077
898598,6,80,-63,105,100.0
899348,9,79,-64,138,100.0
900134,13,77,-89,192,100.0
901486,14,78,-65,253,100.0
902485,15,76,-83,279,100.0
903030,2,80,-69,62,100.0
903176,12,78,-68,284,100.0
903984,7,80,-66,98,100.0
904446,8,80,-63,116,100.0
906071,16,75,-76,267,100.0
908321,11,79,-65,162,100.0
908792,10,78,-52,189,100.0
908802,3,82,-65,126,100.0
908971,5,81,-94,20,100.0
909531,6,81,-63,112,100.0
909734,4,81,-81,48,99.6923076923077
910184,13,78,-89,199,100.0
911133,9,80,-64,200,100.0
911671,14,79,-65,209,100.0
914224,15,77,-83,231,100.0
914376,2,81,-69,127,100.0
914384,12,79,-68,262,100.0
914938,7,81,-66,122,100.0
915338,8,81,-63,126,100.0
917879,16,76,-76,241,100.0
919537,5,82,-94,34,100.0
919548,3,83,-65,46,100.0
919996,4,82,-81,57,99.6923076923077
920034,10,79,-52,163,100.0
920264,11,80,-65,175,100.0
920904,6,82,-63,83,100.0
921707,13,79,-89,183,100.0
922284,9,81,-64,114,100.0
922548,14,80,-65,209,100.0
924395,12,80,-68,189,100.0
924402,15,78,-83,319,100.0
925206,2,82,-69,80,100.0
925845,7,82,-66,122,100.0
927294,8,82,-63,87,100.0
929596,16,77,-76,270,100.0
929946,5,83,-94,12,100.0
930667,10,80,-52,100,100.0
931326,3,84,-65,66,100.0
931832,4,83,-81,46,99.6923076923077
932279,11,81,-65,200,100.0
932315,6,83,-63,126,100.0
933193,9,82,-64,140,100.0
933459,13,80,-89,199,100.0
934034,14,81,-65,199,100.0
935260,15,79,-83,279,100.0
935461,12,81,-68,253,100.0
936510,7,83,-66,89,100.0
936762,2,83,-69,43,100.0
938547,8,83,-63,117,100.0
940303,16,78,-76,231,100.0
941727,5,84,-94,79,100.0
942623,10,81,-52,113,100.0
942927,4,84,-81,33,99.6923076923077
943043,3,85,-65,69,100.0
943849,6,84,-63,77,100.0
944000,11,82,-65,191,100.0
944466,13,81,-89,219,100.0
944522,9,83,-64,105,100.0
944867,14,82,-65,223,100.0
947106,12,82,-68,245,100.0
947120,15,80,-83,344,100.0
947474,2,84,-69,59,100.0
947991,7,84,-66,138,100.0
949291,8,84,-63,74,100.0
952187,16,79,-76,330,100.0
952943,5,85,-94,19,100.0
953548,10,82,-52,141,100.0
954137,3,86,-65,61,100.0
954176,6,85,-63,46,100.0
954856,4,85,-81,61,99.6923076923077
955524,13,82,-89,217,100.0
955648,9,84,-64,135,100.0
955815,11,83,-65,140,100.0
956061,14,83,-65,293,100.0
957775,15,81,-83,193,100.0
958256,12,83,-68,204,100.0
958954,7,85,-66,135,100.0
958966,2,85,-69,57,100.0
960761,8,85,-63,120,100.0
963387,16,80,-76,238,100.0
963652,5,86,-94,56,100.0
964377,10,83,-52,144,100.0
964943,3,87,-65,18,100.0
965370,4,86,-81,60,99.6923076923077
965532,6,86,-63,114,100.0
965978,13,83,-89,154,100.0
966418,11,84,-65,154,100.0
966878,9,85,-64,154,100.0
967149,14,84,-65,237,100.0
969172,12,84,-68,260,100.0
969614,15,82,-83,267,100.0
969958,7,86,-66,100,100.0
970736,2,86,-69,23,100.0
971987,8,86,-63,50,100.0
974285,16,81,-76,308,100.0
974912,10,84,-52,136,100.0
975077,5,87,-94,74,100.0
975591,4,87,-81,69,99.6923076923077
975792,3,88,-65,57,100.0
977558,6,87,-63,147,100.0
977677,14,85,-65,457,100.0
977697,11,85,-65,437,100.0
977853,9,86,-64,410,100.0
977931,13,84,-89,476,100.0
979192,12,85,-68,169,100.0
980115,15,83,-83,336,100.0
981024,2,87,-69,46,100.0
981908,7,87,-66,104,100.0
983897,8,87,-63,124,100.0
985048,10,85,-52,162,100.0
985268,16,82,-76,235,100.0
985706,4,88,-81,53,99.6923076923077
986443,5,88,-94,29,100.0
986912,3,89,-65,36,100.0
987775,13,85,-89,222,100.0
987973,6,88,-63,148,100.0
988438,14,86,-65,199,100.0
988636,11,86,-65,149,100.0
988777,9,87,-64,94,100.0
990472,12,86,-68,211,100.0
990725,15,84,-83,280,100.0
992639,2,88,-69,59,100.0
993019,7,88,-66,102,100.0
995405,8,88,-63,182,100.0
995440,16,83,-76,369,100.0
995662,10,86,-52,152,100.0
997250,5,89,-94,68,100.0
997515,4,89,-81,41,99.6923076923077
997705,3,90,-65,70,100.0
997879,13,86,-89,193,100.0
999547,6,89,-63,193,100.0
999579,14,87,-65,197,100.0
999728,9,88,-64,144,100.0
1000179,11,87,-65,139,100.0
1001531,12,87,-68,200,100.0
1002431,15,85,-83,266,100.0
1003151,2,89,-69,20,100.0
1003375,7,89,-66,96,100.0
1005765,8,89,-63,122,100.0
1007099,10,87,-52,173,100.0
1007257,16,84,-76,255,100.0
1007742,4,90,-81,51,99.6923076923077
1008108,5,90,-94,64,100.0
1008854,3,91,-65,46,100.0
1009145,13,87,-89,194,100.0
1009641,14,88,-65,199,100.0
1011169,9,89,-64,121,100.0
1011386,6,90,-63,112,100.0
1011973,11,88,-65,99,100.0
1012611,15,86,-83,352,100.0
1012686,12,88,-68,260,100.0
1013680,7,90,-66,135,100.0
1015027,2,90,-69,89,100.0
1015987,8,90,-63,121,100.0
1017453,10,88,-52,183,100.0
1018110,4,91,-81,48,99.6923076923077
1018844,16,85,-76,238,100.0
1019105,5,91,-94,44,100.0
1019705,13,88,-89,158,100.0
1020869,3,92,-65,69,100.0
1021564,14,89,-65,174,100.0
1021614,9,90,-64,122,100.0
1021828,6,91,-63,137,100.0
1023027,11,89,-65,181,100.0
1023177,15,87,-83,385,100.0
1023422,12,89,-68,293,100.0
1023945,7,91,-66,86,100.0
1026739,2,91,-69,31,100.0
1027743,10,89,-52,146,100.0
1027808,8,91,-63,170,100.0
1028917,4,92,-81,53,99.6923076923077
1029654,5,92,-94,66,100.0
1029846,13,89,-89,175,100.0
1030771,16,86,-76,311,100.0
1031135,3,93,-65,22,100.0
1032198,14,90,-65,251,100.0
1032486,9,91,-64,174,100.0
1032645,6,92,-63,70,100.0
1033245,11,90,-65,148,100.0
1033891,12,90,-68,185,100.0
1034152,15,88,-83,263,100.0
1034960,7,92,-66,92,100.0
1038012,10,90,-52,147,100.0
1038419,2,92,-69,31,100.0
1039301,8,92,-63,87,100.0
1039876,5,93,-94,36,100.0
1040221,4,93,-81,45,99.6923076923077
1040889,13,90,-89,203,100.0
1041145,16,87,-76,364,100.0
1042129,3,94,-65,30,100.0
1042432,14,91,-65,172,100.0
1042796,6,93,-63,100,100.0
1043988,11,91,-65,200,100.0
1044004,9,92,-64,162,100.0
1044839,12,91,-68,308,100.0
1044956,15,89,-83,398,100.0
1046863,7,93,-66,120,100.0
1049117,10,91,-52,143,100.0
1049707,8,93,-63,73,100.0
1049927,5,94,-94,28,100.0
1049949,2,93,-69,55,100.0
1051915,13,91,-89,126,100.0
1052167,4,94,-81,35,99.6923076923077
1052980,16,88,-76,313,100.0
1053133,14,92,-65,244,100.0
1054024,3,95,-65,54,100.0
1054293,9,93,-64,161,100.0
1054554,6,94,-63,88,100.0
1054889,11,92,-65,134,100.0
1055150,15,90,-83,214,100.0
1056488,12,92,-68,234,100.0
1057197,7,94,-66,103,100.0
1059727,10,92,-52,176,100.0
1060380,5,95,-94,80,100.0
1060487,2,94,-69,43,100.0
1060780,8,94,-63,70,100.0
1062703,13,92,-89,171,100.0
1062832,4,95,-81,79,99.6923076923077
1064421,16,89,-76,299,100.0
1064429,3,96,-65,29,100.0
1064991,14,93,-65,180,100.0
1065013,9,94,-64,237,100.0
1065632,6,95,-63,131,100.0
1065786,11,93,-65,131,100.0
1066670,15,91,-83,228,100.0
1067964,12,93,-68,125,100.0
1069139,7,95,-66,73,100.0
1070220,10,93,-52,167,100.0
1070412,5,96,-94,50,100.0
1071670,2,95,-69,38,100.0
1072512,8,95,-63,161,100.0
1073696,13,93,-89,187,100.0
1074452,4,96,-81,55,99.6923076923077
1075037,16,90,-76,232,100.0
1075133,9,95,-64,136,100.0
1075781,3,97,-65,41,100.0
1076849,14,94,-65,148,100.0
1077423,6,96,-63,108,100.0
1077450,15,92,-83,295,100.0
1077761,11,94,-65,156,100.0
1078194,12,94,-68,249,100.0
1080383,7,96,-66,41,100.0
1081347,10,94,-52,227,100.0
1081679,2,96,-69,40,100.0
1082015,5,97,-94,22,100.0
1082657,8,96,-63,74,100.0
1084652,4,97,-81,37,99.6923076923077
1085194,13,94,-89,214,100.0
1085668,9,96,-64,120,100.0
1086231,16,91,-76,288,100.0
1086916,3,98,-65,75,100.0
1087672,15,93,-83,235,100.0
1087899,14,95,-65,260,100.0
1089032,11,95,-65,139,100.0
1089053,6,97,-63,94,100.0
1089721,12,95,-68,215,100.0
1091298,10,95,-52,123,100.0
1091438,7,97,-66,99,100.0
1092558,2,97,-69,58,100.0
1093108,8,97,-63,113,100.0
1093464,5,98,-94,37,100.0
1095076,4,98,-81,57,99.6923076923077
1096017,13,95,-89,254,100.0
1096242,16,92,-76,259,100.0
1097538,9,97,-64,121,100.0
1097763,15,94,-83,305,100.0
1098281,3,99,-65,23,100.0
1099384,14,96,-65,165,100.0
1099536,11,96,-65,144,100.0
1100093,6,98,-63,88,100.0
1101491,12,96,-68,277,100.0
1101723,7,98,-66,117,100.0
1102683,10,96,-52,225,100.0
1102979,2,98,-69,69,100.0
1104334,5,99,-94,70,100.0
1104411,8,98,-63,127,100.0
1105399,4,99,-81,57,99.6923076923077
1106281,13,96,-89,176,100.0
1107011,16,93,-76,214,100.0
1108072,9,98,-64,203,100.0
1108156,15,95,-83,307,100.0
1109852,14,97,-65,252,100.0
1110179,11,97,-65,180,100.0
1110199,3,100,-65,62,100.0
1110291,6,99,-63,128,100.0
1112917,12,97,-68,208,100.0
1113334,7,99,-66,138,100.0
1114007,10,97,-52,174,100.0
1114889,2,99,-69,39,100.0
1115409,5,100,-94,77,100.0
1115722,8,99,-63,104,100.0
1116605,13,97,-89,181,100.0
1116858,4,100,-81,25,99.6923076923077
1118597,16,94,-76,279,100.0
1119864,14,98,-65,157,100.0
1120033,9,99,-64,250,100.0
1120092,15,96,-83,377,100.0
1120392,11,98,-65,161,100.0
1120498,6,100,-63,130,100.0
1120939,3,101,-65,59,100.0
1123326,12,98,-68,216,100.0
1123789,7,100,-66,85,100.0
1125775,2,100,-69,41,100.0
1125801,10,98,-52,175,100.0
1127090,5,101,-94,48,100.0
1127553,8,100,-63,120,100.0
1127687,13,98,-89,210,100.0
1128169,4,101,-81,80,99.6923076923077
1129566,16,95,-76,197,100.0
1130584,6,101,-63,79,100.0
1130654,11,99,-65,262,100.0
1130763,14,99,-65,345,100.0
1131105,15,97,-83,241,100.0
1131921,9,100,-64,156,100.0
1132714,3,102,-65,44,100.0
1134242,12,99,-68,208,100.0
1135742,7,101,-66,111,100.0
1136453,10,99,-52,95,100.0
1137010,2,101,-69,21,100.0
1137804,13,99,-89,205,100.0
1138096,5,102,-94,51,100.0
1139136,4,102,-81,52,99.6923076923077
1139371,8,101,-63,83,100.0
1140946,16,96,-76,269,100.0
1141153,11,100,-65,146,100.0
1141786,15,98,-83,313,100.0
1142181,6,102,-63,120,100.0
1142386,14,100,-65,415,100.0
1143023,9,101,-64,181,100.0
1143647,3,103,-65,42,100.0
1145382,12,100,-68,164,100.0
1145913,7,102,-66,116,100.0
1147966,10,100,-52,200,100.0
1148123,2,102,-69,57,100.0
1148413,5,103,-94,118,100.0
1148495,13,100,-89,243,100.0
1151018,8,102,-63,89,100.0
1151058,4,103,-81,38,99.6923076923077
1152050,15,99,-83,388,100.0
1152085,16,97,-76,308,100.0
1153093,11,101,-65,124,100.0
1153681,9,102,-64,138,100.0
1153854,3,104,-65,135,100.0
1153926,6,103,-63,137,100.0
1153960,14,101,-65,285,100.0
1155785,12,101,-68,182,100.0
1157536,7,103,-66,139,100.0
1159055,10,101,-52,131,100.0
1159145,13,101,-89,332,100.0
1159387,2,103,-69,61,100.0
1159940,5,104,-94,67,100.0
1162178,8,103,-63,161,100.0
1163069,15,100,-83,255,100.0
1163080,4,104,-81,74,99.6923076923077
1163310,11,102,-65,171,100.0
1163597,16,98,-76,252,100.0
1164033,9,103,-64,160,100.0
1164186,3,105,-65,42,100.0
1165538,6,104,-63,89,100.0
1165681,14,102,-65,266,100.0
1166551,12,102,-68,244,100.0
1168434,7,104,-66,92,100.0
1169931,13,102,-89,253,100.0
1169963,10,102,-52,196,100.0
1170463,2,104,-69,66,100.0
1170743,5,105,-94,66,100.0
1172247,8,104,-63,62,100.0
1173970,15,101,-83,309,100.0
1174087,9,104,-64,139,100.0
1174635,11,103,-65,160,100.0
1174832,4,105,-81,38,99.6923076923077
1175066,16,99,-76,275,100.0
1175072,3,106,-65,15,100.0
1175867,14,103,-65,222,100.0
1176138,6,105,-63,96,100.0
1178027,12,103,-68,209,100.0
1178747,7,105,-66,132,100.0
1180691,13,103,-89,228,100.0
1181199,10,103,-52,165,100.0
1181378,5,106,-94,47,100.0
1181466,2,105,-69,62,100.0
1183565,8,105,-63,90,100.0
1184738,9,105,-64,177,100.0
1185222,4,106,-81,26,99.6923076923077
1185429,16,100,-76,365,100.0
1185471,15,102,-83,349,100.0
1186234,3,107,-65,28,100.0
1186484,11,104,-65,105,100.0
1187278,14,104,-65,184,100.0
1187394,6,106,-63,104,100.0
1189765,12,104,-68,200,100.0
1189788,7,106,-66,43,100.0
1191497,13,104,-89,209,100.0
1191867,2,106,-69,50,100.0
1191907,10,104,-52,198,100.0
1193084,5,107,-94,32,100.0
1195171,8,106,-63,66,100.0
1195379,16,101,-76,261,100.0
1195562,4,107,-81,58,99.6923076923077
1195641,9,106,-64,171,100.0
1195818,15,103,-83,365,100.0
1197491,3,108,-65,33,100.0
1197801,14,105,-65,249,100.0
1197824,11,105,-65,209,100.0
1198153,6,107,-63,69,100.0
1200659,12,105,-68,165,100.0
1201070,7,107,-66,97,100.0
1202675,13,105,-89,248,100.0
1203209,10,105,-52,135,100.0
1203758,2,107,-69,39,100.0
1204806,5,108,-94,55,100.0
1205708,16,102,-76,231,100.0
1206738,15,104,-83,314,100.0
1206753,9,107,-64,261,100.0
1206936,4,108,-81,83,99.6923076923077
1206957,8,107,-63,123,100.0
1207834,3,109,-65,67,100.0
1208036,14,106,-65,219,100.0
1208286,11,106,-65,176,100.0
1209729,6,108,-63,91,100.0
1211670,7,108,-66,69,100.0
1212141,12,106,-68,252,100.0
1213812,2,108,-69,61,100.0
1214645,13,106,-89,300,100.0
1214742,10,106,-52,295,100.0
1214965,5,109,-94,36,100.0
1216835,9,108,-64,197,100.0
1216932,15,105,-83,378,100.0
1217640,16,103,-76,251,100.0
1217674,4,109,-81,62,99.6923076923077
1217811,8,108,-63,132,100.0
1218832,3,110,-65,17,100.0
1219022,14,107,-65,172,100.0
1220155,11,107,-65,151,100.0
1221314,6,109,-63,71,100.0
1222603,7,109,-66,147,100.0
1223471,12,107,-68,135,100.0
1225603,2,109,-69,44,100.0
1226407,10,107,-52,154,100.0
1226557,13,107,-89,278,100.0
1226648,5,110,-94,43,100.0
1226834,15,106,-83,271,100.0
1227763,9,109,-64,166,100.0
1228031,16,104,-76,250,100.0
1228512,8,109,-63,96,100.0
1229543,4,110,-81,35,99.6923076923077
1230141,3,111,-65,59,100.0
1230721,14,108,-65,165,100.0
1231313,11,108,-65,147,100.0
1231703,6,110,-63,95,100.0
1233032,7,110,-66,113,100.0
1235245,12,108,-68,185,100.0
1236101,2,110,-69,31,100.0
1236950,5,111,-94,59,100.0
1237137,15,107,-83,276,100.0
1237568,10,108,-52,200,100.0
1237765,13,108,-89,374,100.0
1237942,9,110,-64,160,100.0
1239408,16,105,-76,205,100.0
1240400,8,110,-63,109,100.0
1241369,14,109,-65,204,100.0
1241438,4,111,-81,33,99.6923076923077
1241597,3,112,-65,58,100.0
1242072,6,111,-63,100,100.0
1242890,11,109,-65,142,100.0
1244935,7,111,-66,71,100.0
1246124,12,109,-68,207,100.0
1247768,15,108,-83,252,100.0
1248140,2,111,-69,72,100.0
1248862,5,112,-94,40,100.0
1248920,9,111,-64,149,100.0
1249121,10,109,-52,149,100.0
1249504,13,109,-89,198,100.0
1251323,16,106,-76,262,100.0
1251529,14,110,-65,179,100.0
1252172,8,111,-63,129,100.0
1252293,4,112,-81,244,99.6923076923077
1253102,3,113,-65,65,100.0
1253822,6,112,-63,102,100.0
1254352,11,110,-65,166,100.0
1256759,7,112,-66,125,100.0
1257833,12,110,-68,148,100.0
1259555,15,109,-83,171,100.0
1259965,2,112,-69,84,100.0
1260257,9,112,-64,162,100.0
1260557,5,113,-94,52,100.0
1260714,10,110,-52,190,100.0
1261446,13,110,-89,235,100.0
1261610,16,107,-76,266,100.0
1262041,14,111,-65,192,100.0
1262696,4,113,-81,45,99.6923076923077
1263940,8,112,-63,81,100.0
1264293,3,114,-65,60,100.0
1265487,11,111,-65,174,100.0
1265498,6,113,-63,136,100.0
1268133,7,113,-66,81,100.0
1268647,12,111,-68,178,100.0
1270797,2,113,-69,36,100.0
1271167,9,113,-64,147,100.0
1271187,10,111,-52,120,100.0
1271412,15,110,-83,417,100.0
1271804,5,114,-94,61,100.0
1272113,16,108,-76,239,100.0
1272564,13,111,-89,122,100.0
1272723,4,114,-81,47,99.6923076923077
1272975,14,112,-65,255,100.0
1274680,3,115,-65,46,100.0
1275091,8,113,-63,77,100.0
1275999,11,112,-65,171,100.0
1276317,6,114,-63,104,100.0
1279524,7,114,-66,115,100.0
1279654,12,112,-68,146,100.0
1281331,2,114,-69,59,100.0
1281352,10,112,-52,186,100.0
1282716,13,112,-89,227,100.0
1282796,4,115,-81,48,99.6923076923077
1282798,15,111,-83,332,100.0
1283046,9,114,-64,148,100.0
1283569,5,115,-94,24,100.0
1283865,16,109,-76,289,100.0
1284577,14,113,-65,208,100.0
1285597,8,114,-63,119,100.0
1285894,3,116,-65,44,100.0
1286368,6,115,-63,96,100.0
1286470,11,113,-65,135,100.0
1290181,12,113,-68,180,100.0
1291342,7,115,-66,109,100.0
1292118,10,113,-52,151,100.0
1292987,2,115,-69,81,100.0
1293267,4,116,-81,59,99.6923076923077
1293521,13,113,-89,181,100.0
1293833,16,110,-76,237,100.0
1293938,5,116,-94,48,100.0
1294825,15,112,-83,463,100.0
1294849,9,115,-64,294,100.0
1295968,14,114,-65,198,100.0
1296117,8,115,-63,267,100.0
1296122,3,117,-65,48,100.0
1297320,6,116,-63,94,100.0
1297696,11,114,-65,134,100.0
1300581,12,114,-68,272,100.0
1302367,7,116,-66,73,100.0
1303955,2,116,-69,74,100.0
1304014,10,114,-52,150,100.0
1304367,13,114,-89,238,100.0
1304810,15,113,-83,266,100.0
1305163,5,117,-94,71,100.0
1305188,4,117,-81,96,99.6923076923077
1305632,16,111,-76,284,100.0
1306492,9,116,-64,152,100.0
1307130,3,118,-65,11,100.0
1307393,6,117,-63,96,100.0
1307661,14,115,-65,234,100.0
1307717,11,115,-65,107,100.0
1307914,8,116,-63,92,100.0
1311937,12,115,-68,183,100.0
1312703,7,117,-66,126,100.0
1315395,2,117,-69,38,100.0
1315657,13,115,-89,212,100.0
1315705,16,112,-76,252,100.0
1315763,5,118,-94,48,100.0
1315943,10,115,-52,149,100.0
1316361,4,118,-81,33,99.6923076923077
1316835,15,114,-83,299,100.0
1317077,9,117,-64,197,100.0
1317900,11,116,-65,128,100.0
1318013,8,117,-63,112,100.0
1318163,6,118,-63,75,100.0
1319054,14,116,-65,247,100.0
1319098,3,119,-65,95,100.0
1323281,12,116,-68,184,100.0
1323879,7,118,-66,82,100.0
1325694,13,116,-89,228,100.0
1326134,2,118,-69,45,100.0
1326310,10,116,-52,164,100.0
1326519,16,113,-76,268,100.0
1327528,5,119,-94,34,100.0
1327759,4,119,-81,37,99.6923076923077
1328523,9,118,-64,96,100.0
1328760,15,115,-83,230,100.0
1328885,8,118,-63,128,100.0
1328912,6,119,-63,147,100.0
1329356,11,117,-65,119,100.0
1329374,14,117,-65,288,100.0
1330100,3,120,-65,44,100.0
1333462,12,117,-68,186,100.0
1334703,7,119,-66,128,100.0
1337264,13,117,-89,191,100.0
1337479,10,117,-52,188,100.0
1337803,5,120,-94,55,100.0
1337930,2,119,-69,42,100.0
1338223,16,114,-76,261,100.0
1339677,14,118,-65,204,100.0
1339693,4,120,-81,53,99.6923076923077
1340033,8,119,-63,120,100.0
1340065,15,116,-83,330,100.0
1340079,6,120,-63,195,100.0
1340454,9,119,-64,170,100.0
1341060,11,118,-65,65,100.0
1341425,3,121,-65,34,100.0
1344983,12,118,-68,197,100.0
1345517,7,120,-66,78,100.0
1347316,13,118,-89,140,100.0
1347925,10,118,-52,110,100.0
1348302,2,120,-69,60,100.0
1348904,5,121,-94,116,100.0
1348948,16,115,-76,269,100.0
1350176,8,120,-63,104,100.0
1351009,14,119,-65,291,100.0
1351355,4,121,-81,68,99.6923076923077
1351538,15,117,-83,388,100.0
1351913,6,121,-63,128,100.0
1352192,11,119,-65,140,100.0
1352217,9,120,-64,229,100.0
1352284,3,122,-65,41,100.0
1356065,12,119,-68,207,100.0
1357330,7,121,-66,61,100.0
1358408,2,121,-69,57,100.0
1359092,5,122,-94,59,100.0
1359346,13,119,-89,244,100.0
1359462,10,119,-52,319,100.0
1359504,16,116,-76,418,100.0
1361023,14,120,-65,187,100.0
1361542,8,121,-63,101,100.0
1362151,15,118,-83,233,100.0
1362350,9,121,-64,169,100.0
1362657,3,123,-65,80,100.0
1362897,6,122,-63,130,100.0
1363126,4,122,-81,54,99.6923076923077
1364030,11,120,-65,152,100.0
1368084,12,120,-68,259,100.0
1369050,2,122,-69,55,100.0
1369131,7,122,-66,120,100.0
1369539,16,117,-76,232,100.0
1369986,13,120,-89,171,100.0
1370009,5,123,-94,55,100.0
1371127,14,121,-65,164,100.0
1371304,10,120,-52,175,100.0
1371562,8,122,-63,111,100.0
1372779,15,119,-83,286,100.0
1373248,3,124,-65,39,100.0
1374287,11,121,-65,115,100.0
1374405,9,122,-64,255,100.0
1374648,4,123,-81,84,99.6923076923077
1374704,6,123,-63,129,100.0
1379081,12,121,-68,164,100.0
1380064,16,118,-76,266,100.0
1380417,2,123,-69,42,100.0
1380847,7,123,-66,158,100.0
1381252,14,122,-65,203,100.0
1381442,13,121,-89,201,100.0
1381583,10,121,-52,109,100.0
1381781,5,124,-94,50,100.0
1381917,8,123,-63,138,100.0
1383900,3,125,-65,43,100.0
1384190,15,120,-83,283,100.0
1384894,9,123,-64,130,100.0
1385902,4,124,-81,19,99.6923076923077
1386238,11,122,-65,142,100.0
1386591,6,124,-63,114,100.0
1390929,12,122,-68,188,100.0
1391440,2,124,-69,43,100.0
1391560,16,119,-76,285,100.0
1391958,7,124,-66,52,100.0
1392204,14,123,-65,216,100.0
1392574,8,124,-63,96,100.0
1392689,13,122,-89,266,100.0
1392740,10,122,-52,352,100.0
1393774,5,125,-94,53,100.0
1394648,15,121,-83,260,100.0
1394787,3,126,-65,46,100.0
1396524,9,124,-64,185,100.0
1396783,4,125,-81,66,99.6923076923077
1396855,6,125,-63,133,100.0
1397461,11,123,-65,107,100.0
1402559,2,125,-69,76,100.0
1402603,12,123,-68,237,100.0
1402870,10,123,-52,210,100.0
1403053,8,125,-63,229,100.0
1403068,16,120,-76,291,100.0
1403274,13,123,-89,239,100.0
1403491,14,124,-65,261,100.0
1403517,7,125,-66,101,100.0
1404340,5,126,-94,66,100.0
1405959,15,122,-83,300,100.0
1406437,3,127,-65,50,100.0
1407142,4,126,-81,74,99.6923076923077
1407381,6,126,-63,83,100.0
1407962,9,125,-64,133,100.0
1408541,11,124,-65,182,100.0
1413000,8,126,-63,101,100.0
1413749,12,124,-68,215,100.0
1414018,10,124,-52,166,100.0
1414183,2,126,-69,51,100.0
1414438,7,126,-66,140,100.0
1414655,16,121,-76,331,100.0
1414916,14,125,-65,270,100.0
1414998,13,124,-89,335,100.0
1415344,5,127,-94,38,100.0
1416436,15,123,-83,265,100.0
1417982,3,128,-65,48,100.0
1418102,4,127,-81,60,99.6923076923077
1418599,9,126,-64,112,100.0
1418729,6,127,-63,98,100.0
1419702,11,125,-65,177,100.0
1423112,8,127,-63,110,100.0
1424766,12,125,-68,219,100.0
1425361,10,125,-52,153,100.0
1425488,5,128,-94,50,100.0
1425552,16,122,-76,214,100.0
1425939,7,127,-66,108,100.0
1426096,2,127,-69,55,100.0
1426545,13,125,-89,212,100.0
1426587,14,126,-65,252,100.0
1427428,15,124,-83,278,100.0
1428353,4,128,-81,78,99.6923076923077
1428374,3,129,-65,70,100.0
1429210,9,127,-64,167,100.0
1430615,6,128,-63,88,100.0
1430862,11,126,-65,146,100.0
1433566,8,128,-63,75,100.0
1434891,12,126,-68,185,100.0
1435858,5,129,-94,63,100.0
1436158,7,128,-66,110,100.0
1436539,2,128,-69,58,100.0
1436614,14,127,-65,255,100.0
1436799,16,123,-76,377,100.0
1436812,10,126,-52,141,100.0
1437262,13,126,-89,239,100.0
1438294,15,125,-83,244,100.0
1439408,4,129,-81,70,99.6923076923077
1440118,3,130,-65,47,100.0
1440444,9,128,-64,151,100.0
1441699,6,129,-63,115,100.0
1442612,11,127,-65,133,100.0
1444205,8,129,-63,83,100.0
1445372,12,127,-68,123,100.0
1446846,5,130,-94,47,100.0
1447460,16,124,-76,242,100.0
1447784,14,128,-65,185,100.0
1447813,7,129,-66,136,100.0
1448187,2,129,-69,51,100.0
1448392,10,127,-52,137,100.0
1448678,15,126,-83,320,100.0
1448758,13,127,-89,290,100.0
1449881,4,130,-81,31,99.6923076923077
1450895,9,129,-64,118,100.0
1452070,3,131,-65,58,100.0
1452981,11,128,-65,203,100.0
1453570,6,130,-63,95,100.0
1455400,8,130,-63,65,100.0
1457070,12,128,-68,181,100.0
1457585,5,131,-94,35,100.0
1458626,16,125,-76,274,100.0
1458704,10,128,-52,221,100.0
1458995,2,130,-69,50,100.0
1459711,14,129,-65,164,100.0
1459717,7,130,-66,160,100.0
1460076,13,128,-89,147,100.0
1460513,15,127,-83,227,100.0
1460812,4,131,-81,42,99.6923076923077
1461633,9,130,-64,137,100.0
1462815,3,132,-65,55,100.0
1464526,11,129,-65,136,100.0
1465087,6,131,-63,71,100.0
1467311,8,131,-63,119,100.0
1468110,12,129,-68,194,100.0
1469048,5,132,-94,31,100.0
1469123,10,129,-52,161,100.0
1469376,16,126,-76,256,100.0
1469648,7,131,-66,90,100.0
1470195,2,131,-69,34,100.0
1470881,14,130,-65,217,100.0
1471011,15,128,-83,326,100.0
1471378,4,132,-81,62,99.6923076923077
1471680,13,129,-89,177,100.0
1472229,9,131,-64,160,100.0
1473111,3,133,-65,30,100.0
1475121,6,132,-63,85,100.0
1476352,11,130,-65,107,100.0
1478335,8,132,-63,97,100.0
1478725,12,130,-68,204,100.0
1479114,5,133,-94,83,100.0
1479224,10,130,-52,175,100.0
1479612,16,127,-76,315,100.0
1480818,7,132,-66,105,100.0
1481596,15,129,-83,297,100.0
1481659,2,132,-69,56,100.0
1482258,14,131,-65,272,100.0
1482583,4,133,-81,57,99.6923076923077
1482995,13,130,-89,174,100.0
1483859,9,132,-64,142,100.0
1484019,3,134,-65,41,100.0
1486400,6,133,-63,118,100.0
1486561,11,131,-65,120,100.0
1489283,8,133,-63,96,100.0
1489335,5,134,-94,46,100.0
1490292,16,128,-76,307,100.0
1490559,12,131,-68,193,100.0
1490937,10,131,-52,168,100.0
1491491,7,133,-66,100,100.0
1491997,2,133,-69,64,100.0
1492941,14,132,-65,250,100.0
1493047,15,130,-83,300,100.0
1493262,13,131,-89,237,100.0
1493641,4,134,-81,45,99.6923076923077
1494806,9,133,-64,142,100.0
1495355,3,135,-65,70,100.0
1497541,11,132,-65,90,100.0
1498362,6,134,-63,99,100.0
1499395,5,135,-94,42,100.0
1500490,16,129,-76,278,100.0
1500808,8,134,-63,109,100.0
1501854,12,132,-68,211,100.0
1501908,10,132,-52,265,100.0
1501969,7,134,-66,114,100.0
1503027,15,131,-83,211,100.0
1503239,14,133,-65,173,100.0
1503452,13,132,-89,132,100.0
1503515,2,134,-69,30,100.0
1505440,4,135,-81,55,99.6923076923077
1505699,9,134,-64,132,100.0
1506576,3,136,-65,53,100.0
1508379,11,133,-65,186,100.0
1509191,6,135,-63,147,100.0
1511004,5,136,-94,58,100.0
1511400,8,135,-63,63,100.0
1512056,10,133,-52,114,100.0
1512289,16,130,-76,330,100.0
1513323,14,134,-65,233,100.0
1513593,2,135,-69,85,100.0
1513718,7,135,-66,218,100.0
1513843,12,133,-68,276,100.0
1514368,15,132,-83,304,100.0
1514652,13,133,-89,164,100.0
1516768,4,136,-81,48,99.6923076923077
1516934,9,135,-64,141,100.0
1518002,3,137,-65,60,100.0
1518834,11,134,-65,154,100.0
1520204,6,136,-63,104,100.0
1521963,8,136,-63,85,100.0
1522706,5,137,-94,41,100.0
1522757,16,131,-76,219,100.0
1523122,10,134,-52,145,100.0
1523683,14,135,-65,143,100.0
1523816,2,136,-69,59,100.0
1525245,15,133,-83,320,100.0
1525297,13,134,-89,178,100.0
1525469,7,136,-66,133,100.0
1525701,12,134,-68,155,100.0
1526800,4,137,-81,47,99.6923076923077
1528715,9,136,-64,136,100.0
1529516,11,135,-65,203,100.0
1529828,3,138,-65,44,100.0
1530645,6,137,-63,101,100.0
1533057,8,137,-63,97,100.0
1533365,10,135,-52,126,100.0
1533622,16,132,-76,229,100.0
1533996,5,138,-94,69,100.0
1534113,2,137,-69,50,100.0
1534919,14,136,-65,198,100.0
1535453,13,135,-89,190,100.0
1535533,7,137,-66,101,100.0
1535838,12,135,-68,156,100.0
1536391,15,134,-83,255,100.0
1537558,4,138,-81,34,99.6923076923077
1539593,11,136,-65,141,100.0
1540120,3,139,-65,66,100.0
1540205,9,137,-64,119,100.0
1540993,6,138,-63,85,100.0
1544199,8,138,-63,61,100.0
1544440,10,136,-52,153,100.0
1544736,16,133,-76,288,100.0
1545411,14,137,-65,224,100.0
1545556,2,138,-69,49,100.0
1545661,5,139,-94,56,100.0
1546776,7,138,-66,127,100.0
1547097,13,136,-89,215,100.0
1547695,4,139,-81,54,99.6923076923077
1547748,12,136,-68,179,100.0
1548383,15,135,-83,313,100.0
1549667,11,137,-65,152,100.0
1551582,3,140,-65,52,100.0
1551850,9,138,-64,160,100.0
1552607,6,139,-63,87,100.0
1554864,16,134,-76,253,100.0
1555415,8,139,-63,80,100.0
1555676,2,139,-69,42,100.0
1555800,14,138,-65,137,100.0
1556026,10,137,-52,136,100.0
1556104,5,140,-94,72,100.0
1557861,13,137,-89,172,100.0
1558371,7,139,-66,99,100.0
1558687,4,140,-81,45,99.6923076923077
1559698,15,136,-83,339,100.0
1559815,12,137,-68,271,100.0
1561179,11,138,-65,125,100.0
1563119,6,140,-63,95,100.0
1563241,9,139,-64,182,100.0
1563496,3,141,-65,48,100.0
1565818,8,140,-63,88,100.0
1566097,10,138,-52,84,100.0
1566222,16,135,-76,266,100.0
1566381,14,139,-65,171,100.0
1566868,2,140,-69,58,100.0
1567753,5,141,-94,34,100.0
1568816,13,138,-89,278,100.0
1569206,7,140,-66,72,100.0
1570034,15,137,-83,221,100.0
1570509,4,141,-81,49,99.6923076923077
1570894,12,138,-68,210,100.0
1572647,11,139,-65,136,100.0
1573702,3,142,-65,61,100.0
1573971,9,140,-64,121,100.0
1574076,6,141,-63,48,100.0
1576745,8,141,-63,92,100.0
1576825,10,139,-52,121,100.0
1577117,14,140,-65,206,100.0
1577841,16,136,-76,205,100.0
1578616,2,141,-69,31,100.0
1579128,5,142,-94,46,100.0
1579281,7,141,-66,120,100.0
1579676,13,139,-89,266,100.0
1580341,15,138,-83,268,100.0
1580998,4,142,-81,23,99.6923076923077
1582073,12,139,-68,249,100.0
1582890,11,140,-65,217,100.0
1583735,3,143,-65,41,100.0
1584310,6,142,-63,110,100.0
1585049,9,141,-64,134,100.0
1588039,14,141,-65,242,100.0
1588083,10,140,-52,182,100.0
1588698,8,142,-63,107,100.0
1589551,16,137,-76,283,100.0
1589739,5,143,-94,50,100.0
1589921,13,140,-89,189,100.0
1590127,2,142,-69,35,100.0
1590481,7,142,-66,102,100.0
1591895,15,139,-83,210,100.0
1592172,12,140,-68,206,100.0
1592914,4,143,-81,64,99.6923076923077
1594739,11,141,-65,108,100.0
1595356,3,144,-65,42,100.0
1595681,6,143,-63,115,100.0
1596821,9,142,-64,168,100.0
1598842,10,141,-52,123,100.0
1599992,14,142,-65,246,100.0
1600460,5,144,-94,95,100.0
1600480,8,143,-63,141,100.0
1600852,2,143,-69,73,100.0
1601211,13,141,-89,224,100.0
1601437,16,138,-76,278,100.0
1602131,7,143,-66,104,100.0
1602727,12,141,-68,138,100.0
1603314,4,144,-81,60,99.6923076923077
1603652,15,140,-83,323,100.0
1605976,6,144,-63,160,100.0
1606240,11,142,-65,163,100.0
1607185,3,145,-65,77,100.0
1608604,9,143,-64,206,100.0
1609883,10,142,-52,151,100.0
1610748,14,143,-65,211,100.0
1611350,8,144,-63,83,100.0
1611435,13,142,-89,227,100.0
1611580,2,144,-69,35,100.0
1612126,16,139,-76,257,100.0
1612164,5,145,-94,35,100.0
1613093,7,144,-66,62,100.0
1613585,4,145,-81,62,99.6923076923077
1614696,12,142,-68,187,100.0
1615429,15,141,-83,280,100.0
1616681,6,145,-63,127,100.0
1617519,3,146,-65,37,100.0
1617749,11,143,-65,90,100.0
1619928,9,144,-64,147,100.0
1621674,2,145,-69,40,100.0
1621780,10,143,-52,180,100.0
1621886,13,143,-89,200,100.0
1622671,16,140,-76,282,100.0
1622819,14,144,-65,381,100.0
1622841,5,146,-94,264,100.0
1622919,8,145,-63,90,100.0
1624782,4,146,-81,16,99.6923076923077
1625056,7,145,-66,123,100.0
1625253,12,143,-68,223,100.0
1626056,15,142,-83,224,100.0
1628342,6,146,-63,112,100.0
1628430,3,147,-65,38,100.0
1628984,11,144,-65,114,100.0
1631253,9,145,-64,104,100.0
1631678,2,146,-69,28,100.0
1632004,13,144,-89,174,100.0
1632945,8,146,-63,65,100.0
1633628,10,144,-52,154,100.0
1633771,5,147,-94,88,100.0
1633801,14,145,-65,313,100.0
1634495,16,141,-76,175,100.0
1635256,4,147,-81,19,99.6923076923077
1636858,7,146,-66,103,100.0
1637397,12,144,-68,380,100.0
1637468,15,143,-83,273,100.0
1638316,6,147,-63,84,100.0
1638609,3,148,-65,37,100.0
1639222,11,145,-65,151,100.0
1641755,2,147,-69,23,100.0
1642631,9,146,-64,116,100.0
1643599,13,145,-89,203,100.0
1644420,14,146,-65,152,100.0
1644652,8,147,-63,55,100.0
1644900,16,142,-76,248,100.0
1644926,10,145,-52,228,100.0
1645070,5,148,-94,30,100.0
1646223,4,148,-81,76,99.6923076923077
1647302,7,147,-66,131,100.0
1648354,15,144,-83,214,100.0
1649159,12,145,-68,199,100.0
1649626,6,148,-63,120,100.0
1649784,11,146,-65,207,100.0
1650324,3,149,-65,81,100.0
1652922,2,148,-69,36,100.0
1653410,9,147,-64,164,100.0
1655226,13,146,-89,170,100.0
1655608,10,146,-52,138,100.0
1656186,16,143,-76,303,100.0
1656358,14,147,-65,250,100.0
1656627,8,148,-63,65,100.0
1656816,5,149,-94,70,100.0
1657125,4,149,-81,69,99.6923076923077
1658033,7,148,-66,132,100.0
1659996,6,149,-63,82,100.0
1660270,12,146,-68,234,100.0
1660393,15,145,-83,354,100.0
1660465,11,147,-65,222,100.0
1661786,3,150,-65,70,100.0
1663463,2,149,-69,34,100.0
1665137,9,148,-64,131,100.0
1666206,16,144,-76,239,100.0
1666396,13,147,-89,216,100.0
1667192,10,147,-52,187,100.0
1667280,4,150,-81,121,99.6923076923077
1668209,5,150,-94,121,100.0
1668224,7,149,-66,150,100.0
1668287,14,148,-65,327,100.0
1668303,8,149,-63,113,100.0
1671169,12,147,-68,240,100.0
1671663,11,148,-65,211,100.0
1671856,6,150,-63,172,100.0
1671900,15,146,-83,431,100.0
1672757,3,151,-65,26,100.0
1674685,2,150,-69,47,100.0
1675585,9,149,-64,144,100.0
1677647,4,151,-81,46,99.6923076923077
1677917,13,148,-89,250,100.0
1677944,10,148,-52,173,100.0
1678263,16,145,-76,329,100.0
1678934,8,150,-63,118,100.0
1679104,14,149,-65,305,100.0
1679346,5,151,-94,30,100.0
1679544,7,150,-66,120,100.0
1681300,12,148,-68,212,100.0
1681813,11,149,-65,177,100.0
1683600,15,147,-83,245,100.0
1683694,6,151,-63,261,100.0
1684030,3,152,-65,35,100.0
1685203,2,151,-69,54,100.0
1686134,9,150,-64,98,100.0
1687943,4,152,-81,68,99.6923076923077
1688654,13,149,-89,226,100.0
1688852,10,149,-52,162,100.0
1688994,16,146,-76,398,100.0
1689741,8,151,-63,146,100.0
1689977,14,150,-65,199,100.0
1690536,5,152,-94,90,100.0
1691203,7,151,-66,83,100.0
1692037,11,150,-65,88,100.0
1692596,12,149,-68,168,100.0
1694720,3,153,-65,51,100.0
1694853,15,148,-83,307,100.0
1695320,6,152,-63,133,100.0
1695363,2,152,-69,53,100.0
1696914,9,151,-64,133,100.0
1698295,4,153,-81,33,99.6923076923077
1699847,10,150,-52,138,100.0
1700602,13,150,-89,304,100.0
1700631,16,147,-76,259,100.0
1701305,8,152,-63,74,100.0
1701491,7,152,-66,70,100.0
1701712,14,151,-65,177,100.0
1702034,5,153,-94,28,100.0
1702820,11,151,-65,96,100.0
1703570,12,150,-68,250,100.0
1705393,3,154,-65,47,100.0
1706016,15,149,-83,244,100.0
1706156,2,153,-69,60,100.0
1706851,6,153,-63,109,100.0
1707907,9,152,-64,221,100.0
1709809,4,154,-81,37,99.6923076923077
1711224,10,151,-52,172,100.0
1711480,16,148,-76,292,100.0
1711652,13,151,-89,363,100.0
1711700,8,153,-63,199,100.0
1712473,7,153,-66,135,100.0
1713327,14,152,-65,224,100.0
1713401,5,154,-94,50,100.0
1714560,11,152,-65,178,100.0
1714681,12,151,-68,176,100.0
1715789,3,155,-65,65,100.0
1716595,2,154,-69,44,100.0
1717157,15,150,-83,265,100.0
1718804,6,154,-63,118,100.0
1719254,9,153,-64,129,100.0
1720284,4,155,-81,45,99.6923076923077
1721658,13,152,-89,190,100.0
1721868,8,154,-63,86,100.0
1722448,7,154,-66,97,100.0
1723046,10,152,-52,156,100.0
1723412,16,149,-76,242,100.0
1724171,14,153,-65,198,100.0
1724769,5,155,-94,82,100.0
1725273,12,152,-68,159,100.0
1726055,11,153,-65,193,100.0
1726180,3,156,-65,49,100.0
1726731,2,155,-69,40,100.0
1728623,15,151,-83,252,100.0
1729951,6,155,-63,100,100.0
1730427,9,154,-64,95,100.0
1732067,4,156,-81,20,99.6923076923077
1732332,13,153,-89,173,100.0
1732346,8,155,-63,119,100.0
1733199,7,155,-66,72,100.0
1733641,10,153,-52,108,100.0
1734336,16,150,-76,320,100.0
1735681,14,154,-65,176,100.0
1736011,11,154,-65,111,100.0
1736428,12,153,-68,208,100.0
1736707,5,156,-94,23,100.0
1737056,3,157,-65,11,100.0
1738609,2,156,-69,83,100.0
1739071,15,152,-83,291,100.0
1740356,6,156,-63,135,100.0
1741967,9,155,-64,130,100.0
1742859,13,154,-89,263,100.0
1743336,8,156,-63,111,100.0
1743471,7,156,-66,105,100.0
1743644,4,157,-81,18,99.6923076923077
1744662,16,151,-76,216,100.0
1744808,10,154,-52,111,100.0
1747596,5,157,-94,59,100.0
1747713,14,155,-65,251,100.0
1747829,11,155,-65,222,100.0
1748030,12,154,-68,178,100.0
1748384,3,158,-65,43,100.0
1749154,2,157,-69,64,100.0
1749875,15,153,-83,251,100.0
1750986,6,157,-63,109,100.0
1752209,9,156,-64,87,100.0
1753845,4,158,-81,36,99.6923076923077
1754516,8,157,-63,94,100.0
1754646,13,155,-89,180,100.0
1755082,7,157,-66,83,100.0
1755550,16,152,-76,247,100.0
1755636,10,155,-52,281,100.0
1758483,5,158,-94,65,100.0
1758864,12,155,-68,217,100.0
1759062,11,156,-65,135,100.0
1759219,14,156,-65,199,100.0
1759474,3,159,-65,81,100.0
1760537,2,158,-69,53,100.0
1761062,6,158,-63,116,100.0
1761622,15,154,-83,250,100.0
1763839,9,157,-64,131,100.0
1764823,8,158,-63,119,100.0
1765651,13,156,-89,165,100.0
1765752,4,159,-81,71,99.6923076923077
1766049,10,156,-52,132,100.0
1766885,7,158,-66,134,100.0
1767041,16,153,-76,243,100.0
1769797,14,157,-65,226,100.0
1769808,5,159,-94,101,100.0
1770306,12,156,-68,221,100.0
1770456,11,157,-65,363,100.0
1771103,3,160,-65,28,100.0
1771419,2,159,-69,38,100.0
1772625,6,159,-63,109,100.0
1772805,15,155,-83,295,100.0
1774741,9,158,-64,122,100.0
1775395,8,159,-63,72,100.0
1776375,4,160,-81,36,99.6923076923077
1776700,13,157,-89,174,100.0
1778054,10,157,-52,156,100.0
1778217,16,154,-76,286,100.0
1778476,7,159,-66,107,100.0
1780323,5,160,-94,41,100.0
1781295,14,158,-65,252,100.0
1781366,12,157,-68,296,100.0
1781450,3,161,-65,46,100.0
1781923,11,158,-65,215,100.0
1782362,2,160,-69,58,100.0
1783982,6,160,-63,114,100.0
1784507,15,156,-83,276,100.0
1786493,9,159,-64,181,100.0
1786967,4,161,-81,65,99.6923076923077
1787238,8,160,-63,114,100.0
1788521,13,158,-89,294,100.0
1788612,16,155,-76,344,100.0
1788868,10,158,-52,151,100.0
1789337,7,160,-66,94,100.0
1790659,5,161,-94,48,100.0
1791824,12,158,-68,136,100.0
1791927,11,159,-65,150,100.0
1792310,14,159,-65,221,100.0
1792478,3,162,-65,14,100.0
1793434,2,161,-69,60,100.0
1794854,15,157,-83,125,100.0
1795298,6,161,-63,129,100.0
1797215,4,162,-81,67,99.6923076923077
1797230,8,161,-63,91,100.0
1798082,9,160,-64,221,100.0
1799563,10,159,-52,178,100.0
1799699,13,159,-89,211,100.0
1800152,16,156,-76,252,100.0
1800924,7,161,-66,123,100.0
1801101,5,162,-94,52,100.0
1802005,12,159,-68,254,100.0
1803497,3,163,-65,59,100.0
1803753,11,160,-65,141,100.0
1804120,14,160,-65,250,100.0
1804904,2,162,-69,76,100.0
1805620,15,158,-83,216,100.0
1805846,6,162,-63,71,100.0
1808163,4,163,-81,45,99.6923076923077
1808385,8,162,-63,151,100.0
1809235,9,161,-64,195,100.0
1809769,13,160,-89,202,100.0
1809868,10,160,-52,217,100.0
1811268,16,157,-76,316,100.0
1811330,7,162,-66,115,100.0
1812372,12,160,-68,225,100.0
1812877,5,163,-94,84,100.0
1814172,11,161,-65,172,100.0
1814178,3,164,-65,73,100.0
1814245,14,161,-65,211,100.0
1815596,2,163,-69,39,100.0
1815813,15,159,-83,253,100.0
1816033,6,163,-63,119,100.0
1818509,4,164,-81,33,99.6923076923077
1818805,8,163,-63,115,100.0
1820151,13,161,-89,215,100.0
1821196,9,162,-64,174,100.0
1821615,10,161,-52,175,100.0
1822791,12,161,-68,207,100.0
1823059,16,158,-76,217,100.0
1823081,7,163,-66,168,100.0
1823617,5,164,-94,86,100.0
1825204,14,162,-65,219,100.0
1825486,3,165,-65,57,100.0
1825541,11,162,-65,152,100.0
1826347,15,160,-83,294,100.0
1826809,2,164,-69,56,100.0
1827318,6,164,-63,90,100.0
1829517,8,164,-63,76,100.0
1830436,13,162,-89,209,100.0
1830494,4,165,-81,47,99.6923076923077
1832692,10,162,-52,162,100.0
1833035,9,163,-64,205,100.0
1833565,12,162,-68,183,100.0
1834267,16,159,-76,283,100.0
1834271,5,165,-94,111,100.0
1834659,7,164,-66,109,100.0
1836700,3,166,-65,37,100.0
1836840,14,163,-65,229,100.0
1837135,11,163,-65,171,100.0
1837998,15,161,-83,238,100.0
1838127,6,165,-63,137,100.0
1838305,2,165,-69,32,100.0
1840312,8,165,-63,139,100.0
1840935,4,166,-81,59,99.6923076923077
1842200,13,163,-89,168,100.0
1843942,9,164,-64,178,100.0
1844083,10,163,-52,161,100.0
1844405,12,163,-68,223,100.0
1844860,5,166,-94,37,100.0
1846121,16,160,-76,295,100.0
1846592,7,165,-66,90,100.0
1847200,3,167,-65,58,100.0
1847308,14,164,-65,164,100.0
1847456,11,164,-65,129,100.0
1848177,15,162,-83,197,100.0
1849536,6,166,-63,120,100.0
1850006,2,166,-69,52,100.0
1850465,8,166,-63,123,100.0
1851807,4,167,-81,36,99.6923076923077
1854144,13,164,-89,218,100.0
1854560,9,165,-64,182,100.0
1854595,12,164,-68,219,100.0
1854685,10,164,-52,211,100.0
1855381,5,167,-94,41,100.0
1856855,7,166,-66,79,100.0
1857860,11,165,-65,182,100.0
1857976,16,161,-76,280,100.0
1858189,14,165,-65,145,100.0
1859066,3,168,-65,77,100.0
1859711,15,163,-83,272,100.0
1860970,6,167,-63,75,100.0
1861095,2,167,-69,220,100.0
1861556,8,167,-63,94,100.0
1863573,4,168,-81,53,99.6923076923077
1865258,12,165,-68,141,100.0
1865582,5,168,-94,53,100.0
1865967,13,165,-89,149,100.0
1866090,9,166,-64,147,100.0
1866232,10,165,-52,146,100.0
1868328,7,167,-66,79,100.0
1868688,16,162,-76,313,100.0
1868810,11,166,-65,179,100.0
1869920,3,169,-65,38,100.0
1870151,14,166,-65,248,100.0
1870216,15,164,-83,222,100.0
1871272,2,168,-69,24,100.0
1871876,6,168,-63,132,100.0
1872988,8,168,-63,109,100.0
1873678,4,169,-81,62,99.6923076923077
1876193,5,169,-94,48,100.0
1876507,10,166,-52,120,100.0
1876977,12,166,-68,165,100.0
1877341,9,167,-64,155,100.0
1877628,13,166,-89,190,100.0
1879652,16,163,-76,317,100.0
1879961,7,168,-66,66,100.0
1880513,14,167,-65,205,100.0
1880608,15,165,-83,219,100.0
1880661,11,167,-65,118,100.0
1881299,3,170,-65,41,100.0
1881572,2,169,-69,52,100.0
1883082,6,169,-63,116,100.0
1883561,8,169,-63,120,100.0
1885264,4,170,-81,62,99.6923076923077
1886594,5,170,-94,61,100.0
1887697,12,167,-68,210,100.0
1888198,9,168,-64,189,100.0
1888423,13,167,-89,373,100.0
1888474,10,167,-52,166,100.0
1890493,14,168,-65,163,100.0
1890744,16,164,-76,339,100.0
1890939,15,166,-83,188,100.0
1891153,11,168,-65,218,100.0
1891626,3,171,-65,71,100.0
1891728,7,169,-66,111,100.0
1892464,2,170,-69,61,100.0
1893126,6,170,-63,92,100.0
1894315,8,170,-63,113,100.0
1896555,4,171,-81,48,99.6923076923077
1897450,5,171,-94,31,100.0
1898596,12,168,-68,264,100.0
1898616,10,168,-52,111,100.0
1899313,13,168,-89,265,100.0
1899918,9,169,-64,136,100.0
1901231,14,169,-65,216,100.0
1901844,11,169,-65,204,100.0
1901927,16,165,-76,389,100.0
1902156,15,167,-83,255,100.0
1902294,3,172,-65,45,100.0
1902868,2,171,-69,60,100.0
1902897,7,170,-66,88,100.0
1905143,6,171,-63,133,100.0
1906128,8,171,-63,97,100.0
1907559,5,172,-94,46,100.0
1908399,4,172,-81,50,99.6923076923077
1909002,12,169,-68,224,100.0
1909113,10,169,-52,214,100.0
1909942,9,170,-64,153,100.0
1910126,13,169,-89,130,100.0
1912249,11,170,-65,228,100.0
1912270,14,170,-65,289,100.0
1912675,15,168,-83,210,100.0
1912933,3,173,-65,73,100.0
1913749,16,166,-76,280,100.0
1914691,2,172,-69,79,100.0
1914714,7,171,-66,90,100.0
1916399,6,172,-63,103,100.0
1917791,8,172,-63,106,100.0
1919212,10,170,-52,167,100.0
1919333,5,173,-94,47,100.0
1920027,9,171,-64,157,100.0
1920137,4,173,-81,40,99.6923076923077
1920378,12,170,-68,261,100.0
1920504,13,170,-89,361,100.0
1923539,15,169,-83,237,100.0
1923692,11,171,-65,303,100.0
1924021,14,171,-65,218,100.0
1924069,16,167,-76,252,100.0
1924880,3,174,-65,35,100.0
1924977,2,173,-69,40,100.0
1925457,7,172,-66,118,100.0
1927641,6,173,-63,129,100.0
1928732,8,173,-63,62,100.0
1930519,10,171,-52,159,100.0
1931132,4,174,-81,78,99.6923076923077
1931163,5,174,-94,21,100.0
1931447,12,171,-68,277,100.0
1931712,9,172,-64,366,100.0
1931814,13,171,-89,430,100.0
1934172,14,172,-65,213,100.0
1934773,11,172,-65,133,100.0
1934904,16,168,-76,394,100.0
1934933,15,170,-83,457,100.0
1935770,2,174,-69,45,100.0
1935954,7,173,-66,91,100.0
1935991,3,175,-65,87,100.0
1939519,6,174,-63,87,100.0
1940447,8,174,-63,103,100.0
1941440,12,172,-68,170,100.0
1941845,4,175,-81,43,99.6923076923077
1941943,10,172,-52,128,100.0
1942225,13,172,-89,181,100.0
1942741,5,175,-94,59,100.0
1943100,9,173,-64,120,100.0
1944333,14,173,-65,177,100.0
1944954,11,173,-65,168,100.0
1945962,16,169,-76,302,100.0
1946148,15,171,-83,306,100.0
1946454,2,175,-69,45,100.0
1946460,3,176,-65,72,100.0
1947875,7,174,-66,128,100.0
1950564,6,175,-63,54,100.0
1950988,8,175,-63,116,100.0
1952292,10,173,-52,144,100.0
1952763,12,173,-68,148,100.0
1952926,13,173,-89,175,100.0
1953652,4,176,-81,26,99.6923076923077
1953667,5,176,-94,11,100.0
1954501,9,174,-64,153,100.0
1955356,14,174,-65,231,100.0
1955989,11,174,-65,175,100.0
1956611,16,170,-76,206,100.0
1956622,3,177,-65,13,100.0
1957194,15,172,-83,271,100.0
1958036,2,176,-69,32,100.0
1959108,7,175,-66,63,100.0
1961611,8,176,-63,115,100.0
1961883,6,176,-63,129,100.0
1962839,10,174,-52,189,100.0
1963337,12,174,-68,207,100.0
1964735,13,174,-89,213,100.0
1964762,5,177,-94,82,100.0
1965243,4,177,-81,51,99.6923076923077
1965978,14,175,-65,301,100.0
1966003,11,175,-65,179,100.0
1966463,9,175,-64,139,100.0
1966868,16,171,-76,293,100.0
1967725,3,178,-65,52,100.0
1968952,15,173,-83,261,100.0
1969227,2,177,-69,61,100.0
1969735,7,176,-66,161,100.0
1972237,8,177,-63,72,100.0
1972288,6,177,-63,156,100.0
1973598,12,175,-68,111,100.0
1974422,10,175,-52,111,100.0
1975065,13,175,-89,219,100.0
1976049,14,176,-65,170,100.0
1976447,5,178,-94,24,100.0
1976905,11,176,-65,167,100.0
1977001,9,176,-64,178,100.0
1977044,4,178,-81,134,99.6923076923077
1977394,16,172,-76,239,100.0
1977826,3,179,-65,85,100.0
1979435,15,174,-83,257,100.0
1979996,7,177,-66,108,100.0
1980201,2,178,-69,26,100.0
1982266,8,178,-63,87,100.0
1982620,6,178,-63,84,100.0
1984192,12,176,-68,232,100.0
1985789,10,176,-52,129,100.0
1986561,14,177,-65,207,100.0
1986762,13,176,-89,191,100.0
1987250,4,179,-81,55,99.6923076923077
1987370,5,179,-94,44,100.0
1988288,9,177,-64,204,100.0
1988966,11,177,-65,229,100.0
1989146,3,180,-65,285,100.0
1989259,16,173,-76,437,100.0
1990471,15,175,-83,325,100.0
1991100,2,179,-69,54,100.0
1991473,7,178,-66,108,100.0
1993527,8,179,-63,130,100.0
1994396,6,179,-63,48,100.0
1994741,12,177,-68,180,100.0
1997710,10,177,-52,120,100.0
1997716,5,180,-94,62,100.0
1998135,14,178,-65,204,100.0
1998368,13,177,-89,125,100.0
1998620,4,180,-81,60,99.6923076923077
1999268,11,178,-65,235,100.0
1999343,9,178,-64,198,100.0
2000157,16,174,-76,295,100.0
2000677,3,181,-65,48,100.0
2001431,2,180,-69,64,100.0
2001660,15,176,-83,280,100.0
2002540,7,179,-66,120,100.0
2003741,8,180,-63,57,100.0
2005194,6,180,-63,79,100.0
2006030,12,178,-68,187,100.0
2008773,13,178,-89,174,100.0
2008794,10,178,-52,211,100.0
2009181,4,181,-81,70,99.6923076923077
2009229,14,179,-65,181,100.0
2009449,5,181,-94,68,100.0
2009892,9,179,-64,134,100.0
2010730,11,179,-65,179,100.0
2010762,16,175,-76,288,100.0
2010896,3,182,-65,44,100.0
2011963,2,181,-69,24,100.0
2012171,15,177,-83,276,100.0
2012917,7,180,-66,147,100.0
2013911,8,181,-63,103,100.0
2016238,6,181,-63,95,100.0
2017637,12,179,-68,193,100.0
2018849,13,179,-89,103,100.0
2019679,14,180,-65,192,100.0
2019949,10,179,-52,197,100.0
2020060,9,180,-64,237,100.0
2020902,16,176,-76,226,100.0
2020977,4,182,-81,61,99.6923076923077
2021276,5,182,-94,69,100.0
2022358,3,183,-65,42,100.0
2022589,11,180,-65,147,100.0
2023445,15,178,-83,350,100.0
2023924,2,182,-69,65,100.0
2024267,8,182,-63,77,100.0
2024433,7,181,-66,123,100.0
2026969,6,182,-63,143,100.0
2029124,13,180,-89,235,100.0
2029258,12,180,-68,193,100.0
2030799,14,181,-65,202,100.0
2031044,9,181,-64,156,100.0
2031730,16,177,-76,250,100.0
2031824,10,180,-52,145,100.0
2032396,4,183,-81,55,99.6923076923077
2032666,3,184,-65,59,100.0
2033191,5,183,-94,26,100.0
2033439,15,179,-83,300,100.0
2034024,2,183,-69,74,100.0
2034265,11,181,-65,124,100.0
2035401,8,183,-63,88,100.0
2036050,7,182,-66,82,100.0
2038772,6,183,-63,125,100.0
2040062,13,181,-89,181,100.0
2040335,12,181,-68,206,100.0
2041545,14,182,-65,231,100.0
2042628,4,184,-81,74,99.6923076923077
2043045,16,178,-76,290,100.0
2043086,9,182,-64,223,100.0
2043144,10,181,-52,206,100.0
2043818,3,185,-65,64,100.0
2044159,2,184,-69,28,100.0
2044672,11,182,-65,155,100.0
2045154,15,180,-83,271,100.0
2045156,5,184,-94,34,100.0
2046610,8,184,-63,126,100.0
2047061,7,183,-66,118,100.0
2050569,6,184,-63,103,100.0
2051413,13,182,-89,220,100.0
2051699,14,183,-65,190,100.0
2051826,12,182,-68,232,100.0
2052750,4,185,-81,30,99.6923076923077
2053214,16,179,-76,266,100.0
2053918,9,183,-64,125,100.0
2053973,3,186,-65,76,100.0
2054119,10,182,-52,200,100.0
2054256,2,185,-69,44,100.0
2055369,5,185,-94,34,100.0
2056609,11,183,-65,177,100.0
2056843,15,181,-83,204,100.0
2057609,7,184,-66,68,100.0
2058108,8,185,-63,95,100.0
2061083,6,185,-63,47,100.0
2062728,13,183,-89,215,100.0
2062784,4,186,-81,47,99.6923076923077
2063426,14,184,-65,207,100.0
2063628,16,180,-76,290,100.0
2063749,12,183,-68,373,100.0
2064054,3,187,-65,38,100.0
2064972,10,183,-52,162,100.0
2065081,9,184,-64,174,100.0
2065170,2,186,-69,69,100.0
2066684,5,186,-94,33,100.0
2067841,11,184,-65,174,100.0
2068197,15,182,-83,247,100.0
2068651,7,185,-66,120,100.0
2068728,8,186,-63,97,100.0
2072015,6,186,-63,92,100.0
2073888,4,187,-81,65,99.6923076923077
2074117,13,184,-89,197,100.0
2074439,3,188,-65,60,100.0
2074712,16,181,-76,269,100.0
2075222,14,185,-65,176,100.0
2075502,12,184,-68,211,100.0
2075695,10,184,-52,148,100.0
2075937,9,185,-64,138,100.0
2076809,2,187,-69,72,100.0
2078050,5,187,-94,52,100.0
2078243,15,183,-83,225,100.0
2078809,11,185,-65,132,100.0
2078851,7,186,-66,143,100.0
2080630,8,187,-63,116,100.0
2083047,6,187,-63,117,100.0
2084841,3,189,-65,61,100.0
2085331,16,182,-76,247,100.0
2085627,4,188,-81,20,99.6923076923077
2085827,12,185,-68,225,100.0
2086092,13,185,-89,227,100.0
2086304,14,186,-65,174,100.0
2086538,10,185,-52,110,100.0
2087661,9,186,-64,180,100.0
2088099,5,188,-94,59,100.0
2088232,2,188,-69,64,100.0
2088957,11,186,-65,102,100.0
2089958,7,187,-66,134,100.0
2090128,15,184,-83,303,100.0
2092376,8,188,-63,115,100.0
2094310,6,188,-63,143,100.0
2095662,3,190,-65,47,100.0
2096034,16,183,-76,265,100.0
2096447,12,186,-68,212,100.0
2097097,4,189,-81,55,99.6923076923077
2097375,10,186,-52,190,100.0
2097549,13,186,-89,206,100.0
2097623,14,187,-65,268,100.0
2098301,2,189,-69,13,100.0
2099198,9,187,-64,189,100.0
2099416,5,189,-94,46,100.0
2100033,11,187,-65,176,100.0
2100217,7,188,-66,311,100.0
2100342,15,185,-83,473,100.0
2103666,8,189,-63,65,100.0
2105440,6,189,-63,54,100.0
2105748,3,191,-65,44,100.0
2106287,16,184,-76,243,100.0
2107267,12,187,-68,217,100.0
2107543,4,190,-81,49,99.6923076923077
2108237,13,187,-89,205,100.0
2108418,14,188,-65,257,100.0
2109021,10,187,-52,128,100.0
2109219,2,190,-69,32,100.0
2109896,5,190,-94,41,100.0
2109902,9,188,-64,165,100.0
2110245,15,186,-83,262,100.0
2110626,7,189,-66,99,100.0
2111975,11,188,-65,163,100.0
2115525,8,190,-63,59,100.0
2116493,6,190,-63,145,100.0
2116819,3,192,-65,80,100.0
2117321,12,188,-68,195,100.0
2117461,16,185,-76,267,100.0
2118426,4,191,-81,46,99.6923076923077
2118585,14,189,-65,205,100.0
2118690,13,188,-89,222,100.0
2119240,10,188,-52,188,100.0
2119942,5,191,-94,51,100.0
2120305,9,189,-64,183,100.0
2120642,15,187,-83,195,100.0
2120981,2,191,-69,47,100.0
2121642,7,190,-66,75,100.0
2122144,11,189,-65,167,100.0
2126314,8,191,-63,101,100.0
2127633,16,186,-76,299,100.0
2127896,3,193,-65,40,100.0
2128312,6,191,-63,89,100.0
2128729,12,189,-68,168,100.0
2129725,13,189,-89,193,100.0
2130211,14,190,-65,231,100.0
2130392,4,192,-81,51,99.6923076923077
2130619,9,190,-64,66,100.0
2130996,10,189,-52,149,100.0
2131062,15,188,-83,390,100.0
2131383,5,192,-94,17,100.0
2132551,7,191,-66,95,100.0
2132656,2,192,-69,55,100.0
2133691,11,190,-65,193,100.0
2137650,16,187,-76,297,100.0
2137918,8,192,-63,150,100.0
2138287,3,194,-65,69,100.0
2139111,6,192,-63,131,100.0
2140483,12,190,-68,179,100.0
2140609,14,191,-65,213,100.0
2140776,9,191,-64,174,100.0
2141097,13,190,-89,219,100.0
2141275,15,189,-83,355,100.0
2142006,4,193,-81,23,99.6923076923077
2142135,10,190,-52,130,100.0
2142699,5,193,-94,69,100.0
2144111,7,192,-66,145,100.0
2144331,11,191,-65,220,100.0
2144506,2,193,-69,56,100.0
2147628,16,188,-76,225,100.0
2148607,8,193,-63,105,100.0
2149752,6,193,-63,66,100.0
2150040,3,195,-65,46,100.0
2151108,14,192,-65,160,100.0
2152025,12,191,-68,232,100.0
2152123,9,192,-64,136,100.0
2152404,13,191,-89,326,100.0
2152458,4,194,-81,157,99.6923076923077
2152460,15,190,-83,296,100.0
2153527,10,191,-52,169,100.0
2153925,5,194,-94,59,100.0
2154296,7,193,-66,103,100.0
2154545,2,194,-69,28,100.0
2156259,11,192,-65,178,100.0
2159313,16,189,-76,243,100.0
2159463,8,194,-63,136,100.0
2160079,6,194,-63,138,100.0
2160398,3,196,-65,51,100.0
2162450,14,193,-65,225,100.0
2162540,15,191,-83,329,100.0
2162893,12,192,-68,252,100.0
2162901,13,192,-89,324,100.0
2163398,4,195,-81,24,99.6923076923077
2163800,9,193,-64,118,100.0
2164010,5,195,-94,64,100.0
2164390,10,192,-52,148,100.0
2165186,7,194,-66,83,100.0
2165666,2,195,-69,51,100.0
2167781,11,193,-65,112,100.0
2170083,6,195,-63,91,100.0
2170379,16,190,-76,190,100.0
2171312,8,195,-63,84,100.0
2171572,3,197,-65,55,100.0
2172520,15,192,-83,287,100.0
2173918,14,194,-65,148,100.0
2174229,13,193,-89,245,100.0
2174238,9,194,-64,134,100.0
2174530,5,196,-94,44,100.0
2174779,4,196,-81,73,99.6923076923077
2174861,10,193,-52,84,100.0
2174924,12,193,-68,301,100.0
2175518,7,195,-66,79,100.0
2177361,2,196,-69,44,100.0
2178120,11,194,-65,202,100.0
2181056,6,196,-63,81,100.0
2181504,16,191,-76,280,100.0
2182230,8,196,-63,115,100.0
2182929,15,193,-83,166,100.0
2183149,3,198,-65,54,100.0
2184281,9,195,-64,166,100.0
2184439,14,195,-65,220,100.0
2185340,5,197,-94,53,100.0
2185602,4,197,-81,78,99.6923076923077
2185720,13,194,-89,232,100.0
2185796,7,196,-66,86,100.0
2186691,10,194,-52,210,100.0
2186727,12,194,-68,224,100.0
2188143,2,197,-69,36,100.0
2189462,11,195,-65,136,100.0
2192649,6,197,-63,74,100.0
2193247,3,199,-65,42,100.0
2193433,16,192,-76,230,100.0
2193703,15,194,-83,243,100.0
2193799,8,197,-63,105,100.0
2194706,14,196,-65,156,100.0
2195347,9,196,-64,176,100.0
2195448,5,198,-94,51,100.0
2195849,4,198,-81,44,99.6923076923077
2196368,13,195,-89,190,100.0
2196675,10,195,-52,157,100.0
2196848,7,197,-66,85,100.0
2198334,12,195,-68,235,100.0
2200059,2,198,-69,87,100.0
2200309,11,196,-65,159,100.0
2203778,16,193,-76,227,100.0
2204218,3,200,-65,27,100.0
2204509,6,198,-63,101,100.0
2205301,15,195,-83,284,100.0
2205433,14,197,-65,278,100.0
2205769,8,198,-63,114,100.0
2207158,9,197,-64,137,100.0
2207222,5,199,-94,43,100.0
2207750,4,199,-81,56,99.6923076923077
2207796,10,196,-52,184,100.0
2207876,13,196,-89,225,100.0
2208231,7,198,-66,100,100.0
2208608,12,196,-68,194,100.0
2210655,11,197,-65,164,100.0
2211688,2,199,-69,25,100.0
2215578,3,201,-65,73,100.0
2215638,6,199,-63,166,100.0
2215858,16,194,-76,433,100.0
2215906,15,196,-83,358,100.0
2216497,14,198,-65,187,100.0
2217175,8,199,-63,101,100.0
2218356,9,198,-64,157,100.0
2218631,5,200,-94,38,100.0
2218860,7,199,-66,147,100.0
2218919,4,200,-81,55,99.6923076923077
2219053,12,197,-68,180,100.0
2219327,10,197,-52,133,100.0
2219379,13,197,-89,305,100.0
2222021,2,200,-69,19,100.0
2222259,11,198,-65,170,100.0
2226181,3,202,-65,70,100.0
2226325,15,197,-83,282,100.0
2226372,6,200,-63,119,100.0
2227020,16,195,-76,223,100.0
2227312,14,199,-65,205,100.0
2228171,8,200,-63,86,100.0
2229159,5,201,-94,75,100.0
2229629,9,199,-64,153,100.0
2229802,4,201,-81,98,99.6923076923077
2229866,13,198,-89,228,100.0
2230202,12,198,-68,127,100.0
2230478,10,198,-52,170,100.0
2230697,7,200,-66,144,100.0
2232514,2,201,-69,79,100.0
2233086,11,199,-65,216,100.0
2237628,3,203,-65,54,100.0
2237671,14,200,-65,213,100.0
2237714,16,196,-76,388,100.0
2237880,6,201,-63,133,100.0
2238061,15,198,-83,288,100.0
2239373,5,202,-94,32,100.0
2239890,13,199,-89,175,100.0
2240088,8,201,-63,72,100.0
2240245,9,200,-64,153,100.0
2240640,4,202,-81,37,99.6923076923077
2241142,12,199,-68,184,100.0
2241204,10,199,-52,227,100.0
2241255,7,201,-66,143,100.0
2243639,2,202,-69,72,100.0
2243683,11,200,-65,164,100.0
2247789,3,204,-65,47,100.0
2248810,6,202,-63,79,100.0
2249079,16,197,-76,380,100.0
2249128,14,201,-65,180,100.0
2249655,15,199,-83,280,100.0
2250523,13,200,-89,212,100.0
2250923,8,202,-63,102,100.0
2250989,5,203,-94,48,100.0
2251124,9,201,-64,116,100.0
2251561,12,200,-68,154,100.0
2251649,10,200,-52,173,100.0
2252348,7,202,-66,99,100.0
2252614,4,203,-81,60,99.6923076923077
2254467,2,203,-69,21,100.0
2254645,11,201,-65,130,100.0
2258423,3,205,-65,56,100.0
2259184,16,198,-76,195,100.0
2259524,6,203,-63,127,100.0
2260893,14,202,-65,283,100.0
2260991,8,203,-63,117,100.0
2260998,13,201,-89,311,100.0
2261513,15,200,-83,298,100.0
2261906,5,204,-94,33,100.0
2262525,9,202,-64,182,100.0
2262662,4,204,-81,65,99.6923076923077
2262713,10,201,-52,148,100.0
2262897,12,201,-68,207,100.0
2262926,7,203,-66,171,100.0
2265043,11,202,-65,157,100.0
2265346,2,204,-69,58,100.0
2268922,3,206,-65,27,100.0
2270192,6,204,-63,100,100.0
2271196,16,199,-76,254,100.0
2271661,15,201,-83,214,100.0
2271970,14,203,-65,211,100.0
2272321,8,204,-63,81,100.0
2272642,13,202,-89,189,100.0
2272741,5,205,-94,47,100.0
2272908,7,204,-66,110,100.0
2273118,12,202,-68,245,100.0
2273369,10,202,-52,126,100.0
2273475,4,205,-81,53,99.6923076923077
2273563,9,203,-64,151,100.0
2275719,11,203,-65,175,100.0
2276193,2,205,-69,46,100.0
2279894,3,207,-65,60,100.0
2280798,6,205,-63,58,100.0
2281485,16,200,-76,159,100.0
2282997,13,203,-89,184,100.0
2283207,15,202,-83,200,100.0
2283342,7,205,-66,139,100.0
2283524,14,204,-65,203,100.0
2283640,8,205,-63,105,100.0
2283759,9,204,-64,191,100.0
2284237,10,203,-52,174,100.0
2284458,4,206,-81,105,99.6923076923077
2284462,12,203,-68,292,100.0
2284549,5,206,-94,24,100.0
2285950,11,204,-65,160,100.0
2286775,2,206,-69,81,100.0
2291667,16,201,-76,253,100.0
2291814,3,208,-65,51,100.0
2291888,6,206,-63,114,100.0
2293114,13,204,-89,227,100.0
2293672,7,206,-66,75,100.0
2294164,14,205,-65,213,100.0
2294478,10,204,-52,225,100.0
2294543,12,204,-68,263,100.0
2294838,5,207,-94,60,100.0
2294924,9,205,-64,225,100.0
2295133,15,203,-83,353,100.0
2295270,8,206,-63,135,100.0
2296274,4,207,-81,16,99.6923076923077
2296942,11,205,-65,162,100.0
2297381,2,207,-69,39,100.0
2302111,16,202,-76,235,100.0
2302456,3,209,-65,19,100.0
2303359,6,207,-63,126,100.0
2304941,13,205,-89,206,100.0
2305160,7,207,-66,68,100.0
2305424,5,208,-94,112,100.0
2305473,8,207,-63,161,100.0
2305676,9,206,-64,191,100.0
2305953,12,205,-68,251,100.0
2305998,14,206,-65,245,100.0
2306185,10,205,-52,226,100.0
2306490,4,208,-81,58,99.6923076923077
2306834,15,204,-83,203,100.0
2308509,2,208,-69,70,100.0
2308546,11,206,-65,102,100.0
2312707,3,210,-65,82,100.0
2312766,16,203,-76,234,100.0
2315150,13,206,-89,194,100.0
2315224,6,208,-63,105,100.0
2315862,8,208,-63,123,100.0
2315906,5,209,-94,51,100.0
2315987,7,208,-66,196,100.0
2316814,9,207,-64,155,100.0
2316993,14,207,-65,205,100.0
2317222,15,205,-83,216,100.0
2317731,12,206,-68,203,100.0
2317909,10,206,-52,191,100.0
2318414,4,209,-81,22,99.6923076923077
2319860,2,209,-69,59,100.0
2320030,11,207,-65,110,100.0
2323440,16,204,-76,256,100.0
2324589,3,211,-65,19,100.0
2325884,13,207,-89,271,100.0
2325930,5,210,-94,58,100.0
2326069,7,209,-66,133,100.0
2326859,6,209,-63,99,100.0
2327457,15,206,-83,276,100.0
2327594,8,209,-63,97,100.0
2328516,4,210,-81,50,99.6923076923077
2328739,9,208,-64,207,100.0
2328868,14,208,-65,245,100.0
2328966,12,207,-68,280,100.0
2329826,10,207,-52,128,100.0
2330846,2,210,-69,46,100.0
2330961,11,208,-65,179,100.0
2334367,16,205,-76,276,100.0
2335071,3,212,-65,37,100.0
2337049,13,208,-89,220,100.0
2337180,6,210,-63,58,100.0
2337405,7,210,-66,53,100.0
2337608,8,210,-63,80,100.0
2337929,5,211,-94,79,100.0
2338533,15,207,-83,251,100.0
2339258,4,211,-81,39,99.6923076923077
2339546,9,209,-64,171,100.0
2340369,10,208,-52,124,100.0
2340447,14,209,-65,214,100.0
2340768,12,208,-68,204,100.0
2342641,2,211,-69,44,100.0
2342862,11,209,-65,204,100.0
2344708,16,206,-76,284,100.0
2346999,3,213,-65,39,100.0
2347323,13,209,-89,160,100.0
2347685,7,211,-66,59,100.0
2347847,8,211,-63,135,100.0
2347980,6,211,-63,100,100.0
2349383,4,212,-81,55,99.6923076923077
2349592,15,208,-83,249,100.0
2349785,5,212,-94,28,100.0
2350514,9,210,-64,126,100.0
2351020,10,209,-52,139,100.0
2351456,14,210,-65,193,100.0
2351831,12,209,-68,215,100.0
2354483,2,212,-69,45,100.0
2354752,16,207,-76,322,100.0
2354802,11,210,-65,216,100.0
2357249,3,214,-65,59,100.0
2358777,6,212,-63,109,100.0
2359311,13,210,-89,251,100.0
2359582,7,212,-66,113,100.0
2359629,8,212,-63,76,100.0
2360213,5,213,-94,55,100.0
2360658,15,209,-83,223,100.0
2360854,4,213,-81,51,99.6923076923077
2361237,9,211,-64,136,100.0
2362212,14,211,-65,210,100.0
2362960,10,210,-52,153,100.0
2363340,12,210,-68,239,100.0
2365426,2,213,-69,79,100.0
2365990,16,208,-76,265,100.0
2366205,11,211,-65,165,100.0
2368566,3,215,-65,85,100.0
2369355,13,211,-89,230,100.0
2369773,6,213,-63,106,100.0
2369949,7,213,-66,100,100.0
2370833,8,213,-63,72,100.0
2371050,4,214,-81,49,99.6923076923077
2371642,15,210,-83,243,100.0
2371688,5,214,-94,28,100.0
2373176,9,212,-64,182,100.0
2373428,12,211,-68,180,100.0
2373909,14,212,-65,195,100.0
2374248,10,211,-52,189,100.0
2376093,2,214,-69,64,100.0
2376341,11,212,-65,169,100.0
2377166,16,209,-76,210,100.0
2380137,6,214,-63,105,100.0
2380272,3,216,-65,66,100.0
2380710,7,214,-66,52,100.0
2380907,13,212,-89,193,100.0
2381151,4,215,-81,54,99.6923076923077
2381576,8,214,-63,134,100.0
2381987,15,211,-83,280,100.0
2383441,5,215,-94,34,100.0
2384013,9,213,-64,161,100.0
2384939,12,212,-68,309,100.0
2384947,10,212,-52,133,100.0
2385024,14,213,-65,255,100.0
2386106,2,215,-69,55,100.0
2386782,11,213,-65,105,100.0
2388086,16,210,-76,294,100.0
2391119,13,213,-89,239,100.0
2391222,7,215,-66,160,100.0
2391323,4,216,-81,61,99.6923076923077
2391617,6,215,-63,91,100.0
2391742,3,217,-65,36,100.0
2392933,8,215,-63,86,100.0
2393586,15,212,-83,272,100.0
2395092,5,216,-94,63,100.0
2395139,9,214,-64,158,100.0
2395214,10,213,-52,193,100.0
2395966,12,213,-68,259,100.0
2395996,14,214,-65,245,100.0
2397205,2,216,-69,44,100.0
2397914,11,214,-65,180,100.0
2399375,16,211,-76,262,100.0
2401979,7,216,-66,119,100.0
2402101,4,217,-81,78,99.6923076923077
2402568,6,216,-63,92,100.0
2402825,13,214,-89,215,100.0
2403252,3,218,-65,45,100.0
2403620,8,216,-63,90,100.0
2405471,15,213,-83,283,100.0
2405483,9,215,-64,205,100.0
2405646,5,217,-94,81,100.0
2406444,12,214,-68,240,100.0
2406740,10,214,-52,133,100.0
2407330,2,217,-69,67,100.0
2407490,14,215,-65,293,100.0
2409157,11,215,-65,108,100.0
2411198,16,212,-76,322,100.0
2413645,13,215,-89,179,100.0
2413806,7,217,-66,84,100.0
2413994,4,218,-81,47,99.6923076923077
2414502,6,217,-63,113,100.0
2414860,3,219,-65,31,100.0
2415588,8,217,-63,169,100.0
2415701,15,214,-83,388,100.0
2416287,9,216,-64,176,100.0
2416645,5,218,-94,29,100.0
2418238,12,215,-68,213,100.0
2418535,14,216,-65,141,100.0
2418747,10,215,-52,158,100.0
2418839,2,218,-69,57,100.0
2420207,11,216,-65,80,100.0
2421441,16,213,-76,310,100.0
2424307,7,218,-66,129,100.0
2424802,4,219,-81,60,99.6923076923077
2424978,13,216,-89,203,100.0
2425739,6,218,-63,109,100.0
2426439,3,220,-65,51,100.0
2426805,15,215,-83,182,100.0
2426996,8,218,-63,108,100.0
2427578,5,219,-94,26,100.0
2427716,9,217,-64,148,100.0
2428820,10,216,-52,178,100.0
2429037,12,216,-68,210,100.0
2429907,2,219,-69,67,100.0
2430296,14,217,-65,219,100.0
2431469,11,217,-65,124,100.0
2432304,16,214,-76,216,100.0
2435144,13,217,-89,240,100.0
2435704,7,219,-66,99,100.0
2435833,4,220,-81,45,99.6923076923077
2436675,3,221,-65,32,100.0
2437018,6,219,-63,75,100.0
2437340,8,219,-63,63,100.0
2438250,15,216,-83,247,100.0
2438345,5,220,-94,39,100.0
2439097,12,217,-68,225,100.0
2439245,9,218,-64,202,100.0
2440310,10,217,-52,124,100.0
2440674,14,218,-65,214,100.0
2441742,2,220,-69,60,100.0
2442252,11,218,-65,121,100.0
2443948,16,215,-76,294,100.0
2445350,13,218,-89,195,100.0
2446040,7,220,-66,93,100.0
2446709,4,221,-81,61,99.6923076923077
2448232,8,220,-63,110,100.0
2448284,3,222,-65,34,100.0
2448411,6,220,-63,115,100.0
2448950,15,217,-83,207,100.0
2449385,5,221,-94,27,100.0
2450264,12,218,-68,193,100.0
2450330,9,219,-64,159,100.0
2451325,10,218,-52,119,100.0
2452097,14,219,-65,245,100.0
2452976,2,221,-69,61,100.0
2453638,11,219,-65,159,100.0
2455601,16,216,-76,240,100.0
2456952,13,219,-89,155,100.0
2457067,4,222,-81,50,99.6923076923077
2457557,7,221,-66,90,100.0
2458606,3,223,-65,77,100.0
2458670,6,221,-63,138,100.0
2459437,15,218,-83,286,100.0
2459627,8,221,-63,113,100.0
2459703,5,222,-94,160,100.0
2460714,12,219,-68,177,100.0
2461684,9,220,-64,152,100.0
2461903,10,219,-52,150,100.0
2463553,14,220,-65,203,100.0
2463729,11,220,-65,153,100.0
2464935,2,222,-69,71,100.0
2467242,16,217,-76,313,100.0
2468052,7,222,-66,77,100.0
2468468,13,220,-89,241,100.0
2468481,4,223,-81,76,99.6923076923077
2468927,6,222,-63,82,100.0
2470195,3,224,-65,28,100.0
2470461,15,219,-83,279,100.0
2470494,5,223,-94,55,100.0
2471175,8,222,-63,131,100.0
2471673,12,220,-68,211,100.0
2473413,9,221,-64,179,100.0
2473832,10,220,-52,128,100.0
2474763,14,221,-65,208,100.0
2474932,11,221,-65,127,100.0
2475320,2,223,-69,44,100.0
2478896,16,218,-76,275,100.0
2478988,7,223,-66,109,100.0
2479197,13,221,-89,166,100.0
2479487,6,223,-63,135,100.0
2480315,3,225,-65,54,100.0
2480466,4,224,-81,62,99.6923076923077
2480780,15,220,-83,239,100.0
2481472,5,224,-94,54,100.0
2482602,8,223,-63,84,100.0
2483222,12,221,-68,286,100.0
2485362,9,222,-64,156,100.0
2485620,10,221,-52,159,100.0
2485806,14,222,-65,197,100.0
2486363,11,222,-65,148,100.0
2486410,2,224,-69,80,100.0
2489459,16,219,-76,264,100.0
2490139,13,222,-89,175,100.0
2490179,7,224,-66,106,100.0
2490874,15,221,-83,264,100.0
2491098,6,224,-63,117,100.0
2491415,4,225,-81,65,99.6923076923077
2492232,3,226,-65,53,100.0
2493053,5,225,-94,56,100.0
2493477,8,224,-63,128,100.0
2495120,12,222,-68,215,100.0
2496406,9,223,-64,177,100.0
2496864,14,223,-65,174,100.0
2497049,2,225,-69,57,100.0
2497407,10,222,-52,128,100.0
2498062,11,223,-65,147,100.0
2500627,7,225,-66,90,100.0
2500822,13,223,-89,260,100.0
2501046,16,220,-76,299,100.0
2501166,15,222,-83,381,100.0
2502154,6,225,-63,92,100.0
2502411,4,226,-81,45,99.6923076923077
2503369,3,227,-65,44,100.0
2503611,5,226,-94,19,100.0
2504063,8,225,-63,97,100.0
2506551,12,223,-68,179,100.0
2507041,9,224,-64,106,100.0
2507871,14,224,-65,197,100.0
2508175,2,226,-69,30,100.0
2508412,10,223,-52,139,100.0
2508948,11,224,-65,132,100.0
2511376,16,221,-76,265,100.0
2511809,15,223,-83,302,100.0
2511852,13,224,-89,250,100.0
2512172,7,226,-66,87,100.0
2512841,4,227,-81,35,99.6923076923077
2512974,6,226,-63,102,100.0
2513955,5,227,-94,53,100.0
2514668,3,228,-65,49,100.0
2515613,8,226,-63,75,100.0
2517333,12,224,-68,259,100.0
2517579,9,225,-64,143,100.0
2518187,14,225,-65,204,100.0
2519631,11,225,-65,197,100.0
2519964,2,227,-69,44,100.0
2520132,10,224,-52,152,100.0
2521979,15,224,-83,327,100.0
2522393,7,227,-66,90,100.0
2522850,16,222,-76,276,100.0
2523128,6,227,-63,68,100.0
2523694,13,225,-89,210,100.0
2523911,4,228,-81,72,99.6923076923077
2524449,5,228,-94,58,100.0
2525132,3,229,-65,59,100.0
2526134,8,227,-63,120,100.0
2528116,9,226,-64,103,100.0
2528649,12,225,-68,249,100.0
2529773,14,226,-65,182,100.0
2530558,11,226,-65,189,100.0
2530946,2,228,-69,50,100.0
2531733,10,225,-52,143,100.0
2532409,15,225,-83,231,100.0
2533121,16,223,-76,282,100.0
2533946,7,228,-66,119,100.0
2534090,6,228,-63,107,100.0
2534965,4,229,-81,36,99.6923076923077
2535412,13,226,-89,183,100.0
2536096,3,230,-65,65,100.0
2536135,5,229,-94,129,100.0
2537707,8,228,-63,74,100.0
2538889,9,227,-64,165,100.0
2539767,12,226,-68,206,100.0
2540484,14,227,-65,291,100.0
2541458,11,227,-65,216,100.0
2542764,2,229,-69,27,100.0
2543269,16,224,-76,284,100.0
2543452,10,226,-52,169,100.0
2543630,15,226,-83,184,100.0
2544655,7,229,-66,132,100.0
2545151,6,229,-63,66,100.0
2546170,4,230,-81,48,99.6923076923077
2546920,3,231,-65,53,100.0
2547090,5,230,-94,52,100.0
2547351,13,227,-89,231,100.0
2549051,8,229,-63,136,100.0
2549236,9,228,-64,179,100.0
2549939,12,227,-68,165,100.0
2550785,14,228,-65,212,100.0
2551588,11,228,-65,145,100.0
2553056,2,230,-69,37,100.0
2554940,16,225,-76,441,100.0
2554959,7,230,-66,83,100.0
2555024,15,227,-83,497,100.0
2555340,10,227,-52,140,100.0
2555434,6,230,-63,66,100.0
2556802,4,231,-81,18,99.6923076923077
2558573,13,228,-89,239,100.0
2558632,5,231,-94,53,100.0
2558844,3,232,-65,23,100.0
2559241,8,230,-63,140,100.0
2559715,9,229,-64,146,100.0
2560221,12,228,-68,163,100.0
2561608,14,229,-65,165,100.0
2561766,11,229,-65,174,100.0
2564824,2,231,-69,39,100.0
2565032,16,226,-76,226,100.0
2565694,6,231,-63,133,100.0
2566032,7,231,-66,97,100.0
2566541,15,228,-83,296,100.0
2567189,10,228,-52,176,100.0
2567642,4,232,-81,58,99.6923076923077
2568976,3,233,-65,47,100.0
2569195,13,229,-89,200,100.0
2569629,5,232,-94,57,100.0
2569847,9,230,-64,196,100.0
2570046,8,231,-63,103,100.0
2572109,12,229,-68,175,100.0
2572563,11,230,-65,156,100.0
2573454,14,230,-65,212,100.0
2575944,16,227,-76,240,100.0
2576031,6,232,-63,103,100.0
2576311,7,232,-66,69,100.0
2576827,2,232,-69,52,100.0
2577790,15,229,-83,245,100.0
2578114,10,229,-52,136,100.0
2579250,3,234,-65,67,100.0
2579349,4,233,-81,21,99.6923076923077
2579632,5,233,-94,39,100.0
2580796,13,230,-89,163,100.0
2581120,8,232,-63,76,100.0
2581396,9,231,-64,130,100.0
2582956,11,231,-65,269,100.0
2583143,12,230,-68,366,100.0
2583895,14,231,-65,157,100.0
2586286,6,233,-63,67,100.0
2586972,16,228,-76,313,100.0
2587022,7,233,-66,118,100.0
2587386,2,233,-69,64,100.0
2588009,15,230,-83,299,100.0
2588687,10,230,-52,213,100.0
2589673,5,234,-94,54,100.0
2590591,4,234,-81,16,99.6923076923077
2591125,3,235,-65,40,100.0
2591416,9,232,-64,97,100.0
2592012,13,231,-89,192,100.0
2592359,8,233,-63,100,100.0
2593271,12,231,-68,227,100.0
2594135,11,232,-65,139,100.0
2594502,14,232,-65,136,100.0
2597931,2,234,-69,69,100.0
2598133,6,234,-63,88,100.0
2598419,16,229,-76,259,100.0
2598593,7,234,-66,100,100.0
2599266,15,231,-83,282,100.0
2599435,10,231,-52,162,100.0
2600737,4,235,-81,22,99.6923076923077
2601403,5,235,-94,30,100.0
2602129,9,233,-64,117,100.0
2602180,3,236,-65,84,100.0
2602421,13,232,-89,327,100.0
2603663,12,232,-68,232,100.0
2603913,8,234,-63,82,100.0
2604701,11,233,-65,182,100.0
2605464,14,233,-65,202,100.0
2608398,6,235,-63,104,100.0
2608640,2,235,-69,52,100.0
2609119,7,235,-66,107,100.0
2609437,10,232,-52,146,100.0
2609945,16,230,-76,203,100.0
2610072,15,232,-83,279,100.0
2612198,4,236,-81,42,99.6923076923077
2612396,9,234,-64,139,100.0
2612680,3,237,-65,73,100.0
2612791,13,233,-89,255,100.0
2612816,5,236,-94,128,100.0
2614806,12,233,-68,201,100.0
2615516,11,234,-65,200,100.0
2615597,14,234,-65,267,100.0
2615791,8,235,-63,130,100.0
2619713,6,236,-63,109,100.0
2619734,2,236,-69,38,100.0
2619854,10,233,-52,214,100.0
2620404,7,236,-66,85,100.0
2620600,15,233,-83,179,100.0
2620946,16,231,-76,295,100.0
2622930,9,235,-64,163,100.0
2623162,5,237,-94,40,100.0
2623509,4,237,-81,51,99.6923076923077
2624165,3,238,-65,62,100.0
2624660,13,234,-89,218,100.0
2625670,14,235,-65,280,100.0
2625913,12,234,-68,196,100.0
2626853,11,235,-65,198,100.0
2627551,8,236,-63,140,100.0
2630287,2,237,-69,45,100.0
2630964,6,237,-63,96,100.0
2631133,7,237,-66,69,100.0
2631254,15,234,-83,257,100.0
2631697,10,234,-52,136,100.0
2632207,16,232,-76,160,100.0
2633720,5,238,-94,77,100.0
2634799,4,238,-81,45,99.6923076923077
2634890,13,235,-89,289,100.0
2634936,9,236,-64,268,100.0
2635207,3,239,-65,58,100.0
2636637,14,236,-65,210,100.0
2637472,12,235,-68,242,100.0
2638417,11,236,-65,144,100.0
2639203,8,237,-63,101,100.0
2640717,2,238,-69,51,100.0
2642355,7,238,-66,79,100.0
2642521,6,238,-63,130,100.0
2642901,15,235,-83,277,100.0
2643454,10,235,-52,182,100.0
2643955,16,233,-76,241,100.0
2645463,9,237,-64,122,100.0
2645610,13,236,-89,257,100.0
2645669,5,239,-94,54,100.0
2646078,3,240,-65,29,100.0
2646642,4,239,-81,85,99.6923076923077
2646929,14,237,-65,252,100.0
2647495,12,236,-68,229,100.0
2649168,11,237,-65,146,100.0
2649999,8,238,-63,133,100.0
2652371,2,239,-69,34,100.0
2652525,6,239,-63,113,100.0
2653066,7,239,-66,95,100.0
2653706,10,236,-52,126,100.0
2654603,15,236,-83,277,100.0
2655524,16,234,-76,292,100.0
2656219,5,240,-94,16,100.0
2656598,9,238,-64,164,100.0
2656855,3,241,-65,27,100.0
2657420,4,240,-81,28,99.6923076923077
2657533,13,237,-89,231,100.0
2658109,14,238,-65,137,100.0
2658364,12,237,-68,130,100.0
2660399,11,238,-65,197,100.0
2660856,8,239,-63,113,100.0
2662932,2,240,-69,44,100.0
2664137,10,237,-52,142,100.0
2664488,6,240,-63,83,100.0
2664498,7,240,-66,162,100.0
2665132,15,237,-83,167,100.0
2666651,16,235,-76,292,100.0
2667483,3,242,-65,23,100.0
2668040,9,239,-64,180,100.0
2668233,5,241,-94,41,100.0
2668624,4,241,-81,33,99.6923076923077
2668782,12,238,-68,220,100.0
2669001,14,239,-65,219,100.0
2669529,13,238,-89,245,100.0
2671695,11,239,-65,201,100.0
2672323,8,240,-63,78,100.0
2674237,2,241,-69,68,100.0
2674533,7,241,-66,80,100.0
2674804,10,238,-52,180,100.0
2675492,6,241,-63,132,100.0
2676976,15,238,-83,234,100.0
2678021,16,236,-76,271,100.0
2678294,5,242,-94,47,100.0
2678510,9,240,-64,103,100.0
2679056,3,243,-65,100,100.0
2679072,12,239,-68,274,100.0
2679130,14,240,-65,221,100.0
2679618,4,242,-81,59,99.6923076923077
2680294,13,239,-89,169,100.0
2683089,8,241,-63,111,100.0
2683247,11,240,-65,125,100.0
2684865,10,239,-52,150,100.0
2685114,7,242,-66,95,100.0
2685218,2,242,-69,43,100.0
2686877,6,242,-63,140,100.0
2687897,15,239,-83,260,100.0
2689441,3,244,-65,78,100.0
2689463,5,243,-94,124,100.0
2689543,16,237,-76,333,100.0
2689976,4,243,-81,38,99.6923076923077
2690347,14,241,-65,204,100.0
2690486,9,241,-64,157,100.0
2690828,12,240,-68,209,100.0
2690988,13,240,-89,312,100.0
2693483,11,241,-65,167,100.0
2694270,8,242,-63,124,100.0
2695881,7,243,-66,125,100.0
2695951,10,240,-52,110,100.0
2697008,2,243,-69,61,100.0
2698617,6,243,-63,89,100.0
2699184,15,240,-83,320,100.0
2699872,3,245,-65,34,100.0
2700060,16,238,-76,275,100.0
2700617,14,242,-65,184,100.0
2700867,5,244,-94,86,100.0
2700873,4,244,-81,60,99.6923076923077
2701029,12,241,-68,273,100.0
2701391,9,242,-64,121,100.0
2702723,13,241,-89,193,100.0
2703558,11,242,-65,218,100.0
2704852,8,243,-63,127,100.0
2706294,10,241,-52,170,100.0
2706558,7,244,-66,83,100.0
2708184,2,244,-69,24,100.0
2709799,15,241,-83,325,100.0
2709951,6,244,-63,105,100.0
2710134,3,246,-65,81,100.0
2711071,5,245,-94,49,100.0
2711242,16,239,-76,291,100.0
2711338,4,245,-81,31,99.6923076923077
2711950,12,242,-68,228,100.0
2712092,14,243,-65,262,100.0
2712347,9,243,-64,168,100.0
2713806,13,242,-89,204,100.0
2713889,11,243,-65,109,100.0
2715187,8,244,-63,142,100.0
2717252,10,242,-52,186,100.0
2718466,7,245,-66,95,100.0
2719213,2,245,-69,80,100.0
2720308,15,242,-83,341,100.0
2721598,6,245,-63,95,100.0
2722125,3,247,-65,93,100.0
2722251,5,246,-94,54,100.0
2722301,12,243,-68,242,100.0
2722738,4,246,-81,106,99.6923076923077
2722776,16,240,-76,295,100.0
2723429,14,244,-65,156,100.0
2724040,9,244,-64,156,100.0
2724476,13,243,-89,116,100.0
2724828,11,244,-65,176,100.0
2725243,8,245,-63,94,100.0
2728566,7,246,-66,140,100.0
2728888,10,243,-52,174,100.0
2730317,2,246,-69,55,100.0
2730771,15,243,-83,311,100.0
2732072,6,246,-63,92,100.0
2732411,5,247,-94,33,100.0
2732900,12,244,-68,224,100.0
2733178,3,248,-65,22,100.0
2733689,4,247,-81,146,99.6923076923077
2733765,16,241,-76,243,100.0
2735431,14,245,-65,193,100.0
2735438,9,245,-64,174,100.0
2735919,8,246,-63,87,100.0
2736298,13,244,-89,183,100.0
2736314,11,245,-65,175,100.0
2740150,10,244,-52,180,100.0
2740341,7,247,-66,127,100.0
2740654,2,247,-69,25,100.0
2741480,15,244,-83,253,100.0
2742345,6,247,-63,77,100.0
2743153,12,245,-68,235,100.0
2743226,5,248,-94,78,100.0
2744397,16,242,-76,271,100.0
2745133,3,249,-65,61,100.0
2745460,4,248,-81,36,99.6923076923077
2746315,11,246,-65,175,100.0
2746422,8,247,-63,119,100.0
2746760,14,246,-65,204,100.0
2746827,9,246,-64,143,100.0
2747425,13,245,-89,184,100.0
2750348,10,245,-52,162,100.0
2750530,7,248,-66,132,100.0
2752450,2,248,-69,57,100.0
2752526,15,245,-83,337,100.0
2752666,6,248,-63,151,100.0
2753778,5,249,-94,20,100.0
2754364,12,246,-68,236,100.0
2755334,16,243,-76,199,100.0
2756337,3,250,-65,51,100.0
2756449,8,248,-63,92,100.0
2757314,9,247,-64,91,100.0
2757401,4,249,-81,45,99.6923076923077
2757974,13,246,-89,206,100.0
2758073,11,247,-65,145,100.0
2758204,14,247,-65,272,100.0
2761005,7,249,-66,112,100.0
2761588,10,246,-52,152,100.0
2762446,15,246,-83,246,100.0
2763072,2,249,-69,72,100.0
2764428,5,250,-94,43,100.0
2764460,6,249,-63,91,100.0
2765916,16,244,-76,250,100.0
2766124,12,247,-68,210,100.0
2767243,8,249,-63,102,100.0
2767274,3,251,-65,36,100.0
2767912,4,250,-81,63,99.6923076923077
2768509,9,248,-64,165,100.0
2768769,13,247,-89,201,100.0
2769105,11,248,-65,148,100.0
2769404,14,248,-65,226,100.0
2771623,10,247,-52,145,100.0
2772480,7,250,-66,100,100.0
2773984,2,250,-69,34,100.0
2774080,15,247,-83,286,100.0
2774998,6,250,-63,124,100.0
2776036,5,251,-94,60,100.0
2777525,16,245,-76,193,100.0
2777908,12,248,-68,185,100.0
2778012,3,252,-65,60,100.0
2778385,8,250,-63,49,100.0
2779165,11,249,-65,154,100.0
2779815,4,251,-81,57,99.6923076923077
2780215,9,249,-64,143,100.0
2780627,13,248,-89,189,100.0
2780781,14,249,-65,206,100.0
2782491,7,251,-66,99,100.0
2783507,10,248,-52,154,100.0
2784272,15,248,-83,319,100.0
2785518,6,251,-63,120,100.0
2785685,2,251,-69,26,100.0
2787120,5,252,-94,86,100.0
2788099,3,253,-65,33,100.0
2788273,12,249,-68,226,100.0
2789041,16,246,-76,311,100.0
2789511,8,251,-63,72,100.0
2790054,11,250,-65,131,100.0
2790298,4,252,-81,61,99.6923076923077
2790668,13,249,-89,162,100.0
2791056,9,250,-64,150,100.0
2791749,14,250,-65,239,100.0
2794116,10,249,-52,168,100.0
2794240,7,252,-66,62,100.0
2795661,15,249,-83,178,100.0
2796266,6,252,-63,112,100.0
2797232,2,252,-69,34,100.0
2798537,5,253,-94,64,100.0
2798945,12,250,-68,214,100.0
2799475,16,247,-76,288,100.0
2799573,3,254,-65,60,100.0
2800599,8,252,-63,101,100.0
2800957,13,250,-89,231,100.0
2801118,11,251,-65,137,100.0
2801577,4,253,-81,77,99.6923076923077
2802275,9,251,-64,137,100.0
2802720,14,251,-65,166,100.0
2805348,10,250,-52,179,100.0
2805667,7,253,-66,117,100.0
2806377,15,250,-83,215,100.0
2807972,6,253,-63,110,100.0
2808456,2,253,-69,59,100.0
2809670,3,255,-65,58,100.0
2809794,5,254,-94,25,100.0
2810406,12,251,-68,188,100.0
2810897,16,248,-76,239,100.0
2810970,13,251,-89,208,100.0
2811940,8,253,-63,110,100.0
2812613,4,254,-81,68,99.6923076923077
2812955,14,252,-65,250,100.0
2813035,11,252,-65,312,100.0
2813394,9,252,-64,179,100.0
2815567,10,251,-52,148,100.0
2817475,7,254,-66,108,100.0
2817812,15,251,-83,292,100.0
2818319,6,254,-63,125,100.0
2820055,2,254,-69,87,100.0
2821316,5,255,-94,41,100.0
2821444,3,256,-65,43,100.0
2821887,13,252,-89,170,100.0
2822179,16,249,-76,275,100.0
2822264,12,252,-68,197,100.0
2823184,8,254,-63,96,100.0
2823723,11,253,-65,169,100.0
2823922,4,255,-81,88,99.6923076923077
2824094,9,253,-64,153,100.0
2824764,14,253,-65,263,100.0
2827464,10,252,-52,335,100.0
2827828,15,252,-83,280,100.0
2829044,6,255,-63,89,100.0
2829413,7,255,-66,68,100.0
2830592,2,255,-69,39,100.0
2831978,5,256,-94,67,100.0
2832338,12,253,-68,205,100.0
2832393,13,253,-89,199,100.0
2832528,3,257,-65,63,100.0
2834128,11,254,-65,202,100.0
2834141,16,250,-76,267,100.0
2834691,8,255,-63,118,100.0
2835323,9,254,-64,187,100.0
2835547,14,254,-65,188,100.0
2835645,4,256,-81,52,99.6923076923077
2837739,10,253,-52,170,100.0
2839591,15,253,-83,248,100.0
2840101,7,256,-66,100,100.0
2840674,2,256,-69,75,100.0
2840978,6,256,-63,85,100.0
2842710,12,254,-68,161,100.0
2843080,5,257,-94,45,100.0
2843175,3,258,-65,53,100.0
2843984,13,254,-89,186,100.0
2844325,11,255,-65,110,100.0
2845646,8,256,-63,160,100.0
2845765,16,251,-76,195,100.0
2846732,9,255,-64,179,100.0
2847373,4,257,-81,82,99.6923076923077
2847518,14,255,-65,249,100.0
2847906,10,254,-52,176,100.0
2850001,15,254,-83,301,100.0
2850721,2,257,-69,50,100.0
2850814,7,257,-66,83,100.0
2851672,6,257,-63,51,100.0
2853905,12,255,-68,191,100.0
2854219,5,258,-94,44,100.0
2854368,11,256,-65,149,100.0
2854524,3,259,-65,69,100.0
2855924,16,252,-76,332,100.0
2856013,13,255,-89,307,100.0
2857096,8,257,-63,125,100.0
2857250,9,256,-64,136,100.0
2858303,10,255,-52,170,100.0
2858684,14,256,-65,228,100.0
2859305,4,258,-81,27,99.6923076923077
2860388,15,255,-83,254,100.0
2862294,7,258,-66,83,100.0
2862599,2,258,-69,57,100.0
2862692,6,258,-63,142,100.0
2864548,12,256,-68,199,100.0
2864654,5,259,-94,37,100.0
2864900,3,260,-65,44,100.0
2864963,11,257,-65,174,100.0
2866406,13,256,-89,227,100.0
2866647,16,253,-76,232,100.0
2868272,9,257,-64,157,100.0
2868638,8,258,-63,57,100.0
2868844,14,257,-65,127,100.0
2869491,4,259,-81,35,99.6923076923077
2869657,10,256,-52,161,100.0
2871571,15,256,-83,285,100.0
2872511,7,259,-66,140,100.0
2872626,2,259,-69,31,100.0
2874326,6,259,-63,81,100.0
2874882,5,260,-94,80,100.0
2875438,11,258,-65,128,100.0
2875709,3,261,-65,43,100.0
2875938,12,257,-68,260,100.0
2877189,13,257,-89,287,100.0
2877373,16,254,-76,275,100.0
2878490,9,258,-64,136,100.0
2879032,8,259,-63,125,100.0
2879953,10,257,-52,152,100.0
2880538,14,258,-65,213,100.0
2881029,4,260,-81,33,99.6923076923077
2882075,15,257,-83,259,100.0
2883039,7,260,-66,56,100.0
2884417,2,260,-69,55,100.0
2885489,11,259,-65,167,100.0
2886141,6,260,-63,147,100.0
2886244,5,261,-94,30,100.0
2887289,3,262,-65,60,100.0
2887663,12,258,-68,213,100.0
2887889,13,258,-89,255,100.0
2888808,16,255,-76,304,100.0
2889892,8,260,-63,125,100.0
2890149,10,258,-52,173,100.0
2890277,9,259,-64,208,100.0
2890921,14,259,-65,200,100.0
2892911,4,261,-81,70,99.6923076923077
2893833,15,258,-83,225,100.0
2894103,7,261,-66,45,100.0
2895047,2,261,-69,15,100.0
2895898,11,260,-65,158,100.0
2897032,5,262,-94,37,100.0
2897625,6,261,-63,139,100.0
2897804,12,259,-68,211,100.0
2898160,3,263,-65,36,100.0
2898186,13,259,-89,169,100.0
2899338,16,256,-76,275,100.0
2900635,8,261,-63,125,100.0
2900645,10,259,-52,165,100.0
2900977,14,260,-65,246,100.0
2902102,9,260,-64,174,100.0
2904121,4,262,-81,46,99.6923076923077
2905126,15,259,-83,257,100.0
2905831,2,262,-69,48,100.0
2905942,7,262,-66,126,100.0
2906831,11,261,-65,183,100.0
2907969,5,263,-94,57,100.0
2908093,12,260,-68,195,100.0
2909322,6,262,-63,120,100.0
2909840,13,260,-89,217,100.0
2910014,16,257,-76,245,100.0
2910074,3,264,-65,61,100.0
2911472,14,261,-65,201,100.0
2912117,10,260,-52,162,100.0
2912132,8,262,-63,100,100.0
2913638,9,261,-64,129,100.0
2915211,4,263,-81,58,99.6923076923077
2915429,15,260,-83,225,100.0
2916754,2,263,-69,44,100.0
2917143,11,262,-65,145,100.0
2917379,7,263,-66,30,100.0
2918367,12,261,-68,227,100.0
2918549,5,264,-94,50,100.0
2920685,6,263,-63,119,100.0
2921278,3,265,-65,83,100.0
2921285,16,258,-76,245,100.0
2921497,13,261,-89,227,100.0
2922318,14,262,-65,168,100.0
2923542,8,263,-63,105,100.0
2923791,10,261,-52,123,100.0
2925262,4,264,-81,29,99.6923076923077
2925317,9,262,-64,191,100.0
2926867,15,261,-83,328,100.0
2927512,2,264,-69,55,100.0
2927898,11,263,-65,50,100.0
2927979,7,264,-66,129,100.0
2928770,5,265,-94,50,100.0
2930167,12,262,-68,151,100.0
2932051,13,262,-89,170,100.0
2932483,14,263,-65,198,100.0
2932556,6,264,-63,137,100.0
2932941,3,266,-65,72,100.0
2933245,16,259,-76,243,100.0
2934864,10,262,-52,221,100.0
2934993,8,264,-63,123,100.0
2935818,4,265,-81,59,99.6923076923077
2936629,9,263,-64,116,100.0
2937823,2,265,-69,86,100.0
2938282,11,264,-65,231,100.0
2938308,15,262,-83,227,100.0
2938641,7,265,-66,88,100.0
2939360,5,266,-94,33,100.0
2941167,12,263,-68,246,100.0
2942807,14,264,-65,110,100.0
2943391,6,265,-63,127,100.0
2943485,13,263,-89,201,100.0
2943811,3,267,-65,13,100.0
2944729,16,260,-76,258,100.0
2945072,10,263,-52,191,100.0
2945642,8,265,-63,106,100.0
2946689,4,266,-81,80,99.6923076923077
2946825,9,264,-64,201,100.0
2948245,2,266,-69,63,100.0
2949225,11,265,-65,173,100.0
2949607,15,263,-83,249,100.0
2949761,7,266,-66,119,100.0
2951152,5,267,-94,40,100.0
2952887,12,264,-68,206,100.0
2953428,6,266,-63,109,100.0
2954076,3,268,-65,47,100.0
2954526,14,265,-65,200,100.0
2955366,13,264,-89,231,100.0
2955830,16,261,-76,253,100.0
2956513,10,264,-52,174,100.0
2957325,8,266,-63,85,100.0
2958102,9,265,-64,150,100.0
2958425,4,267,-81,65,99.6923076923077
2959702,2,267,-69,64,100.0
2960307,15,264,-83,270,100.0
2960362,7,267,-66,146,100.0
2960717,11,266,-65,129,100.0
2962585,5,268,-94,39,100.0
2963552,12,265,-68,224,100.0
2964736,3,269,-65,27,100.0
2964928,6,267,-63,111,100.0
2964992,14,266,-65,265,100.0
2965957,16,262,-76,274,100.0
2966451,13,265,-89,184,100.0
2968359,10,265,-52,158,100.0
2969094,8,267,-63,87,100.0
2969398,9,266,-64,125,100.0
2969783,2,268,-69,65,100.0
2970227,4,268,-81,43,99.6923076923077
2970773,7,268,-66,116,100.0
2971543,15,265,-83,256,100.0
2971916,11,267,-65,167,100.0
2973051,5,269,-94,11,100.0
2974880,12,266,-68,166,100.0
2975997,3,270,-65,70,100.0
2976428,16,263,-76,239,100.0
2976788,6,268,-63,218,100.0
2976899,14,267,-65,283,100.0
2977109,13,266,-89,239,100.0
2980121,9,267,-64,182,100.0
2980201,8,268,-63,140,100.0
2980298,10,266,-52,239,100.0
2980409,2,269,-69,44,100.0
2981616,15,266,-83,322,100.0
2982044,4,269,-81,63,99.6923076923077
2982144,7,269,-66,168,100.0
2983480,11,268,-65,148,100.0
2984057,5,270,-94,45,100.0
2985433,12,267,-68,209,100.0
2986438,3,271,-65,46,100.0
2987762,13,267,-89,193,100.0
2987920,6,269,-63,120,100.0
2988277,16,264,-76,205,100.0
2988544,14,268,-65,188,100.0
2990513,10,267,-52,199,100.0
2991230,9,268,-64,107,100.0
2991456,8,269,-63,129,100.0
2991560,2,270,-69,59,100.0
2992098,4,270,-81,73,99.6923076923077
2992757,15,267,-83,169,100.0
2993640,7,270,-66,84,100.0
2994124,5,271,-94,49,100.0
2995465,11,269,-65,150,100.0
2997042,12,268,-68,250,100.0
2997577,3,272,-65,52,100.0
2998899,13,268,-89,214,100.0
2998959,6,270,-63,178,100.0
2999310,16,265,-76,239,100.0
2999539,14,269,-65,233,100.0
3001340,9,269,-64,181,100.0
3001970,10,268,-52,104,100.0
3002225,8,270,-63,129,100.0
3002702,2,271,-69,56,100.0
3002891,4,271,-81,48,99.6923076923077
3003683,15,268,-83,262,100.0
3004906,5,272,-94,68,100.0
3005107,7,271,-66,117,100.0
3007362,11,270,-65,190,100.0
3007712,12,269,-68,230,100.0
3008537,3,273,-65,58,100.0
3008926,13,269,-89,201,100.0
3008955,6,271,-63,92,100.0
3010644,16,266,-76,203,100.0
3011058,14,270,-65,233,100.0
3012111,9,270,-64,178,100.0
3013274,8,271,-63,88,100.0
3013937,10,269,-52,117,100.0
3014096,4,272,-81,35,99.6923076923077
3014541,2,272,-69,46,100.0
3015518,15,269,-83,194,100.0
3015619,5,273,-94,25,100.0
3016355,7,272,-66,107,100.0
3017316,11,271,-65,124,100.0
3017766,12,270,-68,169,100.0
3019828,3,274,-65,77,100.0
3020251,6,272,-63,87,100.0
3020820,13,270,-89,169,100.0
3022224,9,271,-64,169,100.0
3022474,14,271,-65,297,100.0
3022611,16,267,-76,276,100.0
3023803,8,272,-63,67,100.0
3024770,4,273,-81,25,99.6923076923077
3025156,10,270,-52,138,100.0
3026391,2,273,-69,47,100.0
3026465,15,270,-83,314,100.0
3027092,5,274,-94,38,100.0
3027473,11,272,-65,151,100.0
3027925,7,273,-66,120,100.0
3027933,12,271,-68,238,100.0
3030620,6,273,-63,90,100.0
3030946,13,271,-89,248,100.0
3031084,3,275,-65,50,100.0
3032364,9,272,-64,212,100.0
3033627,16,268,-76,245,100.0
3033908,14,272,-65,283,100.0
3034400,8,273,-63,95,100.0
3035857,4,274,-81,53,99.6923076923077
3036457,2,274,-69,48,100.0
3036551,10,271,-52,166,100.0
3037650,5,275,-94,65,100.0
3037753,15,271,-83,316,100.0
3038167,11,273,-65,156,100.0
3038893,7,274,-66,78,100.0
3039488,12,272,-68,176,100.0
3041192,6,274,-63,99,100.0
3042682,13,272,-89,193,100.0
3042771,3,276,-65,55,100.0
3043938,9,273,-64,149,100.0
3044559,14,273,-65,206,100.0
3044959,8,274,-63,105,100.0
3045600,16,269,-76,272,100.0
3046329,4,275,-81,79,99.6923076923077
3047775,10,272,-52,93,100.0
3047840,5,276,-94,72,100.0
3048305,2,275,-69,67,100.0
3049092,11,274,-65,194,100.0
3049476,15,272,-83,228,100.0
3049695,7,275,-66,64,100.0
3050569,12,273,-68,183,100.0
3052716,6,275,-63,91,100.0
3053878,13,273,-89,203,100.0
3054466,9,274,-64,139,100.0
3054523,3,277,-65,45,100.0
3055298,14,274,-65,230,100.0
3055736,8,275,-63,54,100.0
3057218,16,270,-76,330,100.0
3058031,4,276,-81,41,99.6923076923077
3058568,2,276,-69,28,100.0
3059284,10,273,-52,203,100.0
3059351,11,275,-65,134,100.0
3059387,5,277,-94,90,100.0
3059863,15,273,-83,277,100.0
3061148,12,274,-68,210,100.0
3061686,7,276,-66,88,100.0
3064049,6,276,-63,77,100.0
3064595,3,278,-65,27,100.0
3064938,13,274,-89,176,100.0
3066225,9,275,-64,114,100.0
3066522,14,275,-65,234,100.0
3067511,8,276,-63,85,100.0
3067739,16,271,-76,210,100.0
3068651,4,277,-81,77,99.6923076923077
3069716,10,274,-52,191,100.0
3069966,15,274,-83,235,100.0
3070170,2,277,-69,49,100.0
3070393,5,278,-94,58,100.0
3071158,11,276,-65,137,100.0
3072327,12,275,-68,232,100.0
3072460,7,277,-66,112,100.0
3074706,6,277,-63,98,100.0
3075248,3,279,-65,88,100.0
3075654,13,275,-89,165,100.0
3077808,8,277,-63,120,100.0
3077827,9,276,-64,154,100.0
3078044,14,276,-65,146,100.0
3078788,4,278,-81,35,99.6923076923077
3079468,16,272,-76,260,100.0
3080194,10,275,-52,139,100.0
3080302,2,278,-69,55,100.0
3081354,5,279,-94,68,100.0
3081821,15,275,-83,214,100.0
3082318,11,277,-65,173,100.0
3082556,7,278,-66,118,100.0
3083583,12,276,-68,213,100.0
3086450,3,280,-65,52,100.0
3086482,6,278,-63,169,100.0
3086683,13,276,-89,301,100.0
3088106,9,277,-64,175,100.0
3089102,14,277,-65,164,100.0
3089243,8,278,-63,120,100.0
3089977,16,273,-76,237,100.0
3090409,4,279,-81,38,99.6923076923077
3090558,10,276,-52,206,100.0
3091154,2,279,-69,41,100.0
3092570,15,276,-83,264,100.0
3092717,7,279,-66,144,100.0
3092819,5,280,-94,36,100.0
3093804,11,278,-65,95,100.0
3094010,12,277,-68,179,100.0
3097116,3,281,-65,46,100.0
3097755,6,279,-63,78,100.0
3098467,13,277,-69,216,100.0
3099304,9,278,-64,174,100.0
3099822,8,279,-63,125,100.0
3100131,14,278,-65,234,100.0
3100320,16,274,-76,246,100.0
3100512,4,280,-81,39,99.6923076923077
3101753,2,280,-69,79,100.0
3102017,10,277,-52,125,100.0
3103319,7,280,-66,93,100.0
3103437,5,281,-94,28,100.0
3103641,15,277,-83,275,100.0
3104139,12,278,-68,192,100.0
3105473,11,279,-65,133,100.0
3107576,3,282,-65,40,100.0
3108538,6,280,-63,81,100.0
3108947,13,278,-69,130,100.0
3110597,16,275,-76,236,100.0
3110691,9,279,-64,177,100.0
3110894,14,279,-65,375,100.0
3111710,8,280,-63,118,100.0
3111957,2,281,-69,43,100.0
3112055,4,281,-81,52,99.6923076923077
3112747,10,278,-52,143,100.0
3113323,7,281,-66,66,100.0
3113794,5,282,-94,21,100.0
3113957,15,278,-83,164,100.0
3116012,12,279,-68,238,100.0
3116632,11,280,-65,187,100.0
3117591,3,283,-65,38,100.0
3120404,6,281,-63,54,100.0
3120479,13,279,-69,196,100.0
3120891,9,280,-64,157,100.0
3121438,14,280,-65,173,100.0
3122260,2,282,-69,40,100.0
3122447,16,276,-76,295,100.0
3122748,8,281,-63,83,100.0
3123530,4,282,-81,55,99.6923076923077
3124232,10,279,-52,139,100.0
3124460,5,283,-94,89,100.0
3124503,7,282,-66,162,100.0
3124921,15,279,-83,182,100.0
3127104,12,280,-68,223,100.0
3128009,11,281,-65,182,100.0
3128755,3,284,-65,70,100.0
3130793,13,280,-69,132,100.0
3130890,6,282,-63,139,100.0
3131608,9,281,-64,223,100.0
3131700,14,281,-65,374,100.0
3132556,2,283,-69,22,100.0
3133630,4,283,-81,59,99.6923076923077
3133706,8,282,-63,64,100.0
3134358,16,277,-76,304,100.0
3135763,10,280,-52,163,100.0
3136208,15,280,-83,287,100.0
3136252,5,284,-94,31,100.0
3136383,7,283,-66,119,100.0
3138063,12,281,-68,200,100.0
3138572,11,282,-65,137,100.0
3140283,3,285,-65,33,100.0
3141339,13,281,-69,208,100.0
3141796,6,283,-63,99,100.0
3142096,9,282,-64,178,100.0
3143324,14,282,-65,121,100.0
3143643,2,284,-69,56,100.0
3144274,4,284,-81,60,99.6923076923077
3144474,16,278,-76,234,100.0
3144616,8,283,-63,148,100.0
3145970,10,281,-52,177,100.0
3147170,5,285,-94,56,100.0
3147278,7,284,-66,93,100.0
3147991,15,281,-83,299,100.0
3149226,11,283,-65,176,100.0
3149466,12,282,-68,224,100.0
3150580,3,286,-65,56,100.0
3151404,13,282,-69,177,100.0
3151823,6,284,-63,62,100.0
3152478,9,283,-64,155,100.0
3153923,2,285,-69,64,100.0
3154732,14,283,-65,226,100.0
3154775,8,284,-63,139,100.0
3154791,16,279,-76,292,100.0
3154951,4,285,-81,31,99.6923076923077
3157745,10,282,-52,118,100.0
3158008,5,286,-94,69,100.0
3158763,7,285,-66,108,100.0
3159482,12,283,-68,232,100.0
3159602,11,284,-65,89,100.0
3159857,15,282,-83,226,100.0
3161631,3,287,-65,60,100.0
3161979,13,283,-69,232,100.0
3163015,9,284,-64,160,100.0
3163115,6,285,-63,84,100.0
3164927,14,284,-65,227,100.0
3164960,2,286,-69,39,100.0
3165991,16,280,-76,210,100.0
3166181,4,286,-81,19,99.6923076923077
3166401,8,285,-63,140,100.0
3168253,5,287,-94,41,100.0
3169255,10,283,-52,207,100.0
3170021,15,283,-83,305,100.0
3170156,12,284,-68,235,100.0
3170403,7,286,-66,112,100.0
3171309,11,285,-65,134,100.0
3172036,3,288,-65,59,100.0
3172640,13,284,-69,152,100.0
3173314,6,286,-63,105,100.0
3174095,9,285,-64,124,100.0
3175325,2,287,-69,56,100.0
3176789,14,285,-65,219,100.0
3177109,16,281,-76,313,100.0
3177422,4,287,-81,42,99.6923076923077
3177747,8,286,-63,115,100.0
3180048,5,288,-94,48,100.0
3180760,10,284,-52,261,100.0
3180953,12,285,-68,246,100.0
3181054,15,284,-83,199,100.0
3182047,7,287,-66,134,100.0
3182614,11,286,-65,170,100.0
3183709,13,285,-69,156,100.0
3183815,3,289,-65,76,100.0
3184152,6,287,-63,158,100.0
3185399,9,286,-64,116,100.0
3186239,2,288,-69,59,100.0
3188144,16,282,-76,305,100.0
3188307,14,286,-65,227,100.0
3189058,8,287,-63,147,100.0
3189266,4,288,-81,32,99.6923076923077
3190949,5,289,-94,20,100.0
3191692,12,286,-68,205,100.0
3191765,15,285,-83,266,100.0
3191943,10,285,-52,203,100.0
3192477,7,288,-66,92,100.0
3193081,11,287,-65,126,100.0
3194128,3,290,-65,46,100.0
3194206,6,288,-63,141,100.0
3194733,13,286,-69,277,100.0
3196633,9,287,-64,160,100.0
3196663,2,289,-69,50,100.0
3199033,16,283,-76,291,100.0
3199292,8,288,-63,112,100.0
3199729,14,287,-65,205,100.0
3200078,4,289,-81,60,99.6923076923077
3201875,15,286,-83,218,100.0
3202460,5,290,-94,60,100.0
3202535,7,289,-66,70,100.0
3203128,10,286,-52,140,100.0
3203361,11,288,-65,154,100.0
3203546,12,287,-68,131,100.0
3204838,3,291,-65,36,100.0
3205911,6,289,-63,79,100.0
3206147,13,287,-69,252,100.0
3207084,9,288,-64,116,100.0
3207702,2,290,-69,52,100.0
3209079,16,284,-76,233,100.0
3209414,8,289,-63,111,100.0
3211143,14,288,-65,212,100.0
3211658,4,290,-81,37,99.6923076923077
3212649,15,287,-83,163,100.0
3212767,7,290,-66,79,100.0
3213657,11,289,-65,105,100.0
3214181,5,291,-94,43,100.0
3214430,10,287,-52,141,100.0
3215429,12,288,-68,171,100.0
3215831,3,292,-65,28,100.0
3216809,13,288,-69,223,100.0
3217426,9,289,-64,162,100.0
3217848,6,290,-63,128,100.0
3218543,2,291,-69,43,100.0
3219921,16,285,-76,240,100.0
3221122,8,290,-63,97,100.0
3222043,14,289,-65,244,100.0
3222872,4,291,-81,73,99.6923076923077
3223599,7,291,-66,79,100.0
3223959,11,290,-65,112,100.0
3224160,15,288,-83,285,100.0
3225239,5,292,-94,50,100.0
3226165,12,289,-68,205,100.0
3226175,10,288,-52,159,100.0
3226833,13,289,-69,172,100.0
3227325,3,293,-65,36,100.0
3228495,9,290,-64,192,100.0
3228707,6,291,-63,65,100.0
3229708,2,292,-69,74,100.0
3231907,16,286,-76,331,100.0
3233098,8,291,-63,126,100.0
3233802,7,292,-66,141,100.0
3233896,14,290,-65,218,100.0
3234789,11,291,-65,130,100.0
3234840,4,292,-81,64,99.6923076923077
3235825,15,289,-83,242,100.0
3236685,5,293,-94,55,100.0
3236758,10,289,-52,172,100.0
3236906,13,290,-69,226,100.0
3237520,12,290,-68,187,100.0
3238010,3,294,-65,58,100.0
3239559,9,291,-64,140,100.0
3240469,6,292,-63,84,100.0
3241469,2,293,-69,76,100.0
3242630,16,287,-76,278,100.0
3243950,7,293,-66,92,100.0
3244195,8,292,-63,124,100.0
3245857,11,292,-65,224,100.0
3245945,14,291,-65,327,100.0
3246559,4,293,-81,49,99.6923076923077
3246746,15,290,-83,197,100.0
3247187,5,294,-94,43,100.0
3247270,10,290,-52,136,100.0
3247949,13,291,-69,161,100.0
3248839,3,295,-65,47,100.0
3249166,12,291,-68,187,100.0
3249662,9,292,-64,107,100.0
3251521,2,294,-69,49,100.0
3252313,6,293,-63,106,100.0
3253082,16,288,-76,251,100.0
3254063,7,294,-66,71,100.0
3255572,8,293,-63,153,100.0
3256657,4,294,-81,72,99.6923076923077
3256899,14,292,-65,152,100.0
3257193,11,293,-65,169,100.0
3257529,10,291,-52,166,100.0
3258353,5,295,-94,61,100.0
3258799,15,291,-83,287,100.0
3259673,13,292,-69,239,100.0
3260020,12,292,-68,223,100.0
3260608,9,293,-64,200,100.0
3260679,3,296,-65,67,100.0
3262488,2,295,-69,25,100.0
3263502,6,294,-63,84,100.0
3264190,16,289,-76,332,100.0
3264795,7,295,-66,91,100.0
3265479,8,294,-63,54,100.0
3267238,4,295,-81,67,99.6923076923077
3267550,10,292,-52,178,100.0
3268324,14,293,-65,222,100.0
3268991,11,294,-65,180,100.0
3269382,15,292,-83,281,100.0
3270309,5,296,-94,43,100.0
3270500,12,293,-68,184,100.0
3270744,3,297,-65,43,100.0
3271259,13,293,-69,179,100.0
3271442,9,294,-64,208,100.0
3272819,2,296,-69,57,100.0
3274097,6,295,-63,89,100.0
3275377,7,296,-66,114,100.0
3275523,16,290,-76,321,100.0
3276193,8,295,-63,117,100.0
3277672,4,296,-81,43,99.6923076923077
3279228,11,295,-65,179,100.0
3279299,10,293,-52,210,100.0
3280099,15,293,-83,191,100.0
3280227,14,294,-65,250,100.0
3280684,12,294,-68,171,100.0
3281239,3,298,-65,34,100.0
3281553,5,297,-94,66,100.0
3282918,9,295,-64,176,100.0
3283122,13,294,-69,260,100.0
3283126,2,297,-69,91,100.0
3285470,7,297,-66,92,100.0
3285619,6,296,-63,94,100.0
3286434,16,291,-76,289,100.0
3286856,8,296,-63,94,100.0
3289255,4,297,-81,63,99.6923076923077
3290022,11,296,-65,196,100.0
3290744,10,294,-52,201,100.0
3290786,15,294,-83,502,100.0
3290811,14,295,-65,369,100.0
3290995,12,295,-68,242,100.0
3292775,3,299,-65,24,100.0
3292971,5,298,-94,50,100.0
3293116,9,296,-64,144,100.0
3293577,13,295,-69,188,100.0
3295039,2,298,-69,33,100.0
3295909,7,298,-66,113,100.0
3296455,6,297,-63,84,100.0
3296787,16,292,-76,355,100.0
3297448,8,297,-63,54,100.0
3299365,4,298,-81,38,99.6923076923077
3300658,10,295,-52,103,100.0
3300980,11,297,-65,124,100.0
3302263,14,296,-65,273,100.0
3302313,12,296,-68,461,100.0
3302369,15,295,-83,472,100.0
3303080,3,300,-65,56,100.0
3304118,5,299,-94,35,100.0
3304241,9,297,-64,200,100.0
3305268,13,296,-69,241,100.0
3306773,2,299,-69,37,100.0
3307326,16,293,-76,305,100.0
3307347,6,298,-63,173,100.0
3307472,7,299,-66,89,100.0
3309160,8,298,-63,129,100.0
3310716,4,299,-81,53,99.6923076923077
3310904,10,296,-52,153,100.0
3312396,11,298,-65,114,100.0
3312873,14,297,-65,168,100.0
3313374,15,296,-83,406,100.0
3313425,12,297,-68,426,100.0
3314373,9,298,-64,135,100.0
3314737,3,301,-65,25,100.0
3315407,5,300,-94,58,100.0
3315570,13,297,-69,179,100.0
3316766,2,300,-69,25,100.0
3317502,7,300,-66,54,100.0
3318121,16,294,-76,263,100.0
3318658,6,299,-63,98,100.0
3320213,8,299,-63,75,100.0
3320999,10,297,-52,133,100.0
3321298,4,300,-81,46,99.6923076923077
3323610,14,298,-65,253,100.0
3323827,11,299,-65,208,100.0
3323967,12,298,-68,362,100.0
3324317,15,297,-83,226,100.0
3324750,9,299,-64,175,100.0
3325581,3,302,-65,48,100.0
3326549,13,298,-69,208,100.0
3326940,5,301,-94,39,100.0
3326945,2,301,-69,46,100.0
3328800,7,301,-66,123,100.0
3328834,16,295,-76,309,100.0
3330528,6,300,-63,69,100.0
3331495,8,300,-63,133,100.0
3331789,4,301,-81,55,99.6923076923077
3331939,10,298,-52,155,100.0
3334341,14,299,-65,212,100.0
3334817,9,300,-64,112,100.0
3335028,15,298,-83,321,100.0
3335146,12,299,-68,266,100.0
3335347,11,300,-65,159,100.0
3336931,13,299,-69,184,100.0
3337380,3,303,-65,30,100.0
3337514,5,302,-94,42,100.0
3337529,2,302,-69,62,100.0
3339623,7,302,-66,155,100.0
3340649,16,296,-76,243,100.0
3342200,6,301,-63,90,100.0
3342326,8,301,-63,134,100.0
3343273,4,302,-81,38,99.6923076923077
3343619,10,299,-52,141,100.0
3345099,15,299,-83,305,100.0
3345498,9,301,-64,192,100.0
3346241,14,300,-65,228,100.0
3346623,12,300,-68,179,100.0
3347158,11,301,-65,96,100.0
3347596,13,300,-69,223,100.0
3348627,3,304,-65,76,100.0
3348751,2,303,-69,83,100.0
3349510,5,303,-94,48,100.0
3350883,16,297,-76,204,100.0
3351359,7,303,-66,60,100.0
3352709,8,302,-63,56,100.0
3353197,6,302,-63,158,100.0
3354478,4,303,-81,54,99.6923076923077
3355044,15,300,-83,231,100.0
3355563,10,300,-52,150,100.0
3355972,9,302,-64,164,100.0
3357863,12,301,-68,190,100.0
3357940,14,301,-65,220,100.0
3358714,3,305,-65,68,100.0
3358907,13,301,-69,243,100.0
3359052,11,302,-65,121,100.0
3360048,5,304,-94,50,100.0
3360176,2,304,-69,24,100.0
3361942,16,298,-76,241,100.0
3362490,7,304,-66,78,100.0
3362936,8,303,-63,84,100.0
3364824,6,303,-63,133,100.0
3365298,15,301,-83,295,100.0
3366230,4,304,-81,112,99.6923076923077
3366295,9,303,-64,202,100.0
3366833,10,301,-52,185,100.0
3368265,12,302,-68,179,100.0
3368948,14,302,-65,160,100.0
3369531,13,302,-69,192,100.0
3369934,11,303,-65,130,100.0
3370246,3,306,-65,46,100.0
3370679,5,305,-94,26,100.0
3371960,2,305,-69,36,100.0
3372513,16,299,-76,222,100.0
3373440,7,305,-66,86,100.0
3374382,8,304,-63,123,100.0
3376265,4,305,-81,51,99.6923076923077
3376379,6,304,-63,122,100.0
3376813,15,302,-83,246,100.0
3376952,9,304,-64,178,100.0
3377019,10,302,-52,239,100.0
3380287,12,303,-68,243,100.0
3380424,13,303,-69,377,100.0
3380570,14,303,-65,263,100.0
3380834,3,307,-65,27,100.0
3381395,5,306,-94,21,100.0
3381901,11,304,-65,200,100.0
3383213,16,300,-76,228,100.0
3383712,2,306,-69,56,100.0
3383980,7,306,-66,106,100.0
3385937,8,305,-63,100,100.0
3386868,6,305,-63,133,100.0
3387228,9,305,-64,88,100.0
3387253,4,306,-81,15,99.6923076923077
3387495,10,303,-52,132,100.0
3387842,15,303,-83,202,100.0
3390624,14,304,-65,240,100.0
3390808,12,304,-68,280,100.0
3391430,13,304,-69,205,100.0
3391902,11,305,-65,149,100.0
3392596,3,308,-65,42,100.0
3393382,5,307,-94,52,100.0
3393996,2,307,-69,40,100.0
3394816,7,307,-66,145,100.0
3394938,16,301,-76,346,100.0
3397238,8,306,-63,89,100.0
3397398,4,307,-81,61,99.6923076923077
3397622,9,306,-64,176,100.0
3398083,15,304,-83,263,100.0
3398120,6,306,-63,134,100.0
3398309,10,304,-52,140,100.0
3401714,12,305,-68,209,100.0
3402185,14,305,-65,244,100.0
3402633,13,305,-69,174,100.0
3402993,11,306,-65,157,100.0
3403549,5,308,-94,12,100.0
3403930,3,309,-65,53,100.0
3405493,16,302,-76,236,100.0
3405740,7,308,-66,119,100.0
3405885,2,308,-69,43,100.0
3408381,8,307,-63,165,100.0
3408457,4,308,-81,96,99.6923076923077
3408567,15,305,-83,353,100.0
3408817,9,307,-64,115,100.0
3408870,6,307,-63,62,100.0
3410039,10,305,-52,195,100.0
3413279,14,306,-65,215,100.0
3413525,12,306,-68,147,100.0
3414056,13,306,-69,171,100.0
3414708,11,307,-65,167,100.0
3415517,5,309,-94,52,100.0
3415619,3,310,-65,115,100.0
3415921,7,309,-66,85,100.0
3416560,16,303,-76,324,100.0
3416844,2,309,-69,28,100.0
3419208,4,309,-81,42,99.6923076923077
3419280,6,308,-63,74,100.0
3419496,9,308,-64,244,100.0
3419997,8,308,-63,116,100.0
3420487,15,306,-83,306,100.0
3421297,10,306,-52,141,100.0
3423664,14,307,-65,238,100.0
3424477,12,307,-68,224,100.0
3425733,5,310,-94,47,100.0
3425876,11,308,-65,255,100.0
3425951,13,307,-69,291,100.0
3426496,16,304,-76,248,100.0
3426615,7,310,-66,144,100.0
3427053,3,311,-65,29,100.0
3427167,2,310,-69,54,100.0
3430242,4,310,-81,39,99.6923076923077
3430484,9,309,-64,164,100.0
3430733,6,309,-63,94,100.0
3430923,8,309,-63,112,100.0
3431709,10,307,-52,186,100.0
3431726,15,307,-83,258,100.0
3435204,14,308,-65,152,100.0
3435502,12,308,-68,247,100.0
3436099,5,311,-94,62,100.0
3436777,13,308,-69,241,100.0
3436790,11,309,-65,135,100.0
3437455,7,311,-66,103,100.0
3437468,3,312,-65,86,100.0
3437977,16,305,-76,293,100.0
3438060,2,311,-69,46,100.0
3440486,4,311,-81,66,99.6923076923077
3441028,8,310,-63,98,100.0
3441626,9,310,-64,177,100.0
3442020,6,310,-63,193,100.0
3442044,10,308,-52,235,100.0
3442372,15,308,-83,272,100.0
3446695,14,309,-65,231,100.0
3446748,12,309,-68,203,100.0
3447592,5,312,-94,70,100.0
3448106,11,310,-65,235,100.0
3448182,2,312,-69,48,100.0
3448274,16,306,-76,356,100.0
3448482,7,312,-66,116,100.0
3448680,13,309,-69,157,100.0
3448696,3,313,-65,53,100.0
3451940,9,311,-64,195,100.0
3451970,4,312,-81,80,99.6923076923077
3452681,8,311,-63,71,100.0
3453059,10,309,-52,200,100.0
3453222,15,309,-83,294,100.0
3453478,6,311,-63,84,100.0
3456854,12,310,-68,206,100.0
3458099,11,311,-65,158,100.0
3458392,14,310,-65,196,100.0
3458662,16,307,-76,274,100.0
3459111,13,310,-69,225,100.0
3459173,3,314,-65,38,100.0
3459220,2,313,-69,14,100.0
3459327,5,313,-94,74,100.0
3460205,7,313,-66,97,100.0
3461941,9,312,-64,145,100.0
3463595,4,313,-81,26,99.6923076923077
3464236,8,312,-63,77,100.0
3464511,6,312,-63,125,100.0
3464564,10,310,-52,163,100.0
3464989,15,310,-83,254,100.0
3466981,12,311,-68,179,100.0
3469144,14,311,-65,156,100.0
3469376,3,315,-65,44,100.0
3469382,11,312,-65,206,100.0
3469800,16,308,-76,246,100.0
3470191,2,314,-69,51,100.0
3470896,13,311,-69,191,100.0
3470930,5,314,-94,49,100.0
3471052,7,314,-66,108,100.0
3472197,9,313,-64,207,100.0
3474536,8,313,-63,127,100.0
3475035,15,311,-83,281,100.0
3475064,6,313,-63,158,100.0
3475575,4,314,-81,57,99.6923076923077
3476473,10,311,-52,116,100.0
3477936,12,312,-68,218,100.0
3479642,3,316,-65,39,100.0
3480118,11,313,-65,108,100.0
3480622,14,312,-65,254,100.0
3481251,2,315,-69,33,100.0
3481387,5,315,-94,74,100.0
3481732,7,315,-66,113,100.0
3481973,16,309,-76,424,100.0
3482096,13,312,-69,261,100.0
3482886,9,314,-64,136,100.0
3485474,8,314,-63,84,100.0
3485740,6,314,-63,115,100.0
3486048,15,312,-83,248,100.0
3487335,4,315,-81,71,99.6923076923077
3487426,10,312,-52,160,100.0
3489217,12,313,-68,185,100.0
3490516,3,317,-65,48,100.0
3490584,11,314,-65,151,100.0
3491428,14,313,-65,222,100.0
3491869,5,316,-94,64,100.0
3491967,16,310,-76,262,100.0
3492411,13,313,-69,229,100.0
3492445,7,316,-66,124,100.0
3492471,2,316,-69,59,100.0
3494278,9,315,-64,181,100.0
3496847,6,315,-63,122,100.0
3496864,8,315,-63,192,100.0
3497135,15,313,-83,254,100.0
3497394,4,316,-81,31,99.6923076923077
3497863,10,313,-52,153,100.0
3500070,12,314,-68,236,100.0
3500848,3,318,-65,48,100.0
3501221,11,315,-65,179,100.0
3501966,14,314,-65,214,100.0
3503094,13,314,-69,199,100.0
3503207,5,317,-94,80,100.0
3503403,16,311,-76,268,100.0
3504259,7,317,-66,111,100.0
3504334,9,316,-64,176,100.0
3504384,2,317,-69,55,100.0
3507286,6,316,-63,162,100.0
3508107,15,314,-83,270,100.0
3508253,8,316,-63,96,100.0
3508938,10,314,-52,102,100.0
3509068,4,317,-81,51,99.6923076923077
3511265,12,315,-68,178,100.0
3511276,3,319,-65,48,100.0
3512441,11,316,-65,138,100.0
3512641,14,315,-65,203,100.0
3513728,13,315,-69,193,100.0
3513957,16,312,-76,295,100.0
3514771,9,317,-64,124,100.0
3514842,5,318,-94,29,100.0
3514929,7,318,-66,114,100.0
3516311,2,318,-69,66,100.0
3517284,6,317,-63,144,100.0
3518500,8,317,-63,141,100.0
3519343,15,315,-83,303,100.0
3519893,10,315,-52,140,100.0
3520806,4,318,-81,46,99.6923076923077
3521414,12,316,-68,241,100.0
3523061,14,316,-65,209,100.0
3523143,11,317,-65,155,100.0
3523222,3,320,-65,126,100.0
3524285,16,313,-76,296,100.0
3524846,13,316,-69,162,100.0
3525315,9,318,-64,126,100.0
3526302,7,319,-66,99,100.0
3526461,5,319,-94,74,100.0
3526751,2,319,-69,47,100.0
3528786,6,318,-63,94,100.0
3529195,8,318,-63,127,100.0
3529447,15,316,-83,206,100.0
3530706,10,316,-52,221,100.0
3532166,12,317,-68,185,100.0
3532511,4,319,-81,78,99.6923076923077
3533315,3,321,-65,68,100.0
3533489,14,317,-65,229,100.0
3534740,11,318,-65,155,100.0
3534942,16,314,-76,279,100.0
3535583,9,319,-64,161,100.0
3536092,13,317,-69,182,100.0
3536616,7,320,-66,133,100.0
3537338,5,320,-94,65,100.0
3538310,2,320,-69,37,100.0
3539030,6,319,-63,130,100.0
3539797,15,317,-83,310,100.0
3540457,8,319,-63,134,100.0
3540995,10,317,-52,205,100.0
3542887,4,320,-81,47,99.6923076923077
3543492,12,318,-68,187,100.0
3544122,14,318,-65,179,100.0
3544528,3,322,-65,24,100.0
3545367,11,319,-65,143,100.0
3546194,13,318,-69,210,100.0
3546580,16,315,-76,297,100.0
3547458,9,320,-64,173,100.0
3547665,5,321,-94,41,100.0
3548203,7,321,-66,124,100.0
3548852,2,321,-69,39,100.0
3550178,15,318,-83,221,100.0
3550599,6,320,-63,122,100.0
3550987,8,320,-63,99,100.0
3552087,10,318,-52,170,100.0
3553400,4,321,-81,48,99.6923076923077
3554822,14,319,-65,205,100.0
3555175,12,319,-68,145,100.0
3555259,3,323,-65,30,100.0
3556264,11,320,-65,121,100.0
3557433,16,316,-76,430,100.0
3557493,13,319,-69,329,100.0
3557688,5,322,-94,48,100.0
3559374,9,321,-64,147,100.0
3559529,7,322,-66,93,100.0
3560675,6,321,-63,57,100.0
3560879,2,322,-69,66,100.0
3561453,15,319,-83,346,100.0
3562037,8,321,-63,88,100.0
3562756,10,319,-52,170,100.0
3564162,4,322,-81,40,99.6923076923077
3564978,14,320,-65,250,100.0
3565921,3,324,-65,41,100.0
3566200,12,320,-68,215,100.0
3567678,13,320,-69,274,100.0
3567690,11,321,-65,167,100.0
3568441,16,317,-76,291,100.0
3569224,5,323,-94,55,100.0
3569572,9,322,-64,211,100.0
3569711,7,323,-66,91,100.0
3571181,6,322,-63,155,100.0
3572673,2,323,-69,38,100.0
3572714,15,320,-83,297,100.0
3573193,10,320,-52,200,100.0
3573378,8,322,-63,100,100.0
3574325,4,323,-81,61,99.6923076923077
3576290,14,321,-65,157,100.0
3576428,3,325,-65,62,100.0
3576816,12,321,-68,230,100.0
3577826,13,321,-69,252,100.0
3578330,11,322,-65,130,100.0
3579796,9,323,-64,120,100.0
3579808,16,318,-76,229,100.0
3580229,7,324,-66,69,100.0
3580884,5,324,-94,64,100.0
3582287,6,323,-63,121,100.0
3582671,2,324,-69,31,100.0
3583704,10,321,-52,171,100.0
3583880,8,323,-63,164,100.0
3583946,15,321,-83,546,100.0
3585437,4,324,-81,54,99.6923076923077
3587235,12,322,-68,248,100.0
3588042,14,322,-65,247,100.0
3588363,3,326,-65,28,100.0
3588545,13,322,-69,165,100.0
3589844,11,323,-65,166,100.0
3589922,16,319,-76,268,100.0
3590075,9,324,-64,242,100.0
3590337,7,325,-66,96,100.0
3592319,5,325,-94,27,100.0
3592847,6,324,-63,109,100.0
3594000,8,324,-63,52,100.0
3594129,10,322,-52,82,100.0
3594150,2,325,-69,66,100.0
3595341,15,322,-83,220,100.0
3595567,4,325,-81,41,99.6923076923077
3598192,12,323,-68,149,100.0
3599348,3,327,-65,41,100.0
3599894,14,323,-65,212,100.0
