run_name,seed,imin,imax,k,tx_range,nb_nodes,send_interval,objective_function,n_samples,n_observed_nodes,pdr_global_mean,pdr_global_std,pdr_global_min,pdr_global_max,pdr_window_mean,pdr_window_std,pdr_window_min,pdr_window_max,delay_avg_ms_mean,delay_avg_ms_std,delay_avg_ms_min,delay_avg_ms_max,rssi_avg_mean,rssi_avg_std,rssi_avg_min,rssi_avg_max,etx_mean,etx_std,etx_min,etx_max,rank_mean,rank_std,rank_min,rank_max,parent_rank_mean,parent_rank_std,parent_rank_min,parent_rank_max,neighbors_mean,neighbors_std,neighbors_min,neighbors_max,radio_tx_ticks_mean,radio_tx_ticks_std,radio_tx_ticks_min,radio_tx_ticks_max,radio_listen_ticks_mean,radio_listen_ticks_std,radio_listen_ticks_min,radio_listen_ticks_max,radio_tx_percent_mean,radio_tx_percent_std,radio_tx_percent_min,radio_tx_percent_max,radio_listen_percent_mean,radio_listen_percent_std,radio_listen_percent_min,radio_listen_percent_max,energy_cpu_mj_mean,energy_cpu_mj_std,energy_cpu_mj_min,energy_cpu_mj_max,energy_lpm_mj_mean,energy_lpm_mj_std,energy_lpm_mj_min,energy_lpm_mj_max,energy_radio_tx_mj_mean,energy_radio_tx_mj_std,energy_radio_tx_mj_min,energy_radio_tx_mj_max,energy_radio_rx_mj_mean,energy_radio_rx_mj_std,energy_radio_rx_mj_min,energy_radio_rx_mj_max,energy_estimated_mj_mean,energy_estimated_mj_std,energy_estimated_mj_min,energy_estimated_mj_max
run_0001_cfg_001_seed_1_of0,1,8,16,0,50.0,16,10,OF0,855,15,99.95711111111112,0.2271768607216827,94.73,100.0,99.94150877192983,0.9862886420031963,83.33,100.0,150.31461988304093,79.16188884490764,33,395,-70.1204678362573,9.953556777399708,-94,-52,1.0313333333333332,0.061999093443549834,1.0,1.49,3.7403508771929825,1.3985430252118338,2,7,2.734502923976608,1.3903027165789488,1,5,4.8,1.3767898718715414,3,7,152711.70058479533,153906.3845119501,25560,759800,59847288.29941521,153905.82945934296,59240200,59974440,0.25451949831423437,0.25651061780037493,0.0426,1.2663333333333333,99.74548050168578,0.2565106178003747,98.73366666666666,99.95739999999999,90.0,0.00021878686173199306,89.99640000000001,90.0036,0.0,0.0,0.0,0.0,7.971550770526315,8.033913271523794,1.3342319999999999,39.66156,3375.3870600870177,8.680288781506938,3341.1472800000006,3382.5584160000008,3473.3586108575446,0.6464258426425897,3470.8088400000006,3473.892648000001
run_0002_cfg_001_seed_2_of0,2,8,16,0,50.0,16,10,OF0,855,15,99.91639766081872,0.46193476733032707,92.85,100.0,99.9766081871345,0.6839855680567659,80.0,100.0,149.48070175438596,79.97789091139983,29,348,-71.46198830409357,9.770823234218094,-94,-52,1.035497076023392,0.07349555692962569,1.0,1.68,3.7473684210526317,1.4015011937052027,2,8,2.7356725146198833,1.3926294726635864,1,5,4.8,1.3767898718715412,3,7,154578.51695906432,130914.91381866817,25560,565176,59845421.48304094,130918.90644909204,59434824,59974440,0.2576308744065962,0.21819152440322764,0.0426,0.94196,99.7423691255934,0.2181915244032268,99.05804,99.95739999999999,90.0,0.000525049559386773,89.99151599999999,90.008484,0.0,0.0,0.0,0.0,8.068998585263158,6.833758501334474,1.3342319999999999,29.502187199999998,3375.2817716435093,7.3838263237287975,3352.1240736,3382.5584160000008,3473.350770228772,0.5504199314571491,3471.6262608,3474.0658536000005
run_0003_cfg_001_seed_3_of0,3,8,16,0,50.0,16,10,OF0,855,15,99.9403976608187,0.19706649811259921,97.91,100.0,99.95711111111112,0.8899097159982884,80.0,100.0,150.05964912280703,79.79465711641598,31,344,-71.69122807017544,10.546344928325675,-94,-52,1.0336257309941521,0.06142683080893607,1.0,1.41,3.736842105263158,1.3941116860111475,2,6,2.7333333333333334,1.389657346608726,1,5,4.8,1.3767898718715428,3,7,153557.83859649123,159826.68549558058,25560,749184,59846442.16140351,159826.4706420948,59250816,59974440,0.2559297276137235,0.266377814772107,0.0426,1.24864,99.74407027238627,0.2663778147721061,98.75136,99.95739999999999,90.0,0.0006297061208168606,89.99113200000001,90.008868,0.0,0.0,0.0,0.0,8.01571917473684,8.342952982869303,1.3342319999999999,39.1074048,3375.339337903158,9.014212944214131,3341.7460224,3382.5584160000008,3473.3550570778953,0.6716676704231687,3470.8534272,3473.9504544
run_0004_cfg_001_seed_4_of0,4,8,16,0,50.0,16,10,OF0,855,15,99.94130994152047,0.20755105143692315,98.07,100.0,99.93761403508772,1.0560687410160687,80.0,100.0,150.553216374269,78.89839706429377,35,343,-73.38245614035088,10.789227043204665,-94,-52,1.0349122807017543,0.07116271243127859,1.0,1.69,3.743859649122807,1.4046198712180058,2,8,2.734502923976608,1.3911446956019748,1,5,4.8,1.3767898718715423,3,7,153569.5812865497,135632.54846951383,25560,681944,59846437.03391813,135625.11887093945,59318056,59974440,0.25594924503702643,0.22605417890778207,0.0426,1.1365733333333332,99.74405075496297,0.2260541789077815,98.86342666666667,99.95739999999999,90.00000992280702,0.00038987651757004373,89.995056,90.008484,0.0,0.0,0.0,0.0,8.016332143157895,7.080019030108617,1.3342319999999999,35.5974768,3375.3390487129827,7.6492567043209965,3345.5383584,3382.5584160000008,3473.3553907789474,0.5694108547349349,3471.1358352,3473.892648000001
run_0005_cfg_001_seed_5_of0,5,8,16,0,50.0,16,10,OF0,855,15,99.98058479532163,0.1547783320980318,96.96,100.0,99.9766081871345,0.6839855680567691,80.0,100.0,150.85730994152047,79.93066808187626,32,348,-71.44561403508771,9.609057315742612,-94,-52,1.024140350877193,0.05174409149420434,1.0,1.46,3.7380116959064327,1.396430134056475,2,7,2.734502923976608,1.3911446956019746,1,5,4.8,1.3767898718715421,3,7,153675.16257309943,149948.04062657035,25560,737544,59846324.8374269,149947.6717504237,59262456,59974440,0.25612526867684715,0.24991338842085828,0.0426,1.22924,99.74387473132315,0.24991338842085759,98.77076,99.95739999999999,90.0,0.0003501745834237677,89.99276400000001,90.007236,0.0,0.0,0.0,0.0,8.021843486315788,7.827287720706964,1.3342319999999999,38.4997968,3375.3327208308774,8.457048686723903,3342.4025184,3382.5584160000008,3473.3545643171933,0.6298949326704429,3470.9023152,3473.892648000001
run_0006_cfg_001_seed_6_of0,6,8,16,0,50.0,16,10,OF0,855,15,99.92024561403508,0.33713534975252524,95.83,100.0,99.95711111111112,0.8899097159982879,80.0,100.0,148.9298245614035,77.87711593746481,35,336,-70.80233918128656,11.383026690188856,-94,-52,1.0270292397660818,0.05704936714439463,1.0,1.51,3.7380116959064327,1.390547977121982,2,6,2.734502923976608,1.390302716578949,1,5,4.8,1.376789871871541,3,7,153659.61169590644,141845.9255106098,25560,713008,59846340.38830409,141845.18555774115,59286992,59974440,0.256099348843003,0.23640986739491368,0.0426,1.1883466666666667,99.74390065115699,0.2364098673949136,98.81165333333334,99.95739999999999,90.0,0.0004184293146221791,89.99151599999999,90.008484,0.0,0.0,0.0,0.0,8.021031730526316,7.404357311653833,1.3342319999999999,37.219017599999994,3375.3335979003514,8.000068465456598,3343.7863488000003,3382.5584160000008,3473.3546296308778,0.5959130796446431,3471.0053664,3473.892648000001
run_0007_cfg_001_seed_7_of0,7,8,16,0,50.0,16,10,OF0,855,15,99.98001169590644,0.20969504980940304,95.45,100.0,100.0,0.0,100.0,100.0,149.32748538011697,79.09708782387182,23,353,-71.0187134502924,10.984431210673074,-94,-52,1.0281169590643275,0.06358777797899762,1.0,1.73,3.743859649122807,1.402116693252156,2,7,2.7333333333333334,1.3896573466087265,1,5,4.8,1.3767898718715426,3,7,153587.33099415206,120094.41264791401,26008,721440,59846412.66900585,120094.41264791445,59278560,59973992,0.2559788849902534,0.20015735441319008,0.043346666666666665,1.2024,99.74402111500974,0.20015735441319002,98.7976,99.95665333333334,90.0,0.0,90.0,90.0,0.0,0.0,0.0,0.0,8.017258677894736,6.268928340221113,1.3576176,37.659167999999994,3375.3376745319297,6.773324873342343,3343.3107840000002,3382.5331488,3473.354933209825,0.5043965331212319,3470.9699520000004,3473.8907664000003
run_0008_cfg_001_seed_8_of0,8,8,16,0,50.0,16,10,OF0,855,15,99.69759064327485,0.8451631473152343,89.47,100.0,99.89083040935672,1.4296901575569387,80.0,100.0,150.38830409356726,80.93384324547755,29,350,-71.74853801169591,10.230421163418956,-94,-52,1.0316374269005848,0.06025421946159807,1.0,1.44,3.7380116959064327,1.3947520491297263,2,6,2.7333333333333334,1.3896573466087274,1,5,4.8,1.376789871871542,3,7,153246.68070175438,176203.12520345903,25560,668600,59846753.319298245,176206.65431115645,59329016,59974440,0.2554111503682899,0.29367195875462754,0.0426,1.1143333333333334,99.7445888496317,0.2936719587546271,98.88566666666667,99.95739999999999,90.0,0.0004788555443126006,89.99113200000001,90.008868,0.0,0.0,0.0,0.0,7.999476732631578,9.197803135620559,1.3342319999999999,34.90091999999999,3375.3568872084215,9.93805530314924,3346.1565024000006,3382.5584160000008,3473.356363941053,0.7404714301342789,3470.8643928000006,3473.892648000001
run_0009_cfg_001_seed_9_of0,9,8,16,0,50.0,16,10,OF0,855,15,99.95354385964912,0.3226089527942846,91.66,100.0,99.96100584795322,0.8057737600746119,83.33,100.0,149.1812865497076,78.72201484523669,34,345,-71.99649122807017,9.658028020176072,-94,-59,1.0317309941520467,0.06242783307698031,1.0,1.54,3.7380116959064327,1.3930719427948282,2,6,2.7333333333333334,1.3896573466087265,1,5,4.8,1.3767898718715417,3,7,152881.01988304095,143661.57937162183,25560,724000,59847118.980116956,143664.41314063445,59276000,59974440,0.2548017085117016,0.2394359781208231,0.0426,1.2066666666666666,99.74519829148831,0.2394359781208217,98.79333333333334,99.95739999999999,90.0,0.0006512274557048419,89.990364,90.009636,0.0,0.0,0.0,0.0,7.9803892378947365,7.499134443198657,1.3342319999999999,37.79279999999999,3375.377510478597,8.102672901131786,3343.1664000000005,3382.5584160000008,3473.3578997164914,0.6040280022959599,3470.9592000000007,3473.892648000001
run_0010_cfg_001_seed_10_of0,10,8,16,0,50.0,16,10,OF0,855,15,99.9425029239766,0.3672906112893759,92.85,100.0,99.98050292397662,0.5701019709753187,83.33,100.0,149.8421052631579,78.94230309564774,34,369,-71.07368421052631,10.927285633006601,-94,-52,1.0324093567251462,0.0631754992561214,1.0,1.39,3.7415204678362572,1.396665493401622,2,6,2.7356725146198833,1.3917883918744787,1,5,4.8,1.3767898718715428,3,7,154110.77426900584,137071.68034346844,26656,764272,59845889.22573099,137071.28990803726,59235728,59973344,0.25685128493241816,0.22845276724542865,0.04442666666666666,1.2737866666666666,99.74314871506758,0.22845276724542762,98.72621333333333,99.95557333333333,90.0,0.0008122908536431959,89.98903200000001,90.01096799999999,0.0,0.0,0.0,0.0,8.044582416842104,7.155141713929054,1.3914431999999999,39.89499839999999,3375.3081523312285,7.730820750813287,3340.8950592000006,3382.4966016000003,3473.3527347480704,0.5764698308388647,3470.7900576000006,3473.8880448000004
run_0011_cfg_002_seed_1_mrhof,1,8,16,5,40.0,16,5,MRHOF,855,15,99.70861988304092,0.40441123171208027,95.45,100.0,99.6504678362573,2.0087080952160017,80.0,100.0,186.79766081871344,80.0241327426903,41,382,-76.95204678362573,10.629101160174294,-93,-51,1.0965964912280701,0.12732887119449676,1.0,2.54,4.155555555555556,1.3438693789294585,2,8,3.1473684210526316,1.3321073701491994,1,7,3.2,1.2761549390929887,1,5,333948.04210526316,394887.7526516191,47104,1728400,59666051.957894735,394886.7375344926,58271600,59952896,0.5565800544987822,0.6581462070037644,0.07850666666666667,2.880666666666667,99.44341994550122,0.6581462070037639,97.11933333333333,99.92149333333333,90.0,0.0008673807782747318,89.99113200000001,90.008868,0.0,0.0,0.0,0.0,17.432087797894734,20.613140688414525,2.4588288,90.22247999999999,3365.1653304252636,22.271611996945385,3286.5182400000003,3381.3433344000005,3472.597418223158,1.6587831937897985,3466.7407200000002,3473.8021632000005
run_0012_cfg_002_seed_2_mrhof,2,8,16,5,40.0,16,5,MRHOF,855,15,99.83467836257309,0.3687762002754332,95.23,100.0,99.85808187134504,1.191744855768953,88.88,100.0,188.5637426900585,81.76581825650744,38,443,-76.64444444444445,10.683651582541081,-93,-51,1.109029239766082,0.1354310244216039,1.0,1.72,4.152046783625731,1.3368467207265728,2,8,3.1450292397660817,1.3297251808253772,1,7,3.2,1.2761549390929887,1,5,336939.85497076024,317159.5315940141,48312,1369496,59663060.14502924,317160.4050266113,58630504,59951688,0.5615664279528944,0.5285992216979427,0.08052,2.282493333333333,99.4384335720471,0.528599221697942,97.71750666666667,99.91948000000001,90.0,0.0008782518936828095,89.989776,90.010224,0.0,0.0,0.0,0.0,17.588260429473685,16.555727549207525,2.5218863999999996,71.4876912,3364.9965921796493,17.88784684350087,3306.7604256000004,3381.2752032,3472.584852609123,1.3325206125676683,3468.2481168000004,3473.7970895999997
run_0013_cfg_002_seed_3_mrhof,3,8,16,5,40.0,16,5,MRHOF,855,15,99.63114619883042,0.5168353946906967,90.9,100.0,99.62811695906431,1.8896920149492902,88.88,100.0,187.12280701754386,80.61405222415637,40,412,-76.95906432748538,10.64696234078158,-93,-51,1.100280701754386,0.14432809938182428,1.0,2.57,4.143859649122807,1.325884117192132,2,8,3.136842105263158,1.3177714642337353,1,7,3.2,1.2761549390929878,1,5,332870.13801169593,412841.39176634554,48312,1708536,59667131.499415204,412834.03497224895,58296864,59951688,0.5547834606710236,0.688068570182739,0.08052,2.8473037426631604,99.44521653932898,0.688068570182739,97.15269625733683,99.91948000000001,90.00000245614035,0.0007384652307856076,89.990748,90.00925200000002,0.0,0.0,0.0,0.0,17.375821204210524,21.55032065020325,2.5218863999999996,89.1855792,3365.226216567018,23.28383957243485,3287.9431296000002,3381.2752032,3472.6020402273684,1.7337251823782558,3466.8689040000004,3473.7970895999997
run_0014_cfg_002_seed_4_mrhof,4,8,16,5,40.0,16,5,MRHOF,855,15,99.85007017543859,0.3572376386001838,95.83,100.0,99.8957894736842,1.0113668042652102,90.0,100.0,186.43976608187134,80.41284463991674,41,361,-76.71111111111111,10.726187855284081,-93,-51,1.1025730994152048,0.13629996529767785,1.0,2.63,4.135672514619883,1.3129966388602017,2,6,3.1333333333333333,1.3105588131824928,1,5,3.2,1.2761549390929885,1,5,335378.7321637427,341824.31642288005,52584,1400568,59664609.17894737,341840.8809912112,58599432,59947416,0.5589648167750871,0.5697077566915477,0.08764000000000001,2.33428,99.44103518322493,0.5697077566915478,97.66572,99.91236,89.99998186666667,0.0010437232649805196,89.990748,90.00925200000002,0.0,0.0,0.0,0.0,17.50676981894737,17.84322931727434,2.7448848,73.1096496,3365.0839576926314,19.279825687904342,3305.0079648,3381.0342624,3472.5907093782457,1.437144749765615,3468.1176144,3473.907585600001
run_0015_cfg_002_seed_5_mrhof,5,8,16,5,40.0,16,5,MRHOF,855,15,99.63522807017543,0.49544025146415144,95.23,100.0,99.6191812865497,1.934004057457734,88.88,100.0,188.62573099415204,82.96593805968975,40,450,-77.2,10.74686382007389,-93,-51,1.1001988304093566,0.13432050435768209,1.0,2.26,4.147368421052631,1.3268227173807265,2,7,3.1391812865497077,1.3193024853660202,1,6,3.2,1.2761549390929883,1,5,333946.2456140351,422885.8370129748,47640,1764008,59666053.75438596,422887.67631402676,58235992,59952360,0.5565770958455258,0.7048098317568284,0.0794,2.9400133333333334,99.44342290415447,0.7048098317568289,97.05998666666666,99.92060000000001,90.0,0.0005446076644667719,89.992632,90.007368,0.0,0.0,0.0,0.0,17.431994021052628,22.07464069207729,2.486808,92.0812176,3365.165431747369,23.85086494411108,3284.5099488000005,3381.3131040000003,3472.5974257684215,1.7763423786534605,3466.5911664000005,3473.7999120000004
run_0016_cfg_002_seed_6_mrhof,6,8,16,5,40.0,16,5,MRHOF,855,15,99.61628070175438,0.4259310955582399,97.61,100.0,99.64914619883041,1.843851253076579,88.88,100.0,188.32280701754385,81.38999490600764,38,391,-76.93333333333334,10.617316067085133,-93,-51,1.108280701754386,0.13291971054549295,1.0,1.97,4.148538011695907,1.3324167933275395,2,7,3.141520467836257,1.3225994662912777,1,6,3.2,1.2761549390929883,1,5,335863.1485380117,388960.2418573262,51048,1808568,59664136.85146199,388960.7196630182,58191432,59950608,0.5597719170637507,0.6482670634444365,0.08508,3.0142800000000003,99.44022808293624,0.648267063444435,96.98572,99.91492,90.0,0.000616377237814951,89.990364,90.009636,0.0,0.0,0.0,0.0,17.532056353684208,20.303724624952434,2.6647056,94.40724959999999,3365.0573184224563,21.93738458899423,3281.9967648,3381.2142912000004,3472.5893747761406,1.633821356272506,3466.4040144,3474.0670680000003
run_0017_cfg_002_seed_7_mrhof,7,8,16,5,40.0,16,5,MRHOF,855,15,99.76770760233919,0.315005495845497,98.21,100.0,99.75150877192982,1.6414489064575806,80.0,100.0,186.5672514619883,81.24773376800547,39,387,-76.93333333333334,10.617316067085133,-93,-51,1.0971228070175438,0.12758301749358,1.0,2.21,4.142690058479532,1.3211448325073094,2,7,3.134502923976608,1.3126711614692514,1,6,3.2,1.2761549390929894,1,5,334254.24093567254,387501.17559956794,49408,1749632,59665745.759064324,387503.4412319062,58250368,59950592,0.5570904231158619,0.6458354221269791,0.08234666666666667,2.916053333333333,99.44290957688413,0.6458354221269788,97.08394666666666,99.91765333333333,90.0,0.000690434421843607,89.99094000000001,90.00906,0.0,0.0,0.0,0.0,17.448071376842105,20.22756136629746,2.5790976,91.3307904,3365.1480608112283,21.855194085479543,3285.3207552000003,3381.2133888000003,3472.5961321880704,1.6278384616491923,3466.546807200001,3473.7924864
run_0018_cfg_002_seed_8_mrhof,8,8,16,5,40.0,16,5,MRHOF,855,15,99.57674853801169,0.6517558350662782,90.9,100.0,99.7658245614035,1.514789615896034,88.88,100.0,187.36374269005847,82.02728366016025,41,382,-76.86666666666666,10.607253052992125,-93,-51,1.0905146198830409,0.11692675486734136,1.0,2.23,4.140350877192983,1.3196221758690942,2,7,3.134502923976608,1.3126711614692501,1,6,3.2,1.2761549390929887,1,5,333591.01754385966,411418.42096157826,49408,1749728,59666408.98245614,411417.3680386258,58250272,59950592,0.5559850116877698,0.6856972863410775,0.08234666666666667,2.9162133333333333,99.44401498831223,0.6856972863410771,97.08378666666667,99.91765333333333,90.0,0.0009572953117078681,89.987892,90.012108,0.0,0.0,0.0,0.0,17.41345111578947,21.476041574194383,2.5790976,91.33580159999998,3365.1854666105264,23.203939557378515,3285.3153408000003,3381.2133888000003,3472.5989177263164,1.7282628137609493,3466.6511424,3473.7924864
run_0019_cfg_002_seed_9_mrhof,9,8,16,5,40.0,16,5,MRHOF,855,15,99.87578947368421,0.3816862041482212,95.45,100.0,99.88409356725145,1.1711419158323444,80.0,100.0,187.59649122807016,82.84469393510386,38,432,-76.77076023391812,10.733795531748605,-93,-51,1.108842105263158,0.16142643456206957,1.0,3.02,4.169590643274854,1.3698020150985633,2,8,3.1567251461988306,1.3537175937633197,1,7,3.2,1.2761549390929887,1,5,337751.03625730996,314435.80518365937,52368,1447808,59662248.96374269,314432.42115362664,58552192,59947632,0.5629183601802578,0.5240595338474828,0.08728,2.4130133333333337,99.43708163981974,0.5240595338474826,97.58698666666666,99.91272,90.0,0.0008214991722025413,89.9919,90.009636,0.0,0.0,0.0,0.0,17.63060409263158,16.413549030587028,2.7336096,75.5755776,3364.950841555088,17.733988553064535,3302.3436288000003,3381.0464448000002,3472.5814456477196,1.3207875182958644,3467.9192064000003,3473.7800544
run_0020_cfg_002_seed_10_mrhof,10,8,16,5,40.0,16,5,MRHOF,855,15,99.83479532163743,0.38263681972527186,94.73,100.0,99.82456140350877,1.313630670796772,90.0,100.0,188.42222222222222,81.90111260319627,42,406,-76.62923976608187,10.680996552779034,-93,-51,1.0941520467836257,0.11678740384902994,1.0,1.76,4.177777777777778,1.3811111917081718,2,8,3.168421052631579,1.3686637564591215,1,7,3.2,1.2761549390929887,1,5,336187.1719298246,324099.4872279226,48312,1357512,59663812.82807018,324099.74577045743,58642488,59951688,0.5603119523314632,0.5401658187971393,0.08052,2.2625200000000003,99.43968804766853,0.5401658187971397,97.73748,99.91948000000001,90.0,0.0007280185807139703,89.98884,90.01116,0.0,0.0,0.0,0.0,17.548970374736843,16.91799323329756,2.5218863999999996,70.86212640000001,3365.039043503158,18.279225661453804,3307.4363232,3381.2752032,3472.588013877895,1.361501814446471,3468.2984496,3473.8553039999997
run_0021_cfg_003_seed_1_mrhof,1,8,16,5,50.0,12,5,MRHOF,627,11,99.9743062200957,0.12876392697864245,97.72,100.0,99.98405103668262,0.3993615319154367,90.0,100.0,113.87240829346092,56.08721803244455,39,261,-69.72727272727273,10.922348899819982,-94,-52,1.022280701754386,0.04575316809316125,1.0,1.4,3.090909090909091,0.9966542927526431,2,5,2.090909090909091,0.9966542927526431,1,4,4.545454545454546,1.7782204486465953,1,7,189898.41148325359,180854.30400233524,48200,698704,59810101.58851675,180854.51087496837,59301296,59951800,0.31649735322352923,0.30142383879617446,0.08033333333333333,1.1645066666666668,99.68350264677647,0.30142383879617435,98.83549333333333,99.91966666666666,90.0,0.00021734829456448483,89.996748,90.00325199999999,0.0,0.0,0.0,0.0,9.912697079425836,9.440594668921896,2.51604,36.4723488,3373.289729592345,10.20019441334822,3344.5930944000006,3381.2815200000005,3473.202426671771,0.7596430236765783,3471.0654432000006,3473.7975600000004
run_0022_cfg_003_seed_2_mrhof,2,8,16,5,50.0,12,5,MRHOF,627,11,99.90870813397129,0.3044726588409137,96.29,100.0,99.93620414673046,0.7968068921848347,90.0,100.0,113.10047846889952,55.597346769624025,36,274,-69.54545454545455,9.809157759522746,-94,-59,1.0268740031897927,0.056459336016337874,1.0,1.37,3.090909090909091,0.9966542927526437,2,5,2.090909090909091,0.9966542927526437,1,4,4.545454545454546,1.7782204486465947,1,7,190071.8341307815,158932.9017373964,49408,545760,59809928.16586922,158931.1999722653,59454240,59950592,0.3167863803922814,0.264888147586498,0.08234666666666667,0.9096,99.68321361960771,0.26488814758649726,99.0904,99.91765333333333,90.0,0.000616913185621884,89.99194800000001,90.00805199999999,0.0,0.0,0.0,0.0,9.921749741626794,8.296297470692098,2.5790976,28.488672,3373.2799485550245,8.963719678435782,3353.219136,3381.2133888000003,3473.2016982966516,0.6678135259864951,3471.6407616,3473.9895576000004
run_0023_cfg_003_seed_3_mrhof,3,8,16,5,50.0,12,5,MRHOF,627,11,99.98258373205742,0.13335085693325566,98.14,100.0,99.98226475279107,0.4440900234899648,88.88,100.0,113.51674641148325,56.46184742210781,38,260,-69.72727272727273,10.922348899819987,-94,-52,1.024529505582137,0.05216305542883865,1.0,1.42,3.090909090909091,0.9966542927526426,2,5,2.090909090909091,0.9966542927526426,1,4,4.545454545454546,1.7782204486465953,1,7,190020.79744816586,181004.77573252833,51048,708712,59809979.202551834,181004.66856670115,59291288,59948952,0.3167013278736033,0.3016746219930041,0.08508,1.1811866666666666,99.6832986721264,0.30167462199300404,98.81881333333334,99.91492,90.0,0.00033167897023605823,89.99413200000001,90.005868,0.0,0.0,0.0,0.0,9.919085626794258,9.448449293237974,2.6647056,36.994766399999996,3373.282827023924,10.208663307161943,3344.0286432000007,3381.1208928,3473.201912650718,0.7603138328615529,3471.023409600001,3473.7855984000003
run_0024_cfg_003_seed_4_mrhof,4,8,16,5,50.0,12,5,MRHOF,627,11,99.89527910685806,0.3210377197496818,96.15,100.0,99.95215311004785,0.6906086047034636,90.0,100.0,113.01435406698565,54.76060112712558,33,266,-67.27272727272727,10.880586489634116,-94,-52,1.0241626794258374,0.05104085012328468,1.0,1.51,3.090909090909091,0.996654292752643,2,5,2.090909090909091,0.996654292752643,1,4,4.545454545454546,1.7782204486465958,1,7,190678.68580542266,116492.57205617767,51032,451832,59809321.314194575,116492.67608152164,59548168,59948968,0.31779780977865674,0.19415428668684354,0.08505333333333334,0.7530533333333334,99.68220219022133,0.19415428668684298,99.24694666666667,99.91494666666667,90.0,0.00019466638948502265,89.996556,90.003444,0.0,0.0,0.0,0.0,9.953427399043061,6.08091226133247,2.6638703999999995,23.5856304,3373.245722120574,6.570186930997858,3358.5166752,3381.1217952,3473.199149519617,0.48932833698903805,3472.1023056,3473.9086584
run_0025_cfg_003_seed_5_mrhof,5,8,16,5,50.0,12,5,MRHOF,627,11,99.94497607655502,0.19173111930633627,96.55,100.0,99.93263157894737,0.8426179707081256,88.88,100.0,114.05263157894737,55.92054585869149,36,262,-67.27272727272727,10.88058648963411,-94,-52,1.0279585326953748,0.05499617938879338,1.0,1.35,3.090909090909091,0.9966542927526436,2,5,2.090909090909091,0.9966542927526436,1,4,4.545454545454546,1.7782204486465947,1,7,191620.77192982455,116652.47596666767,48312,483728,59808379.22807018,116650.7031630683,59516272,59951688,0.31936794436169913,0.19442076939046604,0.08052,0.8062133333333334,99.6806320556383,0.19442076939046532,99.19378666666667,99.91948000000001,90.0,0.000715508675375317,89.99151599999999,90.008484,0.0,0.0,0.0,0.0,10.002604294736841,6.089259245460052,2.5218863999999996,25.2506016,3373.1925884631582,6.579099658397071,3356.7177408000002,3381.2752032,3473.1951927578953,0.4905593464170547,3471.9477960000004,3473.7970895999997
run_0026_cfg_003_seed_6_mrhof,6,8,16,5,50.0,12,5,MRHOF,627,11,99.95591706539075,0.11835903903144693,99.25,100.0,99.96810207336523,0.5643312101984069,90.0,100.0,113.25039872408293,54.756441367628284,35,268,-69.0909090909091,11.31835415886622,-94,-52,1.0272727272727273,0.05823874466032738,1.0,1.51,3.090909090909091,0.9966542927526434,2,5,2.090909090909091,0.9966542927526434,1,4,4.545454545454546,1.7782204486465951,1,7,189441.33971291865,151736.60563902848,49408,570856,59810558.66028708,151736.64868991417,59429144,59950592,0.31573556484598514,0.2528943388936565,0.08234666666666667,0.9514266666666666,99.684264435154,0.25289433889365603,99.04857333333334,99.91765333333333,90.0,0.000499675651986578,89.99151599999999,90.008484,0.0,0.0,0.0,0.0,9.888837933014353,7.9206508143572885,2.5790976,29.7986832,3373.315508440192,8.557946986111167,3351.8037216000007,3381.2133888000003,3473.2043463732066,0.6375668708223524,3471.602404800001,3473.7924864
run_0027_cfg_003_seed_7_mrhof,7,8,16,5,50.0,12,5,MRHOF,627,11,99.96344497607656,0.15629679542927358,97.22,100.0,99.95215311004785,0.6906086047034684,90.0,100.0,112.28708133971291,54.75834692611925,40,259,-69.81818181818181,9.578603078973732,-94,-59,1.0229505582137162,0.06546273562934632,1.0,2.1,3.094098883572568,1.0027503438978467,2,6,2.0925039872408293,1.000506875324671,1,5,4.545454545454546,1.7782204486465951,1,7,189408.71451355662,159110.4320258427,46008,561176,59810591.285486445,159113.0131408095,59438824,59953992,0.3156812000957029,0.2651840848934607,0.07668,0.9352933333333334,99.6843187999043,0.2651840848934604,99.06470666666667,99.92332,90.0,0.0005931197854326586,89.99301600000001,90.006984,0.0,0.0,0.0,0.0,9.887134897607655,8.305564551748992,2.4016176,29.2933872,3373.3173485014354,8.973973941141645,3352.3496736,3381.4051488000005,3473.2044833990435,0.6687767937892249,3471.6430608,3474.001540800001
run_0028_cfg_003_seed_8_mrhof,8,8,16,5,50.0,12,5,MRHOF,627,11,99.88242424242424,0.304312232331912,95.83,100.0,99.93620414673046,0.7968068921848332,90.0,100.0,114.07974481658692,55.45746452750756,36,244,-69.0,11.418834281914567,-94,-52,1.0237639553429028,0.04761596010975443,1.0,1.31,3.090909090909091,0.9966542927526431,2,5,2.090909090909091,0.9966542927526431,1,4,4.545454545454546,1.778220448646594,1,7,189347.06220095695,205064.68621993434,46008,824696,59810652.937799044,205064.58470025606,59175304,59953992,0.31557843558975895,0.3417744767706504,0.07668,1.3744933333333333,99.68442156441024,0.34177447677065004,98.62550666666667,99.92332,90.0,0.0003688465745083065,89.99494800000001,90.005052,0.0,0.0,0.0,0.0,9.88391664688995,10.704376620680573,2.4016176,43.04913119999999,3373.3208256918665,11.565642577094438,3337.4871456000005,3381.4051488000005,3473.204742338756,0.8613749398878789,3470.5362768000005,3473.9483832
run_0029_cfg_003_seed_9_mrhof,9,8,16,5,50.0,12,5,MRHOF,627,11,99.98594896331738,0.14573001409356034,97.72,100.0,100.0,0.0,100.0,100.0,113.25677830940988,55.42515977937263,39,260,-68.0909090909091,10.509072467364104,-94,-52,1.0283891547049442,0.05388238650507622,1.0,1.42,3.090909090909091,0.9966542927526431,2,5,2.090909090909091,0.9966542927526431,1,4,4.545454545454546,1.7782204486465958,1,7,191183.38755980862,115128.28499509518,49408,433352,59808816.61244019,115128.95622480671,59566648,59950592,0.3186389795767403,0.1918804569149461,0.08234666666666667,0.7222533333333334,99.68136102042327,0.19188045691494568,99.27774666666667,99.91765333333333,90.0,0.000547548518572399,89.99194800000001,90.00805199999999,0.0,0.0,0.0,0.0,9.979772830622009,6.009696476743968,2.5790976,22.6209744,3373.217256941627,6.493273131079094,3359.5589472000006,3381.2133888000003,3473.1970297722496,0.4840058404373416,3472.1799216000004,3473.7924864
run_0030_cfg_003_seed_10_mrhof,10,8,16,5,50.0,12,5,MRHOF,627,11,99.97251993620414,0.1417013153814273,97.22,100.0,99.96810207336523,0.5643312101984087,90.0,100.0,114.23923444976077,56.64792497422867,37,263,-69.63636363636364,11.626446861700297,-94,-52,1.0278947368421052,0.06055416412882916,1.0,1.46,3.090909090909091,0.9966542927526434,2,5,2.090909090909091,0.9966542927526434,1,4,4.545454545454546,1.7782204486465951,1,7,191655.92344497607,153073.33334420456,46008,578776,59808344.07655502,153072.41256311326,59421224,59953992,0.31942653462460185,0.2551222078965393,0.07668,0.9646266666666667,99.68057346537539,0.2551222078965391,99.03537333333333,99.92332,90.0,0.0002978769606836321,89.99494800000001,90.005052,0.0,0.0,0.0,0.0,10.00443920382775,7.990428000567472,2.4016176,30.212107199999995,3373.1906059177036,8.633284068559577,3351.3570336000002,3381.4051488000005,3473.1950451215316,0.6429500454064238,3471.5691408000002,3473.8067664000005
run_0031_cfg_004_seed_1_mrhof,1,8,16,5,60.0,12,20,MRHOF,627,11,99.90417862838915,0.3758629091934678,96.96,100.0,99.94682615629985,1.3314713474060609,66.66,100.0,94.36363636363636,40.238051446358895,23,220,-69.9090909090909,14.354359368439397,-93,-54,1.0138915470494418,0.03971352336444296,1.0,1.35,2.8181818181818183,0.7163904098224002,2,4,1.8181818181818181,0.7163904098224003,1,3,5.818181818181818,2.3302678229409053,1,9,49305.11004784689,63738.601187363194,10736,316392,59950694.88995215,63738.60118736288,59683608,59989264,0.08217518341307815,0.1062310019789387,0.017893333333333334,0.52732,99.91782481658691,0.10623100197893937,99.47268,99.98210666666667,90.0,0.0,90.0,90.0,0.0,0.0,0.0,0.0,2.5737267444976077,3.3271549819803568,0.5604192,16.5156624,3381.219191793302,3.5948571069672988,3366.1554912,3383.3944896000003,3473.792918537799,0.26770212498695706,3472.6711536000003,3473.9549088000003
run_0032_cfg_004_seed_2_mrhof,2,8,16,5,60.0,12,20,MRHOF,627,11,99.81259968102073,0.8827980336649541,87.5,100.0,99.94682615629985,1.3314713474060613,66.66,100.0,93.11004784688996,40.91847670600899,24,233,-67.27272727272727,14.037738025621513,-93,-51,1.009792663476874,0.032234986010331465,1.0,1.26,2.819776714513557,0.7201290804820774,2,5,1.8181818181818181,0.7163904098224001,1,3,5.818181818181818,2.3302678229409066,1,9,49384.778309409885,27693.249038936618,10736,120656,59950615.22169059,27693.5449012073,59879344,59989264,0.08230796403942299,0.046155414979047966,0.017893333333333334,0.20109333333333335,99.91769203596058,0.046155414979047314,99.79890666666667,99.98210666666667,90.0,7.732393171144358e-05,89.99863200000001,90.001368,0.0,0.0,0.0,0.0,2.577885427751196,1.4455875998324916,0.5604192,6.298243199999999,3381.2146985033496,1.5619159324281058,3377.1950016000005,3383.3944896000003,3473.7925839311006,0.11636428228313998,3473.4932448000004,3473.985168
run_0033_cfg_004_seed_3_mrhof,3,8,16,5,60.0,12,20,MRHOF,627,11,99.9987240829346,0.031948922553235004,99.2,100.0,100.0,0.0,100.0,100.0,93.3859649122807,40.23962959474265,24,204,-68.81818181818181,14.80012049467791,-93,-54,1.0121212121212122,0.04085505408019715,1.0,1.37,2.8181818181818183,0.7163904098224005,2,4,1.8181818181818181,0.7163904098224004,1,3,5.818181818181818,2.330267822940906,1,9,49546.14354066986,54972.44045109054,10224,290752,59950453.85645933,54972.15058936909,59709248,59989776,0.08257690543417824,0.09162073367859586,0.01704,0.4845866666666667,99.91742309456582,0.09162073367859516,99.51541333333334,99.98295999999999,90.0,6.377275951558864e-05,89.999016,90.000984,0.0,0.0,0.0,0.0,2.5863086928229664,2.869561391546923,0.5336928,15.177254399999999,3381.2055975043063,3.1004292932404245,3367.6015872000007,3383.4233664000003,3473.7919061971297,0.23087963762402622,3472.7788416000008,3473.9570592000005
run_0034_cfg_004_seed_4_mrhof,4,8,16,5,60.0,12,20,MRHOF,627,11,99.98515151515151,0.2569744725890072,93.75,100.0,100.0,0.0,100.0,100.0,93.50717703349282,38.53844845230255,23,208,-68.63636363636364,14.968075234064168,-93,-54,1.015055821371611,0.0500618315170695,1.0,1.56,2.819776714513557,0.7201290804820765,2,5,1.8181818181818181,0.7163904098224003,1,3,5.818181818181818,2.3302678229409053,1,9,49514.62838915471,54929.376297700044,10224,267208,59950485.37161084,54929.37629770022,59732792,59989776,0.08252438064859118,0.09154896049616687,0.01704,0.44534666666666667,99.9174756193514,0.09154896049616636,99.55465333333333,99.98295999999999,90.0,0.0,90.0,90.0,0.0,0.0,0.0,0.0,2.5846636019138756,2.8673134427399445,0.5336928,13.9482576,3381.2073749588517,3.0980168231902927,3368.9294688000004,3383.4233664000003,3473.7920385607663,0.2307033804503457,3472.8777264000005,3473.9570592000005
run_0035_cfg_004_seed_5_mrhof,5,8,16,5,60.0,12,20,MRHOF,627,11,99.98676236044656,0.1646262471925659,96.96,100.0,100.0,0.0,100.0,100.0,93.93301435406698,40.70503235608612,19,215,-65.45454545454545,13.658164391507915,-93,-51,1.007639553429027,0.026796670763688264,1.0,1.24,2.8181818181818183,0.7163904098224008,2,4,1.8181818181818181,0.716390409822401,1,3,5.818181818181818,2.3302678229409066,1,9,49553.760765550236,31036.61310468281,10736,148088,59950446.23923445,31036.613104682623,59851912,59989264,0.08258960127591707,0.05172768850780466,0.017893333333333334,0.2468133333333333,99.91741039872409,0.05172768850780436,99.75318666666666,99.98210666666667,90.0,0.0,90.0,90.0,0.0,0.0,0.0,0.0,2.586706311961722,1.6201112040644434,0.5604192,7.730193599999999,3381.2051678928233,1.750464979104118,3375.6478368000003,3383.3944896000003,3473.7918742047855,0.130353775039656,3473.3780304,3473.9549088000003
run_0036_cfg_004_seed_6_mrhof,6,8,16,5,60.0,12,20,MRHOF,627,11,99.99162679425838,0.13427203247825456,97.22,100.0,100.0,0.0,100.0,100.0,94.30143540669856,40.96074698370956,19,219,-65.27272727272727,13.222739371242792,-93,-54,1.0151355661881978,0.05101311422058482,1.0,1.77,2.8181818181818183,0.7163904098224003,2,4,1.8181818181818181,0.7163904098224004,1,3,5.818181818181818,2.3302678229409057,1,9,49649.594896331735,39184.80827108099,10736,192960,59950350.40510367,39184.730269854495,59807040,59989264,0.08274932449418228,0.0653080138934633,0.017893333333333334,0.3216,99.91725067550581,0.0653080138934633,99.6784,99.98210666666667,90.0,0.00020077091040934935,89.996448,90.003552,0.0,0.0,0.0,0.0,2.5917088535885164,2.0454469917504294,0.5604192,10.072511999999998,3381.199762847847,2.210018787219789,3373.1170560000005,3383.3944896000003,3473.7914717014355,0.16474082517159752,3473.1895680000007,3474.0529056
run_0037_cfg_004_seed_7_mrhof,7,8,16,5,60.0,12,20,MRHOF,627,11,99.80661881977672,0.8957421752744437,87.5,100.0,100.0,0.0,100.0,100.0,94.70175438596492,40.92631944257018,20,208,-64.63636363636364,13.78364839632685,-93,-51,1.0088516746411482,0.030015257189036464,1.0,1.28,2.8181818181818183,0.7163904098224008,2,4,1.8181818181818181,0.7163904098224005,1,3,5.818181818181818,2.330267822940906,1,9,49526.26475279107,38869.683805390945,10736,194896,59950473.73524721,38868.28796169915,59805104,59989264,0.08254377287317678,0.06478280397077259,0.017893333333333334,0.3248266666666667,99.91745622712682,0.06478280397077299,99.67517333333333,99.98210666666667,90.0,0.00018482230478297207,89.99713200000001,90.002868,0.0,0.0,0.0,0.0,2.585271020095693,2.0289974946414095,0.5604192,10.1735712,3381.206718667943,2.192171441039834,3373.0078656000005,3383.3944896000003,3473.791989688039,0.16331641517475431,3473.1814368000005,3473.9549088000003
run_0038_cfg_004_seed_8_mrhof,8,8,16,5,60.0,12,20,MRHOF,627,11,99.81588516746412,0.8772551802806177,87.5,100.0,99.94682615629985,1.3314713474060613,66.66,100.0,93.32854864433811,40.312206488601674,28,214,-68.81818181818181,14.800120494677914,-93,-54,1.0100159489633174,0.03301417646194802,1.0,1.28,2.8181818181818183,0.7163904098224007,2,4,1.8181818181818181,0.7163904098224008,1,3,5.818181818181818,2.330267822940906,1,9,49537.68421052631,54744.02095021775,10224,268472,59950462.315789476,54743.965118337444,59731528,59989776,0.08256280668450658,0.09124003499388714,0.01704,0.4474533333333333,99.9174371933155,0.09124003499388617,99.55254666666666,99.98295999999999,90.0,0.00020077091040963214,89.996448,90.003552,0.0,0.0,0.0,0.0,2.5858671157894735,2.8576378936013667,0.5336928,14.014238399999998,3381.2060746105262,3.087559632674258,3368.8581792,3383.4233664000003,3473.791941726316,0.23004275628944068,3472.8724176,3474.0529056
run_0039_cfg_004_seed_9_mrhof,9,8,16,5,60.0,12,20,MRHOF,627,11,99.99755980861244,0.0432166417769918,99.2,100.0,100.0,0.0,100.0,100.0,94.62360446570973,41.019771798010694,29,206,-69.63636363636364,14.67937910067368,-93,-51,1.015725677830941,0.04406908634796765,1.0,1.31,2.8181818181818183,0.7163904098224003,2,4,1.8181818181818181,0.7163904098224003,1,3,5.818181818181818,2.3302678229409057,1,9,49605.49920255184,54880.39380695937,10224,255864,59950394.50079745,54876.73097197527,59744136,59989776,0.08267582518958488,0.09146731324631913,0.01704,0.42644,99.9173241748104,0.09146731324631847,99.57356,99.98295999999999,90.0,0.00044902142800969173,89.992056,90.00794400000001,0.0,0.0,0.0,0.0,2.5894070583732054,2.8647565567232802,0.5336928,13.356100799999998,3381.2022498449764,3.0950476268193845,3369.5692704,3383.4233664000003,3473.79165690335,0.23088962667955762,3472.9253712,3473.9765856000004
run_0040_cfg_004_seed_10_mrhof,10,8,16,5,60.0,12,20,MRHOF,627,11,99.9984370015949,0.03913743012771188,99.02,100.0,100.0,0.0,100.0,100.0,94.81020733652312,40.34722327490807,25,208,-68.0909090909091,15.150565852728295,-93,-51,1.0143700159489633,0.04130897674337171,1.0,1.34,2.8181818181818183,0.7163904098224002,2,4,1.8181818181818181,0.7163904098224003,1,3,5.818181818181818,2.330267822940905,1,9,49520.84210526316,33724.731884898,10736,152064,59950479.15789474,33724.7318848977,59847936,59989264,0.08253473684210526,0.05620788647483005,0.017893333333333334,0.25344,99.9174652631579,0.056207886474829785,99.74655999999999,99.98210666666667,90.0,0.0,90.0,90.0,0.0,0.0,0.0,0.0,2.584987957894737,1.7604310043916762,0.5604192,7.937740799999999,3381.2070245052632,1.9020748783082393,3375.4235904,3383.3944896000003,3473.7920124631582,0.14164387391654487,3473.3613312,3473.9549088000003
run_0041_cfg_005_seed_1_mrhof,1,8,16,5,60.0,16,20,MRHOF,855,15,99.85217543859649,0.7756107766873768,87.5,100.0,99.96100584795322,1.1402039419506336,66.66,100.0,120.7298245614035,56.77201405780807,26,298,-69.46666666666667,12.629414385803377,-93,-54,1.0190058479532165,0.052328172819996216,1.0,1.39,3.2690058479532165,1.0047478944230206,2,7,2.2678362573099413,1.0009746404221118,1,5,6.133333333333334,2.2184029109721792,3,10,65285.1649122807,92190.27166429217,12416,487272,59934714.83508772,92189.7403091908,59512728,59987584,0.10880860667720843,0.15365044161042582,0.020693333333333334,0.8121200000000001,99.89119139332279,0.15365044161042588,99.18787999999999,99.97930666666667,90.0,0.00015737531029457545,89.996748,90.00325199999999,0.0,0.0,0.0,0.0,3.4078856084210525,4.812332180876055,0.6481152,25.4355984,3380.3179166989476,5.199501353438384,3356.5178592000007,3383.2997376000003,3473.725802307369,0.3872125709971402,3471.9534576000005,3473.9478528000004
run_0042_cfg_005_seed_2_mrhof,2,8,16,5,60.0,16,20,MRHOF,855,15,99.98990643274853,0.1892447472800533,94.73,100.0,100.0,0.0,100.0,100.0,118.86900584795322,56.53969330302144,20,309,-70.26666666666667,15.150269936767085,-94,-51,1.0239883040935673,0.05718923642035301,1.0,1.46,3.272514619883041,1.0078753672620198,2,6,2.270175438596491,1.0050163838040316,1,5,6.133333333333334,2.218402910972179,3,10,66033.08538011696,49893.97987593678,10736,236048,59933966.914619885,49893.9798759369,59763952,59989264,0.11005514230019492,0.08315663312656126,0.017893333333333334,0.39341333333333334,99.8899448576998,0.08315663312656145,99.60658666666666,99.98210666666667,90.0,0.0,90.0,90.0,0.0,0.0,0.0,0.0,3.4469270568421053,2.604465749523897,0.5604192,12.3217056,3380.275733984562,2.814020465002789,3370.686892800001,3383.3944896000003,3473.7226610414036,0.2095547154789266,3473.0085984000007,3473.9549088000003
run_0043_cfg_005_seed_3_mrhof,3,8,16,5,60.0,16,20,MRHOF,855,15,99.99816374269005,0.05369286709245573,98.43,100.0,100.0,0.0,100.0,100.0,119.31461988304093,56.06748158181145,20,275,-72.0,15.266715413985278,-94,-54,1.0130526315789474,0.04121305572311111,1.0,1.41,3.2678362573099413,0.9998041360153854,2,5,2.2666666666666666,0.9983593098055478,1,4,6.133333333333334,2.2184029109721783,3,10,65468.65029239766,74468.17140598297,10224,403936,59934531.3497076,74468.17140598292,59596064,59989776,0.1091144171539961,0.12411361900997163,0.01704,0.6732266666666666,99.890885582846,0.12411361900997124,99.32677333333334,99.98295999999999,90.0,0.0,90.0,90.0,0.0,0.0,0.0,0.0,3.417463545263158,3.887238547392311,0.5336928,21.0854592,3380.307568123509,4.200004867297471,3361.2180096,3383.4233664000003,3473.7250316687723,0.31276631990516063,3472.3034688000002,3473.9570592000005
run_0044_cfg_005_seed_4_mrhof,4,8,16,5,60.0,16,20,MRHOF,855,15,99.98058479532163,0.3034387375567649,94.11,100.0,100.0,0.0,100.0,100.0,120.29122807017544,56.96264526643782,29,296,-69.66666666666667,14.378131977308755,-93,-54,1.0197076023391813,0.049023567679621495,1.0,1.44,3.2690058479532165,1.0035817908734634,2,6,2.2690058479532165,1.0035817908734634,1,5,6.133333333333334,2.218402910972179,3,10,65628.20116959064,84867.7358500042,10736,439904,59934371.79883041,84867.60269038961,59560096,59989264,0.10938033489464764,0.14144622579219684,0.017893333333333334,0.7331733333333333,99.89061966510536,0.14144622579219734,99.26682666666666,99.98210666666667,90.0,0.00011013043150628356,89.99794800000001,90.00205199999999,0.0,0.0,0.0,0.0,3.425792101052631,4.430095811370221,0.5604192,22.9629888,3380.2985694540353,4.7865327917379705,3359.1894144000003,3383.3944896000003,3473.7243615550883,0.3564602908516092,3472.1524032,3473.9549088000003
run_0045_cfg_005_seed_5_mrhof,5,8,16,5,60.0,16,20,MRHOF,855,15,99.99461988304093,0.05957746872640824,99.18,100.0,99.96100584795322,1.140203941950635,66.66,100.0,120.05614035087719,56.22601289500506,25,275,-65.6,12.061376993871404,-93,-51,1.0159649122807017,0.04351611383378417,1.0,1.37,3.2736842105263158,1.0127743186588731,2,6,2.271345029239766,1.0087718047792253,1,5,6.133333333333334,2.2184029109721783,3,10,65767.21403508772,66699.90826027832,10736,315384,59934232.78596491,66700.38070612258,59684616,59989264,0.10961202313438445,0.11116651324449091,0.017893333333333334,0.52564,99.89038797686561,0.11116651324449062,99.47435999999999,99.98210666666667,90.0,0.0004291525989222813,89.99113200000001,90.008868,0.0,0.0,0.0,0.0,3.433048572631579,3.4817352111865287,0.5604192,16.4630448,3380.2907291284214,3.7619014718253547,3366.2123424,3383.3944896000003,3473.723777701053,0.280620800254766,3472.6753872,3473.9549088000003
run_0046_cfg_005_seed_6_mrhof,6,8,16,5,60.0,16,20,MRHOF,855,15,99.99683040935672,0.05397013669599557,98.92,100.0,100.0,0.0,100.0,100.0,119.11695906432749,56.34996767747449,23,282,-67.66666666666667,13.634746905792266,-94,-54,1.0213216374269005,0.05691324748865134,1.0,1.5,3.2736842105263158,1.013929850093019,2,6,2.2736842105263158,1.013929850093019,1,5,6.133333333333334,2.21840291097218,3,10,65724.82807017544,66086.23181744227,11832,339184,59934275.17192982,66086.23181744225,59660816,59988168,0.10954138011695908,0.11014371969573718,0.019719999999999998,0.5653066666666666,99.89045861988305,0.11014371969573722,99.43469333333333,99.98028,90.0,0.0,90.0,90.0,0.0,0.0,0.0,0.0,3.4308360252631576,3.4497013008704878,0.6176304,17.705404799999997,3380.2931196968425,3.7272634745037627,3364.8700224000004,3383.3326752000007,3473.723955722106,0.2775621736332713,3472.5754272000004,3473.950305600001
run_0047_cfg_005_seed_7_mrhof,7,8,16,5,60.0,16,20,MRHOF,855,15,99.85870175438596,0.7633393441130358,87.5,100.0,100.0,0.0,100.0,100.0,121.9029239766082,57.93971411332669,26,345,-66.06666666666666,14.048477460904971,-94,-51,1.0154619883040936,0.041730602985701214,1.0,1.37,3.271345029239766,1.008771804779225,2,6,2.271345029239766,1.008771804779225,1,5,6.133333333333334,2.21840291097218,3,10,65716.03274853801,68001.86886189874,10736,374096,59934283.967251465,67998.95909589625,59625904,59989264,0.10952671050201068,0.11333639751552128,0.017893333333333334,0.6234933333333333,99.89047328949799,0.11333639751552084,99.37650666666667,99.98210666666667,90.0,0.0009263014011192494,89.985096,90.014904,0.0,0.0,0.0,0.0,3.4303769094736842,3.5496975545911145,0.5604192,19.5278112,3380.293615752983,3.83514129300859,3362.9009856000002,3383.3944896000003,3473.7239926624566,0.2875088001975142,3472.2934608000005,3474.0896904000006
run_0048_cfg_005_seed_8_mrhof,8,8,16,5,60.0,16,20,MRHOF,855,15,99.93044444444445,0.3289679965483835,95.0,100.0,99.96100584795322,1.1402039419506336,66.66,100.0,119.94736842105263,55.70870448993804,29,282,-68.66666666666667,12.982784493645068,-93,-54,1.0167368421052632,0.05063294682154427,1.0,1.58,3.2666666666666666,0.9983593098055477,2,5,2.2666666666666666,0.9983593098055477,1,4,6.133333333333334,2.218402910972179,3,10,65504.851461988306,82032.83992031027,10736,434984,59934495.14853801,82033.72078928327,59565016,59989264,0.10917475350611944,0.13672139964402727,0.017893333333333334,0.7249733333333334,99.89082524649388,0.13672139964402755,99.27502666666666,99.98210666666667,90.0,0.00038966359117305544,89.99194800000001,90.00805199999999,0.0,0.0,0.0,0.0,3.419353246315789,4.282114243840198,0.5604192,22.706164799999996,3380.3055263775445,4.626701852515617,3359.4669024000004,3383.3944896000003,3473.72487962386,0.3448932439930366,3472.1730672000003,3474.2220024
run_0049_cfg_005_seed_9_mrhof,9,8,16,5,60.0,16,20,MRHOF,855,15,99.99430409356725,0.10840530751540252,97.22,100.0,100.0,0.0,100.0,100.0,120.64678362573099,56.837552820323005,27,286,-68.13333333333334,12.98381265656211,-93,-51,1.0169005847953216,0.047971578110889826,1.0,1.39,3.2760233918128656,1.0144497473262586,2,6,2.2690058479532165,1.0035817908734634,1,5,6.133333333333334,2.218402910972179,3,10,65576.81403508772,88500.15825954328,10736,437576,59934423.18596491,88499.51083108455,59562424,59989264,0.10929468835072213,0.14750025777880302,0.017893333333333334,0.7292933333333333,99.89070531164928,0.14750025777880346,99.27070666666667,99.98210666666667,90.0,0.00013879224782356546,89.99713200000001,90.002868,0.0,0.0,0.0,0.0,3.423109692631579,4.61970826114816,0.5604192,22.8414672,3380.3014676884213,4.991372410873181,3359.3207136,3383.3944896000003,3473.7245773810528,0.37169898649732963,3472.1621808,3473.9549088000003
run_0050_cfg_005_seed_10_mrhof,10,8,16,5,60.0,16,20,MRHOF,855,15,99.85382456140351,0.7913392390115045,87.5,100.0,99.96100584795322,1.1402039419506336,66.66,100.0,121.15906432748538,57.52444106609452,24,319,-70.86666666666666,15.807418292305538,-94,-51,1.0195321637426902,0.046128992157252725,1.0,1.31,3.2690058479532165,1.003581790873463,2,6,2.2690058479532165,1.003581790873463,1,5,6.133333333333334,2.2184029109721783,3,10,65812.94970760234,52480.05406241904,10736,232648,59934187.050292395,52477.69531531998,59767352,59989264,0.1096882452091397,0.08746673751484671,0.017893333333333334,0.3877466666666667,99.89031175479086,0.08746673751484668,99.61225333333333,99.98210666666667,90.0,0.00037628057696326844,89.992632,90.007368,0.0,0.0,0.0,0.0,3.4354359747368415,2.739458822058275,0.5604192,12.144225599999999,3380.2881496364917,2.959742015784057,3370.8786528000005,3383.3944896000003,3473.7235856112284,0.22072327860606028,3473.0228784000005,3473.9549088000003
run_0051_cfg_006_seed_1_mrhof,1,8,16,10,40.0,12,20,MRHOF,627,11,99.64271132376396,1.1024136971499854,87.5,100.0,99.84047846889953,2.3024890880813658,66.66,100.0,136.1578947368421,58.07601288172343,23,330,-73.63636363636364,10.20861401828214,-84,-51,1.0301594896331738,0.07994191232828969,1.0,1.86,3.547049441786284,0.9914668204322615,2,6,2.5454545454545454,0.9883139428379533,1,4,3.272727272727273,1.4211791645789371,1,5,74455.42583732058,83948.41145666741,10736,396576,59925544.57416268,83948.41145666731,59603424,59989264,0.12409237639553429,0.1399140190944457,0.017893333333333334,0.66096,99.87590762360446,0.1399140190944454,99.33904,99.98210666666667,90.0,0.0,90.0,90.0,0.0,0.0,0.0,0.0,3.8865732287081336,4.382107078038038,0.5604192,20.701267199999997,3379.8007139827755,4.734690406156033,3361.6331136,3383.3944896000003,3473.6872872114836,0.35258332811796805,3472.3343808,3473.9549088000003
run_0052_cfg_006_seed_2_mrhof,2,8,16,10,40.0,12,20,MRHOF,627,11,99.98006379585327,0.27967118257783197,93.75,100.0,100.0,0.0,100.0,100.0,134.54704944178627,57.09760381214437,24,301,-73.27272727272727,10.189135010517909,-84,-51,1.0288197767145137,0.07146265848076595,1.0,1.63,3.5454545454545454,0.9883139428379525,2,5,2.5454545454545454,0.9883139428379525,1,4,3.272727272727273,1.4211791645789371,1,5,74503.48963317384,59548.08614147822,10736,292856,59925496.51036683,59548.086141477754,59707144,59989264,0.1241724827219564,0.09924681023579707,0.017893333333333334,0.4880933333333334,99.87582751727804,0.09924681023579732,99.51190666666668,99.98210666666667,90.0,0.0,90.0,90.0,0.0,0.0,0.0,0.0,3.889082158851674,3.1084100965851627,0.5604192,15.2870832,3379.798003184689,3.3585120583793118,3367.4829216000003,3383.3944896000003,3473.687085343541,0.25010196179413213,3472.7700048,3473.9549088000003
run_0053_cfg_006_seed_3_mrhof,3,8,16,10,40.0,12,20,MRHOF,627,11,99.98390749601276,0.25445966882540694,94.11,100.0,100.0,0.0,100.0,100.0,133.81020733652312,56.54595256845424,23,314,-73.63636363636364,10.208614018282137,-84,-51,1.027177033492823,0.08200466897486859,1.0,1.75,3.547049441786284,0.991466820432261,2,6,2.5454545454545454,0.9883139428379524,1,4,3.272727272727273,1.4211791645789364,1,5,74079.37480063796,83536.93965604268,10224,377712,59925920.62519936,83540.15948736269,59622288,59989776,0.1234656296508003,0.1392282420245683,0.01704,0.62952,99.87653437034919,0.13922824202456902,99.37048,99.98295999999999,90.0,0.0006351415026864395,89.99151599999999,90.008484,0.0,0.0,0.0,0.0,3.8669433645933013,4.360628250045431,0.5336928,19.7165664,3379.821923261244,4.71166499508724,3362.6970432000003,3383.4233664000003,3473.688866625838,0.3518346371833539,3472.4136096,3473.9570592000005
run_0054_cfg_006_seed_4_mrhof,4,8,16,10,40.0,12,20,MRHOF,627,11,99.82564593301436,0.7753504962326419,90.0,100.0,99.94682615629985,1.3314713474060613,66.66,100.0,135.91228070175438,57.86530265624951,20,317,-73.63636363636364,10.208614018282137,-84,-51,1.0287240829346092,0.07603365727685388,1.0,1.57,3.547049441786284,0.9914668204322616,2,6,2.5454545454545454,0.9883139428379518,1,4,3.272727272727273,1.421179164578937,1,5,74446.12440191387,84175.85477458738,10224,397320,59925553.87559809,84176.5136731344,59602680,59989776,0.12407687319784776,0.14029307861333534,0.01704,0.6622,99.87592312680215,0.1402930786133341,99.3378,99.98295999999999,90.0,0.0006174968329142073,89.990748,90.00925200000002,0.0,0.0,0.0,0.0,3.886087693779904,4.39397961923346,0.5336928,20.740104,3379.801238583732,4.747555371164757,3361.5911520000004,3383.4233664000003,3473.687326277512,0.3543210747221798,3472.3312560000004,3474.1319736000005
run_0055_cfg_006_seed_5_mrhof,5,8,16,10,40.0,12,20,MRHOF,627,11,100.0,0.0,100.0,100.0,100.0,0.0,100.0,100.0,133.8341307814992,55.64476485342618,28,305,-73.36363636363636,10.235337124533855,-84,-51,1.0200478468899523,0.06640107784010706,1.0,1.85,3.5486443381180224,0.9946071419976729,2,6,2.5454545454545454,0.9883139428379533,1,4,3.272727272727273,1.4211791645789376,1,5,74531.30462519937,59651.720075904675,10736,295104,59925468.6953748,59651.16546572993,59704896,59989264,0.12421883974955839,0.09941953247883004,0.017893333333333334,0.49184,99.87578116025044,0.09941953247882987,99.50816,99.98210666666667,90.0,0.00024689395739467323,89.99563199999999,90.004368,0.0,0.0,0.0,0.0,3.890534101435407,3.1138197879622216,0.5604192,15.404428799999998,3379.796434419139,3.36432573226709,3367.3561344,3383.3944896000003,3473.6869685205743,0.2506731838860117,3472.7605632,3473.9549088000003
run_0056_cfg_006_seed_6_mrhof,6,8,16,10,40.0,12,20,MRHOF,627,11,99.87318979266347,0.5005674422499894,95.23,100.0,99.94682615629985,1.3314713474060615,66.66,100.0,132.94417862838915,54.53997341476303,29,280,-73.72727272727273,10.251499043844676,-84,-51,1.0163636363636364,0.04927767529624727,1.0,1.42,3.5454545454545454,0.9883139428379524,2,5,2.5454545454545454,0.9883139428379524,1,4,3.272727272727273,1.4211791645789364,1,5,73935.1706539075,83634.14161380043,10736,403416,59926064.82934609,83635.36970986603,59596584,59989264,0.12322528585703887,0.13939023662086286,0.017893333333333334,0.67236,99.87677471414295,0.13939023662086272,99.32763999999999,99.98210666666667,90.0,0.0004795440326323864,89.99151599999999,90.008484,0.0,0.0,0.0,0.0,3.8594159081339714,4.365702192240382,0.5604192,21.058315199999996,3379.83005637512,4.717034851636409,3361.2473376000007,3383.3944896000003,3473.689472283254,0.3517864520328281,3472.3056528000006,3474.1109976000002
run_0057_cfg_006_seed_7_mrhof,7,8,16,10,40.0,12,20,MRHOF,627,11,99.99562998405104,0.08511996942767,98.0,100.0,100.0,0.0,100.0,100.0,134.43221690590113,56.592821054597835,29,288,-73.72727272727273,10.251499043844671,-84,-51,1.0224561403508772,0.05406506469267447,1.0,1.39,3.5454545454545454,0.9883139428379527,2,5,2.5454545454545454,0.9883139428379527,1,4,3.272727272727273,1.421179164578937,1,5,74308.4019138756,83595.24954824345,10736,374456,59925691.598086126,83596.03891080151,59625544,59989264,0.12384733740370057,0.13932542230941908,0.017893333333333334,0.6240933333333334,99.8761526625963,0.1393254223094189,99.37590666666667,99.98210666666667,90.0,0.0003947590197900128,89.99301600000001,90.006984,0.0,0.0,0.0,0.0,3.878898579904306,4.363672026418306,0.5604192,19.5466032,3379.8090061320577,4.714816594569194,3362.8806816,3383.3944896000003,3473.687904711962,0.35145224736766617,3472.2880704000004,3473.9549088000003
run_0058_cfg_006_seed_8_mrhof,8,8,16,10,40.0,12,20,MRHOF,627,11,99.80299840510368,0.9542216296688135,85.71,100.0,99.94682615629985,1.3314713474060613,66.66,100.0,132.90749601275917,54.850401176429344,26,313,-73.63636363636364,10.208614018282141,-84,-51,1.020861244019139,0.055244662446261625,1.0,1.59,3.547049441786284,0.9914668204322618,2,6,2.5454545454545454,0.9883139428379527,1,4,3.272727272727273,1.4211791645789371,1,5,74019.5980861244,83777.36163439188,10736,399080,59925980.401913874,83777.16903362566,59600920,59989264,0.12336599630252369,0.13962893499740509,0.017893333333333334,0.6651333333333334,99.87663400369748,0.13962893499740536,99.33486666666667,99.98210666666667,90.0,9.902889499831018e-05,89.998248,90.00175200000001,0.0,0.0,0.0,0.0,3.863823020095694,4.373178277315255,0.5604192,20.831975999999997,3379.8252946679427,4.72503233349645,3361.4918880000005,3383.3944896000003,3473.689117688039,0.3518730241818385,3472.3238640000004,3473.9549088000003
run_0059_cfg_006_seed_9_mrhof,9,8,16,10,40.0,12,20,MRHOF,627,11,99.99805422647528,0.048722106893680985,98.78,100.0,100.0,0.0,100.0,100.0,133.84051036682615,55.27121701004113,19,274,-73.36363636363636,10.23533712453385,-84,-51,1.0161084529505582,0.058619701204697755,1.0,1.82,3.547049441786284,0.9914668204322616,2,6,2.5454545454545454,0.988313942837953,1,4,3.272727272727273,1.4211791645789367,1,5,74187.08771929824,59573.19908985084,10736,291416,59925812.9122807,59571.69044115029,59708584,59989264,0.12364514195397473,0.09928866117476783,0.017893333333333334,0.4856933333333333,99.87635485804603,0.09928866117476812,99.51430666666667,99.98210666666667,90.0,0.0005338064408506035,89.990556,90.00944399999999,0.0,0.0,0.0,0.0,3.872565978947368,3.1097209924902134,0.5604192,15.211915199999998,3379.815848252632,3.359843340880833,3367.5641376000003,3383.3944896000003,3473.6884142315794,0.2509059899918932,3472.7760528000003,3474.0598536
run_0060_cfg_006_seed_10_mrhof,10,8,16,10,40.0,12,20,MRHOF,627,11,99.9672567783094,0.38963299201217905,93.33,100.0,100.0,0.0,100.0,100.0,133.51834130781498,56.2149932116076,33,339,-73.36363636363636,10.235337124533848,-84,-51,1.0137958532695375,0.04559100489335699,1.0,1.39,3.5454545454545454,0.9883139428379527,2,5,2.5454545454545454,0.9883139428379527,1,4,3.272727272727273,1.4211791645789371,1,5,73721.85007974482,58959.42347589634,10736,261784,59926278.149920255,58960.220651888194,59738216,59989264,0.12286975093425567,0.09826570540840968,0.017893333333333334,0.4363066666666667,99.87713024906574,0.09826570540841001,99.56369333333333,99.98210666666667,90.0,0.00028555592325015043,89.99494800000001,90.005052,0.0,0.0,0.0,0.0,3.8482805741626795,3.0776819054417897,0.5604192,13.6651248,3379.842087655503,3.3253564447664776,3369.2353824,3383.3944896000003,3473.690368229665,0.2479031046413993,3472.9005072,3474.1108056000003
run_0061_cfg_007_seed_1_mrhof,1,8,16,10,40.0,16,20,MRHOF,855,15,99.70642105263158,1.1671119946205515,85.71,100.0,99.92201169590643,1.6115475201492238,66.66,100.0,170.59181286549708,75.58718265113403,31,460,-76.86666666666666,10.607253052992137,-93,-51,1.0360233918128654,0.07320273996487452,1.0,1.55,4.135672514619883,1.3147790743724217,2,7,3.1333333333333333,1.3105588131824928,1,5,3.2,1.2761549390929887,1,5,96352.75789473685,115689.71506114287,10224,582888,59903647.24210526,115688.42168460382,59417112,59989776,0.16058792438817657,0.19281618979865672,0.01704,0.9714800000000001,99.83941207561182,0.1928161897986579,99.02852,99.98295999999999,90.0,0.00045702719262724655,89.990556,90.00944399999999,0.0,0.0,0.0,0.0,5.0296139621052625,6.03900312619166,0.5336928,30.426753599999994,3378.565704454737,6.524826983011601,3351.1251168000003,3383.4233664000003,3473.5953184168425,0.4861188827857575,3471.5518704000006,3474.0184584
run_0062_cfg_007_seed_2_mrhof,2,8,16,10,40.0,16,20,MRHOF,855,15,99.99084210526316,0.19097369659671765,94.73,100.0,100.0,0.0,100.0,100.0,171.37894736842105,76.8393745810708,27,385,-76.93333333333334,10.822779342350485,-93,-51,1.0370994152046784,0.07377418667980355,1.0,1.46,4.1345029239766085,1.311778814350318,2,6,3.1333333333333333,1.3105588131824926,1,5,3.2,1.2761549390929887,1,5,97164.34152046783,99051.23802725029,10736,456128,59902835.658479534,99052.05399104884,59543872,59989264,0.1619405698993848,0.16508540701024965,0.017893333333333334,0.7602133333333334,99.83805943010061,0.16508540701024824,99.23978666666666,99.98210666666667,90.0,0.0005029765453299921,89.9919,90.00810000000001,0.0,0.0,0.0,0.0,5.071978627368421,5.170474625022468,0.5604192,23.809881599999997,3378.5199311382457,5.586535845095212,3358.2743808,3383.3944896000003,3473.5919097656147,0.416482353436557,3472.0842624,3473.9549088000003
run_0063_cfg_007_seed_3_mrhof,3,8,16,10,40.0,16,20,MRHOF,855,15,99.84001169590644,0.5657093326465201,93.33,100.0,99.8245380116959,2.6079378001956353,50.0,100.0,175.01754385964912,80.63828171989918,29,495,-77.2,10.746863820073886,-93,-51,1.054140350877193,0.10426919289847161,1.0,1.92,4.150877192982456,1.3365413972064029,2,7,3.146198830409357,1.3317968467383599,1,6,3.2,1.2761549390929878,1,5,97822.36257309941,120298.1734946521,9640,602528,59902177.6374269,120298.17349465248,59397472,59990360,0.16303727095516568,0.20049695582442015,0.016066666666666667,1.0042133333333334,99.83696272904484,0.20049695582442023,98.99578666666666,99.98393333333333,90.0,0.0,90.0,90.0,0.0,0.0,0.0,0.0,5.106327326315789,6.2795646564208365,0.5032079999999999,31.451961599999994,3378.4828187508774,6.784816985098339,3350.0174208000003,3383.4563040000007,3473.589146077193,0.505252328677488,3471.4693824,3473.959512000001
run_0064_cfg_007_seed_4_mrhof,4,8,16,10,40.0,16,20,MRHOF,855,15,99.62745029239767,1.3178034388924034,85.71,100.0,99.92201169590643,1.6115475201492224,66.66,100.0,168.7625730994152,74.34345577963802,28,368,-76.86666666666666,10.607253052992117,-93,-51,1.0321754385964912,0.07214149578963809,1.0,1.51,4.133333333333334,1.310558813182493,2,6,3.1333333333333333,1.3105588131824928,1,5,3.2,1.2761549390929885,1,5,95947.79883040936,115268.40894917291,10736,563872,59904052.20116959,115272.4421691949,59436128,59989264,0.15991300869502414,0.19211408725991683,0.017893333333333334,0.9397866666666665,99.84008699130499,0.19211408725991633,99.06021333333334,99.98210666666667,90.0,0.0006091851508447297,89.990364,90.009636,0.0,0.0,0.0,0.0,5.008475098947368,6.017010947146829,0.5604192,29.4341184,3378.588544145965,6.501365738342528,3352.1976192,3383.3944896000003,3473.597019244912,0.4848898828170142,3471.6317376,3473.9549088000003
run_0065_cfg_007_seed_5_mrhof,5,8,16,10,40.0,16,20,MRHOF,855,15,99.98746198830409,0.1367521926519111,98.0,100.0,100.0,0.0,100.0,100.0,169.412865497076,75.01777508708082,27,394,-76.66666666666667,10.687491868328937,-93,-51,1.0479298245614035,0.12733273360068126,1.0,2.89,4.147368421052631,1.3329861086975088,2,8,3.1403508771929824,1.3240514676246606,1,7,3.2,1.2761549390929883,1,5,97578.15204678362,87255.23321326335,10736,483264,59902421.847953215,87254.86263140102,59516736,59989264,0.16263025232384937,0.14542538760404627,0.017893333333333334,0.8054399999999999,99.83736974767614,0.1454253876040462,99.19456,99.98210666666667,90.0,0.00017595837276443793,89.99636400000001,90.003636,0.0,0.0,0.0,0.0,5.093579536842105,4.554723173732349,0.5604192,25.2263808,3378.496592224562,4.921174252410946,3356.7439104000005,3383.3944896000003,3473.590171761404,0.3665088949896254,3471.9702912000002,3473.9549088000003
run_0066_cfg_007_seed_6_mrhof,6,8,16,10,40.0,16,20,MRHOF,855,15,99.92118128654971,0.36398958168394757,94.44,100.0,99.96100584795322,1.1402039419506333,66.66,100.0,170.27017543859648,78.09729856967007,22,441,-76.93333333333334,10.617316067085133,-93,-51,1.0423976608187135,0.07662360325198807,1.0,1.66,4.135672514619883,1.3147790743724221,2,7,3.1333333333333333,1.3105588131824921,1,5,3.2,1.2761549390929883,1,5,97303.0081871345,110040.81277629292,10736,631464,59902696.99181286,110041.2687625206,59368536,59989264,0.16217168143077038,0.18340136105157412,0.017893333333333334,1.05244,99.83782831856924,0.1834013610515744,98.94756,99.98210666666667,90.0,0.0002116637340207212,89.99640000000001,90.0036,0.0,0.0,0.0,0.0,5.07921702736842,5.7441304269224895,0.5604192,32.9624208,3378.5121103382457,6.206327558206121,3348.3854304000006,3383.3944896000003,3473.5913273656142,0.46226478357579676,3471.3478512000006,3473.9549088000003
run_0067_cfg_007_seed_7_mrhof,7,8,16,10,40.0,16,20,MRHOF,855,15,99.25615204678363,1.7135905441403154,83.33,100.0,99.7270409356725,3.0060801021079744,66.66,100.0,173.3204678362573,79.56574315971905,27,505,-76.80233918128656,10.652681343894773,-93,-51,1.0536374269005848,0.11331283302963896,1.0,2.61,4.135672514619883,1.3112117803424344,2,6,3.1333333333333333,1.3105588131824928,1,5,3.2,1.2761549390929894,1,5,97695.2514619883,99717.7680967296,9880,571336,59902304.74853801,99718.9255224639,59428664,59990120,0.16282542187302182,0.16619628395795158,0.016466666666666668,0.9522266666666666,99.83717457812698,0.1661962839579508,99.04777333333334,99.98353333333333,90.0,0.000265389360902227,89.99451599999999,90.005484,0.0,0.0,0.0,0.0,5.099692126315789,5.205267494649281,0.515736,29.823739199999995,3378.489987817544,5.624147399466909,3351.7766496,3383.442768,3473.58967994386,0.41899779577460794,3471.6003888,3473.9585039999997
run_0068_cfg_007_seed_8_mrhof,8,8,16,10,40.0,16,20,MRHOF,855,15,99.9877894736842,0.15054048645586626,96.87,100.0,100.0,0.0,100.0,100.0,171.32865497076023,77.02294928508555,28,452,-76.86666666666666,10.607253052992125,-93,-51,1.0446900584795322,0.08790358824364884,1.0,1.85,4.136842105263158,1.3159930817444698,2,7,3.1333333333333333,1.3105588131824937,1,5,3.2,1.2761549390929887,1,5,97129.00116959064,116186.37841973519,10736,565240,59902870.99883041,116186.27608229965,59434760,59989264,0.16188166711594487,0.19364396681028054,0.017893333333333334,0.9420666666666667,99.83811833288405,0.19364396681028045,99.05793333333334,99.98210666666667,90.0,0.00043825756759017663,89.99340000000001,90.00659999999999,0.0,0.0,0.0,0.0,5.070133861052631,6.064928953510178,0.5604192,29.505527999999995,3378.5219243340352,6.55290597104166,3352.120464,3383.3944896000003,3473.592058195088,0.48824874506989163,3471.625992,3473.9549088000003
run_0069_cfg_007_seed_9_mrhof,9,8,16,10,40.0,16,20,MRHOF,855,15,99.93477192982456,0.39506192341571167,92.3,100.0,99.96100584795322,1.140203941950634,66.66,100.0,171.25847953216373,76.54907562439998,23,377,-77.0,10.832231373727108,-93,-51,1.0419298245614035,0.08939240513266454,1.0,2.01,4.136842105263158,1.314212292763196,2,6,3.1333333333333333,1.3105588131824923,1,5,3.2,1.2761549390929887,1,5,96978.52631578948,91822.9506327931,10736,476904,59903021.473684214,91823.1556000713,59523096,59989264,0.16163087668676368,0.15303825158496692,0.017893333333333334,0.79484,99.83836912331323,0.15303825158496512,99.20516,99.98210666666667,90.0,0.0004086173865825827,89.99194800000001,90.00805199999999,0.0,0.0,0.0,0.0,5.06227907368421,4.793158023031802,0.5604192,24.894388799999998,3378.53041111579,5.1788259758439965,3357.1026144000007,3383.3944896000003,3473.592690189474,0.38596727428191907,3471.9970032000006,3474.2266056000003
run_0070_cfg_007_seed_10_mrhof,10,8,16,10,40.0,16,20,MRHOF,855,15,99.77414035087719,0.8500710420497165,87.5,100.0,99.88301754385965,1.9725772840063927,66.66,100.0,170.75087719298244,77.49794842674063,29,403,-77.0,10.832231373727117,-93,-51,1.0392280701754386,0.07581787099642576,1.0,1.5,4.136842105263158,1.3168825731909493,2,7,3.1333333333333333,1.310558813182493,1,5,3.2,1.2761549390929887,1,5,96808.47719298245,91556.28056773232,10736,455344,59903191.52280702,91565.55535194509,59539256,59989264,0.16134748384787712,0.1525939480069748,0.017893333333333334,0.758974974414364,99.83865251615212,0.15259394800697418,99.24102502558564,99.98210666666667,90.0,0.0005277958941248405,89.9919,90.00810000000001,0.0,0.0,0.0,0.0,5.053402509473684,4.779237845635622,0.5604192,23.7689568,3378.540001886316,5.1642973218496895,3358.0140384000006,3383.3944896000003,3473.5934043957895,0.3855725550817882,3471.7748952000006,3473.9549088000003
run_0071_cfg_008_seed_1_of0,1,8,16,10,40.0,16,20,OF0,855,15,99.83906432748537,0.8650359412751952,85.71,100.0,99.96100584795322,1.1402039419506333,66.66,100.0,168.4374269005848,76.81586610923203,31,451,-77.04912280701754,10.68452978048635,-93,-51,1.0453099415204679,0.10957813967649496,1.0,2.07,4.184795321637427,1.3801886725643848,2,10,3.1426900584795323,1.3238011291674023,1,6,3.2,1.2761549390929887,1,5,96891.02222222222,117595.33134067206,10736,570936,59903108.97777778,117594.75284665763,59429064,59989264,0.16148503346317394,0.1959922137637409,0.017893333333333334,0.9515600000000001,99.83851496653682,0.19599221376374149,99.04844,99.98210666666667,90.0,0.0005241962197641355,89.99151599999999,90.008484,0.0,0.0,0.0,0.0,5.057711359999999,6.138476295983084,0.5604192,29.802859199999997,3378.535346346667,6.632344060551366,3351.7992096000003,3383.3944896000003,3473.5930577066665,0.49425117707990657,3471.6020688000003,3474.119877600001
run_0072_cfg_008_seed_2_of0,2,8,16,10,40.0,16,20,OF0,855,15,99.9887485380117,0.1899894023165253,95.0,100.0,100.0,0.0,100.0,100.0,172.16491228070174,81.92200657242807,20,545,-76.95438596491228,10.789839366324731,-93,-51,1.0422573099415204,0.0737689235977715,1.0,1.4,4.141520467836258,1.319053322172816,2,7,3.1333333333333333,1.3105588131824926,1,5,3.2,1.2761549390929887,1,5,97543.24210526315,102152.36715293075,10736,513680,59902456.75789474,102150.89145492642,59486320,59989264,0.16257206561922458,0.17025391249500232,0.017893333333333334,0.8561333333333334,99.83742793438078,0.17025391249500219,99.14386666666667,99.98210666666667,90.0,0.0002475328379325564,89.99640000000001,90.0036,0.0,0.0,0.0,0.0,5.091757237894736,5.332353565382987,0.5604192,26.814096,3378.4985611452635,5.7613102780578,3355.028448,3383.3944896000003,3473.5903183831583,0.42905317479471583,3471.842544,3473.9549088000003
run_0073_cfg_008_seed_3_of0,3,8,16,10,40.0,16,20,OF0,855,15,99.86058479532164,0.5837516029619007,92.3,100.0,99.90252631578947,2.0541362120045146,50.0,100.0,169.6561403508772,75.72303243282961,29,424,-76.92046783625732,10.61551777255673,-93,-51,1.0341286549707602,0.06988721130789892,1.0,1.46,4.141520467836258,1.3163874450977662,2,7,3.1333333333333333,1.3105588131824923,1,5,3.2,1.2761549390929878,1,5,96799.98128654971,110958.33512154811,10736,545528,59903200.01871345,110958.0198658589,59454472,59989264,0.16133329774152413,0.18493055366764308,0.017893333333333334,0.9092133333333333,99.83866670225846,0.184930553667642,99.09078666666666,99.98210666666667,90.0,0.000747120373472958,89.990556,90.00944399999999,0.0,0.0,0.0,0.0,5.052959023157895,5.792025093344812,0.5604192,28.4765616,3378.540481055439,6.258032320434418,3353.2322208,3383.3944896000003,3473.593440078597,0.4668336370358116,3471.7087824,3474.2538936
run_0074_cfg_008_seed_4_of0,4,8,16,10,40.0,16,20,OF0,855,15,99.92906432748539,0.2537785907843698,98.14,100.0,99.92201169590643,1.6115475201492238,66.66,100.0,171.7251461988304,77.59487966699096,28,406,-76.88304093567251,10.642712765276395,-93,-51,1.0511812865497077,0.09389881257516886,1.0,1.63,4.16374269005848,1.3398399111752994,2,7,3.134502923976608,1.3117788143503177,1,5,3.2,1.2761549390929885,1,5,97037.03391812865,104154.26839166874,10736,562256,59902962.96608187,104155.42710599584,59437744,59989264,0.1617283925922396,0.1735904678029703,0.017893333333333334,0.9370933333333333,99.83827160740775,0.173590467802971,99.06290666666666,99.98210666666667,90.0,0.00031939638620663395,89.99340000000001,90.00659999999999,0.0,0.0,0.0,0.0,5.065333170526315,5.436852810045107,0.5604192,29.349763199999998,3378.527111287018,5.874366088778104,3352.2887616000007,3383.3944896000003,3473.592444457544,0.4376760867724021,3471.6385248000006,3473.9549088000003
run_0075_cfg_008_seed_5_of0,5,8,16,10,40.0,16,20,OF0,855,15,99.96113450292398,0.19807031470989422,97.22,100.0,99.96100584795322,1.140203941950636,66.66,100.0,171.59298245614036,77.46562551033927,23,451,-76.79181286549708,10.651546197863519,-93,-51,1.036877192982456,0.08362794055673116,1.0,1.83,4.166081871345029,1.352600225616725,2,8,3.146198830409357,1.330037217611907,1,6,3.2,1.2761549390929883,1,5,97248.60818713451,102078.17363524371,10736,555080,59902751.39181287,102080.32769876036,59444920,59989264,0.1620810181873811,0.17013029784142356,0.017893333333333334,0.9251333333333334,99.83791898181262,0.1701302978414221,99.07486666666668,99.98210666666667,90.0,0.0005038761975755915,89.99151599999999,90.008484,0.0,0.0,0.0,0.0,5.076377347368421,5.328480663759719,0.5604192,28.975175999999998,3378.5151784982463,5.75733048221007,3352.6934880000003,3383.3944896000003,3473.5915558456145,0.42926189078496657,3471.6686640000003,3473.9549088000003
run_0076_cfg_008_seed_6_of0,6,8,16,10,40.0,16,20,OF0,855,15,99.78180116959065,0.7523916793191573,92.3,100.0,99.90252631578947,2.0541362120045092,50.0,100.0,171.14269005847953,78.81060057661604,27,446,-77.18362573099415,10.730473293209986,-93,-51,1.0393333333333332,0.08395047050987325,1.0,1.74,4.160233918128655,1.3468012034142238,2,8,3.1450292397660817,1.3261980904157025,1,7,3.2,1.2761549390929883,1,5,97527.58830409357,112148.06389221245,10224,533960,59902472.411695905,112149.28443527104,59466040,59989776,0.16254598166667064,0.18691347036094416,0.01704,0.8899333333333334,99.83745401833333,0.18691347036094316,99.11006666666667,99.98295999999999,90.0,0.0006558995467729823,89.990364,90.009636,0.0,0.0,0.0,0.0,5.090940109473684,5.854128935173487,0.5336928,27.872711999999996,3378.4994440196497,6.325219642149239,3353.8846560000006,3383.4233664000003,3473.5903841291233,0.47172308098191346,3471.7573680000005,3474.2266056000003
run_0077_cfg_008_seed_7_of0,7,8,16,10,40.0,16,20,OF0,855,15,99.99118128654972,0.11956648322875482,97.43,100.0,100.0,0.0,100.0,100.0,169.31578947368422,75.80614942987276,27,421,-76.8795321637427,10.662075309149193,-93,-51,1.0339181286549708,0.07300969000688513,1.0,1.57,4.15438596491228,1.3321906439194724,2,8,3.1391812865497077,1.3175261694340434,1,6,3.2,1.2761549390929894,1,5,96820.25730994152,102624.84460856138,10224,533040,59903179.74269006,102624.79298741027,59466960,59989776,0.16136709532725063,0.17104140630331421,0.01704,0.8884,99.83863290467275,0.17104140630331383,99.1116,99.98295999999999,90.0,8.335921534077306e-05,89.998296,90.001704,0.0,0.0,0.0,0.0,5.054017431578947,5.357016888566903,0.5336928,27.824688,3378.53933748772,5.788038324489903,3353.936544,3383.4233664000003,3473.5933549192982,0.43103249740379573,3471.7612320000003,3473.9570592000005
run_0078_cfg_008_seed_8_of0,8,8,16,10,40.0,16,20,OF0,855,15,99.93830409356725,0.36963023636368914,91.66,100.0,99.94152046783626,1.7099639201419239,50.0,100.0,169.22456140350877,77.38797058250616,20,418,-76.97777777777777,10.822745681931112,-93,-51,1.0338362573099416,0.07590065826516867,1.0,1.67,4.15906432748538,1.34476487391467,2,8,3.141520467836257,1.321713822224488,1,6,3.2,1.2761549390929887,1,5,96656.55204678363,91484.84130061071,10736,470856,59903343.44795322,91484.94075819697,59529144,59989264,0.16109425365055952,0.1524747360419523,0.017893333333333334,0.78476,99.83890574634944,0.15247473604195103,99.21524000000001,99.98210666666667,90.0,4.6359555982371756e-05,89.999064,90.00093600000001,0.0,0.0,0.0,0.0,5.045472016842105,4.775508715891882,0.5604192,24.5786832,3378.5485704645616,5.159750658762269,3357.4437216000006,3383.3944896000003,3473.5940424814034,0.38424595668084605,3472.0224048000005,3473.9549088000003
run_0079_cfg_008_seed_9_of0,9,8,16,10,40.0,16,20,OF0,855,15,99.80615204678362,0.9254199883515919,83.33,100.0,99.88301754385965,1.9725772840063933,66.66,100.0,170.6701754385965,76.25059595477697,22,420,-76.7953216374269,10.656615040877162,-93,-51,1.0369707602339182,0.08174655432515165,1.0,1.6,4.167251461988304,1.3572094946384856,2,9,3.1485380116959063,1.3376793462521148,1,7,3.2,1.2761549390929887,1,5,96985.40350877192,98127.13189239934,10736,529464,59903014.596491225,98127.13189239988,59470536,59989264,0.16164233918128657,0.16354521982066547,0.017893333333333334,0.88244,99.8383576608187,0.16354521982066716,99.11756,99.98210666666667,90.0,0.0,90.0,90.0,0.0,0.0,0.0,0.0,5.062638063157895,5.122236284783246,0.5604192,27.6380208,3378.5300232421055,5.534370238731277,3354.138230400001,3383.3944896000003,3473.592661305263,0.41213395394799984,3471.776251200001,3473.9549088000003
run_0080_cfg_008_seed_10_of0,10,8,16,10,40.0,16,20,OF0,855,15,99.9053567251462,0.4684048697576485,92.3,100.0,99.96100584795322,1.1402039419506333,66.66,100.0,169.10409356725145,75.79939115751996,25,385,-76.71228070175438,10.691721340076828,-93,-51,1.030315789473684,0.07103298320894444,1.0,1.63,4.153216374269006,1.3389012303562962,2,8,3.1380116959064326,1.3172049304883642,1,6,3.2,1.2761549390929887,1,5,96595.05029239766,93429.08752153345,10736,491128,59903404.949707605,93429.0875215329,59508872,59989264,0.16099175048732942,0.1557151458692225,0.017893333333333334,0.8185466666666666,99.83900824951267,0.15571514586922314,99.18145333333334,99.98210666666667,90.0,0.0,90.0,90.0,0.0,0.0,0.0,0.0,5.042261625263157,4.87699836862405,0.5604192,25.6368816,3378.552039163509,5.269400536214458,3356.3003808,3383.3944896000003,3473.594300788772,0.39240216759037355,3471.9372624,3473.9549088000003
run_0081_cfg_009_seed_1_mrhof,1,8,16,10,50.0,12,10,MRHOF,627,11,99.98122807017545,0.13667756877065426,97.14,100.0,99.97341307814992,0.6657356737030317,83.33,100.0,110.72408293460926,54.910343223182295,33,286,-69.72727272727273,10.922348899819982,-94,-52,1.0170972886762362,0.04655748216980394,1.0,1.41,3.090909090909091,0.9966542927526431,2,5,2.090909090909091,0.9966542927526431,1,4,4.545454545454546,1.7782204486465953,1,7,106828.24880382775,98809.99828348059,25560,389160,59893171.751196176,98808.44290975889,59611768,59974440,0.17804707695744865,0.16468330329561978,0.0426,0.6485820991340638,99.82195292304256,0.16468330329561942,99.35141790086594,99.95739999999999,90.0,0.00014040398126586917,89.997516,90.002484,0.0,0.0,0.0,0.0,5.576434587559808,5.157881910397689,1.3342319999999999,20.314152,3377.9748867674643,5.572796180110379,3362.1037152000004,3382.5584160000008,3473.5513213550244,0.4149447542012577,3472.3694256000003,3473.892648000001
run_0082_cfg_009_seed_2_mrhof,2,8,16,10,50.0,12,10,MRHOF,627,11,99.98926634768739,0.11746294718574235,98.27,100.0,100.0,0.0,100.0,100.0,110.48165869218501,54.176444356592306,31,269,-69.36363636363636,9.909904919308248,-94,-59,1.0174322169059011,0.04625540067282264,1.0,1.44,3.090909090909091,0.9966542927526437,2,5,2.090909090909091,0.9966542927526437,1,4,4.545454545454546,1.7782204486465947,1,7,107114.99840510367,74257.09157045672,26656,273752,59892876.3891547,74269.52603427807,59726248,59973344,0.17852504769601102,0.1237618911828686,0.04442666666666666,0.4562533333333334,99.82147495230399,0.12376189118286807,99.54374666666666,99.95557333333333,89.99998708133971,0.0003793363947790998,89.9919,90.003036,0.0,0.0,0.0,0.0,5.591402916746411,3.8762201799778437,1.3914431999999999,14.2898544,3377.958228348326,4.188801268333293,3368.5603872,3382.4966016000003,3473.5496183464115,0.3129168641778649,3472.796738400001,3473.8880448000004
run_0083_cfg_009_seed_3_mrhof,3,8,16,10,50.0,12,10,MRHOF,627,11,99.95738437001594,0.1354174138925433,98.94,100.0,99.94151515151515,1.0389724130551081,80.0,100.0,111.21690590111643,56.529198833547035,31,266,-69.27272727272727,11.234671035901577,-94,-52,1.0175438596491229,0.046483662729331736,1.0,1.43,3.090909090909091,0.9966542927526426,2,5,2.090909090909091,0.9966542927526426,1,4,4.545454545454546,1.7782204486465953,1,7,106803.07496012759,112258.91816563183,25560,459168,59893196.92503987,112259.56841952138,59540832,59974440,0.17800512595813137,0.1870982012286951,0.0426,0.7652800000000001,99.82199487404188,0.18709820122869425,99.23472,99.95739999999999,90.0,0.0004036741164994305,89.99383200000001,90.006168,0.0,0.0,0.0,0.0,5.57512051291866,5.8599155282459785,1.3342319999999999,23.9685696,3377.976306572249,6.3314396588609965,3358.1029248000004,3382.5584160000008,3473.551427085168,0.4717638238296444,3472.0714944000006,3474.0884976000007
run_0084_cfg_009_seed_4_mrhof,4,8,16,10,50.0,12,10,MRHOF,627,11,99.99011164274323,0.20154472222294462,95.0,100.0,100.0,0.0,100.0,100.0,110.52472089314195,54.58736244498292,29,250,-68.18181818181819,10.4077625803316,-94,-52,1.0181977671451354,0.05309680526953279,1.0,1.69,3.090909090909091,0.996654292752643,2,5,2.090909090909091,0.996654292752643,1,4,4.545454545454546,1.7782204486465958,1,7,106891.2663476874,90596.28383042329,25560,399368,59893108.733652316,90597.88330979303,59600632,59974440,0.17815211383328947,0.15099381011198656,0.0426,0.6656133333333333,99.82184788616671,0.15099381011198576,99.33438666666666,99.95739999999999,90.0,0.0003529338469455451,89.99396399999999,90.006036,0.0,0.0,0.0,0.0,5.579724103349282,4.729126015948094,1.3342319999999999,20.847009599999996,3377.971332577991,5.1097206186723465,3361.4756448,3382.5584160000008,3473.5510566813396,0.38082305613673645,3472.3226544,3473.892648000001
run_0085_cfg_009_seed_5_mrhof,5,8,16,10,50.0,12,10,MRHOF,627,11,99.89263157894737,0.4691140414200021,93.33,100.0,99.96810207336523,0.7987230638308719,80.0,100.0,109.45773524720893,54.04925617088806,31,265,-69.36363636363636,9.909904919308252,-94,-59,1.0107655502392345,0.031674072400567285,1.0,1.19,3.090909090909091,0.9966542927526436,2,5,2.090909090909091,0.9966542927526436,1,4,4.545454545454546,1.7782204486465947,1,7,106611.58532695375,74003.83414300982,25560,258384,59893388.414673045,74003.83414300997,59741616,59974440,0.17768597554492294,0.1233397235716832,0.0426,0.43064,99.82231402445508,0.12333972357168296,99.56935999999999,99.95739999999999,90.0,0.0,90.0,90.0,0.0,0.0,0.0,0.0,5.565124754066985,3.8630001422651126,1.3342319999999999,13.487644799999998,3377.9871065875604,4.17381624566575,3369.4271424000003,3382.5584160000008,3473.5522313416272,0.31081610340062066,3472.9147872000003,3473.892648000001
run_0086_cfg_009_seed_6_mrhof,6,8,16,10,50.0,12,10,MRHOF,627,11,99.94210526315788,0.21343314586026355,98.41,100.0,99.97341307814992,0.6657356737030337,83.33,100.0,109.91228070175438,55.43277561625181,32,259,-69.0909090909091,11.31835415886622,-94,-52,1.013205741626794,0.03691490212542808,1.0,1.29,3.090909090909091,0.9966542927526434,2,5,2.090909090909091,0.9966542927526434,1,4,4.545454545454546,1.7782204486465951,1,7,106600.93141945773,83690.02283575558,26656,334872,59893399.068580545,83689.2422427723,59665128,59973344,0.17766821674553765,0.13948336539861667,0.04442666666666666,0.55812,99.82233178325446,0.13948336539861603,99.44188,99.95557333333333,90.0,0.0002783932906544265,89.99563199999999,90.004368,0.0,0.0,0.0,0.0,5.564568620095693,4.368619192026439,1.3914431999999999,17.4803184,3377.987707467943,4.720073262492362,3365.1132192000005,3382.4966016000003,3473.5522760880385,0.35160523080430145,3472.5935376000007,3473.8880448000004
run_0087_cfg_009_seed_7_mrhof,7,8,16,10,50.0,12,10,MRHOF,627,11,99.99492822966508,0.05536217913999831,99.07,100.0,100.0,0.0,100.0,100.0,110.37161084529505,54.97720141291806,30,253,-69.54545454545455,9.80915775952275,-94,-59,1.0126475279106857,0.03808945884190828,1.0,1.4,3.090909090909091,0.9966542927526431,2,5,2.090909090909091,0.9966542927526431,1,4,4.545454545454546,1.7782204486465951,1,7,106718.43062200958,86917.34217753807,26656,323032,59893281.56937799,86917.34217753775,59676968,59973344,0.1778640510366826,0.1448622369625634,0.04442666666666666,0.5383866666666667,99.82213594896332,0.1448622369625626,99.46161333333333,99.95557333333333,90.0,0.0,90.0,90.0,0.0,0.0,0.0,0.0,5.570702078468899,4.537085261667486,1.3914431999999999,16.862270399999996,3377.9810805129187,4.902138098813161,3365.7809952000007,3382.4966016000003,3473.551782591388,0.3650528371456569,3472.6432656000006,3473.8880448000004
run_0088_cfg_009_seed_8_mrhof,8,8,16,10,50.0,12,10,MRHOF,627,11,99.9760606060606,0.16849251600718285,96.55,100.0,99.96810207336523,0.7987230638308714,80.0,100.0,110.18979266347688,54.8768067693716,24,263,-69.9090909090909,10.824907542036527,-94,-52,1.0141307814992027,0.04043298553602411,1.0,1.32,3.090909090909091,0.9966542927526431,2,5,2.090909090909091,0.9966542927526431,1,4,4.545454545454546,1.7782204486465942,1,7,106646.45614035087,98967.38503707144,25560,408184,59893353.543859646,98968.02875509964,59591816,59974440,0.17774409369892474,0.16494564297424144,0.0426,0.6803066666666666,99.82225590630107,0.16494564297424066,99.31969333333333,99.95739999999999,90.0,0.0005157003364942918,89.992332,90.007668,0.0,0.0,0.0,0.0,5.566945010526315,5.1660974989351285,1.3342319999999999,21.307204799999997,3377.9851398736846,5.581796821787631,3360.9784224000005,3382.5584160000008,3473.552084884211,0.4161420852631974,3472.2856272000004,3474.1505976
run_0089_cfg_009_seed_9_mrhof,9,8,16,10,50.0,12,10,MRHOF,627,11,99.97996810207337,0.2748574982573844,93.33,100.0,99.97341307814992,0.6657356737030319,83.33,100.0,110.49122807017544,54.69375532738743,26,246,-68.0909090909091,10.509072467364104,-94,-52,1.014401913875598,0.043439405810414854,1.0,1.57,3.090909090909091,0.9966542927526431,2,5,2.090909090909091,0.9966542927526431,1,4,4.545454545454546,1.7782204486465958,1,7,106769.67145135567,63280.40788099563,26656,279984,59893230.32854865,63280.40788099567,59720016,59973344,0.17794945241892612,0.10546734646832602,0.04442666666666666,0.46664,99.82205054758107,0.10546734646832535,99.53336,99.95557333333333,90.0,0.0,90.0,90.0,0.0,0.0,0.0,0.0,5.573376849760765,3.3032372913879717,1.3914431999999999,14.6151648,3377.9781905301434,3.569015004488133,3368.2089024000006,3382.4966016000003,3473.5515673799046,0.26577771310017256,3472.8240672000006,3473.8880448000004
run_0090_cfg_009_seed_10_mrhof,10,8,16,10,50.0,12,10,MRHOF,627,11,99.9830303030303,0.29394214516340544,92.85,100.0,100.0,0.0,100.0,100.0,110.1323763955343,54.773743341852985,31,272,-70.0,9.436690002901578,-94,-60,1.0161881977671452,0.04111057699663155,1.0,1.34,3.090909090909091,0.9966542927526434,2,5,2.090909090909091,0.9966542927526434,1,4,4.545454545454546,1.7782204486465951,1,7,106722.90909090909,73574.35673785728,25560,271528,59893277.09090909,73574.61221467405,59728472,59974440,0.17787151439794782,0.12262392815244263,0.0426,0.4525466666666667,99.82212848560205,0.12262392815244162,99.54745333333334,99.95739999999999,90.0,0.0004551259489338347,89.99194800000001,90.00805199999999,0.0,0.0,0.0,0.0,5.570935854545454,3.840581421716151,1.3342319999999999,14.173761599999999,3377.980827927273,4.149608128907622,3368.6858208000003,3382.5584160000008,3473.551763781819,0.3094898778851162,3472.8595824000004,3474.1325256000005
run_0091_cfg_010_seed_1_of0,1,8,16,10,50.0,16,20,OF0,855,15,99.74643274853801,0.9478483089212453,87.5,100.0,99.96100584795322,1.1402039419506333,66.66,100.0,148.49473684210525,79.36732943494077,23,350,-69.57426900584795,10.036411107238456,-94,-52,1.0341988304093568,0.0881173517539496,1.0,2.07,3.752046783625731,1.4123219533507438,2,8,2.7333333333333334,1.389657346608726,1,5,4.8,1.3767898718715414,3,7,84960.90760233918,65051.65620782749,10224,350152,59915039.09239766,65051.88266194803,59649848,59989776,0.1416015130543295,0.10841942933969995,0.01704,0.5835866666666667,99.85839848694567,0.10841942933970142,99.41641333333334,99.98295999999999,90.0,6.387927724134306e-05,89.99868,90.00132,0.0,0.0,0.0,0.0,4.434959376842105,3.3956964540485957,0.5336928,18.2779344,3379.2082048112284,3.668926182133781,3364.2514272000003,3383.4233664000003,3473.6431641880704,0.27324038614250473,3472.5293616000004,3473.9570592000005
run_0092_cfg_010_seed_2_of0,2,8,16,10,50.0,16,20,OF0,855,15,99.97680701754386,0.14513735381680407,98.27,100.0,99.94152046783626,1.7099639201419239,50.0,100.0,148.11111111111111,80.3813688291819,30,394,-71.0,9.331269984927875,-94,-52,1.0329707602339182,0.07014416627252568,1.0,1.82,3.7415204678362572,1.3975036389339044,2,8,2.7333333333333334,1.3896573466087272,1,5,4.8,1.3767898718715412,3,7,85190.59649122808,66993.57821518938,10736,346288,59914809.403508775,66995.8614562619,59653712,59989264,0.1419843306654198,0.11165597512720232,0.017893333333333334,0.5771466666666667,99.85801566933458,0.11165597512720342,99.42285333333334,99.98210666666667,90.0,0.0004163840327909726,89.9919,90.00810000000001,0.0,0.0,0.0,0.0,4.446949136842105,3.4970647828328825,0.5604192,18.0762336,3379.195250357895,3.7785665861331976,3364.4693568000002,3383.3944896000003,3473.6421994947373,0.28193041984565803,3472.5455904,3473.9549088000003
run_0093_cfg_010_seed_3_of0,3,8,16,10,50.0,16,20,OF0,855,15,99.96494736842105,0.2738607926677929,93.33,100.0,99.96100584795322,1.1402039419506367,66.66,100.0,149.46549707602338,82.06901999138469,16,408,-72.49473684210527,11.599065531880942,-94,-52,1.0430175438596492,0.08276553843402545,1.0,1.58,3.7555555555555555,1.416658630642588,2,7,2.7333333333333334,1.389657346608726,1,5,4.8,1.3767898718715428,3,7,85035.97660818713,79056.89078155231,10736,375216,59914964.02339181,79056.8226992858,59624784,59989264,0.14172662543139766,0.1317614806221761,0.017893333333333334,0.62536,99.8582733745686,0.1317614806221782,99.37464,99.98210666666667,90.0,0.0005844327099899979,89.991864,90.00813600000001,0.0,0.0,0.0,0.0,4.438877978947368,4.1267696987970295,0.5604192,19.5862752,3379.203970919298,4.4588048002396325,3362.8378176000006,3383.3944896000003,3473.642848898246,0.3327450043081122,3472.4240928000004,3474.1422624
run_0094_cfg_010_seed_4_of0,4,8,16,10,50.0,16,20,OF0,855,15,99.77771929824561,0.8529170586500656,87.5,100.0,99.92201169590643,1.6115475201492204,66.66,100.0,148.61520467836257,78.8441857295006,23,334,-71.14502923976609,11.327052878041764,-94,-52,1.0369473684210526,0.08022314189804629,1.0,1.65,3.749707602339181,1.4027563310281512,2,7,2.7333333333333334,1.3896573466087259,1,5,4.8,1.3767898718715423,3,7,84676.2947368421,74039.18688917675,10736,375240,59915323.70526316,74039.96067221998,59624760,59989264,0.1411271585370488,0.12339864734199063,0.017893333333333334,0.6254,99.85887284146295,0.12339864734198966,99.3746,99.98210666666667,90.0,0.0003931929465401649,89.9919,90.00810000000001,0.0,0.0,0.0,0.0,4.420102585263157,3.86484555561503,0.5604192,19.587528,3379.2242569768428,4.175853781913253,3362.8364640000004,3383.3944896000003,3473.6443595621054,0.31135265621076746,3472.4239920000005,3473.9549088000003
run_0095_cfg_010_seed_5_of0,5,8,16,10,50.0,16,20,OF0,855,15,99.98040935672515,0.25511662558993725,94.44,100.0,100.0,0.0,100.0,100.0,147.1906432748538,80.16096164489268,17,397,-71.67485380116959,10.68549813724798,-94,-52,1.023766081871345,0.05250262864361895,1.0,1.46,3.7391812865497074,1.3979063581178313,2,7,2.736842105263158,1.3941116860111482,1,6,4.8,1.3767898718715423,3,7,84550.79298245614,76810.56180280005,10736,341112,59915449.20701754,76813.38795366902,59658888,59989264,0.14091799415678638,0.1280176219733992,0.017893333333333334,0.5685199999999999,99.8590820058432,0.12801762197339955,99.43148000000001,99.98210666666667,90.0,0.00016666684153000236,89.996556,90.003444,0.0,0.0,0.0,0.0,4.413551393684211,4.009511326106166,0.5604192,17.8060464,3379.2313352757897,4.332275080586866,3364.7612832,3383.3944896000003,3473.644886669474,0.32282741296858486,3472.5673296,3473.9549088000003
run_0096_cfg_010_seed_6_of0,6,8,16,10,50.0,16,20,OF0,855,15,99.94204678362573,0.2783872047128665,98.0,100.0,99.92201169590643,1.611547520149222,66.66,100.0,147.5672514619883,79.10803897366374,26,357,-71.57777777777778,10.08375799907032,-94,-52,1.0306666666666666,0.07805390559085422,1.0,1.83,3.754385964912281,1.4135597318449804,2,7,2.7380116959064327,1.3939122490949212,1,6,4.8,1.376789871871541,3,7,84457.00116959064,72567.67374123471,10224,337448,59915548.44444445,72564.22859338232,59662552,59989776,0.14076164750223663,0.12094611186393575,0.01704,0.5624133333333333,99.85923835249775,0.12094611186393461,99.43758666666666,99.98295999999999,90.00000816842106,0.0004773711086234446,89.99151599999999,90.008484,0.0,0.0,0.0,0.0,4.408655461052631,3.788032569292451,0.5336928,17.614785599999998,3379.236932266667,4.092622492666718,3364.9679328,3383.4233664000003,3473.6455958961405,0.30510120234877236,3472.5827184,3474.1025976
run_0097_cfg_010_seed_7_of0,7,8,16,10,50.0,16,20,OF0,855,15,99.98995321637427,0.13292951297575326,97.43,100.0,100.0,0.0,100.0,100.0,146.46315789473684,80.21350746129481,22,372,-69.63976608187134,9.396736188649882,-94,-52,1.0288771929824563,0.06637769038870318,1.0,1.52,3.7473684210526317,1.404839235448646,2,7,2.736842105263158,1.394111686011148,1,5,4.8,1.3767898718715426,3,7,84438.98011695906,73382.04369050481,10224,335848,59915561.019883044,73381.15200468495,59664152,59989776,0.1407316316520879,0.12230340605210405,0.01704,0.5597466666666667,99.85926836834791,0.12230340605210208,99.44025333333333,99.98295999999999,90.0,9.93032400750953e-05,89.99794800000001,90.00205199999999,0.0,0.0,0.0,0.0,4.407714762105263,3.830542680644349,0.5336928,17.531265599999998,3379.237641521404,4.138696973064255,3365.0581728,3383.4233664000003,3473.645356283509,0.3081750607028038,3472.5894384000003,3473.9570592000005
run_0098_cfg_010_seed_8_of0,8,8,16,10,50.0,16,20,OF0,855,15,99.85312280701754,0.6974921302681707,90.0,100.0,99.92201169590643,1.6115475201492213,66.66,100.0,145.86666666666667,78.55416842567416,25,352,-69.56959064327485,8.841540854398968,-94,-52,1.0198479532163742,0.04764574870780758,1.0,1.34,3.734502923976608,1.388617226948229,2,6,2.7333333333333334,1.3896573466087274,1,5,4.8,1.376789871871542,3,7,83858.26432748538,71690.51766968468,15008,429952,59916141.73567251,71690.51766968527,59570048,59984992,0.1397637738791423,0.11948419611614124,0.025013333333333335,0.7165866666666667,99.86023622612086,0.11948419611614074,99.28341333333334,99.97498666666667,90.0,0.0,90.0,90.0,0.0,0.0,0.0,0.0,4.377401397894737,3.742245022357542,0.7834176,22.4434944,3379.27039389193,4.043345196570207,3359.7507072000003,3383.1535488000004,3473.647795289825,0.3011001742126871,3472.1942016000003,3473.9369664000005
run_0099_cfg_010_seed_9_of0,9,8,16,10,50.0,16,20,OF0,855,15,99.96395321637426,0.3181018758657996,91.66,100.0,99.96100584795322,1.1402039419506367,66.66,100.0,146.31345029239765,78.51681300373961,22,340,-70.01520467836258,10.252822901345173,-94,-52,1.0252982456140352,0.05360208745114262,1.0,1.44,3.736842105263158,1.394951365979314,2,7,2.7333333333333334,1.3896573466087265,1,5,4.8,1.3767898718715417,3,7,84184.38362573099,69343.41779692563,10736,286320,59915815.61637427,69342.95385564741,59713680,59989264,0.14030730477057127,0.11557236114334493,0.017893333333333334,0.4772,99.85969269522943,0.11557236114334472,99.5228,99.98210666666667,90.0,0.00024854846053917,89.99486399999999,90.005136,0.0,0.0,0.0,0.0,4.394424825263158,3.6197264089995165,0.5604192,14.945903999999999,3379.252000763509,3.910942597458492,3367.851552,3383.3944896000003,3473.646425588772,0.2913620255199518,3472.7974560000002,3473.9549088000003
run_0100_cfg_010_seed_10_of0,10,8,16,10,50.0,16,20,OF0,855,15,99.86325146198831,0.7575193406421524,87.5,100.0,99.96100584795322,1.1402039419506333,66.66,100.0,147.8058479532164,80.67089712266987,27,380,-71.27719298245614,9.621605838060246,-94,-52,1.0234269005847954,0.05293338110521729,1.0,1.44,3.736842105263158,1.3949513659793136,2,7,2.7333333333333334,1.3896573466087259,1,5,4.8,1.3767898718715428,3,7,84180.49122807017,74122.1521334338,10224,361304,59915819.508771926,74121.82502459198,59638696,59989776,0.14030081801391708,0.12353691681911806,0.01704,0.6021733333333333,99.85969918198607,0.12353691681911791,99.39782666666666,99.98295999999999,90.0,6.620216005042284e-05,89.99863200000001,90.001368,0.0,0.0,0.0,0.0,4.394221642105263,3.8691763413652454,0.5336928,18.8600688,3379.2522202947375,4.1804709313869095,3363.6224544000006,3383.4233664000003,3473.6464419368426,0.31130382645269433,3472.4825232000007,3473.9570592000005
run_0101_cfg_011_seed_1_of0,1,8,16,10,60.0,12,20,OF0,627,11,99.99776714513557,0.039761147957328366,99.22,100.0,100.0,0.0,100.0,100.0,94.36682615629984,39.95156072605132,19,204,-71.20095693779905,14.878350130212167,-93,-54,1.0141786283891547,0.04108457717710802,1.0,1.28,2.819776714513557,0.7201290804820769,2,5,1.8197767145135566,0.7201290804820767,1,4,5.818181818181818,2.3302678229409053,1,9,50577.51834130781,64466.889610026,10736,316152,59949422.48165869,64468.41714627325,59683848,59989264,0.08429586535203674,0.1074448259704257,0.017893333333333334,0.5269199999999999,99.91570413464797,0.10744482597042546,99.47308,99.98210666666667,90.0,0.00045783906934521054,89.9919,90.00810000000001,0.0,0.0,0.0,0.0,2.6401464574162676,3.3651716376433543,0.5604192,16.503134399999997,3381.1474279655504,3.636018727049814,3366.1690272,3383.3944896000003,3473.787574422967,0.2713835750044661,3472.6386503999997,3473.9549088000003
run_0102_cfg_011_seed_2_of0,2,8,16,10,60.0,12,20,OF0,627,11,99.9979744816587,0.05071891455325844,98.73,100.0,100.0,0.0,100.0,100.0,94.33333333333333,40.483052371164845,25,209,-69.78787878787878,14.232482528069438,-93,-51,1.0130143540669856,0.04462486288921015,1.0,1.38,2.824561403508772,0.7246258860529092,2,5,1.8197767145135566,0.7201290804820767,1,4,5.818181818181818,2.3302678229409066,1,9,50791.70653907496,31181.110130155517,10736,193032,59949208.29346093,31181.110130155997,59806968,59989264,0.0846528442317916,0.051968516883592525,0.017893333333333334,0.32172,99.9153471557682,0.0519685168835923,99.67828,99.98210666666667,90.0,0.0,90.0,90.0,0.0,0.0,0.0,0.0,2.6513270813397125,1.627653948794118,0.5604192,10.0762704,3381.1353477511966,1.7586146113407248,3373.1129952,3383.3944896000003,3473.786674832536,0.13096066254665276,3473.1892656,3473.9549088000003
run_0103_cfg_011_seed_3_of0,3,8,16,10,60.0,12,20,OF0,627,11,99.98741626794258,0.2262982225949366,94.73,100.0,100.0,0.0,100.0,100.0,94.16108452950559,40.88280473235146,21,218,-68.54545454545455,15.095830970583224,-93,-51,1.0126315789473683,0.04053866325410171,1.0,1.36,2.819776714513557,0.7179073786896522,2,4,1.8181818181818181,0.7163904098224004,1,3,5.818181818181818,2.330267822940906,1,9,50584.178628389156,45844.489651491844,10736,223200,59949415.82137161,45844.48965149197,59776800,59989264,0.0843069643806486,0.07640748275248638,0.017893333333333334,0.372,99.91569303561936,0.0764074827524855,99.628,99.98210666666667,90.0,0.0,90.0,90.0,0.0,0.0,0.0,0.0,2.6404941244019136,2.393082359807874,0.5604192,11.65104,3381.1470523253597,2.5856292163440986,3371.4115200000006,3383.3944896000003,3473.787546449761,0.1925468565362404,3473.0625600000008,3473.9549088000003
run_0104_cfg_011_seed_4_of0,4,8,16,10,60.0,12,20,OF0,627,11,99.98653907496012,0.19441642747624555,97.05,100.0,100.0,0.0,100.0,100.0,93.81818181818181,38.833207536225416,26,212,-68.55342902711324,14.96433246791217,-93,-51,1.0097767145135566,0.03280226215685235,1.0,1.31,2.8181818181818183,0.7163904098224003,2,4,1.8181818181818181,0.7163904098224003,1,3,5.818181818181818,2.3302678229409053,1,9,50373.94577352472,54460.29360617857,10736,266520,59949626.05422647,54460.293606178726,59733480,59989264,0.08395657628920787,0.09076715601029767,0.017893333333333334,0.4442,99.91604342371079,0.09076715601029701,99.5558,99.98210666666667,90.0,0.0,90.0,90.0,0.0,0.0,0.0,0.0,2.6295199693779905,2.842827326242521,0.5604192,13.912344,3381.1589094583737,3.071560559388482,3368.9682720000005,3383.3944896000003,3473.7884294277515,0.22873323314593394,3472.8806160000004,3473.9549088000003
run_0105_cfg_011_seed_5_of0,5,8,16,10,60.0,12,20,OF0,627,11,99.79676236044656,0.9390152951828828,87.5,100.0,99.94682615629985,1.331471347406061,66.66,100.0,95.4481658692185,42.64200229877954,19,248,-65.70334928229666,13.449754025002784,-93,-51,1.016347687400319,0.047977234420072935,1.0,1.35,2.8229665071770333,0.7275382825326515,2,5,1.8197767145135566,0.720129080482077,1,4,5.818181818181818,2.3302678229409066,1,9,50975.20893141946,39206.21622991055,10736,188264,59949024.791068584,39206.72545536476,59811736,59989264,0.08495868202330223,0.06534369439680203,0.017893333333333334,0.31377333333333335,99.9150413179767,0.06534369439680106,99.68622666666667,99.98210666666667,90.0,0.0001159858975667915,89.99794800000001,90.00205199999999,0.0,0.0,0.0,0.0,2.6609059062200955,2.04656448720133,0.5604192,9.827380799999998,3381.1249982162685,2.2112593156825597,3373.3819104000004,3383.3944896000003,3473.7859041224883,0.16475201783151522,3473.2092912000003,3473.9549088000003
run_0106_cfg_011_seed_6_of0,6,8,16,10,60.0,12,20,OF0,627,11,99.79154704944179,0.993962605092748,85.71,100.0,99.94682615629985,1.3314713474060609,66.66,100.0,94.30462519936204,40.593142541380786,22,205,-71.24720893141946,14.866535238347192,-93,-54,1.0131738437001594,0.03997171625909452,1.0,1.31,2.8181818181818183,0.7163904098224003,2,4,1.8181818181818181,0.7163904098224004,1,3,5.818181818181818,2.3302678229409057,1,9,50562.25837320574,63723.63036056019,10736,293072,59949437.74162679,63723.02145828757,59706928,59989264,0.08427042903792303,0.10620603975610182,0.017893333333333334,0.4884533333333333,99.91572957096207,0.10620603975610182,99.51154666666666,99.98210666666667,90.0,0.0002882690436614996,89.9949,90.0051,0.0,0.0,0.0,0.0,2.6393498870813397,3.3263735048212415,0.5604192,15.298358399999998,3381.1482886277513,3.5939784102474293,3367.4707392000005,3383.3944896000003,3473.787638514833,0.26781846150705757,3472.7690976000004,3473.9549088000003
run_0107_cfg_011_seed_7_of0,7,8,16,10,60.0,12,20,OF0,627,11,99.93985645933014,0.24115631681446578,98.38,100.0,99.94682615629985,1.3314713474060613,66.66,100.0,93.71291866028709,40.03042623473931,23,236,-66.82296650717703,13.590975515647413,-93,-51,1.0116746411483255,0.035324638352730496,1.0,1.35,2.821371610845295,0.721634659735843,2,5,1.8197767145135566,0.7201290804820765,1,4,5.818181818181818,2.330267822940906,1,9,50698.80701754386,36917.10317685675,10736,167984,59949301.19298246,36917.40503489684,59832016,59989264,0.08449801196069509,0.061528505279557215,0.017893333333333334,0.2799733333333333,99.9155019880393,0.061528505279557104,99.72002666666666,99.98210666666667,90.0,8.478501284173586e-05,89.9985,90.0015,0.0,0.0,0.0,0.0,2.6464777263157893,1.9270727858319219,0.5604192,8.768764799999998,3381.140587284211,2.0821416439681606,3374.5257024000007,3383.3944896000003,3473.787065010527,0.15510133638718246,3473.294467200001,3473.9684232
run_0108_cfg_011_seed_8_of0,8,8,16,10,60.0,12,20,OF0,627,11,99.99443381180224,0.08223198311258899,98.52,100.0,100.0,0.0,100.0,100.0,95.16905901116428,41.22144824141329,22,242,-68.76236044657097,14.861747953954385,-93,-51,1.013732057416268,0.042087444828760506,1.0,1.35,2.819776714513557,0.7201290804820766,2,5,1.8181818181818181,0.7163904098224008,1,3,5.818181818181818,2.330267822940906,1,9,50772.13397129186,53808.454738658045,10736,255984,59949227.86602871,53808.45473865798,59744016,59989264,0.08462022328548645,0.08968075789776339,0.017893333333333334,0.42664,99.9153797767145,0.08968075789776307,99.57336,99.98210666666667,90.0,0.0,90.0,90.0,0.0,0.0,0.0,0.0,2.6503053933014353,2.8088013373579517,0.5604192,13.362364799999998,3381.1364516440194,3.0347968472603037,3369.5625024000005,3383.3944896000003,3473.7867570373205,0.22599550990234504,3472.9248672000003,3473.9549088000003
run_0109_cfg_011_seed_9_of0,9,8,16,10,60.0,12,20,OF0,627,11,99.73349282296651,0.9241207294245951,87.5,100.0,99.89365231259968,1.881480254801494,66.66,100.0,94.28070175438596,41.50115661984264,23,241,-69.93460925039872,14.35728038198318,-93,-54,1.0106698564593302,0.036494094674967364,1.0,1.31,2.819776714513557,0.7201290804820768,2,5,1.8197767145135566,0.7201290804820769,1,4,5.818181818181818,2.3302678229409057,1,9,50630.82615629984,64477.98425130787,10736,294040,59949369.1738437,64478.23341232699,59705960,59989264,0.08438471063178461,0.10746330747298473,0.017893333333333334,0.4900666666666667,99.91561528936822,0.10746330747298519,99.50993333333334,99.98210666666667,90.0,0.00010988137664321106,89.99805599999999,90.001944,0.0,0.0,0.0,0.0,2.6429291253588514,3.3657507779182687,0.5604192,15.348888,3381.1444214047856,3.636572364455262,3367.4161440000003,3383.3944896000003,3473.787350530144,0.27085276199515795,3472.7650320000002,3473.9549088000003
run_0110_cfg_011_seed_10_of0,10,8,16,10,60.0,12,20,OF0,627,11,99.97784688995215,0.34493689125400806,92.3,100.0,100.0,0.0,100.0,100.0,94.65231259968103,39.5620232135008,23,197,-68.7511961722488,15.156014348472471,-93,-51,1.0182137161084528,0.049402166559464805,1.0,1.41,2.8229665071770333,0.7231335811540859,2,5,1.8181818181818181,0.7163904098224003,1,3,5.818181818181818,2.330267822940905,1,9,50668.33811802233,39686.475519786574,10736,226192,59949331.661881976,39686.57960448812,59773808,59989264,0.08444723029412934,0.06614412672936087,0.017893333333333334,0.37698666666666664,99.91555276970587,0.0661441267293603,99.62301333333333,99.98210666666667,90.0,5.2905848014052286e-05,89.999064,90.00093600000001,0.0,0.0,0.0,0.0,2.644887249760765,2.071634022132858,0.5604192,11.807222399999999,3381.142305730144,2.2383230896931163,3371.2427712000003,3383.3944896000003,3473.787192979905,0.16670082537781078,3473.0499936000006,3473.9549088000003
run_0111_cfg_012_seed_1_of0,1,8,18,0,40.0,16,10,OF0,855,15,99.65397660818712,0.6807215481752225,91.66,100.0,99.73487719298247,3.520674561805832,33.33,100.0,176.35906432748538,77.84677473318999,36,384,-77.0233918128655,10.687356674949655,-93,-51,1.0516374269005848,0.08726596404378328,1.0,1.67,4.212865497076024,1.4336449344405438,2,8,3.1964912280701756,1.4245215613626676,1,7,3.2,1.2761549390929887,1,5,181363.05029239767,229212.77498224087,24632,1470344,59818636.90292398,229211.82242763607,58529656,59975368,0.30227174248527316,0.3820212646914305,0.04105333333333334,2.4505733333333337,99.69772825751473,0.3820212646914291,97.54942666666668,99.95894666666668,89.99999992982455,0.0005985567143295992,89.99113200000001,90.008868,0.0,0.0,0.0,0.0,9.467151225263157,11.964906854072987,1.2857904,76.75195679999999,3373.7711213249127,12.927546784918727,3301.0725984000005,3382.6107552000003,3473.2382724800004,0.9628956169178273,3467.8245552000003,3473.8965456000005
run_0112_cfg_012_seed_2_of0,2,8,18,0,40.0,16,10,OF0,855,15,99.85382456140351,0.5260708869387848,91.66,100.0,99.89472514619884,1.379080451877628,80.0,100.0,175.4187134502924,76.96104507932027,35,385,-77.0421052631579,10.750441645005898,-93,-51,1.0443625730994153,0.0760871834642115,1.0,1.54,4.145029239766082,1.3200030046932854,2,7,3.1333333333333333,1.3105588131824926,1,5,3.2,1.2761549390929887,1,5,176759.07368421054,197599.5701154029,25120,947480,59823240.92631579,197600.8601074563,59052520,59974880,0.2945984599460093,0.329332651764972,0.04186666666666667,1.5791333333333335,99.70540154005398,0.3293326517649713,98.42086666666667,99.95813333333334,90.0,0.0007327800197718955,89.990748,90.00925200000002,0.0,0.0,0.0,0.0,9.226823646315788,10.314697560024028,1.311264,49.458456,3374.0307882442107,11.144688510060542,3330.5621280000005,3382.5832320000004,3473.2576118905267,0.8304397674507987,3470.0205840000003,3474.1536936
run_0113_cfg_012_seed_3_of0,3,8,18,0,40.0,16,10,OF0,855,15,99.83155555555555,0.5498637590584522,91.66,100.0,99.73487719298247,2.905062076774347,40.0,100.0,175.73801169590644,77.54454272295554,32,424,-76.9859649122807,10.713089871224424,-93,-51,1.0505380116959064,0.07955344126509747,1.0,1.55,4.19766081871345,1.4074056894694877,2,8,3.1847953216374267,1.4020737147587605,1,7,3.2,1.2761549390929878,1,5,181372.60350877192,205543.40235995315,25560,944656,59818627.39649123,205542.60869695453,59055344,59974440,0.30228766619703784,0.34257228348198066,0.0426,1.5744266666666666,99.69771233380297,0.34257228348197927,98.42557333333333,99.95739999999999,90.0,0.0005444042099339858,89.9919,90.00810000000001,0.0,0.0,0.0,0.0,9.467649903157893,10.729365603189557,1.3342319999999999,49.3110432,3373.7705851621054,11.592603130508198,3330.7214016000003,3382.5584160000008,3473.238235065264,0.8634735243447148,3470.0324448,3473.892648000001
run_0114_cfg_012_seed_4_of0,4,8,18,0,40.0,16,10,OF0,855,15,99.77321637426901,0.6271664605880874,90.9,100.0,99.69588304093567,3.6088391531270823,33.33,100.0,177.20350877192982,82.61050075776855,33,970,-76.82222222222222,10.51390168041376,-93,-51,1.0498245614035089,0.08569644212150225,1.0,1.65,4.208187134502924,1.4302448530398322,2,9,3.191812865497076,1.4144382165554472,1,7,3.2,1.2761549390929885,1,5,187474.48888888888,230065.3949150215,25560,1580872,59812525.51111111,230068.41930336476,58419128,59974440,0.3124574992959215,0.3834423593581114,0.0426,2.634786666666667,99.68754250070408,0.38344235935811094,97.36521333333333,99.95739999999999,90.0,0.0004940557952352997,89.99194800000001,90.00805199999999,0.0,0.0,0.0,0.0,9.78616832,12.009413614564117,1.3342319999999999,82.52151839999999,3373.426438826667,12.975858848709795,3294.8388192,3382.5584160000008,3473.2126071466673,0.9666242473421478,3467.3603376,3473.892648000001
run_0115_cfg_012_seed_5_of0,5,8,18,0,40.0,16,10,OF0,855,15,99.89004678362573,0.4567820932487486,92.3,100.0,99.94150877192983,0.9862886420031953,83.33,100.0,172.92865497076022,76.32144710369053,37,439,-76.67251461988305,10.685974528877171,-93,-51,1.0493684210526317,0.0907634735733039,1.0,1.94,4.155555555555556,1.3377561306162276,2,8,3.1380116959064326,1.3207560374276879,1,7,3.2,1.2761549390929883,1,5,176987.16257309943,166253.0194914765,25560,868208,59823012.8374269,166252.44517487078,59131792,59974440,0.294978600539164,0.2770883640286054,0.0426,1.4470133333333333,99.70502139946085,0.2770883640286051,98.55298666666667,99.95739999999999,90.0,0.00042332467981778755,89.99142,90.00858,0.0,0.0,0.0,0.0,9.23872988631579,8.678407617455079,1.3342319999999999,45.3204576,3374.017924030877,9.376637907862703,3335.0330688,3382.5584160000008,3473.2566539171935,0.6984067386043613,3470.3535263999997,3473.892648000001
run_0116_cfg_012_seed_6_of0,6,8,18,0,40.0,16,10,OF0,855,15,99.82808187134502,0.5721937470435523,92.85,100.0,99.88693567251462,1.4785582934076928,80.0,100.0,176.9298245614035,81.27270563284169,34,631,-77.07602339181287,10.716380820581357,-93,-51,1.0477777777777777,0.09001156429592676,1.0,1.74,4.1836257309941525,1.380769038777742,2,9,3.16140350877193,1.3583492856974926,1,7,3.2,1.2761549390929883,1,5,179477.38947368422,215954.32625582145,25560,969016,59820522.610526316,215953.1759767422,59030984,59974440,0.29912897446110215,0.3599238241378667,0.0426,1.6150266666666666,99.70087102553889,0.3599238241378665,98.38497333333333,99.95739999999999,90.0,0.0004269738843213486,89.99340000000001,90.00659999999999,0.0,0.0,0.0,0.0,9.368719730526315,11.27281583055387,1.3342319999999999,50.5826352,3373.8774752336844,12.17975912508827,3329.3474976,3382.5584160000008,3473.246194964211,0.9070804438725111,3469.9301328,3473.892648000001
run_0117_cfg_012_seed_7_of0,7,8,18,0,40.0,16,10,OF0,854,15,99.81912177985949,0.4831054794362277,91.66,100.0,99.8204449648712,1.8528027091809103,80.0,100.0,175.18032786885246,78.62836615530972,34,387,-76.97423887587821,10.61626488073374,-93,-51,1.04903981264637,0.0820845977014005,1.0,1.63,4.156908665105386,1.3353232586204558,2,7,3.139344262295082,1.3244999643905009,1,6,3.201405152224824,1.2762407767743829,1,5,182812.18735362997,229950.4260515045,25560,2007816,59817187.81264637,229949.12621927046,57992184,59974440,0.3046869662771462,0.3832506267682836,0.0426,3.3463600000000002,99.69531303372285,0.3832506267682827,96.65364,99.95739999999999,90.0,0.0008477222000675996,89.99151599999999,90.008484,0.0,0.0,0.0,0.0,9.542796179859485,12.003412239888537,1.3342319999999999,104.8079952,3373.689392633256,12.96913071876682,3270.7591776000004,3382.5584160000008,3473.232188813115,0.9662305490165235,3465.5671728,3473.9485368
run_0118_cfg_012_seed_8_of0,8,8,18,0,40.0,16,10,OF0,855,15,99.94136842105263,0.34254574379114006,91.66,100.0,99.96100584795322,0.8057737600746121,83.33,100.0,175.76491228070176,78.6924150811113,29,388,-77.01520467836258,10.74108760444871,-93,-51,1.0530760233918128,0.10319719225842758,1.0,2.61,4.19766081871345,1.4098994772235391,2,9,3.174269005847953,1.383676126520028,1,7,3.2,1.2761549390929887,1,5,177629.50175438597,201995.75267593897,25560,1004088,59822370.49824561,201997.32211968032,58995912,59974440,0.29604917690524857,0.33665965266308134,0.0426,1.67348,99.70395082309474,0.33665965266308034,98.32651999999999,99.95739999999999,90.0,0.0004959317396560109,89.99113200000001,90.008868,0.0,0.0,0.0,0.0,9.272259991578947,10.544178289684021,1.3342319999999999,52.413393600000006,3373.9816961010533,11.392648967550013,3327.3694368,3382.5584160000008,3473.253956092632,0.8486732878145445,3469.7828304,3473.892648000001
run_0119_cfg_012_seed_9_of0,9,8,18,0,40.0,16,10,OF0,855,15,99.8754619883041,0.43439827896898253,94.73,100.0,99.86743859649123,1.5832677834632372,80.0,100.0,176.40818713450292,79.13438709529856,33,423,-77.046783625731,10.786849519058107,-93,-51,1.0572514619883042,0.12202161734839909,1.0,2.98,4.171929824561404,1.3566240972375045,2,10,3.1403508771929824,1.321395674200161,1,6,3.2,1.2761549390929887,1,5,178332.47251461988,190102.8926027825,25560,977192,59821667.52748538,190103.35034009945,59022808,59974440,0.29722078590105716,0.31683813402030847,0.0426,1.6286533333333333,99.70277921409894,0.3168381340203072,98.37134666666667,99.95739999999999,90.0,0.0008116026300092178,89.99151599999999,90.008484,0.0,0.0,0.0,0.0,9.308955065263158,9.923370993865252,1.3342319999999999,51.0094224,3373.942048550176,10.721828959181599,3328.8863712,3382.5584160000008,3473.251003615439,0.7990284481268739,3469.8957936,3474.0643368000005
run_0120_cfg_012_seed_10_of0,10,8,18,0,40.0,16,10,OF0,855,15,99.86563742690058,0.3967355486380006,92.85,100.0,99.93761403508772,1.056068741016065,80.0,100.0,175.03157894736842,77.44370280821327,33,349,-77.00350877192983,10.785484948131673,-93,-51,1.0516608187134502,0.08783261730184518,1.0,1.7,4.166081871345029,1.3404254865871923,2,8,3.146198830409357,1.3265109568842595,1,7,3.2,1.2761549390929887,1,5,177340.0514619883,193420.8239916009,25216,910768,59822659.94853801,193422.50994896507,59089232,59974784,0.29556675955186024,0.3223680433134268,0.04202666666666667,1.5179466666666668,99.70443324044814,0.3223680433134254,98.48205333333333,99.95797333333334,90.0,0.0005611631279810393,89.99194800000001,90.00805199999999,0.0,0.0,0.0,0.0,9.25715068631579,10.096567012361561,1.3162751999999998,47.5420896,3373.9980210975446,10.909029561121631,3332.6326848000003,3382.5778176000003,3473.25517178386,0.8127328301816906,3470.1747744000004,3473.9318328
run_0121_cfg_013_seed_1_of0,1,8,18,0,40.0,16,20,OF0,855,15,99.80667836257311,0.6509290483120465,92.85,100.0,99.92201169590643,1.6115475201492226,66.66,100.0,172.9859649122807,79.20064514601152,24,412,-77.10760233918128,10.777399621668806,-93,-51,1.0407602339181288,0.09672146595521576,1.0,1.82,4.2140350877192985,1.4297899400863383,2,8,3.1847953216374267,1.4004023924815376,1,7,3.2,1.2761549390929887,1,5,94130.57309941521,104031.88670334496,10224,563576,59905869.42690059,104034.6738359553,59436424,59989776,0.15688429506927573,0.17338650943008962,0.01704,0.9392933333333334,99.84311570493072,0.17338650943008974,99.06070666666666,99.98295999999999,90.0,0.0004908175658062134,89.99340000000001,90.00659999999999,0.0,0.0,0.0,0.0,4.913615915789474,5.430464485914603,0.5336928,29.418667199999994,3378.691035677193,5.867555604347842,3352.214313600001,3383.4233664000003,3473.604651592983,0.4374759123249834,3471.632980800001,3473.9570592000005
run_0122_cfg_013_seed_2_of0,2,8,18,0,40.0,16,20,OF0,855,15,99.98962573099416,0.13255850298713365,97.22,100.0,100.0,0.0,100.0,100.0,170.8187134502924,76.04612261089193,27,408,-76.45964912280702,10.430788841148974,-93,-51,1.036187134502924,0.08888042949735395,1.0,2.61,4.166081871345029,1.3817209063622302,2,11,3.1497076023391815,1.3588281159991222,1,10,3.2,1.2761549390929887,1,5,94675.99532163743,90723.33984978069,9904,455504,59905324.00467836,90721.87612719135,59544496,59990096,0.1577933210632518,0.15120555233933045,0.016506666666666666,0.7591733333333333,99.84220667893676,0.15120555233933172,99.24082666666666,99.98349333333333,90.0,0.0003587204426453066,89.99301600000001,90.006984,0.0,0.0,0.0,0.0,4.942086955789473,4.735758340158552,0.5169887999999999,23.7773088,3378.66027386386,5.116713813573546,3358.3095744000007,3383.4414144000007,3473.602360819649,0.3811865869087451,3472.0868832000006,3473.9584032000007
run_0123_cfg_013_seed_3_of0,3,8,18,0,40.0,16,20,OF0,855,15,99.90501754385964,0.3972640252789659,95.23,100.0,99.92201169590643,1.611547520149221,66.66,100.0,168.37894736842105,76.52743780236987,25,383,-76.9485380116959,10.661479155812758,-93,-51,1.0487134502923976,0.12202038833803898,1.0,2.7,4.170760233918129,1.360650160513987,2,10,3.1333333333333333,1.3105588131824923,1,5,3.2,1.2761549390929878,1,5,93883.91111111111,109817.86226033559,10224,607264,59906116.08888889,109817.86226033558,59392736,59989776,0.1564731851851852,0.18302977043389249,0.01704,1.0121066666666667,99.84352681481481,0.18302977043389315,98.98789333333333,99.98295999999999,90.0,0.0,90.0,90.0,0.0,0.0,0.0,0.0,4.90074016,5.732492409989516,0.5336928,31.699180799999997,3378.7049474133337,6.1937274314829,3349.7503104,3383.4233664000003,3473.605687573334,0.4612350214934161,3471.4494912,3473.9570592000005
run_0124_cfg_013_seed_4_of0,4,8,18,0,40.0,16,20,OF0,855,15,99.67273684210527,1.0126252175090291,85.71,100.0,99.90252631578947,2.0541362120045106,50.0,100.0,167.23976608187135,74.16143104570024,28,355,-77.25730994152046,10.750599994849452,-93,-51,1.036701754385965,0.08384843962949035,1.0,1.91,4.155555555555556,1.342125577907983,2,8,3.136842105263158,1.3142122927631954,1,5,3.2,1.2761549390929885,1,5,92900.42573099415,112967.13987802526,10224,563968,59907099.574269004,112967.23523920157,59436032,59989776,0.15483404285906088,0.1882785664315515,0.01704,0.9399466666666667,99.84516595714094,0.18827856643155252,99.06005333333333,99.98295999999999,90.0,0.00022996539806883375,89.995248,90.00475200000001,0.0,0.0,0.0,0.0,4.849402223157894,5.896884701632922,0.5336928,29.439129599999998,3378.7604159887724,6.371352067490916,3352.1922048,3383.4233664000003,3473.6098182119304,0.4745445146998686,3471.6313344,3473.9570592000005
run_0125_cfg_013_seed_5_of0,5,8,18,0,40.0,16,20,OF0,855,15,99.80414035087719,0.7857767701474738,87.5,100.0,99.88301754385965,1.972577284006392,66.66,100.0,171.99298245614034,80.40225244941817,27,426,-76.93567251461988,10.620087346892461,-93,-51,1.0393684210526315,0.0830412762928601,1.0,1.91,4.160233918128655,1.350274476918242,2,9,3.1450292397660817,1.327962806622109,1,6,3.2,1.2761549390929883,1,5,94147.22807017544,110042.03981120554,10224,560792,59905852.77192982,110039.5795581021,59439208,59989776,0.15691203725770078,0.18340334063507818,0.01704,0.9346533333333333,99.8430879627423,0.1834033406350777,99.06534666666667,99.98295999999999,90.0,0.00057394921806529,89.99151599999999,90.008484,0.0,0.0,0.0,0.0,4.914485305263157,5.744194478144923,0.5336928,29.273342399999997,3378.690096336842,6.206232287076963,3352.3713312000004,3383.4233664000003,3473.6045816421056,0.46252645721607505,3471.6446736000003,3473.9570592000005
run_0126_cfg_013_seed_6_of0,6,8,18,0,40.0,16,20,OF0,855,15,99.7377543859649,1.0399187549450646,83.33,100.0,99.8635321637427,2.3477499649598483,50.0,100.0,175.38947368421051,82.00510712135541,28,433,-76.97076023391813,10.742911665871222,-93,-51,1.0553801169590644,0.09440465161149598,1.0,1.67,4.20233918128655,1.378997413371752,2,7,3.1719298245614036,1.354896712098771,1,6,3.2,1.2761549390929883,1,5,95265.80584795322,110039.33296369872,10224,557344,59904734.19415205,110039.33296369918,59442656,59989776,0.15877634307992203,0.18339888827283118,0.01704,0.9289066666666667,99.84122365692008,0.18339888827283202,99.07109333333334,99.98295999999999,90.0,0.0,90.0,90.0,0.0,0.0,0.0,0.0,4.972875065263158,5.7440531807050705,0.5336928,29.093356799999995,3378.6270085501756,6.20621837915261,3352.5657984,3383.4233664000003,3473.599883615439,0.46216519844751036,3471.6591552,3473.9570592000005
run_0127_cfg_013_seed_7_of0,7,8,18,0,40.0,16,20,OF0,855,15,99.7754269005848,0.5945821148613378,94.73,100.0,99.8635321637427,2.347749964959847,50.0,100.0,170.27836257309943,78.23207346196816,24,414,-76.98479532163742,10.731380713267646,-93,-51,1.0361169590643275,0.07403009312863347,1.0,1.57,4.170760233918129,1.3528826911208425,2,8,3.1543859649122807,1.335701910324833,1,6,3.2,1.2761549390929894,1,5,93669.34269005847,108007.618970276,10224,535664,59906330.65730994,108007.49774014464,59464336,59989776,0.15611557051235653,0.18001269749189025,0.01704,0.8927733333333333,99.84388442948764,0.1800126974918909,99.10722666666668,99.98295999999999,90.0,0.00021138233559935137,89.99563199999999,90.004368,0.0,0.0,0.0,0.0,4.889539688421053,5.63799771024841,0.5336928,27.9616608,3378.717049072281,6.09162287254414,3353.7885504000005,3383.4233664000003,3473.606588760702,0.4536930335423103,3471.7502112000006,3473.9570592000005
run_0128_cfg_013_seed_8_of0,8,8,18,0,40.0,16,20,OF0,855,15,99.97038596491227,0.21269645177820423,96.96,100.0,99.96100584795322,1.1402039419506353,66.66,100.0,169.87719298245614,78.69461998506544,22,422,-76.6374269005848,10.691304130166964,-93,-51,1.0407953216374268,0.08471925797181967,1.0,1.77,4.152046783625731,1.3333384691137384,2,8,3.1333333333333333,1.3105588131824937,1,5,3.2,1.2761549390929887,1,5,93557.24912280701,94647.51656626558,10736,440024,59906442.750877194,94647.13582205452,59559976,59989264,0.15592874582298566,0.1577458607433057,0.017893333333333334,0.7333733333333333,99.84407125417702,0.15774586074330652,99.26662666666667,99.98210666666667,90.0,0.000527875118295602,89.98909200000001,90.010908,0.0,0.0,0.0,0.0,4.883688404210526,4.940600364759063,0.5604192,22.9692528,3378.723371149474,5.338098460363877,3359.1826464000005,3383.3944896000003,3473.6070595536844,0.3979815892019312,3472.1518992000006,3474.185815200001
run_0129_cfg_013_seed_9_of0,9,8,18,0,40.0,16,20,OF0,855,15,99.92171929824562,0.3582529372048485,95.12,100.0,99.96100584795322,1.1402039419506336,66.66,100.0,169.506432748538,75.97421689655219,30,428,-76.9953216374269,10.825093435001932,-93,-51,1.0345964912280703,0.08435896722146187,1.0,1.73,4.160233918128655,1.3398276450798976,2,7,3.135672514619883,1.3129966388602028,1,5,3.2,1.2761549390929887,1,5,93191.91578947369,94639.47409979181,10736,477168,59906808.08421053,94640.00198237962,59522832,59989264,0.15531986099109235,0.15773245884593834,0.017893333333333334,0.79528,99.8446801390089,0.1577324588459389,99.20472000000001,99.98210666666667,90.0,8.478522252130093e-05,89.998248,90.00175200000001,0.0,0.0,0.0,0.0,4.864618004210526,4.940180548009136,0.5604192,24.908169599999997,3378.743975949474,5.337696111806217,3357.0877248000006,3383.3944896000003,3473.6085939536847,0.39752884902994023,3471.9958944000005,3473.9549088000003
run_0130_cfg_013_seed_10_of0,10,8,18,0,40.0,16,20,OF0,855,15,99.98133333333332,0.17629374571299403,97.22,100.0,100.0,0.0,100.0,100.0,170.53333333333333,75.42706513292654,25,395,-76.90877192982457,10.747195277629926,-93,-51,1.0379649122807018,0.07992574823616336,1.0,1.53,4.167251461988304,1.356346449828416,2,7,3.1497076023391815,1.337986457269561,1,6,3.2,1.2761549390929887,1,5,93689.28187134503,95673.68967193407,10104,539968,59906310.71812865,95673.69758642316,59460032,59989896,0.1561488027715499,0.15945614969620336,0.01684,0.8999466666666668,99.84385119722845,0.15945614969620375,99.10005333333334,99.98316,90.0,0.0002444834156245177,89.99494800000001,90.005052,0.0,0.0,0.0,0.0,4.890580513684211,4.994166600874958,0.5274288,28.186329599999997,3378.715924502457,5.395996543874261,3353.5458048000005,3383.4301344000005,3473.6065050161405,0.4019327189431311,3471.7321344000006,3474.1319736000005
run_0131_cfg_014_seed_1_of0,1,8,18,0,50.0,12,5,OF0,627,11,99.9912759170654,0.06997237321496876,98.96,100.0,100.0,0.0,100.0,100.0,113.51834130781499,54.243130026500346,38,258,-68.96491228070175,10.974646069105514,-94,-52,1.0237799043062201,0.04517169281684832,1.0,1.31,3.090909090909091,0.9966542927526431,2,5,2.090909090909091,0.9966542927526431,1,4,4.545454545454546,1.7782204486465953,1,7,187868.65709728867,147855.53946882964,47104,661248,59812131.34290271,147855.83208262536,59338752,59952896,0.31311442852943877,0.24642589942962664,0.07850666666666667,1.1020800000000002,99.68688557147057,0.246425899429626,98.89792,99.92149333333333,90.0,0.00043697507989248237,89.992332,90.007668,0.0,0.0,0.0,0.0,9.806743900478468,7.718059160272909,2.4588288,34.51714559999999,3373.404207739713,8.339068929460083,3346.7056128,3381.3433344000005,3473.210951640192,0.621222620686751,3471.2227583999997,3473.8021632000005
run_0132_cfg_014_seed_2_of0,2,8,18,0,50.0,12,5,OF0,627,11,99.92821371610844,0.1740322367499212,97.82,100.0,99.91990430622009,0.895892289297637,88.88,100.0,113.6762360446571,55.8697892255764,33,260,-68.29984051036682,10.428489944878546,-94,-52,1.0241307814992024,0.05395539034083964,1.0,1.56,3.0972886762360448,1.0072147014770816,2,6,2.090909090909091,0.9966542927526437,1,4,4.545454545454546,1.7782204486465947,1,7,188160.76555023924,143754.421060241,46008,656456,59811839.23444976,143752.90394382292,59343544,59953992,0.3136012665855252,0.23959068490764035,0.07668,1.0940933333333334,99.68639873341448,0.23959068490764002,98.90590666666667,99.92332,90.0,0.0007335811760495104,89.9919,90.00810000000001,0.0,0.0,0.0,0.0,9.821991961722487,7.503980779344577,2.4016176,34.2670032,3373.3877328229673,8.107663782431622,3346.975881600001,3381.4051488000005,3473.209724784689,0.6042963347979994,3471.242884800001,3473.8067664000005
run_0133_cfg_014_seed_3_of0,3,8,18,0,50.0,12,5,OF0,627,11,99.9871451355662,0.13158768619292807,97.05,100.0,99.98405103668262,0.3993615319154357,90.0,100.0,113.96650717703349,56.17223480244331,38,249,-69.5933014354067,10.66355141870994,-94,-52,1.0269059011164274,0.05499052268281785,1.0,1.51,3.0956937799043063,1.0033954918715822,2,5,2.090909090909091,0.9966542927526426,1,4,4.545454545454546,1.7782204486465953,1,7,188282.07974481658,152938.2830529012,47008,647712,59811717.920255184,152938.3150384034,59352288,59952992,0.31380346547345456,0.25489713815174947,0.07834666666666666,1.07952,99.68619653452654,0.2548971381517496,98.92048,99.92165333333334,90.0,0.0003833524892190448,89.993448,90.006552,0.0,0.0,0.0,0.0,9.828324562679425,7.983378375361445,2.4538176,33.8105664,3373.3808907023927,8.625720968165952,3347.4690432,3381.3487488,3473.209215265072,0.6425006988700386,3471.2796096,3473.9883408000005
run_0134_cfg_014_seed_4_of0,4,8,18,0,50.0,12,5,OF0,627,11,99.96060606060607,0.15707881305108345,97.82,100.0,99.98405103668262,0.39936153191543805,90.0,100.0,113.98724082934609,55.936492656810564,34,248,-69.58851674641149,10.031566576967819,-94,-52,1.0263795853269537,0.059993099426029886,1.0,1.63,3.094098883572568,0.9995591407362656,2,6,2.090909090909091,0.996654292752643,1,4,4.545454545454546,1.7782204486465958,1,7,188367.65550239236,142260.1124295977,48200,745408,59811632.344497606,142259.06315143692,59254592,59951800,0.3139460862209348,0.2371001667513945,0.08033333333333333,1.2423466666666667,99.68605391377906,0.23710016675139403,98.75765333333332,99.91966666666666,90.0,0.0005928823835865644,89.99151599999999,90.008484,0.0,0.0,0.0,0.0,9.83279161722488,7.4259778688250035,2.51604,38.9102976,3373.376064229665,8.023411161741068,3341.9589888000005,3381.2815200000005,3473.20885584689,0.5978381046898981,3470.8692864000004,3473.7975600000004
run_0135_cfg_014_seed_5_of0,5,8,18,0,50.0,12,5,OF0,627,11,99.9121052631579,0.20494377415112608,98.43,100.0,99.9503668261563,0.7173230939640526,88.88,100.0,112.49760765550239,54.935000022703036,37,248,-68.11961722488039,10.642313273068543,-94,-52,1.0230781499202553,0.04853046819161774,1.0,1.35,3.0925039872408293,0.9989089645172985,2,5,2.090909090909091,0.9966542927526436,1,4,4.545454545454546,1.7782204486465947,1,7,187546.80701754385,132197.59280019274,46008,671624,59812453.19298246,132197.62244001115,59328376,59953992,0.31257801170051275,0.220329320457211,0.07668,1.1193733333333333,99.68742198829949,0.22032932045721101,98.88062666666667,99.92332,90.0,0.00013036571806784365,89.998248,90.00175200000001,0.0,0.0,0.0,0.0,9.78994332631579,6.900714344170055,2.4016176,35.0587728,3373.422360084211,7.455945905616648,3346.1204064000003,3381.4051488000005,3473.212303410526,0.5552527546530336,3471.1791792000004,3473.8503864000004
run_0136_cfg_014_seed_6_of0,6,8,18,0,50.0,12,5,OF0,627,11,99.95894736842105,0.22670971031839118,95.83,100.0,99.95180223285486,0.6980207795968552,88.88,100.0,113.58213716108453,56.10707642942371,36,278,-68.94417862838915,10.724925899339151,-94,-52,1.0236044657097287,0.05434556786711076,1.0,1.45,3.0956937799043063,1.00498626920328,2,6,2.090909090909091,0.9966542927526434,1,4,4.545454545454546,1.7782204486465951,1,7,187030.96650717704,163352.79645307208,46008,767552,59812969.033492826,163355.68849893822,59232448,59953992,0.31171828897579157,0.2722547103366606,0.07668,1.2792533333333334,99.6882817110242,0.2722547103366609,98.72074666666667,99.92332,90.0,0.0005181962325832898,89.992632,90.007368,0.0,0.0,0.0,0.0,9.763016451674641,8.527015974850366,2.4016176,40.0662144,3373.4514534889954,9.213260831340113,3340.7100672,3381.4051488000005,3473.2144699406704,0.6865194852159557,3470.7762816,3473.9741544000003
run_0137_cfg_014_seed_7_of0,7,8,18,0,50.0,12,5,OF0,627,11,99.89280701754386,0.312771440320864,96.15,100.0,99.95358851674641,0.6705338889465277,90.0,100.0,113.41786283891547,55.86786270267714,35,261,-69.22169059011165,11.231814197736844,-94,-52,1.0252472089314195,0.054834002804858666,1.0,1.38,3.1036682615629982,1.0238853231439196,2,6,2.1004784688995217,1.0195139608601278,1,5,4.545454545454546,1.7782204486465951,1,7,187490.34768740032,145799.1393000196,47104,645808,59812509.6523126,145802.95894515762,59354192,59952896,0.31248392501044564,0.24299862242142736,0.07850666666666667,1.0763466666666668,99.68751607498956,0.24299862242142745,98.92365333333333,99.92149333333333,90.0,0.00073121017463446,89.989848,90.010152,0.0,0.0,0.0,0.0,9.786996149282297,7.610715071461027,2.4588288,33.711177600000006,3373.4255443904312,8.223286884506882,3347.5764288,3381.3433344000005,3473.2125405397132,0.6131802733997268,3471.2876064,3473.8021632000005
run_0138_cfg_014_seed_8_of0,8,8,18,0,50.0,12,5,OF0,627,11,99.89692185007975,0.3826328814906637,96.0,100.0,99.96631578947368,0.5967737936777915,88.88,100.0,114.09888357256779,56.81338024154558,38,258,-71.04465709728868,11.002087341983461,-94,-52,1.0257575757575756,0.054700975564060936,1.0,1.45,3.094098883572568,1.001156013820192,2,5,2.090909090909091,0.9966542927526431,1,4,4.545454545454546,1.7782204486465942,1,7,187950.80063795854,177196.16818938302,46008,774464,59812049.19936204,177196.1681893829,59225536,59953992,0.3132513343965976,0.29532694698230505,0.07668,1.2907733333333333,99.6867486656034,0.2953269469823049,98.70922666666667,99.92332,90.0,0.0,90.0,90.0,0.0,0.0,0.0,0.0,9.811031793301435,9.24963997948579,2.4016176,40.4270208,3373.3995748440198,9.993863885881199,3340.3202304,3381.4051488000005,3473.210606637321,0.744223906395399,3470.7472512,3473.8067664000005
run_0139_cfg_014_seed_9_of0,9,8,18,0,50.0,12,5,OF0,627,11,99.92279106858054,0.17169524802644406,98.71,100.0,99.93620414673046,0.7968068921848352,90.0,100.0,113.42902711323764,55.91555122272152,34,271,-68.79425837320574,10.793624562597701,-94,-52,1.0221371610845296,0.05429972734748075,1.0,1.54,3.0956937799043063,1.00498626920328,2,6,2.090909090909091,0.9966542927526431,1,4,4.545454545454546,1.7782204486465958,1,7,187460.12121212122,154731.59726074277,46008,771168,59812539.878787875,154728.346472972,59228832,59953992,0.31243351935985814,0.2578858618710121,0.07668,1.28528,99.68756648064014,0.2578858618710123,98.71472,99.92332,90.0,0.0005830723956168944,89.99151599999999,90.008484,0.0,0.0,0.0,0.0,9.785418327272726,8.076989377010769,2.4016176,40.254969599999995,3373.4272491636366,8.726678741075624,3340.5061248,3381.4051488000005,3473.2126674909096,0.6500459240749428,3470.6823864000003,3473.8067664000005
run_0140_cfg_014_seed_10_of0,10,8,18,0,50.0,12,5,OF0,627,11,99.8905582137161,0.32644739049699717,95.83,100.0,99.91990430622009,0.8958922892976362,88.88,100.0,113.59489633173844,56.33127573265274,36,258,-68.00159489633174,10.818056613363696,-94,-52,1.0343700159489633,0.06903518291213688,1.0,1.49,3.0988835725677832,1.0078519359318898,2,6,2.090909090909091,0.9966542927526434,1,4,4.545454545454546,1.7782204486465951,1,7,188199.004784689,133323.95228104602,44912,670080,59811800.99521531,133323.9522810459,59329920,59955088,0.31366500797448166,0.2222065871350767,0.07485333333333334,1.1168,99.68633499202552,0.22220658713507724,98.8832,99.92514666666666,90.0,0.0,90.0,90.0,0.0,0.0,0.0,0.0,9.823988049760764,6.959510309070601,2.3444064,34.978176,3373.3855761301443,7.519470908651002,3346.2074880000005,3381.466963200001,3473.2095641799046,0.5599605995803982,3471.1856640000005,3473.811369600001
run_0141_cfg_015_seed_1_of0,1,8,18,5,40.0,12,5,OF0,627,11,99.92985645933014,0.15033236384342277,99.07,100.0,99.9039553429027,0.9795680983700986,88.88,100.0,143.2695374800638,57.12448499730618,37,270,-73.61881977671452,10.215403542267214,-84,-51,1.0452312599681022,0.07581128271404329,1.0,1.64,3.569377990430622,1.028143941247407,2,7,2.5598086124401913,1.0209523658233717,1,6,3.272727272727273,1.4211791645789371,1,5,243177.4928229665,284451.5464782986,46008,1184368,59756822.50717703,284449.9756016413,58820032,59953992,0.40529580690879197,0.474085805847563,0.07668,1.973801921192446,99.5947041930912,0.47408580584756277,98.02619807880755,99.92332,90.0,0.0005905810211077967,89.9919,90.00810000000001,0.0,0.0,0.0,0.0,12.693865125358851,14.848370726167188,2.4016176,61.824009600000004,3370.284789404785,16.042978623932587,3317.4498048000005,3381.4051488000005,3472.9786545301436,1.1948072532043337,3469.1205024,3473.8067664000005
run_0142_cfg_015_seed_2_of0,2,8,18,5,40.0,12,5,OF0,627,11,99.97076555023924,0.10106171631536867,98.64,100.0,99.90574162679427,0.9602643157692773,90.0,100.0,141.77511961722487,57.48820259397285,41,268,-73.63955342902712,10.065801009358383,-84,-51,1.0452472089314195,0.08056942596509209,1.0,1.59,3.588516746411483,1.0204281822051953,2,6,2.5709728867623602,0.9996738338198523,1,4,3.272727272727273,1.4211791645789371,1,5,244791.24720893143,245797.08899602774,47008,1140624,59755208.75279107,245795.98033454674,58863376,59952992,0.4079854034399554,0.40966175248854547,0.07834666666666666,1.9009132724485036,99.59201459656005,0.40966175248854503,98.0990867275515,99.92165333333334,90.0,0.0004128436413512597,89.99301600000001,90.006,0.0,0.0,0.0,0.0,12.77810310430622,12.830608045592653,2.4538176,59.5405728,3370.193773657417,13.86289329086844,3319.8944064000007,3381.3487488,3472.9718767617233,1.032397654918428,3469.1468736000006,3473.8025664
run_0143_cfg_015_seed_3_of0,3,8,18,5,40.0,12,5,OF0,627,11,99.90722488038278,0.2525865280262612,95.65,100.0,99.93441786283891,0.8200343467831367,88.88,100.0,141.59968102073364,56.97640507018998,38,263,-73.4481658692185,10.215651196971944,-84,-51,1.0475598086124402,0.0801094150650967,1.0,1.64,3.5677830940988837,1.0235792136179764,2,7,2.555023923444976,1.0117928245812173,1,6,3.272727272727273,1.4211791645789364,1,5,244227.80223285485,242176.73744019034,48312,1115768,59755776.02551834,242169.29860779445,58884232,59951688,0.40704625974170133,0.4036277264090296,0.08052,1.8596133333333333,99.5929537402583,0.4036277264090295,98.14038666666667,99.91948000000001,90.0000057416268,0.00047901619451338014,89.99340000000001,90.00659999999999,0.0,0.0,0.0,0.0,12.748691276555023,12.641625694377925,2.5218863999999996,58.2430896,3370.2257678392352,13.65834844147961,3321.0706848,3381.2752032,3472.974464857417,1.0168674270638947,3469.3137744,3473.7970895999997
run_0144_cfg_015_seed_4_of0,4,8,18,5,40.0,12,5,OF0,627,11,99.84744816586921,0.3821548894484812,95.45,100.0,99.90717703349283,0.946000242613297,90.0,100.0,142.0079744816587,58.28659719304599,39,300,-73.61722488038278,10.222143942989703,-84,-51,1.0457735247208932,0.0762258691771087,1.0,1.46,3.553429027113238,1.000766581249842,2,6,2.5454545454545454,0.9883139428379518,1,4,3.272727272727273,1.421179164578937,1,5,243336.1913875598,281428.1131848777,46008,1142080,59756663.80861244,281426.9906894603,58857920,59953992,0.405560309262802,0.46904683543915454,0.07668,1.9034666666666664,99.5944396907372,0.4690468354391537,98.09653333333334,99.92332,90.0,0.00039818219536212775,89.996448,90.005868,0.0,0.0,0.0,0.0,12.702149190430621,14.690547508250619,2.4016176,59.616575999999995,3370.2758388057423,15.872482274885577,3319.5866880000003,3381.4051488000005,3472.9779879961725,1.1820257629563553,3469.203264,3473.8067664000005
run_0145_cfg_015_seed_5_of0,5,8,18,5,40.0,12,5,OF0,627,11,99.83406698564593,0.3154431164615993,96.0,100.0,99.82242424242425,1.3318100747936674,88.88,100.0,141.8006379585327,56.97858573902298,41,270,-73.65709728867624,10.218481965019734,-84,-51,1.0405103668261562,0.07455337392287327,1.0,1.59,3.56140350877193,1.0145790018416923,2,7,2.5518341307814993,1.004037687795503,1,6,3.272727272727273,1.4211791645789376,1,5,242800.74003189793,292529.1432589836,46008,1148688,59757199.2599681,292531.9028587711,58851312,59953992,0.4046679186458107,0.4875486735643264,0.07668,1.91448,99.59533208135419,0.4875486735643266,98.08552,99.92332,90.0,0.0007985001915532985,89.989776,90.010224,0.0,0.0,0.0,0.0,12.67419862966507,15.270021278118936,2.4016176,59.961513599999996,3370.3060382622016,16.49879932123471,3319.2139968,3381.4051488000005,3472.9802368918668,1.2291406423226525,3468.9538368000003,3473.8067664000005
run_0146_cfg_015_seed_6_of0,6,8,18,5,40.0,12,5,OF0,627,11,99.9876076555024,0.07985821584399222,98.5,100.0,99.98226475279107,0.4440900234899649,88.88,100.0,142.25996810207337,56.766105865021736,37,276,-73.54226475279107,10.236939780850468,-84,-51,1.0438755980861243,0.07823616962416559,1.0,1.77,3.574162679425837,1.0324614926846007,2,7,2.558213716108453,1.013191900114157,1,6,3.272727272727273,1.4211791645789364,1,5,243894.87719298244,256260.9772462638,47872,1135840,59756105.12280702,256261.19582685467,58864160,59952128,0.40649146345933646,0.4271016293671402,0.07978666666666667,1.8930666666666665,99.59350853654067,0.42710162936714,98.10693333333333,99.92021333333334,90.0,0.00011598589756649465,89.99794800000001,90.00205199999999,0.0,0.0,0.0,0.0,12.731312589473683,13.376823012254969,2.4989184,59.29084799999999,3370.244328926316,14.453131444634629,3319.9386240000003,3381.3000192000004,3472.97564151579,1.0763173961707697,3469.2294720000004,3473.7989376000005
run_0147_cfg_015_seed_7_of0,7,8,18,5,40.0,12,5,OF0,627,11,99.91744816586922,0.2756888469997456,95.83,100.0,99.92312599681021,0.8590010851513159,90.0,100.0,140.39234449760767,56.16417461326889,40,270,-73.59489633173844,10.245165903497812,-84,-51,1.0441945773524721,0.07394052810054533,1.0,1.56,3.555023923444976,0.9990823862138338,2,6,2.547049441786284,0.989854316472451,1,4,3.272727272727273,1.421179164578937,1,5,242077.7288676236,263040.6593101094,46008,1124928,59757922.27113238,263040.854743422,58875072,59953992,0.4034628828116547,0.43840109945709305,0.07668,1.8748799999999999,99.59653711718835,0.4384010994570933,98.12512,99.92332,90.0,9.902889499997042e-05,89.998248,90.00175200000001,0.0,0.0,0.0,0.0,12.63645744688995,13.730722415987708,2.4016176,58.72124159999999,3370.3468160918665,14.835504207529,3320.5540608000006,3381.4051488000005,3472.9832735387563,1.1047882178268758,3469.2753024000003,3473.8067664000005
run_0148_cfg_015_seed_8_of0,8,8,18,5,40.0,12,5,OF0,627,11,99.91003189792663,0.19435647628897068,98.05,100.0,99.90430622009569,0.9743174666851493,90.0,100.0,142.02711323763955,57.66176770956049,41,272,-73.54385964912281,10.243328995652607,-84,-51,1.0532057416267944,0.08974988728294063,1.0,1.83,3.5709728867623602,1.0342317506053387,2,7,2.555023923444976,1.0086302313118578,1,6,3.272727272727273,1.4211791645789371,1,5,244394.09250398725,253476.51262404743,46008,1199288,59755605.90749601,253481.1135261642,58800712,59953992,0.4073235171459348,0.4224610519684247,0.07668,1.9988133333333336,99.59267648285406,0.4224610519684247,98.00118666666665,99.92332,90.0,0.0006699673731976869,89.99151599999999,90.008484,0.0,0.0,0.0,0.0,12.757371628708132,13.23147395897528,2.4016176,62.60283359999999,3370.2161731827755,14.296334802875679,3316.3601568,3381.4051488000005,3472.973544811484,1.065158915177483,3468.9629904,3473.8067664000005
run_0149_cfg_015_seed_9_of0,9,8,18,5,40.0,12,5,OF0,627,11,99.83827751196172,0.413165021516419,95.45,100.0,99.88657097288676,1.0691635735244658,88.88,100.0,140.73365231259967,56.77263267617904,38,280,-73.61722488038278,10.22995460401202,-84,-51,1.0380382775119616,0.07183455300435161,1.0,1.58,3.56140350877193,1.0050876687655672,2,6,2.553429027113238,0.9959664078721502,1,4,3.272727272727273,1.4211791645789367,1,5,243241.326953748,277275.26606128184,46008,1168616,59756758.67304625,277277.5993562993,58831384,59953992,0.40540222462384684,0.4621255093106226,0.07668,1.9476933333333335,99.59459777537616,0.46212550931062235,98.05230666666667,99.92332,90.0,0.000899373072380253,89.990748,90.00925200000002,0.0,0.0,0.0,0.0,12.697197266985645,14.473768888398912,2.4016176,61.0017552,3370.281189159809,15.638456603695255,3318.0900576000004,3381.4051488000005,3472.9783864267947,1.1651709633614191,3469.0325208000004,3474.0724776
run_0150_cfg_015_seed_10_of0,10,8,18,5,40.0,12,5,OF0,627,11,99.98744816586921,0.05370486537104651,99.61,100.0,99.98405103668262,0.3993615319154363,90.0,100.0,140.688995215311,56.49131735239711,42,272,-73.51355661881978,10.241230548374155,-84,-51,1.038628389154705,0.06924998027327028,1.0,1.5,3.5566188197767143,1.0037788281983142,2,6,2.5486443381180224,0.994607141997673,1,5,3.272727272727273,1.4211791645789371,1,5,243053.5374800638,245733.74493666348,46008,1169680,59756946.462519936,245733.0688509595,58830320,59953992,0.40508921811506476,0.4095561938939765,0.07668,1.9494666666666667,99.59491078188493,0.4095561938939764,98.05053333333333,99.92332,90.0,0.0010320436873134788,89.989428,90.010572,0.0,0.0,0.0,0.0,12.687394656459329,12.82730148569384,2.4016176,61.057295999999994,3370.291780486125,13.859345083194093,3318.030048,3381.4051488000005,3472.9791751425846,1.0327554175331395,3469.0278648000003,3474.0135408
run_0151_cfg_016_seed_1_of0,1,8,18,5,50.0,12,5,OF0,627,11,99.99138755980862,0.08658863879837661,98.14,100.0,100.0,0.0,100.0,100.0,113.72248803827752,55.30960943666293,33,244,-68.64593301435407,10.542428890707944,-94,-52,1.0213397129186603,0.04425591134227545,1.0,1.35,3.0925039872408293,0.9989089645172992,2,5,2.090909090909091,0.9966542927526431,1,4,4.545454545454546,1.7782204486465953,1,7,187221.7288676236,157652.34242632688,46008,757960,59812778.27113238,157652.3424263269,59242040,59953992,0.31203621477937266,0.2627539040438782,0.07668,1.2632666666666668,99.68796378522063,0.2627539040438781,98.73673333333333,99.92332,90.0,0.0,90.0,90.0,0.0,0.0,0.0,0.0,9.772974246889952,8.229452274654266,2.4016176,39.565512,3373.440694491866,8.891592112844856,3341.2510560000005,3381.4051488000005,3473.213668738756,0.6621398381905627,3470.8165680000006,3473.8067664000005
run_0152_cfg_016_seed_2_of0,2,8,18,5,50.0,12,5,OF0,627,11,99.98216905901117,0.0887114905854503,98.64,100.0,99.98548644338118,0.36341899404304484,90.9,100.0,113.6012759170654,55.07285791458998,37,252,-69.65390749601276,9.872987150916584,-94,-52,1.0243381180223285,0.04809801492684481,1.0,1.26,3.090909090909091,0.9966542927526437,2,5,2.090909090909091,0.9966542927526437,1,4,4.545454545454546,1.7782204486465947,1,7,187387.25358851676,149448.94507961578,46008,581656,59812612.74641148,149448.63909505925,59418344,59953992,0.3123120856207224,0.24908156098855358,0.07668,0.9694266666666667,99.68768791437928,0.24908156098855366,99.03057333333334,99.92332,90.0,0.0006303109228190134,89.99113200000001,90.008868,0.0,0.0,0.0,0.0,9.781614637320573,7.801234933155946,2.4016176,30.362443199999994,3373.431358897608,8.428903244961356,3351.1946016,3381.4051488000005,3473.2129735349286,0.6281050412614064,3471.5570448000003,3473.9753712
run_0153_cfg_016_seed_3_of0,3,8,18,5,50.0,12,5,OF0,627,11,99.94637958532695,0.23408335828099722,96.29,100.0,99.98405103668262,0.3993615319154389,90.0,100.0,113.64912280701755,56.191576788206966,38,260,-69.51196172248804,10.890293791314923,-94,-52,1.0250398724082936,0.05721538817550006,1.0,1.53,3.0956937799043063,1.00498626920328,2,6,2.090909090909091,0.9966542927526426,1,4,4.545454545454546,1.7782204486465953,1,7,186558.0606060606,164285.09150436308,46920,663968,59813441.93939394,164285.0915043632,59336032,59953080,0.310930101010101,0.2738084858406052,0.0782,1.1066133333333334,99.6890698989899,0.2738084858406056,98.89338666666667,99.9218,90.0,0.0,90.0,90.0,0.0,0.0,0.0,0.0,9.738330763636363,8.575681776527755,2.449224,34.6591296,3373.4781253818182,9.265679160846089,3346.5522048000007,3381.353712,3473.216456145455,0.6899973843183065,3471.211334400001,3473.802936
run_0154_cfg_016_seed_4_of0,4,8,18,5,50.0,12,5,OF0,627,11,99.92066985645933,0.31194514616789976,95.83,100.0,99.98405103668262,0.39936153191543583,90.0,100.0,112.97448165869218,54.87199148937866,35,255,-70.60925039872409,9.325260820658187,-94,-60,1.022280701754386,0.04874525612195438,1.0,1.41,3.0925039872408293,1.00050687532467,2,6,2.090909090909091,0.996654292752643,1,4,4.545454545454546,1.7782204486465958,1,7,187477.34609250398,148452.21262205296,46008,613824,59812522.65390749,148443.03838487234,59386176,59953992,0.3124622025729829,0.24742018430763782,0.07668,1.02304,99.68753779742701,0.247420184307638,98.97696,99.92332,90.0,0.0007198098790523665,89.99151599999999,90.008484,0.0,0.0,0.0,0.0,9.786317466028708,7.7492054988711665,2.4016176,32.0416128,3373.4262776803835,8.372187364906846,3349.3803264000003,3381.4051488000005,3473.212595146412,0.6235422889218784,3471.4219392000005,3473.8067664000005
run_0155_cfg_016_seed_5_of0,5,8,18,5,50.0,12,5,OF0,627,11,99.96204146730462,0.17448320278489135,96.96,100.0,99.9503668261563,0.7173230939640516,88.88,100.0,112.83732057416267,55.32395743519834,38,259,-70.31897926634768,10.315951553997607,-94,-52,1.0233971291866029,0.057834512657798674,1.0,1.78,3.0972886762360448,1.0056274492537747,2,6,2.090909090909091,0.9966542927526436,1,4,4.545454545454546,1.7782204486465947,1,7,186270.5582137161,140174.5486798458,47216,781720,59813729.44178628,140172.61953365774,59218280,59952784,0.3104509180148192,0.2336242200820385,0.07869333333333334,1.3028666666666666,99.68954908198518,0.23362422008203856,98.69713333333333,99.92130666666667,90.0,0.0008901066454397215,89.990748,90.00925200000002,0.0,0.0,0.0,0.0,9.72332313875598,7.317111441087945,2.4646752,40.805783999999996,3373.4943405167464,7.905735741698288,3339.9109920000005,3381.3370176000003,3473.2176636555023,0.5895506751446413,3470.7167760000007,3473.8016928
run_0156_cfg_016_seed_6_of0,6,8,18,5,50.0,12,5,OF0,627,11,99.96277511961723,0.11602557895150538,98.75,100.0,99.96631578947368,0.5967737936777908,88.88,100.0,113.92822966507177,56.074741461089225,36,268,-69.4274322169059,11.115530982322003,-94,-52,1.0234768740031899,0.05806271279994221,1.0,1.61,3.0956937799043063,1.003395491871582,2,5,2.090909090909091,0.9966542927526434,1,4,4.545454545454546,1.7782204486465951,1,7,186518.341307815,174356.73962359707,46008,754120,59813481.65869219,174355.57294638365,59245880,59953992,0.31086389550770166,0.29059456017186497,0.07668,1.2568666666666668,99.6891361044923,0.2905945601718647,98.74313333333333,99.92332,90.0,0.0004102523808268798,89.993448,90.006552,0.0,0.0,0.0,0.0,9.736257416267943,9.101421808351773,2.4016176,39.365064,3373.4803655502396,9.833654314176028,3341.4676320000003,3381.4051488000005,3473.216622966507,0.7323895518225987,3470.8326960000004,3473.8067664000005
run_0157_cfg_016_seed_7_of0,7,8,18,5,50.0,12,5,OF0,627,11,99.89977671451356,0.28574147909509234,96.55,100.0,99.96953748006379,0.5395361957277285,90.0,100.0,113.18181818181819,55.201045168939054,36,250,-69.43221690590111,9.922854925363449,-94,-52,1.0274641148325359,0.05776823727061617,1.0,1.51,3.0972886762360448,1.004037687795503,2,5,2.090909090909091,0.9966542927526431,1,4,4.545454545454546,1.7782204486465951,1,7,187766.51993620416,148898.54824742017,46008,667208,59812226.05422647,148915.1647736686,59332792,59953992,0.31294430658511363,0.2481644831347442,0.07668,1.1120133333333333,99.68705569341489,0.24816448313474423,98.88798666666668,99.92332,89.99998886124402,0.0003296698680939771,89.99301600000001,90.00306,0.0,0.0,0.0,0.0,9.801412340669856,7.77250421851533,2.4016176,34.82825759999999,3373.4095494583735,8.398815293234932,3346.3694688000005,3381.4051488000005,3473.2109506602874,0.6264551951923484,3471.1977264000006,3473.8668888
run_0158_cfg_016_seed_8_of0,8,8,18,5,50.0,12,5,OF0,627,11,99.98373205741628,0.06572363215553008,99.46,100.0,99.98405103668262,0.39936153191543644,90.0,100.0,112.70334928229666,55.272817747384956,40,250,-71.05582137161085,10.091834412449332,-94,-52,1.0233492822966508,0.048527297202350224,1.0,1.3,3.0925039872408293,0.9989089645172987,2,5,2.0925039872408293,0.9989089645172987,1,4,4.545454545454546,1.7782204486465942,1,7,187284.8995215311,170688.90311559854,46008,878800,59812715.10047847,170691.22545137035,59121200,59953992,0.31214150925263606,0.28448155658079555,0.07668,1.4646666666666668,99.68785849074736,0.2844815565807953,98.53533333333333,99.92332,90.0,0.0003947590197904828,89.99301600000001,90.006984,0.0,0.0,0.0,0.0,9.776271755023922,8.90996074263424,2.4016176,45.87336,3373.4371316669863,9.62698511545729,3334.4356800000005,3381.4051488000005,3473.21340342201,0.7171779938148717,3470.3090400000006,3473.8067664000005
run_0159_cfg_016_seed_9_of0,9,8,18,5,50.0,12,5,OF0,627,11,99.97132376395534,0.12334010536286275,98.18,100.0,99.98405103668262,0.39936153191543833,90.0,100.0,112.8548644338118,55.756542226539395,34,254,-70.39712918660287,10.078930894459827,-94,-52,1.0208771929824563,0.05122801162932874,1.0,1.35,3.0956937799043063,1.0002063470856328,2,5,2.090909090909091,0.9966542927526431,1,4,4.545454545454546,1.7782204486465958,1,7,187068.74641148324,157507.1691307901,47104,775656,59812931.25358852,157506.13764911398,59224344,59952896,0.31178123837786353,0.26251193710506593,0.07850666666666667,1.29276,99.68821876162214,0.26251193710506643,98.70724,99.92149333333333,90.0,0.00043076126980715176,89.993976,90.00602400000001,0.0,0.0,0.0,0.0,9.764988562679425,8.221874228627245,2.4588288,40.4892432,3373.4493227023927,8.88334616341003,3340.2530016,3381.3433344000005,3473.214311265072,0.6616641787415279,3470.7422448,3473.9007
run_0160_cfg_016_seed_10_of0,10,8,18,5,50.0,12,5,OF0,627,11,99.93701754385965,0.24658343631623936,95.83,100.0,99.9503668261563,0.717323093964053,88.88,100.0,113.15789473684211,55.6964813307043,37,246,-68.99681020733652,11.350218757685141,-94,-52,1.0241626794258374,0.04636008884996467,1.0,1.28,3.090909090909091,0.9966542927526434,2,5,2.090909090909091,0.9966542927526434,1,4,4.545454545454546,1.7782204486465951,1,7,188292.5933014354,141302.98980877872,46008,719520,59811707.40669856,141301.7045540634,59280480,59953992,0.3138209827517294,0.23550497562637726,0.07668,1.1991999999999998,99.68617901724826,0.2355049756263775,98.8008,99.92332,90.0,0.00041348224326546014,89.99413200000001,90.005868,0.0,0.0,0.0,0.0,9.828873370334927,7.376016068018247,2.4016176,37.558944,3373.380297737799,7.969416136849186,3343.419072,3381.4051488000005,3473.2091711081343,0.5935971741887507,3470.978016,3473.8067664000005
run_0161_cfg_017_seed_1_of0,1,8,18,10,40.0,12,20,OF0,627,11,99.44547049441786,1.2635123570287792,86.66,100.0,99.76073365231261,3.043552883946675,50.0,100.0,134.25199362041468,56.323548792445955,26,384,-73.66985645933015,10.224528882737431,-84,-51,1.0284370015948965,0.08417679043076706,1.0,1.86,3.5677830940988837,1.03906847143965,2,8,2.5486443381180224,0.9946071419976729,1,5,3.272727272727273,1.4211791645789371,1,5,71048.26794258373,84031.77112859137,10224,399272,59928951.732057415,84031.77112859135,59600728,59989776,0.11841377990430622,0.14005295188098568,0.01704,0.6654533333333333,99.8815862200957,0.14005295188098513,99.33454666666667,99.98295999999999,90.0,0.0,90.0,90.0,0.0,0.0,0.0,0.0,3.7087195866028706,4.386458452912469,0.5336928,20.841998399999998,3379.9928776880383,4.7393918916525575,3361.4810592,3383.4233664000003,3473.7015972746412,0.3529334387401082,3472.3230576,3473.9570592000005
run_0162_cfg_017_seed_2_of0,2,8,18,10,40.0,12,20,OF0,627,11,99.90510366826156,0.42307082969096815,93.33,100.0,99.94682615629985,1.3314713474060613,66.66,100.0,133.72727272727272,56.10718808967044,24,279,-73.3652312599681,10.23520221019077,-84,-51,1.0197607655502392,0.05322002245835086,1.0,1.46,3.550239234449761,0.99613266893178,2,6,2.5454545454545454,0.9883139428379525,1,4,3.272727272727273,1.4211791645789371,1,5,70741.95853269538,59211.87645067314,10736,289416,59929258.0414673,59216.392131016095,59710584,59989264,0.11790326868490286,0.09868647801249829,0.017893333333333334,0.48236,99.8820967313151,0.09868647801250045,99.51764,99.98210666666667,90.0,0.0006936952033453371,89.99113200000001,90.008868,0.0,0.0,0.0,0.0,3.692730235406698,3.090859950725137,0.5604192,15.1075152,3380.010153538756,3.3398045161893233,3367.6769376,3383.3944896000003,3473.7028837741627,0.2502832084855663,3472.7844528,3474.0177576000006
run_0163_cfg_017_seed_3_of0,3,8,18,10,40.0,12,20,OF0,627,11,99.97245614035089,0.15261834848309347,98.11,100.0,99.92025518341308,1.9968076595771787,50.0,100.0,133.72089314194577,56.37531346724467,29,284,-73.70813397129187,10.242552699864381,-84,-51,1.0251196172248804,0.06421392497640684,1.0,1.5,3.5518341307814993,0.9976533094207051,2,6,2.5454545454545454,0.9883139428379524,1,4,3.272727272727273,1.4211791645789364,1,5,70964.8995215311,83914.67324930614,9640,375424,59929035.10047847,83917.28572823782,59624576,59990360,0.11827483720361098,0.13985779660598413,0.016066666666666667,0.6257066666666666,99.8817251627964,0.13985779660598419,99.37429333333333,99.98393333333333,90.0,0.00047954403263245684,89.99151599999999,90.008484,0.0,0.0,0.0,0.0,3.7043677550239233,4.3803459436137775,0.5032079999999999,19.597132799999997,3379.9975796669855,4.7329349150726285,3362.8260864000003,3383.4563040000007,3473.7019474220097,0.3530432063270784,3472.4232192000004,3473.959512000001
run_0164_cfg_017_seed_4_of0,4,8,18,10,40.0,12,20,OF0,627,11,99.9743062200957,0.36017694711906756,93.75,100.0,100.0,0.0,100.0,100.0,133.859649122807,56.20153786173161,25,285,-73.49760765550239,10.241863162565101,-84,-51,1.0242105263157895,0.061082934907738216,1.0,1.5,3.5629984051036683,1.0081628207588251,2,6,2.5518341307814993,1.0008505893268551,1,5,3.272727272727273,1.421179164578937,1,5,70846.0350877193,69249.3504901113,10224,362560,59929153.96491228,69252.92879899291,59637440,59989776,0.11807673021534186,0.11541559257749012,0.01704,0.6042666666666666,99.88192326978466,0.11541559257749025,99.39573333333334,99.98295999999999,90.0,0.0005419941878661357,89.990748,90.00925200000002,0.0,0.0,0.0,0.0,3.6981630315789467,3.614816095583809,0.5336928,18.925631999999997,3380.004283621053,3.905865184263187,3363.551616,3383.4233664000003,3473.702446652632,0.2917509117707758,3472.477248,3473.9570592000005
run_0165_cfg_017_seed_5_of0,5,8,18,10,40.0,12,20,OF0,627,11,99.98382775119617,0.20575666246507668,96.0,100.0,100.0,0.0,100.0,100.0,133.8468899521531,55.713858490074855,30,286,-73.69856459330144,10.239155309433157,-84,-51,1.0166507177033495,0.049932326522125564,1.0,1.57,3.5486443381180224,0.9946071419976729,2,6,2.5454545454545454,0.9883139428379533,1,4,3.272727272727273,1.4211791645789376,1,5,70802.2711323764,83564.21335663722,9904,375680,59929197.72886762,83564.32582441338,59624320,59990096,0.11800378420699921,0.13927368845949306,0.016506666666666666,0.6261333333333333,99.88199621579301,0.13927368845949298,99.37386666666667,99.98349333333333,90.0,0.00045512594893315023,89.99194800000001,90.00805199999999,0.0,0.0,0.0,0.0,3.6958785531100475,4.362051937216464,0.5169887999999999,19.610495999999998,3380.006751908134,4.713027976496902,3362.811648,3383.4414144000007,3473.702630461244,0.3513837512481993,3472.4221439999997,3474.0723480000006
run_0166_cfg_017_seed_6_of0,6,8,18,10,40.0,12,20,OF0,627,11,99.9978947368421,0.052715722212837345,98.68,100.0,100.0,0.0,100.0,100.0,133.49601275917067,55.21611244495019,25,287,-73.64114832535886,10.248529729602174,-84,-51,1.0190590111642743,0.058363529913300884,1.0,1.69,3.553429027113238,1.005543840259209,2,7,2.5454545454545454,0.9883139428379524,1,4,3.272727272727273,1.4211791645789364,1,5,70692.37639553429,78521.81212315538,10224,392200,59929307.62360447,78524.2181698973,59607800,59989776,0.1178206306976266,0.13086971093749084,0.01704,0.6536666666666666,99.88217936930238,0.1308697109374914,99.34633333333333,99.98295999999999,90.0,0.0005529018885875699,89.9919,90.00810000000001,0.0,0.0,0.0,0.0,3.69014204784689,4.0988385928287085,0.5336928,20.472839999999998,3380.012949971292,4.4287659047821695,3361.8799200000003,3383.4233664000003,3473.703092019139,0.33057047063020345,3472.3118232000006,3473.9570592000005
run_0167_cfg_017_seed_7_of0,7,8,18,10,40.0,12,20,OF0,627,11,99.9973524720893,0.04689402612669468,99.13,100.0,100.0,0.0,100.0,100.0,133.66985645933013,55.452231123380706,26,304,-73.71610845295056,10.250961717886462,-84,-51,1.0173684210526315,0.04617230361358817,1.0,1.39,3.5486443381180224,0.9913897268758397,2,5,2.5454545454545454,0.9883139428379527,1,4,3.272727272727273,1.421179164578937,1,5,70513.26315789473,82601.34215241007,10224,359488,59929486.7368421,82601.34215241013,59640512,59989776,0.11752210526315789,0.1376689035873501,0.01704,0.5991466666666666,99.88247789473684,0.13766890358735112,99.40085333333334,99.98295999999999,90.0,0.0,90.0,90.0,0.0,0.0,0.0,0.0,3.680792336842105,4.311790060355806,0.5336928,18.765273599999997,3380.0230519578954,4.658715697395918,3363.7248768000004,3383.4233664000003,3473.703844294737,0.346925637040128,3472.4901504000004,3473.9570592000005
run_0168_cfg_017_seed_8_of0,8,8,18,10,40.0,12,20,OF0,627,11,99.98288676236044,0.2770781915226405,93.75,100.0,100.0,0.0,100.0,100.0,134.76714513556618,56.4117394709952,25,312,-73.59170653907496,10.234118599312662,-84,-51,1.024609250398724,0.0661827664308495,1.0,1.62,3.5709728867623602,1.00445629002004,2,6,2.5566188197767143,1.0021861342885696,1,5,3.272727272727273,1.4211791645789371,1,5,71061.12918660288,77728.29824352726,10224,362320,59928938.8708134,77727.65530924645,59637680,59989776,0.11843521386523037,0.12954715365967637,0.01704,0.6038666666666667,99.88156478613477,0.12954715365967823,99.39613333333334,99.98295999999999,90.0,9.902889499922104e-05,89.998248,90.00175200000001,0.0,0.0,0.0,0.0,3.709390943540669,4.057417168312123,0.5336928,18.913103999999997,3379.9921523138755,4.383839759441591,3363.5651520000006,3383.4233664000003,3473.7015432574167,0.32644238208844595,3472.478256000001,3473.9570592000005
run_0169_cfg_017_seed_9_of0,9,8,18,10,40.0,12,20,OF0,627,11,99.97778309409888,0.2927816862714773,93.75,100.0,100.0,0.0,100.0,100.0,134.6347687400319,57.3399893639503,16,295,-73.36363636363636,10.23533712453385,-84,-51,1.0239234449760766,0.0645845450478651,1.0,1.64,3.553429027113238,0.9991690857745658,2,6,2.5454545454545454,0.988313942837953,1,4,3.272727272727273,1.4211791645789367,1,5,71144.95693779904,59500.16247968035,9808,272936,59928855.0430622,59500.162479680504,59727064,59990192,0.11857492822966507,0.09916693746613398,0.016346666666666666,0.4548933333333333,99.88142507177034,0.09916693746613521,99.54510666666667,99.98365333333334,90.0,0.0,90.0,90.0,0.0,0.0,0.0,0.0,3.7137667521531097,3.1059084814393163,0.5119776,14.247259199999998,3379.9874244287084,3.3558091638540235,3368.6064096000005,3383.4468288000003,3473.7011911808618,0.2499006824146923,3472.8536688000004,3473.9588064000004
run_0170_cfg_017_seed_10_of0,10,8,18,10,40.0,12,20,OF0,627,11,99.9849601275917,0.25771939691267515,93.75,100.0,100.0,0.0,100.0,100.0,134.0494417862839,55.94479632022001,19,272,-73.36363636363636,10.235337124533848,-84,-51,1.0196012759170654,0.05289087443981634,1.0,1.46,3.5518341307814993,0.9992532281544049,2,6,2.5486443381180224,0.994607141997673,1,5,3.272727272727273,1.4211791645789371,1,5,70934.12440191387,59239.229423800854,10736,275520,59929065.87559809,59239.88726416315,59724480,59989264,0.11822354034677827,0.09873204485198274,0.017893333333333334,0.4592,99.88177645965322,0.0987320448519836,99.54079999999999,99.98210666666667,90.0,0.00047888400617882964,89.9919,90.00810000000001,0.0,0.0,0.0,0.0,3.7027612937799037,3.092287775922405,0.5604192,14.382143999999998,3379.9993153837327,3.341129641698837,3368.460672,3383.3944896000003,3473.702076677512,0.24947879730246553,3472.8151176,3473.9549088000003
run_0171_cfg_018_seed_1_mrhof,1,8,18,10,50.0,16,20,MRHOF,855,15,99.85534502923977,0.772633406484239,87.5,100.0,99.96100584795322,1.1402039419506336,66.66,100.0,146.81286549707602,78.19072384652466,26,395,-71.53333333333333,11.558769494406592,-94,-52,1.0244678362573099,0.05102385979845052,1.0,1.33,3.7333333333333334,1.389657346608726,2,6,2.7333333333333334,1.389657346608726,1,5,4.8,1.3767898718715414,3,7,80440.32748538011,68900.2848737691,10224,343704,59919559.67251462,68900.28487376875,59656296,59989776,0.13406721247563352,0.11483380812294851,0.01704,0.57284,99.86593278752436,0.11483380812294738,99.42716,99.98295999999999,90.0,0.0,90.0,90.0,0.0,0.0,0.0,0.0,4.198985094736842,3.5965948704107484,0.5336928,17.9413488,3379.463165529825,3.885976066880557,3364.6150944000005,3383.4233664000003,3473.6621506245615,0.28938119646991933,3472.5564432000006,3473.9570592000005
run_0172_cfg_018_seed_2_mrhof,2,8,18,10,50.0,16,20,MRHOF,855,15,99.99063157894737,0.12029948453973083,98.03,100.0,100.0,0.0,100.0,100.0,145.21286549707602,78.54087420532204,25,380,-69.66666666666667,8.750911628656338,-94,-59,1.023672514619883,0.057515584937025944,1.0,1.52,3.7380116959064327,1.398943487216373,2,7,2.7380116959064327,1.398943487216373,1,6,4.8,1.3767898718715412,3,7,80402.53567251463,74139.31891796048,10224,368392,59919597.464327484,74139.22823932994,59631608,59989776,0.13400422435328807,0.1235655236081463,0.01704,0.6139866666666667,99.86599577564671,0.12356552360814603,99.38601333333334,99.98295999999999,90.0,0.0005080134612534001,89.991864,90.00813600000001,0.0,0.0,0.0,0.0,4.197012362105262,3.8700724475175305,0.5336928,19.230062399999998,3379.4652969880703,4.181452472698159,3363.2226912,3383.4233664000003,3473.6623093501757,0.3119520279297352,3472.4527536,3473.9570592000005
run_0173_cfg_018_seed_3_mrhof,3,8,18,10,50.0,16,20,MRHOF,855,15,99.98522807017544,0.2948149312833908,91.66,100.0,100.0,0.0,100.0,100.0,145.0456140350877,78.57244468937208,21,368,-71.93333333333334,10.272242674072448,-94,-52,1.0275906432748538,0.061295887797036895,1.0,1.44,3.734502923976608,1.3919861653321908,2,7,2.7333333333333334,1.389657346608726,1,5,4.8,1.3767898718715428,3,7,80331.79883040936,90482.71539634398,10224,381064,59919668.20116959,90482.37068032323,59618936,59989776,0.13388632941183323,0.1508045093069926,0.01704,0.6351066666666667,99.86611367058816,0.15080450930699338,99.36489333333334,99.98295999999999,90.0,0.0004244754525719441,89.9919,90.00810000000001,0.0,0.0,0.0,0.0,4.193319898947368,4.7231977436891555,0.5336928,19.891540799999998,3379.469286545965,5.103205706370231,3362.5079904,3383.4233664000003,3473.662606444913,0.3803349111904105,3472.3995311999997,3473.9901672000005
run_0174_cfg_018_seed_4_mrhof,4,8,18,10,50.0,16,20,MRHOF,855,15,99.98323976608187,0.24202290969024925,93.75,100.0,100.0,0.0,100.0,100.0,148.17894736842106,80.50782629601547,23,430,-70.13333333333334,10.499737924687432,-94,-52,1.0307368421052632,0.06987975444541084,1.0,1.64,3.7356725146198833,1.3943101121632422,2,7,2.7333333333333334,1.389657346608726,1,5,4.8,1.3767898718715428,3,7,80958.83040935673,79374.31839778462,10224,354296,59919041.169590645,79374.03087265012,59645704,59989776,0.1349313829009005,0.1322905297171649,0.01704,0.5904933333333333,99.8650686170991,0.13229052971716443,99.40950666666667,99.98295999999999,90.0,0.000279905571230069,89.99503200000001,90.004968,0.0,0.0,0.0,0.0,4.226050947368421,4.1433394203643585,0.5336928,18.494251199999997,3379.4339219649128,4.476695341217459,3364.0177056,3383.4233664000003,3473.6599729122813,0.3335178383485577,3472.5119568,3473.9570592000005
run_0175_cfg_018_seed_5_mrhof,5,8,18,10,50.0,16,20,MRHOF,855,15,99.924783625731,0.32098489931205515,97.22,100.0,99.96100584795322,1.1402039419506336,66.66,100.0,147.49590643274854,79.0245102913191,27,353,-72.8,10.74686382007389,-94,-59,1.0395789473684212,0.07990222670623419,1.0,1.68,3.736842105263158,1.3966292114219039,2,7,2.7333333333333334,1.3896573466087263,1,5,4.8,1.3767898718715423,3,7,81573.03391812865,65826.48289624378,10224,247864,59918426.96608187,65826.89133120528,59752136,59989776,0.13595505630248983,0.10971080216458759,0.01704,0.4131066666666666,99.86404494369751,0.10971080216458826,99.58689333333334,99.98295999999999,90.0,0.00039780258246193757,89.992332,90.007668,0.0,0.0,0.0,0.0,4.258112370526315,3.4361424071839277,0.5336928,12.938500799999998,3379.399280887018,3.7126366710799443,3370.0204704000007,3383.4233664000003,3473.6573932575443,0.27689004037270276,3472.9589712000006,3474.070428
run_0176_cfg_018_seed_6_mrhof,6,8,18,10,50.0,16,20,MRHOF,855,15,99.90946198830409,0.45933787051703334,91.66,100.0,99.96100584795322,1.1402039419506333,66.66,100.0,146.98830409356725,79.58975522672671,32,377,-70.8,11.161199099540259,-94,-52,1.0310994152046784,0.058220755589314103,1.0,1.35,3.7333333333333334,1.389657346608726,2,6,2.7333333333333334,1.389657346608726,1,5,4.8,1.376789871871541,3,7,80900.62222222223,67007.05039632869,10736,276816,59919099.37777778,67009.07463342762,59723184,59989264,0.13483437304045465,0.11167842573003087,0.017893333333333334,0.46136,99.86516562695955,0.11167842573003119,99.53864,99.98210666666667,90.0,0.0004224079518098627,89.99151599999999,90.008484,0.0,0.0,0.0,0.0,4.2230124799999995,3.49776803068836,0.5604192,14.449795199999999,3379.437204906667,3.779311809325352,3368.3875776000004,3383.3944896000003,3473.6602173866672,0.2819843311908531,3472.8373728000006,3473.9549088000003
run_0177_cfg_018_seed_7_mrhof,7,8,18,10,50.0,16,20,MRHOF,855,15,99.97490058479531,0.3026478900874152,94.44,100.0,100.0,0.0,100.0,100.0,147.83157894736843,79.16904324984935,25,375,-70.53333333333333,9.26368852339866,-94,-59,1.0262923976608187,0.06357008432662073,1.0,1.56,3.7356725146198833,1.3943101121632415,2,7,2.7356725146198833,1.3943101121632415,1,6,4.8,1.3767898718715426,3,7,80858.14269005848,71718.24690431851,10736,331056,59919141.857309945,71719.80074326832,59668944,59989264,0.134763573298773,0.11953041689364516,0.017893333333333334,0.55176,99.86523642670123,0.11953041689364535,99.44824,99.98210666666667,90.0,0.00039198647398199497,89.9919,90.00810000000001,0.0,0.0,0.0,0.0,4.220795048421052,3.7436924884054283,0.5604192,17.2811232,3379.439600752281,4.044996761920327,3365.3284416000006,3383.3944896000003,3473.6603958007017,0.3016587357036634,3472.6095648000005,3473.9549088000003
run_0178_cfg_018_seed_8_mrhof,8,8,18,10,50.0,16,20,MRHOF,855,15,99.81375438596491,0.6164558826825879,92.3,100.0,99.92201169590643,1.611547520149222,66.66,100.0,149.50877192982455,79.86013596535989,27,410,-71.86666666666666,10.46152759968493,-94,-52,1.0309239766081872,0.07537859213852628,1.0,1.69,3.7380116959064327,1.3972684207680681,2,7,2.7333333333333334,1.3896573466087274,1,5,4.8,1.376789871871542,3,7,80600.33684210526,92834.61983265847,10224,404320,59919399.663157895,92834.97352059897,59595680,59989776,0.13433389426959513,0.15472436631294922,0.01704,0.6738666666666666,99.8656661057304,0.15472436631295,99.32613333333333,99.98295999999999,90.0,0.0004733760752991002,89.9919,90.00810000000001,0.0,0.0,0.0,0.0,4.207337583157894,4.845967155264771,0.5336928,21.105504,3379.454141002105,5.235892506561754,3361.1963520000004,3383.4233664000003,3473.6614785852635,0.39032275284011975,3472.3018560000005,3473.9739624000003
run_0179_cfg_018_seed_9_mrhof,9,8,18,10,50.0,16,20,MRHOF,855,15,99.99038596491228,0.1358750486388096,97.43,100.0,100.0,0.0,100.0,100.0,147.35438596491227,78.94749404649195,27,371,-69.86666666666666,9.795974893892879,-94,-52,1.0229707602339182,0.05227219191899456,1.0,1.35,3.7333333333333334,1.3896573466087265,2,6,2.7333333333333334,1.3896573466087265,1,5,4.8,1.3767898718715417,3,7,80558.31578947368,66959.28553314014,10224,309976,59919441.684210524,66958.48110784877,59690024,59989776,0.13426385782949513,0.11159880694921927,0.01704,0.5166266666666667,99.8657361421705,0.11159880694921917,99.48337333333333,99.98295999999999,90.0,0.0002299653980693488,89.995248,90.00475200000001,0.0,0.0,0.0,0.0,4.205144084210526,3.495274704829916,0.5336928,16.1807472,3379.4565109894743,3.776458334482703,3366.5173536,3383.4233664000003,3473.661655073685,0.281312339684765,3472.6981008000002,3473.9570592000005
run_0180_cfg_018_seed_10_mrhof,10,8,18,10,50.0,16,20,MRHOF,855,15,99.97245614035087,0.34983542819609503,93.33,100.0,100.0,0.0,100.0,100.0,145.7017543859649,78.25351334316237,27,369,-73.93333333333334,9.97556734195659,-94,-60,1.0229473684210526,0.056050460616647486,1.0,1.42,3.7356725146198833,1.3943101121632409,2,7,2.7333333333333334,1.3896573466087259,1,5,4.8,1.3767898718715428,3,7,80171.99532163743,87659.19820753981,10736,454008,59919828.00467836,87657.3546269607,59545992,59989264,0.1336199859848094,0.14609863999606074,0.017893333333333334,0.75668,99.86638001401519,0.14609863999606162,99.24332,99.98210666666667,90.0,0.0005319014893564028,89.991864,90.00813600000001,0.0,0.0,0.0,0.0,4.184978155789474,4.575810146433576,0.5604192,23.6992176,3379.47829946386,4.943874800960585,3358.3939488,3383.3944896000003,3473.6632776196498,0.3685925990275853,3472.0931664,3473.9549088000003
run_0181_cfg_019_seed_1_of0,1,8,18,10,60.0,12,5,OF0,627,11,99.93223285486444,0.2893284998678269,96.15,100.0,99.95215311004785,0.6906086047034665,90.0,100.0,97.69856459330144,39.86410679691531,39,201,-69.69218500797449,14.827419968348979,-93,-51,1.0138596491228071,0.03732808622154301,1.0,1.24,2.8181818181818183,0.7163904098224002,2,4,1.8181818181818181,0.7163904098224003,1,3,5.818181818181818,2.3302678229409053,1,9,152594.20733652313,205808.49262152784,46008,896416,59847405.79266348,205808.50592065544,59103584,59953992,0.2543236789641261,0.34301415435807087,0.07668,1.4940266666666666,99.74567632103587,0.3430141543580708,98.50597333333333,99.92332,90.0,3.1200884726008965e-05,89.999448,90.000552,0.0,0.0,0.0,0.0,7.965417622966507,10.743203314843747,2.4016176,46.792915199999996,3375.3936867062203,11.607599733924967,3333.4421376,3381.4051488000005,3473.3591043291867,0.8643972171753894,3470.2350528,3473.8067664000005
run_0182_cfg_019_seed_2_of0,2,8,18,10,60.0,12,5,OF0,627,11,99.99221690590112,0.08378256603781643,98.24,100.0,100.0,0.0,100.0,100.0,96.41148325358851,39.34669845648854,40,193,-67.72727272727273,13.869678908660248,-93,-51,1.0121690590111643,0.029534462453815045,1.0,1.19,2.8181818181818183,0.7163904098224001,2,4,1.8181818181818181,0.7163904098224001,1,3,5.818181818181818,2.3302678229409066,1,9,153144.06379585326,108814.47673700695,48312,519776,59846855.93620415,108814.63806479188,59480224,59951688,0.2552401067943936,0.18135746301599986,0.08052,0.8662933333333332,99.74475989320561,0.18135746301599986,99.13370666666667,99.91948000000001,90.0,5.561896842469226e-05,89.999016,90.000984,0.0,0.0,0.0,0.0,7.99412013014354,5.6801156856717645,2.5218863999999996,27.1323072,3375.362674801914,6.137145586854268,3354.6846336000003,3381.2752032,3473.356794932058,0.4570348197815035,3471.8169408000003,3473.7970895999997
run_0183_cfg_019_seed_3_of0,3,8,18,10,60.0,12,5,OF0,627,11,99.95087719298245,0.1585397499256419,98.21,100.0,99.96631578947368,0.59677379367779,88.88,100.0,97.37639553429027,40.14791283738089,37,202,-69.7177033492823,14.751348749339408,-93,-51,1.0102073365231259,0.03175568290194186,1.0,1.25,2.8181818181818183,0.7163904098224005,2,4,1.8181818181818181,0.7163904098224004,1,3,5.818181818181818,2.330267822940906,1,9,152275.08771929826,193245.1816755794,47104,861768,59847724.9122807,193245.28501177326,59138232,59952896,0.25379181338869766,0.32207530457673617,0.07850666666666667,1.43628,99.7462081866113,0.32207530457673633,98.56372,99.92149333333333,90.0,7.09961975319489e-05,89.999016,90.000984,0.0,0.0,0.0,0.0,7.948759578947368,10.087398483465254,2.4588288,44.9842896,3375.4116850526316,10.899034074664014,3335.3962848,3381.3433344000005,3473.360444631579,0.811640037080655,3470.3805744,3473.8021632000005
run_0184_cfg_019_seed_4_of0,4,8,18,10,60.0,12,5,OF0,627,11,99.94263157894737,0.1429948830310427,98.93,100.0,99.95180223285486,0.6980207795968522,88.88,100.0,97.42424242424242,40.27376665244561,34,198,-68.32057416267942,13.665128107243726,-93,-51,1.0125518341307815,0.03355214018282355,1.0,1.24,2.8181818181818183,0.7163904098224003,2,4,1.8181818181818181,0.7163904098224003,1,3,5.818181818181818,2.3302678229409053,1,9,152539.70015948964,176980.49762730463,45384,767664,59847457.250398725,176977.81865372526,59232336,59954616,0.254232830443131,0.29496746378986455,0.07564,1.27944,99.74576716955687,0.29496746378986455,98.72056,99.92436000000001,89.99999542583731,0.0006909946543226379,89.99151599999999,90.008484,0.0,0.0,0.0,0.0,7.962572348325358,9.238381976145297,2.3690447999999997,40.072060799999996,3375.3965889224887,9.981548972070089,3340.7037504000004,3381.4403424,3473.359156696651,0.7436067509070099,3470.7758112000006,3474.0674088
run_0185_cfg_019_seed_5_of0,5,8,18,10,60.0,12,5,OF0,627,11,99.97382775119617,0.10468890012847594,98.86,100.0,99.95180223285486,0.6980207795968526,88.88,100.0,97.04625199362042,40.180337463461065,40,215,-68.2153110047847,14.867032218562859,-93,-51,1.013652312599681,0.03671703829549527,1.0,1.25,2.8181818181818183,0.7163904098224008,2,4,1.8181818181818181,0.716390409822401,1,3,5.818181818181818,2.3302678229409066,1,9,152793.3014354067,179013.1975242681,46008,772192,59847206.6985646,179012.0492851842,59231720,59953992,0.254655494602501,0.2983552546469316,0.07668,1.286902760606675,99.7453445053975,0.298355254646932,98.71309723939332,99.92332,90.0,0.000585496005011797,89.99301600000001,90.006984,0.0,0.0,0.0,0.0,7.975810334928228,9.344488910766797,2.4016176,40.3084224,3375.3824577990436,10.096279579684403,3340.6690080000003,3381.4051488000005,3473.3582681339713,0.7521039371207461,3470.7612216000007,3473.968596
run_0186_cfg_019_seed_6_of0,6,8,18,10,60.0,12,5,OF0,627,11,99.9508133971292,0.16009125376700084,97.91,100.0,99.95358851674641,0.6705338889465247,90.0,100.0,97.11961722488039,39.59495459330925,37,195,-67.78149920255183,14.73889170661134,-93,-51,1.0156618819776715,0.05005428872190376,1.0,1.74,2.827751196172249,0.7297830317711057,2,6,1.821371610845295,0.7260484546432789,1,5,5.818181818181818,2.3302678229409057,1,9,152665.326953748,175381.93094269556,46008,775072,59847334.67304625,175382.3690208003,59224928,59953992,0.25444221331936345,0.2923032200513189,0.07668,1.2917866666666666,99.74555778668064,0.29230322005131965,98.70821333333333,99.92332,90.0,0.00025580693598536086,89.996556,90.003444,0.0,0.0,0.0,0.0,7.969130066985645,9.154936795208712,2.4016176,40.458758399999994,3375.389675559809,9.891565612773162,3340.2859392,3381.4051488000005,3473.358805626795,0.7366908501637658,3470.7446976,3473.8067664000005
run_0187_cfg_019_seed_7_of0,7,8,18,10,60.0,12,5,OF0,627,11,99.98007974481659,0.0929056687138544,98.52,100.0,99.96631578947368,0.59677379367779,88.88,100.0,97.11323763955343,39.66188890501464,35,197,-65.76236044657097,14.236792080117297,-93,-51,1.014066985645933,0.038087866855496505,1.0,1.45,2.819776714513557,0.7179073786896522,2,4,1.8181818181818181,0.7163904098224005,1,3,5.818181818181818,2.330267822940906,1,9,152988.84848484848,134023.09964903255,46008,635144,59847011.15151515,134023.06921223694,59364856,59953992,0.25498141399150215,0.2233718327960697,0.07668,1.0585733333333334,99.7450185860085,0.2233718327960699,98.94142666666667,99.92332,90.0,7.732393171080237e-05,89.99863200000001,90.001368,0.0,0.0,0.0,0.0,7.986017890909091,6.996005801679501,2.4016176,33.154516799999996,3375.3714289454547,7.558901103570172,3348.1778784000003,3381.4051488000005,3473.357446836364,0.5629025952478652,3471.3323952,3473.813136
run_0188_cfg_019_seed_8_of0,8,8,18,10,60.0,12,5,OF0,627,11,99.87636363636364,0.3030992970154981,96.29,100.0,99.93620414673046,0.7968068921848322,90.0,100.0,97.48644338118022,40.47360664796051,39,194,-68.04306220095694,14.803604459216771,-93,-51,1.0134130781499202,0.033741547581010764,1.0,1.23,2.8181818181818183,0.7163904098224007,2,4,1.8181818181818181,0.7163904098224008,1,3,5.818181818181818,2.330267822940906,1,9,152530.7432216906,181715.51360296636,48200,793648,59847474.62838916,181717.95937339636,59206352,59951800,0.2542178941411519,0.302859197321182,0.08033333333333333,1.3227466666666667,99.74578210585885,0.30285919732118244,98.67725333333334,99.91966666666666,90.00000805741627,0.00036066211283921793,89.99563199999999,90.005052,0.0,0.0,0.0,0.0,7.962104796172248,9.48554981007485,2.51604,41.4284256,3375.397569041149,10.248892908659549,3339.2382528000003,3381.2815200000005,3473.3596818947367,0.7634644847554334,3470.6666784000004,3473.9443176000004
run_0189_cfg_019_seed_9_of0,9,8,18,10,60.0,12,5,OF0,627,11,99.85363636363637,0.30715927404856624,96.15,100.0,99.88800637958532,1.056397071712228,88.88,100.0,97.6634768740032,39.816030486961914,35,211,-68.30940988835725,14.516597005801593,-93,-51,1.0125039872408295,0.03254313284333001,1.0,1.25,2.8181818181818183,0.7163904098224003,2,4,1.8181818181818181,0.7163904098224003,1,3,5.818181818181818,2.3302678229409057,1,9,152192.3062200957,204677.48268862575,46008,884088,59847807.6937799,204677.93849943602,59115912,59953992,0.25365384497853316,0.3411291602885405,0.07668,1.47348,99.74634615502147,0.3411291602885414,98.52651999999999,99.92332,90.0,0.0004633526937983879,89.993448,90.006552,0.0,0.0,0.0,0.0,7.944438384688994,10.684164596346271,2.4016176,46.149393599999996,3375.416353929187,11.543835731368203,3334.1374368,3381.4051488000005,3473.360792313876,0.859844357431337,3470.1804984000005,3473.9890464000005
run_0190_cfg_019_seed_10_of0,10,8,18,10,60.0,12,5,OF0,627,11,99.89071770334928,0.2112626616183708,98.71,100.0,99.88800637958532,1.0563970717122317,88.88,100.0,97.36204146730462,39.77984174483712,39,197,-71.1658692185008,14.83416042979819,-93,-54,1.0099202551834132,0.029986578807209334,1.0,1.26,2.8181818181818183,0.7163904098224002,2,4,1.8181818181818181,0.7163904098224003,1,3,5.818181818181818,2.330267822940905,1,9,152377.88835725677,223664.7312657335,46008,916912,59847622.11164274,223664.57182484528,59083088,59953992,0.2539631446200423,0.3727745338483764,0.07668,1.5281866666666666,99.74603685537996,0.3727745338483767,98.47181333333333,99.92332,90.0,0.0005252008287723845,89.992632,90.007368,0.0,0.0,0.0,0.0,7.954125772248803,11.675298972071294,2.4016176,47.86280639999999,3375.405887096651,12.614681850921283,3332.2861632,3381.4051488000005,3473.3600128689,0.9395855021217766,3470.1489696,3473.8067664000005
run_0191_cfg_020_seed_1_of0,1,8,18,10,60.0,16,10,OF0,855,15,99.89336842105263,0.4251910976177763,93.33,100.0,99.93761403508772,1.0560687410160663,80.0,100.0,121.85964912280701,55.86451867852738,31,262,-71.27719298245614,15.45565937226012,-94,-54,1.0160701754385966,0.04199637250803167,1.0,1.36,3.2690058479532165,1.0000753220876244,2,5,2.2666666666666666,0.9983593098055479,1,4,6.133333333333334,2.2184029109721792,3,10,115663.88771929825,150919.0076972877,25560,827952,59884336.112280704,150919.00769728792,59172048,59974440,0.19277314619883043,0.25153167949547944,0.0426,1.37992,99.80722685380117,0.25153167949547856,98.62008,99.95739999999999,90.0,0.0,90.0,90.0,0.0,0.0,0.0,0.0,6.037654938947369,7.877972201798415,1.3342319999999999,43.219094399999996,3377.4765567326317,8.511832034127028,3337.3035072000002,3382.5584160000008,3473.5142116715792,0.6338598323286304,3470.5226016,3473.892648000001
run_0192_cfg_020_seed_2_of0,2,8,18,10,60.0,16,10,OF0,855,15,99.99083040935673,0.09041091730981259,98.43,100.0,100.0,0.0,100.0,100.0,121.54853801169591,56.246943561744544,33,265,-70.19766081871344,13.954660412028378,-94,-51,1.0203976608187135,0.04964587470358331,1.0,1.72,3.278362573099415,1.010338656560021,2,5,2.2736842105263158,1.006976771659311,1,4,6.133333333333334,2.218402910972179,3,10,117067.90175438597,107103.01920094297,25560,526824,59882932.09824561,107100.38179842065,59473176,59974440,0.19511315990381753,0.17850500626336818,0.0426,0.87804,99.80488684009617,0.17850500626336752,99.12196,99.95739999999999,90.0,0.0005494253161135075,89.990748,90.00925200000002,0.0,0.0,0.0,0.0,6.1109444715789465,5.590777602289219,1.3342319999999999,27.500212799999996,3377.397370341053,6.04046153343088,3354.2871264000005,3382.5584160000008,3473.5083148126323,0.45014353701950643,3471.7873392000006,3473.892648000001
run_0193_cfg_020_seed_3_of0,3,8,18,10,60.0,16,10,OF0,855,15,99.95470175438597,0.1917700703747383,97.87,100.0,99.9766081871345,0.6839855680567685,80.0,100.0,121.43040935672515,55.52044172100455,31,284,-70.01520467836258,15.07921325959399,-94,-51,1.0173801169590644,0.04053696179598401,1.0,1.39,3.2678362573099413,0.9998041360153856,2,5,2.2666666666666666,0.9983593098055478,1,4,6.133333333333334,2.2184029109721783,3,10,116386.93801169591,115819.27512947592,25560,495488,59883613.0619883,115819.53854142291,59504512,59974440,0.19397822914543475,0.1930321145145165,0.0426,0.8258133333333334,99.80602177085457,0.19303211451451627,99.17418666666666,99.95739999999999,90.0,0.0005311309130899647,89.990748,90.00925200000002,0.0,0.0,0.0,0.0,6.075398164210526,6.04576616175864,1.3342319999999999,25.864473599999997,3377.4357766961407,6.532221973736269,3356.0544768000004,3382.5584160000008,3473.511174860351,0.48685672391250817,3471.9189504000005,3473.892648000001
run_0194_cfg_020_seed_4_of0,4,8,18,10,60.0,16,10,OF0,855,15,99.89010526315789,0.306649741314331,96.77,100.0,99.93371929824562,1.1215019896029343,80.0,100.0,123.08070175438597,57.38023298732993,31,266,-71.75555555555556,14.808216242342938,-94,-51,1.017391812865497,0.042708144974677335,1.0,1.32,3.2666666666666666,0.9983593098055475,2,5,2.2666666666666666,0.9983593098055475,1,4,6.133333333333334,2.218402910972179,3,10,115827.49941520467,170305.65006509822,25560,764336,59884178.35789473,170305.86715150982,59235664,59974440,0.19304581413354874,0.2838427505165026,0.0426,1.2738933333333333,99.80695418586646,0.28384275051650226,98.72610666666667,99.95739999999999,90.00000878596491,0.0002569049793617697,90.0,90.00751199999999,0.0,0.0,0.0,0.0,6.046195469473684,8.889954933398128,1.3342319999999999,39.8983392,3377.4676593852632,9.60525090734517,3340.8914496,3382.5584160000008,3473.5138636407023,0.7153600494536149,3470.7897888,3473.892648000001
run_0195_cfg_020_seed_5_of0,5,8,18,10,60.0,16,10,OF0,855,15,99.93088888888889,0.34004360590402194,95.23,100.0,99.9766081871345,0.6839855680567655,80.0,100.0,121.54853801169591,56.14855396204522,32,282,-70.59298245614035,14.95231913958221,-94,-51,1.0159415204678361,0.03867260460108178,1.0,1.4,3.271345029239766,1.0064475710975316,2,6,2.2690058479532165,1.0035817908734628,1,5,6.133333333333334,2.2184029109721783,3,10,115939.33099415204,127185.95884494617,25376,699120,59884060.66900585,127185.95884494645,59300880,59974624,0.19323221832358675,0.21197659807491023,0.042293333333333336,1.1652,99.80676778167641,0.21197659807490915,98.8348,99.95770666666667,90.0,0.0,90.0,90.0,0.0,0.0,0.0,0.0,6.052033077894737,6.639107051706189,1.3246272,36.494063999999995,3377.46102173193,7.1732880788549895,3344.569632,3382.5687936000004,3473.513054809825,0.5341810271487947,3471.063696,3473.8934208000005
run_0196_cfg_020_seed_6_of0,6,8,18,10,60.0,16,10,OF0,855,15,99.7638947368421,0.7058662943083835,92.85,100.0,99.9298245614035,1.1833097084621418,80.0,100.0,122.69122807017544,57.71687015898465,35,322,-72.14269005847953,14.311055642341783,-94,-54,1.0196608187134504,0.04632389833235086,1.0,1.46,3.2690058479532165,1.002414330802429,2,6,2.2666666666666666,0.9983593098055481,1,4,6.133333333333334,2.21840291097218,3,10,116294.25029239766,170236.28786784544,25560,788864,59883705.7497076,170234.3939036836,59211136,59974440,0.19382374098003252,0.2837270897349203,0.0426,1.3147733333333333,99.80617625901998,0.2837270897349201,98.68522666666667,99.95739999999999,90.0,0.0003033441711691838,89.99451599999999,90.005484,0.0,0.0,0.0,0.0,6.070559865263157,8.88633422670153,1.3342319999999999,41.178700799999994,3377.441004283509,9.601219816167786,3339.5080704000006,3382.5584160000008,3473.5115641487723,0.7149716710322208,3470.6867712000007,3473.892648000001
run_0197_cfg_020_seed_7_of0,7,8,18,10,60.0,16,10,OF0,855,15,99.99188304093568,0.11674582724061636,97.14,100.0,100.0,0.0,100.0,100.0,121.0093567251462,56.777184011651826,32,281,-68.01637426900585,14.234312650349809,-94,-51,1.0165029239766081,0.04338223638844941,1.0,1.4,3.270175438596491,1.0061808247473405,2,6,2.2690058479532165,1.0035817908734632,1,5,6.133333333333334,2.21840291097218,3,10,115998.83040935673,111546.99472578414,25408,483984,59884001.169590645,111547.13692009632,59516016,59974592,0.19333138408373612,0.18591165815551913,0.042346666666666664,0.8066399999999999,99.80666861591627,0.1859116581555179,99.19336,99.95765333333333,90.0,0.0002468062984325161,89.9949,90.0051,0.0,0.0,0.0,0.0,6.0551389473684205,5.822753124685931,1.3262976,25.2639648,3377.4576659649124,6.291258522293434,3356.7033024,3382.5669888,3473.5128049122814,0.46859543565811557,3471.9672672,3473.8932864000003
run_0198_cfg_020_seed_8_of0,8,8,18,10,60.0,16,10,OF0,855,15,99.91548538011696,0.23757699002883478,96.66,100.0,99.9298245614035,1.1833097084621411,80.0,100.0,121.61286549707603,56.80119463977239,32,279,-72.23040935672515,14.237349426234152,-94,-51,1.0145380116959064,0.035745531068347096,1.0,1.27,3.2666666666666666,0.9983593098055478,2,5,2.2666666666666666,0.9983593098055478,1,4,6.133333333333334,2.218402910972179,3,10,115533.18362573099,161039.42305287102,25560,778888,59884466.81637427,161037.14023389117,59221112,59974440,0.192555293706646,0.26839893798236086,0.0426,1.2981466666666668,99.80744470629335,0.2683989379823607,98.70185333333333,99.95739999999999,90.0,0.0005920278808553931,89.990832,90.009168,0.0,0.0,0.0,0.0,6.030832185263158,8.40625788335987,1.3342319999999999,40.6579536,3377.483928443509,9.08249470919143,3340.0707168,3382.5584160000008,3473.5147606287724,0.6765914144084768,3470.7286704,3474.2032224
run_0199_cfg_020_seed_9_of0,9,8,18,10,60.0,16,10,OF0,855,15,99.94290058479531,0.2404966722340005,97.67,100.0,99.95711111111112,0.8899097159982894,80.0,100.0,121.86315789473684,56.97818915336248,34,269,-68.3953216374269,13.025572995372853,-94,-51,1.0144093567251462,0.03618642733940997,1.0,1.37,3.2678362573099413,0.9998041360153846,2,5,2.2666666666666666,0.9983593098055473,1,4,6.133333333333334,2.218402910972179,3,10,115545.29122807017,175320.08198583673,25560,776504,59884454.70877193,175319.25929966936,59223496,59974440,0.19257548018422033,0.2922001113928928,0.0426,1.2941733333333334,99.80742451981578,0.29220011139289154,98.70582666666667,99.95739999999999,90.0,0.0004411880065717396,89.99194800000001,90.00805199999999,0.0,0.0,0.0,0.0,6.031464202105263,9.15170827966067,1.3342319999999999,40.53350879999999,3377.4832455747373,9.888006224501364,3340.2051744000005,3382.5584160000008,3473.5147097768427,0.736479343122647,3470.7386832000007,3474.1318536000003
run_0200_cfg_020_seed_10_of0,10,8,18,10,60.0,16,10,OF0,855,15,99.9401403508772,0.32606263524860685,92.85,100.0,99.95711111111112,0.8899097159982903,80.0,100.0,121.72631578947369,56.66204878673612,31,290,-72.55204678362573,14.209021523109142,-94,-51,1.0177543859649123,0.046109639487764344,1.0,1.54,3.2690058479532165,1.0012455094647728,2,5,2.2666666666666666,0.9983593098055477,1,4,6.133333333333334,2.2184029109721783,3,10,116293.0432748538,106256.95518438081,25560,484736,59883706.95672514,106257.57142548899,59515264,59974440,0.1938217402337995,0.17709492663471477,0.0426,0.8078933333333334,99.8061782597662,0.17709492663471382,99.19210666666667,99.95739999999999,90.0,0.0002467632530270386,89.99533199999999,90.00466800000001,0.0,0.0,0.0,0.0,6.070496858947368,5.546613060624677,1.3342319999999999,25.303219199999997,3377.4410723592987,5.992927028397573,3356.6608896000007,3382.5584160000008,3473.511569218246,0.4464091479122225,3471.9641088000008,3473.9220936000006
run_0201_cfg_021_seed_1_of0,1,8,20,0,40.0,16,10,OF0,855,15,99.76738011695906,0.629991014639821,91.66,100.0,99.89472514619884,1.37908045187763,80.0,100.0,174.75672514619882,78.73076434215389,29,384,-76.87368421052632,10.658108033589443,-93,-51,1.0542690058479531,0.0952078837820504,1.0,1.73,4.3052631578947365,1.58569657407911,2,8,3.2736842105263158,1.5673624882206032,1,7,3.2,1.2761549390929887,1,5,176846.06315789474,211501.59435218966,25560,925192,59823153.89005848,211503.84363822878,59074808,59974440,0.29474344902964633,0.352502715000253,0.0426,1.5419866666666666,99.70525655097036,0.35250271500025304,98.45801333333334,99.95739999999999,89.99999992982455,0.000702250417205384,89.9919,90.00810000000001,0.0,0.0,0.0,0.0,9.231364496842104,11.040383225184305,1.3342319999999999,48.2950224,3374.025879399299,11.928816781196085,3331.8191712000003,3382.5584160000008,3473.2572438259654,0.888820366935731,3469.9052232000004,3473.9485368
run_0202_cfg_021_seed_2_of0,2,8,20,0,40.0,16,10,OF0,855,15,99.86978947368421,0.5029702899132715,91.66,100.0,99.89472514619884,1.3790804518776278,80.0,100.0,173.5625730994152,78.22472882318222,34,392,-77.20116959064327,10.771275381203282,-93,-51,1.0418947368421054,0.07906309197881356,1.0,1.68,4.148538011695907,1.3235993757153894,2,7,3.1333333333333333,1.3105588131824926,1,5,3.2,1.2761549390929887,1,5,175877.74502923977,209332.9176415494,25560,965744,59824122.25497076,209333.3845777989,59034256,59974440,0.2931295763039837,0.34888819895986833,0.0426,1.6095733333333335,99.70687042369602,0.3488881989598677,98.39042666666667,99.95739999999999,90.0,0.0004888750936003159,89.99151599999999,90.008484,0.0,0.0,0.0,0.0,9.180818290526314,10.927178300888883,1.3342319999999999,50.411836799999996,3374.0804951803516,11.806402890187888,3329.5320384000006,3382.5584160000008,3473.2613134708777,0.8794130867327421,3469.9438752000005,3473.892648000001
run_0203_cfg_021_seed_3_of0,3,8,20,0,40.0,16,10,OF0,855,15,99.82702923976608,0.5334342079199301,91.66,100.0,99.91032748538012,1.3124398986146086,80.0,100.0,173.97894736842105,76.95976336291986,29,397,-77.05614035087719,10.735117428784225,-93,-51,1.0430409356725145,0.07395401418841405,1.0,1.49,4.150877192982456,1.3330323420486152,2,8,3.1391812865497077,1.3210764128703423,1,6,3.2,1.2761549390929878,1,5,175580.87485380116,206719.01005982573,25560,952184,59824419.125146195,206717.7650399274,59047816,59974440,0.2926347802459819,0.3445316604849276,0.0426,1.5869733333333333,99.70736521975401,0.3445316604849267,98.41302666666667,99.95739999999999,90.0,0.0008115195219012459,89.988264,90.011736,0.0,0.0,0.0,0.0,9.16532166736842,10.790732325122894,1.3342319999999999,49.7040048,3374.097238658246,11.658881948251913,3330.2968224,3382.5584160000008,3473.2625603256142,0.8686717314740136,3470.0008272,3474.0403680000004
run_0204_cfg_021_seed_4_of0,4,8,20,0,40.0,16,10,OF0,855,15,99.75009356725147,0.621708751019633,90.9,100.0,99.87133333333334,1.5377802975586983,80.0,100.0,177.2514619883041,83.57490389870286,29,970,-76.87134502923976,10.553413154957159,-93,-51,1.0566666666666666,0.0978707746193425,1.0,1.69,4.1953216374269005,1.3893123695297844,2,9,3.1637426900584797,1.3589309165008328,1,7,3.2,1.2761549390929885,1,5,180888.15906432748,223471.33705339846,25120,973896,59819111.84093567,223471.59981759024,59026104,59974880,0.30148026283289864,0.3724521914670249,0.04186666666666667,1.62316,99.6985197371671,0.3724521914670242,98.37684,99.95813333333334,90.0,0.0008019029591994541,89.99151599999999,90.008484,0.0,0.0,0.0,0.0,9.442361903157895,11.665203794187407,1.311264,50.83737119999999,3373.797907828772,12.603798229712114,3329.0722656000003,3382.5832320000004,3473.2402697319303,0.9390680857811161,3469.9096368,3474.0587784000004
run_0205_cfg_021_seed_5_of0,5,8,20,0,40.0,16,10,OF0,855,15,99.82811695906432,0.47985051866431017,92.3,100.0,99.87133333333334,1.537780297558699,80.0,100.0,173.1964912280702,76.03137055529906,35,388,-76.87485380116959,10.779654341605879,-93,-51,1.0406432748538013,0.07179161066328106,1.0,1.46,4.142690058479532,1.3175947734269222,2,7,3.1333333333333333,1.310558813182493,1,5,3.2,1.2761549390929883,1,5,175512.7298245614,170812.901675493,25744,778928,59824487.27017544,170812.65570428377,59221072,59974256,0.2925212130822281,0.2846881360188181,0.04290666666666667,1.2982133333333332,99.70747878691778,0.2846881360188175,98.70178666666666,99.95709333333333,90.0,0.00059060151927356,89.990748,90.00925200000002,0.0,0.0,0.0,0.0,9.161764496842105,8.916433467460736,1.3438367999999998,40.66004159999999,3374.101082037895,9.633833781721595,3340.0684608000006,3382.5480383999998,3473.2628465347375,0.7177358115006844,3470.7285024000007,3473.8918752
run_0206_cfg_021_seed_6_of0,6,8,20,0,40.0,16,10,OF0,855,15,99.78044444444444,0.5836943546598126,92.85,100.0,99.87133333333334,1.5377802975586994,80.0,100.0,174.53216374269005,75.80789588846527,27,373,-76.9578947368421,10.69365218098239,-93,-51,1.0485380116959064,0.08292142745921219,1.0,1.74,4.15906432748538,1.3421500679844331,2,8,3.1426900584795323,1.3290977961885029,1,7,3.2,1.2761549390929883,1,5,176134.3812865497,208664.75531037746,25216,977288,59823865.61871345,208664.54714651234,59022712,59974784,0.29355729853126844,0.34777459061148885,0.04202666666666667,1.6288133333333332,99.70644270146873,0.34777459061148835,98.37118666666666,99.95797333333334,90.0,0.0006296608655633242,89.9919,90.00810000000001,0.0,0.0,0.0,0.0,9.194214703157893,10.892300227201703,1.3162751999999998,51.0144336,3374.0660208954387,11.76868045906331,3328.8809568000006,3382.5778176000003,3473.260235598597,0.8766924439116368,3469.8953904000005,3473.8940928
run_0207_cfg_021_seed_7_of0,7,8,20,0,40.0,16,10,OF0,855,15,99.85623391812865,0.4625315651186629,91.66,100.0,99.89861988304095,1.326529858469896,80.0,100.0,176.42573099415205,81.07975252320999,34,668,-76.74269005847954,10.570904337673092,-93,-51,1.0596491228070175,0.11390808744360967,1.0,3.0,4.175438596491228,1.360054160361809,2,11,3.1380116959064326,1.3189816790434479,1,6,3.2,1.2761549390929894,1,5,180069.2023391813,204935.39446818695,24984,1061664,59819930.79766082,204935.55221659012,58938336,59975016,0.30011533436485194,0.34155902952813283,0.041639999999999996,1.76944,99.69988466563515,0.3415590295281322,98.23056,99.95836,90.0,0.0007857157538836329,89.99151599999999,90.008484,0.0,0.0,0.0,0.0,9.399612362105263,10.697627591239364,1.3041648,55.41886079999999,3373.8440969880703,11.558365145015623,3324.1221504000005,3382.5909024000002,3473.243709350176,0.8612332125036307,3469.5410112000004,3473.9485368
run_0208_cfg_021_seed_8_of0,8,8,20,0,40.0,16,10,OF0,855,15,99.95702923976607,0.33336699447936435,91.66,100.0,99.98050292397662,0.5701019709753169,83.33,100.0,173.2608187134503,76.44458001923496,32,375,-77.20584795321638,10.748006228717285,-93,-51,1.0445497076023391,0.07328045671640875,1.0,1.53,4.145029239766082,1.3261980904157022,2,7,3.134502923976608,1.3126711614692508,1,6,3.2,1.2761549390929887,1,5,175206.31578947368,208962.67348048315,24632,974584,59824793.684210524,208963.0406907291,59025416,59975368,0.2920105261270416,0.34827111709796943,0.04105333333333334,1.6243066666666666,99.70798947387296,0.3482711170979689,98.37569333333333,99.95894666666668,90.0,0.0006146678316986508,89.990364,90.009636,0.0,0.0,0.0,0.0,9.145769684210526,10.907851555681214,1.2857904,50.87328479999999,3374.1183637894737,11.785515494957114,3329.0334624000006,3382.6107552000003,3473.2641334736845,0.8779618749540467,3469.9067472000006,3474.1801367999997
run_0209_cfg_021_seed_9_of0,9,8,20,0,40.0,16,10,OF0,855,15,99.876783625731,0.46575296616628276,94.73,100.0,99.91032748538012,1.3124398986146066,80.0,100.0,175.58947368421053,78.73215871845127,35,566,-76.84912280701755,10.765193328637132,-93,-51,1.0465964912280703,0.0861524422938842,1.0,1.92,4.224561403508772,1.4577918764978226,2,8,3.210526315789474,1.44456717145007,1,7,3.2,1.2761549390929887,1,5,177702.35321637426,171511.11422065322,26840,761328,59822297.64678363,171510.80543353723,59244128,59973160,0.29617057956702814,0.2858518124818681,0.04473333333333333,1.2687441597919582,99.70382942043297,0.2858518124818668,98.73125584020805,99.95526666666666,90.0,0.0011206576523495099,89.990364,90.009636,0.0,0.0,0.0,0.0,9.276062837894736,8.952880162318102,1.4010479999999998,39.7413216,3373.9775872785967,9.673209426451477,3341.3688192000004,3382.486224,3473.253650116492,0.7215324301510811,3470.5841928,3474.0643368000005
run_0210_cfg_021_seed_10_of0,10,8,20,0,40.0,16,10,OF0,855,15,99.80849122807017,0.43423996658110336,92.85,100.0,99.80505263157896,1.8988045581770852,80.0,100.0,175.11345029239766,78.30819431342763,31,381,-77.05380116959064,10.787793710737693,-93,-51,1.0536257309941521,0.08881974110376696,1.0,1.71,4.217543859649123,1.4313063922213365,2,8,3.1976608187134503,1.4123888618221718,1,7,3.2,1.2761549390929887,1,5,176766.00701754386,204546.86761925183,25168,965152,59823233.992982455,204547.59207274683,59034848,59974832,0.294610014456468,0.3409114621725352,0.04194666666666667,1.6085866666666666,99.70538998554353,0.3409114621725352,98.39141333333333,99.95805333333332,90.0,0.0004693319184208661,89.992056,90.00794400000001,0.0,0.0,0.0,0.0,9.22718556631579,10.67734648972495,1.3137695999999999,50.380934399999994,3374.030397204211,11.5364841929029,3329.5654271999997,3382.5805248,3473.2575827705264,0.859315919030905,3469.9463616,3473.8942944
run_0211_cfg_022_seed_1_of0,1,8,20,0,50.0,16,20,OF0,855,15,99.85374269005848,0.7797144311449041,87.5,100.0,100.0,0.0,100.0,100.0,146.93684210526317,79.29142132583333,28,448,-71.41988304093567,11.068250158846729,-94,-52,1.026877192982456,0.06691567367375209,1.0,1.69,3.745029239766082,1.4060826269977778,2,7,2.7333333333333334,1.389657346608726,1,5,4.8,1.3767898718715414,3,7,79965.25847953216,79743.18331527017,10224,368160,59920034.741520464,79743.68813331082,59631840,59989776,0.13327543182729054,0.13290530669011616,0.01704,0.6136,99.86672456817271,0.132905306690117,99.3864,99.98295999999999,90.0,0.00012020918535405551,89.997516,90.002484,0.0,0.0,0.0,0.0,4.174186492631579,4.162594169057099,0.5336928,19.217951999999997,3379.489959421755,4.497544010718723,3363.2357760000004,3383.4233664000003,3473.664145914386,0.33498040452037875,3472.4537280000004,3473.9570592000005
run_0212_cfg_022_seed_2_of0,2,8,20,0,50.0,16,20,OF0,855,15,99.98065497076024,0.250773121233098,94.11,100.0,100.0,0.0,100.0,100.0,145.86666666666667,78.30999469621257,24,375,-70.07836257309941,9.431110366703855,-94,-52,1.0204912280701754,0.04897537597851742,1.0,1.35,3.7356725146198833,1.3901047036130534,2,6,2.7333333333333334,1.3896573466087272,1,5,4.8,1.3767898718715412,3,7,79745.79649122807,67443.23040309118,10224,339080,59920254.20350877,67445.78981477243,59660920,59989776,0.13290966401908344,0.11240539933827408,0.01704,0.5651333333333334,99.86709033598092,0.11240539933827479,99.43486666666666,99.98295999999999,90.0,0.0005094145420425668,89.990748,90.00925200000002,0.0,0.0,0.0,0.0,4.162730576842105,3.5205366270413587,0.5336928,17.699976,3379.502337077895,3.8039425455531735,3364.8758880000005,3383.4233664000003,3473.665067654737,0.28404167405602715,3472.5758640000004,3473.9570592000005
run_0213_cfg_022_seed_3_of0,3,8,20,0,50.0,16,20,OF0,855,15,99.97230409356726,0.39862844617259524,91.66,100.0,100.0,0.0,100.0,100.0,145.83859649122806,78.19813397568035,27,363,-71.246783625731,9.333084904513639,-94,-52,1.021953216374269,0.054624952142326724,1.0,1.41,3.7415204678362572,1.4000150649038132,2,7,2.7356725146198833,1.390946802498874,1,5,4.8,1.3767898718715428,3,7,79629.12748538012,73675.49416648503,10736,412536,59920370.87251462,73675.25344467569,59587464,59989264,0.13271521128522515,0.12279248806550584,0.017893333333333334,0.68756,99.86728478871478,0.1227924880655058,99.31244,99.98210666666667,90.0,0.0003373647426085905,89.993364,90.006636,0.0,0.0,0.0,0.0,4.156640454736841,3.8458607954905206,0.5604192,21.5343792,3379.508917209825,4.155284294279663,3360.7329696,3383.3944896000003,3473.665557664562,0.3096771812679563,3472.2673488,3473.9549088000003
run_0214_cfg_022_seed_4_of0,4,8,20,0,50.0,16,20,OF0,855,15,99.90019883040935,0.4594853375337066,94.73,100.0,99.96100584795322,1.1402039419506333,66.66,100.0,147.52631578947367,78.71318073798564,26,350,-72.4608187134503,11.774045475957148,-94,-52,1.0289707602339182,0.06474860653339358,1.0,1.51,3.742690058479532,1.4056559441527525,2,8,2.7356725146198833,1.3943101121632422,1,6,4.8,1.3767898718715423,3,7,79851.92046783626,63178.699159435426,10224,399880,59920148.07953216,63178.69915943591,59600120,59989776,0.13308653411306043,0.10529783193239235,0.01704,0.6664666666666667,99.86691346588694,0.10529783193239242,99.33353333333334,99.98295999999999,90.0,0.0,90.0,90.0,0.0,0.0,0.0,0.0,4.168270248421052,3.2979280961225275,0.5336928,20.873736,3379.4963516856146,3.5632786325921733,3361.446768,3383.4233664000003,3473.6646219340355,0.2653505364696736,3472.320504,3473.9570592000005
run_0215_cfg_022_seed_5_of0,5,8,20,0,50.0,16,20,OF0,855,15,99.98076023391813,0.2773595934599237,94.44,100.0,100.0,0.0,100.0,100.0,146.83274853801169,77.94902467975906,27,382,-70.91578947368421,10.595386785133751,-94,-52,1.0255789473684211,0.05839869850588358,1.0,1.46,3.736842105263158,1.3924308070146367,2,7,2.7333333333333334,1.389657346608726,1,5,4.8,1.3767898718715421,3,7,80045.25847953216,74697.45117721368,10224,359360,59919954.741520464,74697.6204180511,59640640,59989776,0.1334087633857808,0.12449575049526078,0.01704,0.5989333333333333,99.86659123661421,0.12449575049526267,99.40106666666667,99.98295999999999,90.0,0.0004232963982237613,89.991864,90.00813600000001,0.0,0.0,0.0,0.0,4.178362492631578,3.899206951450552,0.5336928,18.758592,3379.485447421755,4.212945791578102,3363.732096,3383.4233664000003,3473.6638099143865,0.3141334494226665,3472.4906880000003,3473.9570592000005
run_0216_cfg_022_seed_6_of0,6,8,20,0,50.0,16,20,OF0,855,15,99.92054970760235,0.4061388441156065,93.33,100.0,99.96100584795322,1.1402039419506333,66.66,100.0,146.82573099415205,79.56727989788959,27,401,-72.59181286549708,11.94015829874678,-94,-52,1.026923976608187,0.06322898109049237,1.0,1.56,3.743859649122807,1.399609038400454,2,7,2.734502923976608,1.3919861653321912,1,6,4.8,1.376789871871541,3,7,80352.27134502924,69813.8630743174,10224,338688,59919647.72865497,69813.96175297027,59661312,59989776,0.13392045149841209,0.11635643813178685,0.01704,0.56448,99.86607954850159,0.11635643813178798,99.43552,99.98295999999999,90.0,0.00038966359117273793,89.99194800000001,90.00805199999999,0.0,0.0,0.0,0.0,4.194388564210526,3.64428365247937,0.5336928,17.6795136,3379.4681318961407,3.937507442867536,3364.8979968000003,3383.4233664000003,3473.6625204603515,0.2935815040576823,3472.5775104000004,3474.0691224
run_0217_cfg_022_seed_7_of0,7,8,20,0,50.0,16,20,OF0,855,15,99.98957894736841,0.13347915318050718,97.43,100.0,100.0,0.0,100.0,100.0,148.14269005847953,81.50246466735514,26,418,-70.0,9.543932682802414,-94,-52,1.0281286549707602,0.06043175886931392,1.0,1.5,3.7403508771929825,1.4002165668631694,2,7,2.7333333333333334,1.3896573466087265,1,5,4.8,1.3767898718715426,3,7,80243.21871345029,80491.41200934247,10224,424424,59919756.78128655,80493.40949255123,59575576,59989776,0.133738701181321,0.1341523540022107,0.01704,0.7073733333333334,99.86626129881869,0.13415235400221026,99.29262666666666,99.98295999999999,90.0,0.00042952373821116517,89.9937,90.0063,0.0,0.0,0.0,0.0,4.188696016842105,4.201651706887679,0.5336928,22.154932799999997,3379.474282464562,4.539828295379864,3360.0624864000006,3383.4233664000003,3473.662978481404,0.3385562922789653,3472.2174192000007,3474.1093176000004
run_0218_cfg_022_seed_8_of0,8,8,20,0,50.0,16,20,OF0,855,15,99.96568421052632,0.45881092463350015,91.66,100.0,100.0,0.0,100.0,100.0,150.47719298245613,82.98822823086603,26,383,-71.2701754385965,10.338791998710702,-94,-52,1.0510643274853801,0.11343338511862862,1.0,2.64,3.7637426900584794,1.4051911216204047,2,8,2.7333333333333334,1.3896573466087274,1,5,4.8,1.376789871871542,3,7,81355.3216374269,75291.13233563682,10224,393680,59918644.67836257,75287.16702704687,59606320,59989776,0.13559219274640424,0.1254851796145868,0.01704,0.6561333333333333,99.8644078072536,0.1254851796145877,99.34386666666667,99.98295999999999,90.0,0.0005265218824892906,89.990364,90.009636,0.0,0.0,0.0,0.0,4.246747789473684,3.9301971079202414,0.5336928,20.550095999999996,3379.4115598596495,4.246196220325523,3361.796448,3383.4233664000003,3473.6583076491233,0.31659867841371714,3472.346544,3474.1055304
run_0219_cfg_022_seed_9_of0,9,8,20,0,50.0,16,20,OF0,855,15,99.99226900584796,0.11752720612161786,97.36,100.0,100.0,0.0,100.0,100.0,150.28070175438597,83.84287909067898,27,413,-70.73567251461988,9.195143178109289,-94,-52,1.033766081871345,0.06903206002947966,1.0,1.75,3.7415204678362572,1.394987691597808,2,6,2.7333333333333334,1.3896573466087265,1,5,4.8,1.3767898718715417,3,7,80508.89356725146,83218.26893602627,10224,416408,59919495.045614034,83209.92817805536,59583592,59989776,0.1341814604788612,0.13869706326216058,0.01704,0.6940133333333334,99.86581853952113,0.1386970632621619,99.30598666666667,99.98295999999999,90.00000590877193,0.0003454589536014638,89.99413200000001,90.005868,0.0,0.0,0.0,0.0,4.202564244210526,4.343993638460572,0.5336928,21.736497599999996,3379.459520572632,4.693039949242361,3360.5145888000006,3383.4233664000003,3473.6620907256147,0.3492696567981912,3472.2510864000005,3473.9824680000006
run_0220_cfg_022_seed_10_of0,10,8,20,0,50.0,16,20,OF0,855,15,99.97977777777778,0.2961842774414074,94.44,100.0,100.0,0.0,100.0,100.0,147.84561403508772,81.21957993714952,29,368,-71.30526315789474,9.815709718529886,-94,-59,1.0300233918128654,0.060771768800123915,1.0,1.44,3.7380116959064327,1.398106204853693,2,7,2.7333333333333334,1.3896573466087259,1,5,4.8,1.3767898718715428,3,7,80370.91929824562,68526.5645218208,10224,327464,59919629.08070175,68526.56452182124,59672536,59989776,0.1339515321637427,0.11421094086970139,0.01704,0.5457733333333333,99.86604846783625,0.11421094086970414,99.45422666666667,99.98295999999999,90.0,0.0,90.0,90.0,0.0,0.0,0.0,0.0,4.195361987368421,3.5770866680390467,0.5336928,17.093620799999997,3379.4670801515795,3.8648982390307247,3365.5310304000004,3383.4233664000003,3473.662442138948,0.2878115709917299,3472.6246512000002,3473.9570592000005
run_0221_cfg_023_seed_1_of0,1,8,20,5,60.0,16,5,OF0,855,15,99.80816374269006,0.3280133534510188,96.55,100.0,99.83836257309942,1.2541648217051604,90.0,100.0,127.23508771929825,57.77814051619078,38,277,-71.93216374269007,14.81106877282316,-94,-51,1.031766081871345,0.0534788935622676,1.0,1.42,3.2678362573099413,0.9986322596525528,2,5,2.2666666666666666,0.9983593098055479,1,4,6.133333333333334,2.2184029109721792,3,10,210391.3730994152,244771.27885084148,47008,1372008,59789608.62690058,244770.26343089182,58631392,59952992,0.35065228103530416,0.40795206430961256,0.07834666666666666,2.286550428809034,99.6493477189647,0.4079520643096132,97.71344957119096,99.92165333333334,90.0,0.0003087184661377555,89.9949,90.0051,0.0,0.0,0.0,0.0,10.982429675789474,12.777060756013917,2.4538176,71.6188176,3372.1339265571933,13.805042857502299,3306.8105088,3381.3487488,3473.116356232983,1.0280446338752451,3468.2760408000004,3473.8025664
run_0222_cfg_023_seed_2_of0,2,8,20,5,60.0,16,5,OF0,855,15,99.96642105263157,0.16212598254656152,97.05,100.0,99.9191812865497,0.8905077275151215,90.0,100.0,126.90994152046784,58.255755919666456,38,283,-68.48304093567252,13.905060494996652,-94,-51,1.0363976608187135,0.06286024791038884,1.0,1.49,3.272514619883041,1.0008802294407197,2,6,2.2666666666666666,0.9983593098055473,1,4,6.133333333333334,2.218402910972179,3,10,210228.06081871345,214841.69385217177,47480,1024384,59789769.702923976,214843.2634820696,58975616,59952520,0.3503801232809098,0.35806950684593347,0.07913333333333333,1.7073066666666668,99.6496198767191,0.35806950684593375,98.29269333333333,99.92086666666667,89.99999664561403,0.00028653732549303054,89.99451599999999,90.005484,0.0,0.0,0.0,0.0,10.973904774736843,11.214736419083364,2.478456,53.4728448,3372.1430112449125,12.117160060388704,3326.2247424000007,3381.3221280000002,3473.1169126652635,0.9024888517438311,3469.6975872000007,3473.800584
run_0223_cfg_023_seed_3_of0,3,8,20,5,60.0,16,5,OF0,855,15,99.73899415204679,0.5003765970163322,94.59,100.0,99.85808187134504,1.1917448557689478,88.88,100.0,126.39883040935672,58.10979471818997,39,272,-70.71929824561404,14.7970909690489,-94,-51,1.0321052631578949,0.06069282398499644,1.0,1.5,3.272514619883041,1.004383888166984,2,5,2.2666666666666666,0.9983593098055478,1,4,6.133333333333334,2.2184029109721783,3,10,209068.94970760233,262354.6916092107,45376,1349176,59790931.050292395,262353.0313132777,58650824,59954624,0.3484482334027469,0.4372577147664565,0.07562666666666666,2.2486266666666666,99.65155176659727,0.4372577147664569,97.75137333333333,99.92437333333334,90.0,0.0008157575752302962,89.990556,90.00944399999999,0.0,0.0,0.0,0.0,10.91339917473684,13.694914902000795,2.3686272,70.42698719999999,3372.208511236491,14.796710966068842,3307.9064736,3381.4407936000002,3473.1219104112283,1.102210804136819,3468.2423448000004,3474.113344800001
run_0224_cfg_023_seed_4_of0,4,8,20,5,60.0,16,5,OF0,855,15,99.83349707602339,0.2812394025954327,96.77,100.0,99.84638596491229,1.238503635848065,88.88,100.0,126.64327485380117,57.98021344265023,37,274,-70.42222222222222,14.07335157537617,-94,-53,1.0301286549707602,0.05397854817155321,1.0,1.42,3.2690058479532165,1.0012455094647734,2,5,2.2678362573099413,0.9998041360153848,1,4,6.133333333333334,2.218402910972179,3,10,209543.36374269007,272630.6037957923,46008,1358096,59790456.63625731,272632.091892351,58641904,59953992,0.34923894592765714,0.4543842581322186,0.07668,2.2634933333333334,99.65076105407233,0.4543842581322188,97.73650666666667,99.92332,90.0,0.0008977224578014334,89.99067600000001,90.009324,0.0,0.0,0.0,0.0,10.93816358736842,14.231317518140361,2.4016176,70.89261119999999,3372.1817542849126,15.3764499827286,3307.4033856,3381.4051488000005,3473.1199178722813,1.1456208498551272,3468.2959968,3473.8067664000005
run_0225_cfg_023_seed_5_of0,5,8,20,5,60.0,16,5,OF0,855,15,99.79276023391813,0.35778901756006154,96.15,100.0,99.84849122807019,1.31471243936652,80.0,100.0,127.19181286549707,58.498609269984534,37,293,-70.53333333333333,14.168391776307296,-94,-51,1.0332397660818713,0.0622106966859127,1.0,1.45,3.2935672514619885,1.0431636599348693,2,6,2.287719298245614,1.037483135288895,1,5,6.133333333333334,2.2184029109721783,3,10,211488.41169590643,265862.1211027341,47104,1366824,59788511.588304095,265862.37818474916,58633176,59952896,0.35248068736655225,0.4431035363041008,0.07850666666666667,2.27804,99.64751931263345,0.44310353630410193,97.72196,99.92149333333333,90.0,0.0003359648693573937,89.99451599999999,90.005484,0.0,0.0,0.0,0.0,11.039695090526315,13.87800272156272,2.4588288,71.34821279999998,3372.072053580351,14.994638129619839,3306.9111264000003,3381.3433344000005,3473.1117486708777,1.116705633381148,3468.2593392000003,3473.8503864000004
run_0226_cfg_023_seed_6_of0,6,8,20,5,60.0,16,5,OF0,855,15,99.74990643274853,0.44750674443731464,95.83,100.0,99.84874853801169,1.2193380171875479,88.88,100.0,127.00116959064327,58.573169266149876,37,287,-69.9017543859649,13.764910900335318,-93,-51,1.033672514619883,0.06614394479742525,1.0,1.62,3.272514619883041,1.0032173615098179,2,5,2.2666666666666666,0.9983593098055481,1,4,6.133333333333334,2.21840291097218,3,10,209040.51461988303,273819.50288198196,46008,1369168,59790959.48538012,273817.6563565729,58630832,59953992,0.34840084267824883,0.45636581380382263,0.07668,2.281946666666667,99.65159915732175,0.4563658138038231,97.71805333333333,99.92332,90.0,0.00040318874189653034,89.99194800000001,90.00805199999999,0.0,0.0,0.0,0.0,10.911914863157895,14.293378050439465,2.4016176,71.47056959999999,3372.210114975439,15.44331581851071,3306.7789248,3381.4051488000005,3473.1220298385965,1.1500326646199792,3468.2494944,3473.8067664000005
run_0227_cfg_023_seed_7_of0,7,8,20,5,60.0,16,5,OF0,855,15,99.89233918128654,0.23101324930683445,98.14,100.0,99.87214035087719,1.122109496736984,88.88,100.0,126.77543859649123,57.74454042352635,38,279,-68.40584795321638,14.11520725429335,-94,-51,1.0336842105263158,0.05757486458022315,1.0,1.35,3.2678362573099413,0.9998041360153844,2,5,2.2666666666666666,0.9983593098055478,1,4,6.133333333333334,2.21840291097218,3,10,210914.33918128654,207475.95214125406,47408,962440,59789085.66081871,207477.4819091126,59037560,59952592,0.35152390543171536,0.34579330303918415,0.07901333333333332,1.6040666666666668,99.64847609456828,0.34579330303918426,98.39593333333333,99.92098666666666,90.0,0.0005787411356623289,89.99151599999999,90.008484,0.0,0.0,0.0,0.0,11.009728505263157,10.83024470177347,2.4746976,50.23936799999999,3372.1044312701756,11.701729979673974,3329.7183840000002,3381.3261888000006,3473.1141597754386,0.8717530788723322,3469.9577520000003,3473.8008864000008
run_0228_cfg_023_seed_8_of0,8,8,20,5,60.0,16,5,OF0,855,15,99.82422222222223,0.3632752676889716,96.0,100.0,99.84849122807019,1.2224061357643559,88.88,100.0,127.5625730994152,58.18445999123914,37,279,-70.18947368421053,14.979427940754935,-94,-51,1.0310994152046784,0.06060165313467333,1.0,1.6,3.270175438596491,1.0015149377769714,2,5,2.2666666666666666,0.9983593098055477,1,4,6.133333333333334,2.218402910972179,3,10,210340.7438596491,267359.666760971,46008,1380304,59789659.25614035,267360.35351767216,58619696,59953992,0.3505679091268279,0.4455994543810225,0.07668,2.3005066666666667,99.64943209087318,0.44559945438102305,97.69949333333334,99.92332,90.0,0.0006267206049167176,89.992332,90.007668,0.0,0.0,0.0,0.0,10.979786829473683,13.956174604922673,2.4016176,72.0518688,3372.136782046316,15.079123938396721,3306.1508544000003,3381.4051488000005,3473.11656887579,1.1231920097277626,3468.2027232000005,3473.9830296000005
run_0229_cfg_023_seed_9_of0,9,8,20,5,60.0,16,5,OF0,855,15,99.89258479532164,0.21781324209894243,97.91,100.0,99.90512280701755,0.9774734207023049,88.88,100.0,126.2374269005848,57.47805611555942,40,279,-67.49941520467836,13.909112378284943,-94,-51,1.0266900584795322,0.051949498823208325,1.0,1.36,3.270175438596491,1.0015149377769719,2,5,2.2666666666666666,0.9983593098055473,1,4,6.133333333333334,2.218402910972179,3,10,209271.01754385966,257451.85069204168,47104,1335608,59790728.98245614,257452.38207190798,58664392,59952896,0.34878503200774164,0.42908643096543314,0.07850666666666667,2.2260133333333334,99.65121496799226,0.42908643096543314,97.77398666666667,99.92149333333333,90.0,0.00041098946122342876,89.99451599999999,90.005484,0.0,0.0,0.0,0.0,10.923947115789474,13.438986606124569,2.4588288,69.7187376,3372.1971146105266,14.520314348855612,3308.6717088000005,3381.3433344000005,3473.121061726316,1.0814364644723449,3468.3904464000007,3473.9336664
run_0230_cfg_023_seed_10_of0,10,8,20,5,60.0,16,5,OF0,855,15,99.83447953216374,0.31809176240710296,96.77,100.0,99.83836257309942,1.2541648217051613,90.0,100.0,127.28421052631579,58.40262354195455,39,288,-69.93918128654971,14.020929380295625,-93,-51,1.0289590643274853,0.05463712062273387,1.0,1.42,3.2678362573099413,0.9986322596525522,2,5,2.2666666666666666,0.9983593098055477,1,4,6.133333333333334,2.2184029109721783,3,10,209028.04210526316,295410.2775083063,46008,1388048,59790971.957894735,295409.53158274584,58611952,59953992,0.3483800636687515,0.4923504234563408,0.07668,2.3134133333333335,99.65161993633126,0.4923504234563409,97.68658666666667,99.92332,90.0,0.00025651295213588785,89.99640000000001,90.0036,0.0,0.0,0.0,0.0,10.911263797894735,15.420416485933583,2.4016176,72.45610559999999,3372.210818425264,16.661097581266883,3305.714092800001,3381.4051488000005,3473.1220822231585,1.2407166188932415,3468.170198400001,3473.8067664000005
run_0231_cfg_024_seed_1_mrhof,1,8,20,10,40.0,12,20,MRHOF,627,11,99.51017543859649,1.2610945856027735,86.66,100.0,99.81390749601276,2.740478120709504,50.0,100.0,135.1945773524721,58.0593540848157,30,393,-73.63636363636364,10.20861401828214,-84,-51,1.0382934609250398,0.09674473182600661,1.0,1.86,3.5486443381180224,0.9946071419976729,2,6,2.5454545454545454,0.9883139428379533,1,4,3.272727272727273,1.4211791645789371,1,5,70490.39872408293,83716.84793977709,10224,396192,59929509.60127591,83716.84793977736,59603808,59989776,0.11748399787347155,0.13952807989962843,0.01704,0.66032,99.88251600212652,0.13952807989962956,99.33968,99.98295999999999,90.0,0.0,90.0,90.0,0.0,0.0,0.0,0.0,3.679598813397129,4.370019462456364,0.5336928,20.681222399999996,3380.024341511962,4.721630223803449,3361.6547712000006,3383.4233664000003,3473.7039403253593,0.3516107613470873,3472.3359936000006,3473.9570592000005
run_0232_cfg_024_seed_2_mrhof,2,8,20,10,40.0,12,20,MRHOF,627,11,99.99389154704944,0.07845863997814168,98.78,100.0,100.0,0.0,100.0,100.0,134.19298245614036,55.89700777172208,24,325,-73.27272727272727,10.189135010517909,-84,-51,1.0264114832535887,0.0718672213439966,1.0,1.66,3.5454545454545454,0.9883139428379525,2,5,2.5454545454545454,0.9883139428379525,1,4,3.272727272727273,1.4211791645789371,1,5,70294.02232854864,59359.57230944211,10104,269152,59929705.97767145,59359.57230944255,59730848,59989896,0.1171567038809144,0.09893262051573681,0.01684,0.4485866666666667,99.88284329611909,0.09893262051573809,99.55141333333334,99.98316,90.0,0.0,90.0,90.0,0.0,0.0,0.0,0.0,3.6693479655502386,3.0985696745528757,0.5274288,14.0497344,3380.0354171406702,3.3478798782524977,3368.8198272000004,3383.4301344000005,3473.7047651062203,0.24931020369965348,3472.8695616000005,3473.9575632000005
run_0233_cfg_024_seed_3_mrhof,3,8,20,10,40.0,12,20,MRHOF,627,11,99.99204146730463,0.09306450167815948,98.57,100.0,100.0,0.0,100.0,100.0,132.896331738437,56.906518568015976,23,314,-73.63636363636364,10.208614018282137,-84,-51,1.0245614035087718,0.07761988960263144,1.0,1.75,3.547049441786284,0.991466820432261,2,6,2.5454545454545454,0.9883139428379524,1,4,3.272727272727273,1.4211791645789364,1,5,70134.27751196173,83828.7679157216,9808,405968,59929865.72248804,83823.63089351454,59594032,59990192,0.1168904489085448,0.1397145285998848,0.016346666666666666,0.6766133333333334,99.88310955109145,0.139714528599885,99.32338666666666,99.98365333333334,90.0,0.0005229539592078226,89.990748,90.00925200000002,0.0,0.0,0.0,0.0,3.6610092861244015,4.3758616852006655,0.5119776,21.1915296,3380.044426748326,4.727652782394221,3361.1034048,3383.4468288000003,3473.7054360344505,0.35232001122057877,3472.2949344000003,3473.9588064000004
run_0234_cfg_024_seed_4_mrhof,4,8,20,10,40.0,12,20,MRHOF,627,11,99.97076555023924,0.36441609940808944,93.75,100.0,100.0,0.0,100.0,100.0,135.98245614035088,59.13296339143628,23,359,-73.63636363636364,10.208614018282137,-84,-51,1.0341626794258372,0.09029801039683591,1.0,1.75,3.547049441786284,0.9914668204322616,2,6,2.5454545454545454,0.9883139428379518,1,4,3.272727272727273,1.421179164578937,1,5,70567.09409888358,84088.34198392878,10224,391952,59929432.90590112,84088.34198392903,59608048,59989776,0.1176118234981393,0.1401472366398812,0.01704,0.6532533333333334,99.88238817650186,0.14014723663988143,99.34674666666666,99.98295999999999,90.0,0.0,90.0,90.0,0.0,0.0,0.0,0.0,3.6836023119617227,4.38941145156108,0.5336928,20.4598944,3380.020015892823,4.7425824878935465,3361.8939072000003,3383.4233664000003,3473.703618204785,0.3531710363325401,3472.3538016,3473.9570592000005
run_0235_cfg_024_seed_5_mrhof,5,8,20,10,40.0,12,20,MRHOF,627,11,99.98258373205742,0.2368719688757739,94.73,100.0,100.0,0.0,100.0,100.0,134.244019138756,57.58466006841161,31,305,-73.36363636363636,10.235337124533855,-84,-51,1.0230303030303032,0.07416890343539512,1.0,1.85,3.550239234449761,0.9977350260926322,2,6,2.5454545454545454,0.9883139428379533,1,4,3.272727272727273,1.4211791645789376,1,5,70639.82137161084,59725.2001662159,10736,281272,59929360.17862839,59725.200166215756,59718728,59989264,0.1177330356193514,0.0995420002770265,0.017893333333333334,0.4687866666666667,99.88226696438066,0.09954200027702619,99.53121333333334,99.98210666666667,90.0,0.0,90.0,90.0,0.0,0.0,0.0,0.0,3.687398675598086,3.117655448676473,0.5604192,14.6823984,3380.0159140746414,3.368501289374578,3368.1362592000005,3383.3944896000003,3473.7033127502395,0.25084584069815924,3472.8186576000003,3473.9549088000003
run_0236_cfg_024_seed_6_mrhof,6,8,20,10,40.0,12,20,MRHOF,627,11,99.97368421052632,0.15664100647671939,98.11,100.0,99.94682615629985,1.3314713474060635,66.66,100.0,132.77830940988835,55.2743113644833,26,262,-73.72727272727273,10.251499043844676,-84,-51,1.0148644338118022,0.043619460236233164,1.0,1.39,3.5454545454545454,0.9883139428379524,2,5,2.5454545454545454,0.9883139428379524,1,4,3.272727272727273,1.4211791645789364,1,5,69947.06220095693,83658.72100332071,10224,388512,59930052.937799044,83658.72100332094,59611488,59989776,0.1165784370015949,0.13943120167220116,0.01704,0.6475200000000001,99.88342156299841,0.13943120167220271,99.35248,99.98295999999999,90.0,0.0,90.0,90.0,0.0,0.0,0.0,0.0,3.6512366468899518,4.366985236373344,0.5336928,20.2803264,3380.054985691866,4.7183518645872855,3362.0879232,3383.4233664000003,3473.7062223387566,0.35136662821394504,3472.3682496,3473.9570592000005
run_0237_cfg_024_seed_7_mrhof,7,8,20,10,40.0,12,20,MRHOF,627,11,99.99778309409888,0.05551125293624556,98.61,100.0,100.0,0.0,100.0,100.0,134.00637958532695,56.989461142220016,32,320,-73.72727272727273,10.251499043844671,-84,-51,1.0226315789473686,0.051423162921811316,1.0,1.39,3.5454545454545454,0.9883139428379527,2,5,2.5454545454545454,0.9883139428379527,1,4,3.272727272727273,1.421179164578937,1,5,70134.63476874003,83753.0526193123,10224,370744,59929865.36523126,83751.10749121683,59629256,59989776,0.11689105264890519,0.13958838834851423,0.01704,0.6179066666666667,99.88310894735109,0.13958838834851506,99.38209333333333,99.98295999999999,90.0,0.0003577340829741184,89.993748,90.00625199999999,0.0,0.0,0.0,0.0,3.6610279349282293,4.371909346728104,0.5336928,19.3528368,3380.0444065990437,4.7235624625046215,3363.0900384,3383.4233664000003,3473.7054345339716,0.3519015406470425,3472.4428752000003,3473.9570592000005
run_0238_cfg_024_seed_8_mrhof,8,8,20,10,40.0,12,20,MRHOF,627,11,99.80923444976077,0.9525585460241532,85.71,100.0,99.94682615629985,1.3314713474060613,66.66,100.0,134.15151515151516,56.64731150774309,27,334,-73.63636363636364,10.208614018282141,-84,-51,1.0231738437001594,0.060606414361186904,1.0,1.59,3.547049441786284,0.9914668204322618,2,6,2.5454545454545454,0.9883139428379527,1,4,3.272727272727273,1.4211791645789371,1,5,70150.0350877193,83714.20810769111,10224,387736,59929849.96491228,83714.19742170625,59612264,59989776,0.11691672512083384,0.13952368019301728,0.01704,0.6462266666666666,99.88308327487917,0.13952368019301825,99.35377333333332,99.98295999999999,90.0,9.49592143804848e-06,89.999832,90.000168,0.0,0.0,0.0,0.0,3.6618318315789473,4.369881663221473,0.5336928,20.2398192,3380.043538021053,4.721480734584226,3362.1316896000003,3383.4233664000003,3473.705369852632,0.35159923253453795,3472.3715088000004,3473.9570592000005
run_0239_cfg_024_seed_9_mrhof,9,8,20,10,40.0,12,20,MRHOF,627,11,99.99015948963317,0.19448130428735574,95.23,100.0,100.0,0.0,100.0,100.0,132.9872408293461,54.16570095205283,15,279,-73.36363636363636,10.23533712453385,-84,-51,1.0156618819776715,0.05692324745309117,1.0,1.82,3.547049441786284,0.9914668204322616,2,6,2.5454545454545454,0.988313942837953,1,4,3.272727272727273,1.4211791645789367,1,5,69954.19457735248,59380.83908539892,10736,279920,59930045.80542265,59380.6600172434,59720080,59989264,0.1165903228220905,0.09896806102295726,0.017893333333333334,0.4665333333333333,99.88340967717791,0.09896806102295966,99.53346666666667,99.98210666666667,90.0,0.0004381689463648096,89.99224800000002,90.007752,0.0,0.0,0.0,0.0,3.6516089569377987,3.099679800257824,0.5604192,14.611823999999999,3380.054583425838,3.3490692249725527,3368.2125120000005,3383.3944896000003,3473.7061923827755,0.24992050941668972,3472.8243360000006,3473.9549088000003
run_0240_cfg_024_seed_10_mrhof,10,8,20,10,40.0,12,20,MRHOF,627,11,99.98671451355662,0.2324450943377218,94.73,100.0,100.0,0.0,100.0,100.0,134.68421052631578,55.56307002222133,29,287,-73.36363636363636,10.235337124533848,-84,-51,1.018261562998405,0.049392557802195536,1.0,1.36,3.5454545454545454,0.9883139428379527,2,5,2.5454545454545454,0.9883139428379527,1,4,3.272727272727273,1.4211791645789371,1,5,70313.91387559808,59538.23581487648,10736,282288,59929686.086124405,59538.235814876345,59717712,59989264,0.11718985645933015,0.09923039302479417,0.017893333333333334,0.47048,99.88281014354067,0.09923039302479593,99.52952,99.98210666666667,90.0,0.0,90.0,90.0,0.0,0.0,0.0,0.0,3.67038630430622,3.1078959095365524,0.5604192,14.735433599999999,3380.0342952574165,3.3579564999590685,3368.0789568000005,3383.3944896000003,3473.7046815617227,0.25006059042253326,3472.8143904000003,3473.9549088000003
run_0241_cfg_025_seed_1_of0,1,8,20,10,40.0,16,20,OF0,855,15,99.84380116959063,0.864057029705862,85.71,100.0,99.96100584795322,1.1402039419506333,66.66,100.0,170.78362573099415,77.92322657440522,34,457,-76.79649122807018,10.63678548588333,-93,-51,1.040608187134503,0.10087488333306309,1.0,2.07,4.203508771929824,1.4210649574222014,2,10,3.174269005847953,1.3734833739820016,1,6,3.2,1.2761549390929887,1,5,92961.76842105263,110426.965646528,10224,562440,59907038.231578946,110426.61977384404,59437560,59989776,0.15493627945400962,0.18404493367824448,0.01704,0.9374,99.845063720546,0.1840449336782437,99.0626,99.98295999999999,90.0,0.00017595837276435778,89.99636400000001,90.003636,0.0,0.0,0.0,0.0,4.852604311578947,5.764287606748759,0.5336928,29.359368,3378.756956261053,6.22806135524471,3352.278384,3383.4233664000003,3473.6095605726323,0.46381935392043605,3471.637752,3473.9570592000005
run_0242_cfg_025_seed_2_of0,2,8,20,10,40.0,16,20,OF0,855,15,99.98421052631579,0.23160281075573708,94.73,100.0,100.0,0.0,100.0,100.0,169.2409356725146,76.92373094954796,17,432,-76.753216374269,10.663082181528752,-93,-51,1.0316842105263158,0.06410046579605942,1.0,1.49,4.138011695906433,1.3154257820772113,2,7,3.1333333333333333,1.3105588131824926,1,5,3.2,1.2761549390929887,1,5,92771.64912280702,98580.38309869822,9760,515008,59907228.350877196,98580.32504778876,59484992,59990240,0.15461941498032328,0.16430063808240808,0.01626666666666667,0.8583466666666666,99.84538058501968,0.16430063808240705,99.14165333333334,99.98373333333333,90.0,0.00010336828499066298,89.99786399999999,90.002136,0.0,0.0,0.0,0.0,4.842680084210526,5.145895997752044,0.5094719999999999,26.8834176,3378.767678989474,5.559930332695286,3354.9535488,3383.4495360000005,3473.610359073685,0.4140520785931834,3471.8369664,3473.9590080000007
run_0243_cfg_025_seed_3_of0,3,8,20,10,40.0,16,20,OF0,855,15,99.88716959064327,0.49974812204854696,94.44,100.0,99.92201169590643,1.6115475201492213,66.66,100.0,168.04093567251462,73.6333053847711,28,374,-77.12163742690059,10.78420160890247,-93,-51,1.03659649122807,0.09437825503156376,1.0,1.96,4.174269005847953,1.3580508134308713,2,8,3.1473684210526316,1.32505648279919,1,5,3.2,1.2761549390929878,1,5,92346.22690058479,103218.68626125215,10224,558104,59907653.773099415,103218.6862612525,59441896,59989776,0.15391037816764133,0.17203114376875364,0.01704,0.9301733333333333,99.84608962183235,0.17203114376875386,99.06982666666667,99.98295999999999,90.0,0.0,90.0,90.0,0.0,0.0,0.0,0.0,4.820473044210527,5.388015422837367,0.5336928,29.133028799999998,3378.7916728028076,5.821533905134664,3352.5229344000004,3383.4233664000003,3473.612145847018,0.4335184822973295,3471.6559632000003,3473.9570592000005
run_0244_cfg_025_seed_4_of0,4,8,20,10,40.0,16,20,OF0,855,15,99.98852631578947,0.14217754163889934,96.66,100.0,100.0,0.0,100.0,100.0,170.65029239766082,78.13174514152708,25,418,-76.85847953216374,10.631350617510893,-93,-51,1.0410292397660819,0.08025059017639828,1.0,1.63,4.166081871345029,1.3491329396466405,2,7,3.1497076023391815,1.339735645784706,1,6,3.2,1.2761549390929885,1,5,92913.46900584795,107345.31836083671,10224,574560,59907086.530994155,107345.3183608364,59425440,59989776,0.15485578167641326,0.17890886393472782,0.01704,0.9575999999999999,99.84514421832358,0.17890886393472993,99.0424,99.98295999999999,90.0,0.0,90.0,90.0,0.0,0.0,0.0,0.0,4.850083082105263,5.603425618435671,0.5336928,29.992031999999995,3378.7596803480706,6.0542759555511765,3351.5948160000003,3383.4233664000003,3473.609763430176,0.45085033711555034,3471.5868480000004,3473.9570592000005
run_0245_cfg_025_seed_5_of0,5,8,20,10,40.0,16,20,OF0,855,15,99.98759064327486,0.15973571822907373,97.14,100.0,100.0,0.0,100.0,100.0,170.1391812865497,78.4251193256937,22,451,-76.72280701754386,10.71142145041802,-93,-51,1.036280701754386,0.07063920791640671,1.0,1.61,4.140350877192983,1.3196221758690934,2,7,3.1333333333333333,1.3105588131824932,1,5,3.2,1.2761549390929883,1,5,93164.52865497077,87925.94656933547,10736,448432,59906835.47134503,87930.42162184867,59551568,59989264,0.15527422401263738,0.14654329650447087,0.017893333333333334,0.7473866666666666,99.84472577598736,0.14654329650447098,99.25261333333333,99.98210666666667,90.0,0.00046658044480579975,89.9919,90.00810000000001,0.0,0.0,0.0,0.0,4.863188395789474,4.589734410919315,0.5604192,23.408150399999997,3378.74552058386,4.959275779472314,3358.7084352000006,3383.3944896000003,3473.6087089796497,0.3699547993515433,3472.1165856000007,3473.9549088000003
run_0246_cfg_025_seed_6_of0,6,8,20,10,40.0,16,20,OF0,855,15,99.87597660818714,0.6614861200660331,90.0,100.0,99.96100584795322,1.1402039419506333,66.66,100.0,170.0374269005848,77.54878197545891,22,440,-76.9029239766082,10.674826627381762,-93,-51,1.0456257309941521,0.08661227659274776,1.0,1.8,4.162573099415205,1.349126848858417,2,8,3.1426900584795323,1.3202582126561693,1,6,3.2,1.2761549390929883,1,5,93270.1567251462,105635.19532771216,10224,581656,59906729.843274854,105635.19291208073,59418344,59989776,0.15545026109451507,0.17605865888296923,0.01704,0.9694266666666667,99.84454973890549,0.17605865888297065,99.03057333333334,99.98295999999999,90.0,0.00013182359939801474,89.997276,90.00272399999999,0.0,0.0,0.0,0.0,4.868702181052631,5.514157196106569,0.5336928,30.362443199999994,3378.7395631607023,5.957824880241377,3351.1946016,3383.4233664000003,3473.6082653417548,0.4436947422458983,3471.5570448000003,3473.9570592000005
run_0247_cfg_025_seed_7_of0,7,8,20,10,40.0,16,20,OF0,855,15,99.81925146198832,0.5726088873426485,94.73,100.0,99.90252631578947,2.0541362120045097,50.0,100.0,168.8046783625731,76.59964948530971,24,400,-76.83508771929824,10.636849219639062,-93,-51,1.0390292397660819,0.0778794951939829,1.0,1.59,4.16374269005848,1.3476825557046446,2,8,3.1497076023391815,1.3309667151507183,1,6,3.2,1.2761549390929894,1,5,92800.25263157894,104449.88397405582,10736,529752,59907199.74736842,104448.51984696476,59470248,59989264,0.15466708327486645,0.1740831259570303,0.017893333333333334,0.88292,99.84533291672513,0.17408312595703215,99.11708,99.98210666666667,90.0,0.0002833595708104694,89.99451599999999,90.005484,0.0,0.0,0.0,0.0,4.844173187368421,5.452283943445709,0.5604192,27.6530544,3378.7660657515794,5.890896519368822,3354.1219872,3383.3944896000003,3473.610238938948,0.4387369893325325,3471.7750416000003,3473.9549088000003
run_0248_cfg_025_seed_8_of0,8,8,20,10,40.0,16,20,OF0,855,15,99.89457309941521,0.5113595086147107,91.66,100.0,99.96100584795322,1.1402039419506333,66.66,100.0,173.04093567251462,77.7315801749877,27,444,-76.78713450292398,10.737187150978746,-93,-51,1.0489122807017544,0.0927695668336696,1.0,1.7,4.306432748538012,1.5650286077859958,2,8,3.2760233918128656,1.539053847070617,1,7,3.2,1.2761549390929887,1,5,93837.1461988304,89608.30602944623,10104,448432,59906162.85380117,89608.28563822611,59551568,59989896,0.15639524356982606,0.14934717663250077,0.01684,0.7473866666666666,99.84360475643017,0.14934717663250455,99.25261333333333,99.98316,90.0,8.478522252034836e-05,89.998248,90.00175200000001,0.0,0.0,0.0,0.0,4.898299031578946,4.677553574737092,0.5274288,23.408150399999997,3378.7075849543867,5.053907309995985,3358.7084352000006,3383.4301344000005,3473.605883985965,0.37636690172015,3472.1165856000007,3473.9575632000005
run_0249_cfg_025_seed_9_of0,9,8,20,10,40.0,16,20,OF0,854,15,99.67433255269322,1.0941395467038175,83.33,100.0,99.7853044496487,3.271360621747206,33.33,100.0,182.52810304449648,91.4055212490087,31,438,-77.10304449648712,10.69512122036488,-93,-51,1.0509016393442623,0.09154148021464667,1.0,1.79,4.392271662763466,1.6939271549569055,2,9,3.371194379391101,1.6799386543721522,1,8,3.201405152224824,1.2762407767743822,1,5,102835.95316159251,104560.7793215093,10736,1238088,59897164.04683841,104565.34318856998,58761912,59989264,0.17139326598670504,0.17426802145071876,0.017893333333333334,2.0634799999999998,99.82860673401329,0.17426802145071885,97.93652,99.98210666666667,90.0,0.0006432074958885899,89.990748,90.00925200000002,0.0,0.0,0.0,0.0,5.368036755035129,5.458072680582785,0.5604192,64.62819359999999,3378.200052241686,5.897485355835308,3314.1718368,3383.3944896000003,3473.568088996722,0.4400694904497915,3468.8000304,3473.9549088000003
run_0250_cfg_025_seed_10_of0,10,8,20,10,40.0,16,20,OF0,855,15,99.99044444444445,0.2063864157087933,94.11,100.0,100.0,0.0,100.0,100.0,168.8374269005848,76.55350031339674,28,408,-76.62456140350878,10.680832939616108,-93,-51,1.0279766081871344,0.061947317764191295,1.0,1.54,4.148538011695907,1.3385544268964908,2,8,3.1403508771929824,1.321395674200161,1,6,3.2,1.2761549390929887,1,5,92172.3134502924,92238.35696570603,10736,415072,59907827.68654971,92240.02872068869,59584928,59989264,0.1536205244811471,0.15373060133198466,0.017893333333333334,0.6917866666666667,99.84637947551886,0.15373060133198643,99.30821333333333,99.98210666666667,90.0,0.0006015689089575833,89.9919,90.00810000000001,0.0,0.0,0.0,0.0,4.811394762105263,4.8148422336098555,0.5604192,21.6667584,3378.801481521404,5.202337619846861,3360.5899392,3383.3944896000003,3473.612876283509,0.38814261672461997,3472.2432648,3473.9549088000003
run_0251_cfg_026_seed_1_mrhof,1,8,20,10,50.0,16,10,MRHOF,855,15,99.97964912280702,0.3004693727389654,91.66,100.0,100.0,0.0,100.0,100.0,148.68421052631578,77.6973255595876,34,352,-72.46666666666667,10.929559429402593,-94,-52,1.0293450292397661,0.06406993778550694,1.0,1.53,3.7333333333333334,1.389657346608726,2,6,2.7333333333333334,1.389657346608726,1,5,4.8,1.3767898718715414,3,7,148498.4514619883,172591.1181560027,25560,745000,59851501.548538014,172590.17647040734,59255000,59974440,0.2474974133997501,0.2876518624191846,0.0426,1.2416666666666667,99.75250258660026,0.2876518624191838,98.75833333333334,99.95739999999999,90.0,0.0004414260476040373,89.99113200000001,90.008868,0.0,0.0,0.0,0.0,7.751619166315789,9.009256367743347,1.3342319999999999,38.889,3375.6246873375444,9.734085952930972,3341.982000000001,3382.5584160000008,3473.3763065038597,0.7250138936965708,3470.871000000001,3473.892648000001
run_0252_cfg_026_seed_2_mrhof,2,8,20,10,50.0,16,10,MRHOF,855,15,99.95798830409358,0.14080872090102417,98.75,100.0,99.93761403508772,1.0560687410160687,80.0,100.0,149.1964912280702,78.8980086707987,34,369,-70.33333333333333,9.553130119597833,-94,-59,1.0351929824561403,0.07618803896220974,1.0,1.55,3.7333333333333334,1.3896573466087272,2,6,2.7333333333333334,1.3896573466087272,1,5,4.8,1.3767898718715412,3,7,150456.56140350876,137787.8854237165,25560,586424,59849543.438596494,137789.63893075584,59413576,59974440,0.2507609413378501,0.22964650411638024,0.0426,0.9773733333333333,99.74923905866216,0.22964650411637913,99.02262666666667,99.95739999999999,90.0,0.0004133218149534009,89.99151599999999,90.008484,0.0,0.0,0.0,0.0,7.853832505263157,7.192527619118007,1.3342319999999999,30.611332799999996,3375.5142499368426,7.7713356356946335,3350.9256864,3382.5584160000008,3473.368082442106,0.5790145323693084,3471.5370192,3473.892648000001
run_0253_cfg_026_seed_3_mrhof,3,8,20,10,50.0,16,10,MRHOF,855,15,99.88907602339182,0.3143901759569872,97.29,100.0,99.87912280701754,1.4424769883606325,80.0,100.0,150.26666666666668,78.97620072547458,30,351,-71.88888888888889,11.12250521691433,-94,-52,1.0342456140350877,0.07124263732904568,1.0,1.66,3.7333333333333334,1.389657346608726,2,6,2.7333333333333334,1.389657346608726,1,5,4.8,1.3767898718715428,3,7,148269.1649122807,185462.47561977623,24728,782504,59851730.83508772,185462.80896871636,59217496,59975272,0.24711527523223634,0.309104134179578,0.04121333333333333,1.3041733333333334,99.75288472476777,0.30910413417957733,98.69582666666666,99.95878666666667,90.0,0.0004671153591810205,89.99151599999999,90.008484,0.0,0.0,0.0,0.0,7.739650408421052,9.681141227352326,1.2908015999999998,40.8467088,3375.637619098948,10.460102425835586,3339.8667744000004,3382.6053408000002,3473.377269507369,0.7791552150450752,3470.7134832,3473.8990152000006
run_0254_cfg_026_seed_4_mrhof,4,8,20,10,50.0,16,10,MRHOF,855,15,99.96304093567251,0.17223660801926202,97.72,100.0,99.9766081871345,0.6839855680567681,80.0,100.0,150.66198830409357,79.60594780407058,34,374,-70.74385964912281,10.901996103627553,-94,-52,1.0418947368421054,0.09743027607432983,1.0,2.76,3.736842105263158,1.394951365979313,2,7,2.7333333333333334,1.3896573466087259,1,5,4.8,1.3767898718715423,3,7,150072.45847953216,144033.50795369674,25560,665912,59849927.54152047,144033.68888519963,59334088,59974440,0.2501207625287863,0.2400558336012441,0.0426,1.1098533333333334,99.74987923747122,0.2400558336012431,98.89014666666667,99.95739999999999,90.0,0.0006169588328286536,89.99048400000001,90.00951599999999,0.0,0.0,0.0,0.0,7.8337823326315785,7.518549115182965,1.3342319999999999,34.7606064,3375.535913341755,8.123500053125284,3346.4425632000007,3382.5584160000008,3473.369695674386,0.6053857959164562,3471.203169600001,3473.892648000001
run_0255_cfg_026_seed_5_mrhof,5,8,20,10,50.0,16,10,MRHOF,855,15,99.96522807017544,0.13755616492388179,98.07,100.0,99.95711111111112,0.8899097159982887,80.0,100.0,148.96140350877192,78.8320460396999,33,353,-69.66666666666667,8.750911628656333,-94,-59,1.028608187134503,0.05960883167328811,1.0,1.5,3.7333333333333334,1.3896573466087263,2,6,2.7333333333333334,1.3896573466087263,1,5,4.8,1.3767898718715421,3,7,149904.21520467836,142332.5903101062,25824,565544,59850095.78479532,142332.54437408363,59434456,59974176,0.24984035844749486,0.237220982441814,0.04304,0.9425733333333334,99.7501596415525,0.2372209824418134,99.05742666666667,99.95696,90.0,8.66811973645742e-05,89.998296,90.001704,0.0,0.0,0.0,0.0,7.825000033684209,7.429761214187549,1.3480127999999998,29.5213968,3375.5454022624563,8.027555502698323,3352.1033184000003,3382.5435264000007,3473.3704022961406,0.5978029039103896,3471.6247152,3473.891539200001
run_0256_cfg_026_seed_6_mrhof,6,8,20,10,50.0,16,10,MRHOF,855,15,99.84587134502924,0.48552360235134606,91.66,100.0,99.91032748538012,1.3124398986146084,80.0,100.0,149.29473684210527,79.38863089042091,32,369,-70.97777777777777,10.695190200113393,-94,-52,1.0250877192982457,0.05210069988621129,1.0,1.44,3.7333333333333334,1.389657346608726,2,6,2.7333333333333334,1.389657346608726,1,5,4.8,1.376789871871541,3,7,148117.7730994152,152258.85200303904,25560,607328,59851882.226900585,152258.79170881285,59392672,59974440,0.2468629545333398,0.25376475153116,0.0426,1.0122133333333334,99.75313704546666,0.2537647515311597,98.98778666666666,99.95739999999999,90.0,0.00024887456280066393,89.996016,90.003984,0.0,0.0,0.0,0.0,7.731747755789473,7.947912074558639,1.3342319999999999,31.702521599999997,3375.6461575971935,8.587395852377053,3349.7467008000003,3382.5584160000008,3473.377905352983,0.6395506063250994,3471.4492224000005,3473.892648000001
run_0257_cfg_026_seed_7_mrhof,7,8,20,10,50.0,16,10,MRHOF,855,15,99.95838596491228,0.42855097695562183,91.66,100.0,99.9766081871345,0.6839855680567692,80.0,100.0,148.66081871345028,78.40846359458486,34,375,-69.8,8.663011899775048,-94,-59,1.0314035087719298,0.0632762408607159,1.0,1.59,3.7333333333333334,1.3896573466087265,2,6,2.7333333333333334,1.3896573466087265,1,5,4.8,1.3767898718715426,3,7,148108.56608187134,152263.24468173325,25560,598240,59851891.433918126,152262.3520212162,59401760,59974440,0.24684760502289763,0.25377206419040416,0.0426,0.9970666666666665,99.75315239497709,0.2537720641904042,99.00293333333333,99.95739999999999,90.0,0.0004680468360634,89.99224800000002,90.007752,0.0,0.0,0.0,0.0,7.731267149473683,7.9481413723864724,1.3342319999999999,31.228127999999998,3375.646676872983,8.587596653996613,3350.2592640000003,3382.5584160000008,3473.377944022456,0.6396906031213028,3471.4873920000005,3473.892648000001
run_0258_cfg_026_seed_8_mrhof,8,8,20,10,50.0,16,10,MRHOF,855,15,99.86114619883041,0.4761062266158909,92.3,100.0,99.91032748538012,1.3124398986146038,80.0,100.0,150.38245614035088,80.03078986560739,23,376,-71.86666666666666,10.46152759968493,-94,-52,1.0312046783625732,0.06506220389914391,1.0,1.59,3.7333333333333334,1.3896573466087274,2,6,2.7333333333333334,1.3896573466087274,1,5,4.8,1.376789871871542,3,7,148360.8514619883,175526.29923206163,25560,704264,59851639.14853801,175526.6465749314,59295736,59974440,0.24726808684406515,0.29254383255379135,0.0426,1.1737733333333333,99.75273191315593,0.2925438325537912,98.82622666666667,99.95739999999999,90.0,0.00031707350339874697,89.993448,90.006552,0.0,0.0,0.0,0.0,7.744436446315789,9.162472819913607,1.3342319999999999,36.7625808,3375.6324479775444,9.899702866826145,3344.2795104,3382.5584160000008,3473.3768844238602,0.7373247846469204,3471.0420912,3473.892648000001
run_0259_cfg_026_seed_9_mrhof,9,8,20,10,50.0,16,10,MRHOF,855,15,99.96812865497076,0.36705678852819773,92.3,100.0,99.9766081871345,0.6839855680567692,80.0,100.0,149.88538011695906,80.52803464920197,30,361,-70.06666666666666,10.585837385941296,-94,-52,1.0249941520467836,0.050470560560843876,1.0,1.42,3.7333333333333334,1.3896573466087265,2,6,2.7333333333333334,1.3896573466087265,1,5,4.8,1.3767898718715417,3,7,148866.74152046783,126638.22851305574,24464,494640,59851133.258479536,126638.16469178417,59505360,59975536,0.24811123452720277,0.21106370961206167,0.040773333333333335,0.8243999999999999,99.75188876547278,0.21106370961206086,99.1756,99.95922666666667,90.0,0.00042787807145036735,89.993748,90.00625199999999,0.0,0.0,0.0,0.0,7.770843907368421,6.610515528381505,1.2770207999999998,25.820208,3375.6039157782457,7.142392488616592,3356.1023040000005,3382.6202304000003,3473.3747596856147,0.5321146427975796,3471.9225120000006,3473.8972512000005
run_0260_cfg_026_seed_10_mrhof,10,8,20,10,50.0,16,10,MRHOF,855,15,99.98446783625731,0.14223266910595592,97.95,100.0,99.9766081871345,0.6839855680567691,80.0,100.0,149.31461988304093,79.43517209566686,33,346,-70.86666666666666,8.941050763684444,-94,-60,1.0222573099415204,0.04826186609270741,1.0,1.37,3.7333333333333334,1.3896573466087259,2,6,2.7333333333333334,1.3896573466087259,1,5,4.8,1.3767898718715428,3,7,149277.95087719298,123590.88741315581,25560,487400,59850729.394152045,123588.16656965729,59512600,59974440,0.24879654249162023,0.20598479456151042,0.0426,0.8123333333333334,99.75120345750838,0.2059847945615106,99.18766666666666,99.95739999999999,90.00001101754387,0.0006405681380650192,89.99151599999999,90.008484,0.0,0.0,0.0,0.0,7.792309035789473,6.451444322966733,1.3342319999999999,25.442279999999997,3375.581137830176,6.970372594528665,3356.5106400000004,3382.5584160000008,3473.373457883509,0.5194702259781572,3471.9529200000006,3473.892648000001
run_0261_cfg_027_seed_1_of0,1,10,16,0,60.0,12,10,OF0,627,11,99.99724082934608,0.03595183667538403,99.35,100.0,100.0,0.0,100.0,100.0,95.04465709728868,37.77545794567201,33,187,-70.42264752791068,14.849242319130033,-93,-54,1.0081499202551834,0.025424633582514775,1.0,1.21,2.8181818181818183,0.7163904098224002,2,4,1.8181818181818181,0.7163904098224003,1,3,5.818181818181818,2.3302678229409053,1,9,88685.47368421052,96410.78168889158,25560,474448,59911314.526315786,96410.78168889166,59525552,59974440,0.14780912280701755,0.1606846361481528,0.0426,0.7907466666666666,99.85219087719298,0.16068463614815226,99.20925333333334,99.95739999999999,90.0,0.0,90.0,90.0,0.0,0.0,0.0,0.0,4.629381726315789,5.032642804160141,1.3342319999999999,24.766185599999996,3378.998139284211,5.437568087253497,3357.2411328,3382.5584160000008,3473.6275210105264,0.40492528309334835,3472.0073184,3473.892648000001
run_0262_cfg_027_seed_2_of0,2,10,16,0,60.0,12,10,OF0,627,11,99.99510366826156,0.0867358763080125,97.95,100.0,100.0,0.0,100.0,100.0,94.77033492822966,39.11421238617131,36,211,-67.42583732057416,13.894013549605607,-93,-51,1.0102232854864432,0.03152585885283351,1.0,1.31,2.8181818181818183,0.7163904098224001,2,4,1.8181818181818181,0.7163904098224001,1,3,5.818181818181818,2.3302678229409066,1,9,88862.16267942583,60060.710137569025,26840,250920,59911137.83732057,60059.792635060236,59749080,59973160,0.14810360208429998,0.10010117443069938,0.04473333333333333,0.4182,99.8518963979157,0.10010117443069856,99.5818,99.95526666666666,90.0,0.0003730540565025809,89.99340000000001,90.00659999999999,0.0,0.0,0.0,0.0,4.638604891866028,3.1351690691811007,1.4010479999999998,13.098023999999999,3378.988174024881,3.387372304617485,3369.848112,3382.486224,3473.626778916747,0.252582838827599,3472.946136,3473.8872720000004
run_0263_cfg_027_seed_3_of0,3,10,16,0,60.0,12,10,OF0,627,11,99.98755980861243,0.2514411068285376,93.75,100.0,100.0,0.0,100.0,100.0,94.61084529505582,38.89362584528421,31,197,-66.09409888357257,14.102061128093794,-93,-54,1.0085167464114833,0.0284285038461543,1.0,1.27,2.8181818181818183,0.7163904098224005,2,4,1.8181818181818181,0.7163904098224004,1,3,5.818181818181818,2.330267822940906,1,9,88720.31897926635,88305.95732229706,25560,385672,59911279.68102074,88307.62161369437,59614328,59974440,0.14786719990662509,0.1471766188297246,0.0426,0.6427866666666666,99.85213280009337,0.1471766188297245,99.35721333333333,99.95739999999999,90.0,0.0006347650920185764,89.992056,90.00794400000001,0.0,0.0,0.0,0.0,4.6312006507177035,4.609570972223906,1.3342319999999999,20.1320784,3378.9961740095696,4.980549859012378,3362.2480992000005,3382.5584160000008,3473.6273746602874,0.3717310512540649,3472.2758472000005,3474.1509024
run_0264_cfg_027_seed_4_of0,4,10,16,0,60.0,12,10,OF0,627,11,99.99392344497608,0.07288605845117388,98.55,100.0,100.0,0.0,100.0,100.0,95.07655502392345,39.32944992704146,34,206,-68.34928229665071,14.966122936353953,-93,-51,1.0088676236044656,0.028812936745435145,1.0,1.19,2.8181818181818183,0.7163904098224003,2,4,1.8181818181818181,0.7163904098224003,1,3,5.818181818181818,2.3302678229409053,1,9,88532.00637958532,69579.07870845155,25560,482568,59911467.99362042,69579.07870845153,59517432,59974440,0.14755334371788428,0.11596513120992696,0.0426,0.8042799999999999,99.85244665628211,0.11596513120992595,99.19572,99.95739999999999,90.0,0.0002007709104094185,89.996448,90.003552,0.0,0.0,0.0,0.0,4.621370733014354,3.6320279085811706,1.3342319999999999,25.1900496,3379.0067948401916,3.9242600391566684,3356.7831648000006,3382.5584160000008,3473.6281655732064,0.29232741965853104,3471.9732144000004,3473.9634288000007
run_0265_cfg_027_seed_5_of0,5,10,16,0,60.0,12,10,OF0,627,11,99.98408293460925,0.22949641942608395,96.0,100.0,100.0,0.0,100.0,100.0,95.14035087719299,39.88280854113818,32,212,-70.57894736842105,15.246056532256636,-93,-51,1.0092025518341308,0.03004791902224182,1.0,1.29,2.8181818181818183,0.7163904098224008,2,4,1.8181818181818181,0.716390409822401,1,3,5.818181818181818,2.3302678229409066,1,9,88731.82775119618,69348.46826207601,26656,420784,59911269.767145135,69349.76703474327,59579216,59973344,0.14788637813009692,0.1155807816113561,0.04442666666666666,0.7013066666666666,99.8521136218699,0.11558078161135579,99.29869333333333,99.95557333333333,90.0000023923445,5.9904229786966454e-05,90.0,90.0015,0.0,0.0,0.0,0.0,4.631801408612439,3.619990043280367,1.3914431999999999,21.9649248,3378.995614866986,3.911326860759543,3360.2677824000007,3382.4966016000003,3473.6274186679434,0.2913472670515447,3472.2327072000007,3473.9199384000003
run_0266_cfg_027_seed_6_of0,6,10,16,0,60.0,12,10,OF0,627,11,99.99194577352472,0.1395086434294774,96.77,100.0,100.0,0.0,100.0,100.0,95.71610845295056,40.125710354796674,33,228,-70.37639553429027,15.34830805496202,-93,-51,1.0110845295055821,0.032726539531005294,1.0,1.26,2.819776714513557,0.7201290804820769,2,5,1.8197767145135566,0.7201290804820771,1,4,5.818181818181818,2.3302678229409057,1,9,88947.17703349283,95026.90413539771,25560,447472,59911052.82296651,95026.90413539771,59552528,59974440,0.14824529505582137,0.15837817355899614,0.0426,0.7457866666666667,99.85175470494417,0.1583781735589953,99.25421333333333,99.95739999999999,90.0,0.0,90.0,90.0,0.0,0.0,0.0,0.0,4.643042641148325,4.96040439586776,1.3342319999999999,23.358038399999995,3378.983379215311,5.359517393236419,3358.7625792000003,3382.5584160000008,3473.62642185646,0.3991129973686451,3472.1206176000005,3473.892648000001
run_0267_cfg_027_seed_7_of0,7,10,16,0,60.0,12,10,OF0,627,11,99.9918341307815,0.1565114432505571,96.15,100.0,100.0,0.0,100.0,100.0,95.24401913875599,39.87239360359675,29,214,-65.19776714513557,13.326178137800365,-93,-51,1.0079425837320575,0.02371441955669817,1.0,1.23,2.8181818181818183,0.7163904098224008,2,4,1.8181818181818181,0.7163904098224005,1,3,5.818181818181818,2.330267822940906,1,9,88851.62360446571,69942.0040308976,25560,304744,59911148.37639553,69937.46099764713,59695256,59974440,0.148086029572212,0.116569985604718,0.0426,0.5079066666666666,99.85191397042779,0.11656998560471765,99.49209333333333,99.95739999999999,90.0,0.00039475901979074414,89.99301600000001,90.006984,0.0,0.0,0.0,0.0,4.63805475215311,3.650972610412855,1.3342319999999999,15.907636799999999,3378.988768428708,3.944472800267307,3366.8124384000002,3382.5584160000008,3473.6268231808617,0.29385990200861917,3472.7200752000003,3473.892648000001
run_0268_cfg_027_seed_8_of0,8,10,16,0,60.0,12,10,OF0,627,11,99.99014354066986,0.1946262375282647,95.23,100.0,100.0,0.0,100.0,100.0,95.35566188197767,40.499116217239944,30,204,-68.77352472089314,14.750526091791146,-93,-54,1.008708133971292,0.026717477871772876,1.0,1.21,2.8181818181818183,0.7163904098224007,2,4,1.8181818181818181,0.7163904098224008,1,3,5.818181818181818,2.330267822940906,1,9,88471.64274322169,111513.86869103256,25560,513584,59911528.35725678,111514.42874260317,59486416,59974440,0.14745273836271305,0.18585645069663906,0.0426,0.8559733333333333,99.85254726163728,0.1858564506966383,99.14402666666666,99.95739999999999,90.0,0.0004578390693452526,89.9919,90.00810000000001,0.0,0.0,0.0,0.0,4.618219751196172,5.821023945671898,1.3342319999999999,26.8090848,3379.010199349283,6.289413781082841,3355.0338624000005,3382.5584160000008,3473.6284191004784,0.4686997854862658,3471.8429472000007,3473.892648000001
run_0269_cfg_027_seed_9_of0,9,10,16,0,60.0,12,10,OF0,627,11,99.88617224880382,0.4725939793570036,93.33,100.0,99.94682615629985,0.9407401274007485,83.33,100.0,95.18022328548645,39.45209078973755,29,188,-68.40510366826156,15.125941138213898,-93,-51,1.0084210526315789,0.027832705441277722,1.0,1.25,2.8181818181818183,0.7163904098224003,2,4,1.8181818181818181,0.7163904098224003,1,3,5.818181818181818,2.3302678229409057,1,9,88749.3971291866,102791.77692780015,26064,450656,59911250.602870815,102790.39069451588,59549344,59973936,0.14791565638695817,0.17131962207772533,0.04344,0.7510933333333333,99.85208434361304,0.17131962207772478,99.24890666666667,99.95656000000001,90.0,0.0005012489959201256,89.99113200000001,90.008868,0.0,0.0,0.0,0.0,4.63271853014354,5.3657307556311675,1.3605407999999999,23.5242432,3378.9945340019144,5.797378035170687,3358.5830016,3382.5299904000008,3473.627252532058,0.4320471860689286,3472.1072448,3473.8905312000006
run_0270_cfg_027_seed_10_of0,10,10,16,0,60.0,12,10,OF0,627,11,99.99323763955343,0.0668330569010493,99.11,100.0,100.0,0.0,100.0,100.0,95.36204146730462,39.56223746864473,29,211,-70.3157894736842,15.071685664208887,-93,-51,1.0120893141945775,0.03981512785861591,1.0,1.39,2.821371610845295,0.7171937017112168,2,4,1.8181818181818181,0.7163904098224003,1,3,5.818181818181818,2.330267822940905,1,9,88798.02232854864,66300.91489877677,26840,254056,59911201.97767145,66300.30126228032,59745944,59973160,0.14799670157655087,0.11050151988161744,0.04473333333333333,0.4234266666666667,99.85200329842345,0.11050151988161681,99.57657333333333,99.95526666666666,90.0,0.00043759371063927855,89.99244,90.00756,0.0,0.0,0.0,0.0,4.635256765550238,3.4609077577161456,1.4010479999999998,13.261723199999999,3378.99179154067,3.739336991192627,3369.6712416000005,3382.486224,3473.627048306221,0.27890309806808944,3472.9329648000003,3473.8872720000004
run_0271_cfg_028_seed_1_of0,1,10,16,5,40.0,12,20,OF0,627,11,99.81421052631579,0.8814849910654728,87.5,100.0,99.94682615629985,1.3314713474060615,66.66,100.0,136.2232854864434,59.10286073461934,27,356,-73.725677830941,10.25075518038773,-84,-51,1.0400637958532695,0.09213129130390857,1.0,1.78,3.574162679425837,1.0401688203224917,2,7,2.5454545454545454,0.9883139428379533,1,4,3.272727272727273,1.4211791645789371,1,5,74424.14035087719,84017.47189101744,10224,401824,59925575.85964912,84016.6637485135,59598176,59989776,0.12404023194916794,0.1400291067480715,0.01704,0.6697066666666667,99.87595976805083,0.1400291067480717,99.33029333333333,99.98295999999999,90.0,0.00011869901797821977,89.9979,90.0021,0.0,0.0,0.0,0.0,3.8849401263157897,4.385712032711112,0.5336928,20.9752128,3379.802478484211,4.738539835416118,3361.3371264000007,3383.4233664000003,3473.6874186105265,0.3528541779059981,3472.3123392000007,3473.9570592000005
run_0272_cfg_028_seed_2_of0,2,10,16,5,40.0,12,20,OF0,627,11,99.9670653907496,0.3936297873068562,93.75,100.0,100.0,0.0,100.0,100.0,134.89473684210526,56.37354097814562,25,364,-73.31100478468899,10.158044551811658,-84,-51,1.0294258373205742,0.07979199497666979,1.0,1.92,3.56140350877193,1.017723109365171,2,7,2.5454545454545454,0.9883139428379525,1,4,3.272727272727273,1.4211791645789371,1,5,74006.3668261563,59049.79624855797,10736,257768,59925993.633173846,59054.8961249754,59742232,59989264,0.123343950550275,0.09841635280858366,0.017893333333333334,0.4296133333333334,99.87665604944972,0.09841635280858434,99.57038666666666,99.98210666666667,90.0,0.0006393433132549,89.99194800000001,90.00805199999999,0.0,0.0,0.0,0.0,3.8631323483253586,3.0823993641747287,0.5604192,13.455489599999998,3379.826040911005,3.3306961414485285,3369.4618848,3383.3944896000003,3473.6891732593303,0.2494391002565136,3472.9173744,3474.2266056000003
run_0273_cfg_028_seed_3_of0,3,10,16,5,40.0,12,20,OF0,627,11,99.97489633173844,0.3405630281411707,93.75,100.0,100.0,0.0,100.0,100.0,135.99840510366826,58.8104525278094,29,306,-73.75598086124401,10.23397719618474,-84,-51,1.0314832535885168,0.07256065628503822,1.0,1.56,3.5629984051036683,1.0129051967963896,2,6,2.547049441786284,0.9914668204322609,1,5,3.272727272727273,1.4211791645789364,1,5,74538.05422647527,84112.20832180204,10736,385768,59925461.94577353,84112.79816500683,59614232,59989264,0.12423009113153725,0.1401870331123712,0.017893333333333334,0.6429466666666667,99.87576990886846,0.14018703311237277,99.35705333333334,99.98210666666667,90.0,0.00031820663610044545,89.99494800000001,90.005052,0.0,0.0,0.0,0.0,3.8908864306220092,4.390657274398064,0.5604192,20.1370896,3379.796053741627,4.743961816506309,3362.2426848000005,3383.3944896000003,3473.686940172249,0.35350338962418304,3472.3797744000003,3473.9549088000003
run_0274_cfg_028_seed_4_of0,4,10,16,5,40.0,12,20,OF0,627,11,99.98784688995215,0.2450545785899841,94.11,100.0,100.0,0.0,100.0,100.0,133.58373205741626,54.97124363069375,24,317,-73.49760765550239,10.241239255480384,-84,-51,1.0233173843700158,0.06452703126902389,1.0,1.61,3.555023923444976,1.0070452101754408,2,7,2.547049441786284,0.9914668204322616,1,5,3.272727272727273,1.421179164578937,1,5,73946.28389154705,69640.79838047118,10736,402368,59926053.716108456,69640.92128580634,59597632,59989264,0.12324380671729998,0.11606799740734663,0.017893333333333334,0.6706133333333334,99.8767561932827,0.11606799740734643,99.32938666666666,99.98210666666667,90.0,3.120088472609954e-05,89.999448,90.000552,0.0,0.0,0.0,0.0,3.8599960191387557,3.635249675460595,0.5604192,21.003609599999997,3379.8294295885166,3.9277479605194396,3361.3064448000005,3383.3944896000003,3473.689425607656,0.292500768918248,3472.3100544000004,3473.9549088000003
run_0275_cfg_028_seed_5_of0,5,10,16,5,40.0,12,20,OF0,627,11,99.99175438596491,0.1367436804611743,96.96,100.0,100.0,0.0,100.0,100.0,133.46092503987242,54.434000143907284,27,294,-73.36363636363636,10.235337124533855,-84,-51,1.019920255183413,0.052131806605935874,1.0,1.36,3.5518341307814993,0.9976533094207051,2,6,2.5486443381180224,0.9929997375296055,1,5,3.272727272727273,1.4211791645789376,1,5,74129.41626794258,59396.382079641255,10736,267104,59925870.58373206,59395.899229023235,59732896,59989264,0.12354902516484148,0.09899396451511693,0.017893333333333334,0.44517333333333337,99.87645097483515,0.09899396451511604,99.55482666666666,99.98210666666667,90.0,0.0004334209856457992,89.992332,90.007668,0.0,0.0,0.0,0.0,3.869555529186603,3.1004911445572714,0.5604192,13.9428288,3379.8191009224884,3.3499287165168052,3368.9353344,3383.3944896000003,3473.6886564516753,0.24995665944040613,3472.8781632,3473.9549088000003
run_0276_cfg_028_seed_6_of0,6,10,16,5,40.0,12,20,OF0,627,11,99.92451355661882,0.3498692741599759,94.44,100.0,99.94682615629985,1.3314713474060613,66.66,100.0,135.14992025518342,57.30605446014549,23,337,-73.83094098883572,10.274824201508824,-91,-51,1.0291387559808611,0.07477906679705087,1.0,1.75,3.5645933014354068,1.0190940436462734,2,7,2.550239234449761,0.9929201970729187,1,4,3.272727272727273,1.4211791645789364,1,5,74276.59330143541,80120.61767640528,10224,396376,59925723.40669856,80119.75258371385,59603624,59989776,0.12379431980289594,0.13353436214035658,0.01704,0.6606266666666667,99.8762056801971,0.13353436214035555,99.33937333333334,99.98295999999999,90.0,0.00026859892068210444,89.995248,90.00475200000001,0.0,0.0,0.0,0.0,3.8772381703349277,4.182296242708356,0.5336928,20.690827199999998,3379.8108001377996,4.518754045721415,3361.6443936000005,3383.4233664000003,3473.688038308134,0.33660462554691933,3472.3352208000006,3473.9570592000005
run_0277_cfg_028_seed_7_of0,7,10,16,5,40.0,12,20,OF0,627,11,99.98558213716109,0.16215039817802107,97.22,100.0,100.0,0.0,100.0,100.0,133.2982456140351,55.44206929792056,23,277,-73.63636363636364,10.248126993920975,-84,-51,1.021913875598086,0.06235402568896647,1.0,1.52,3.5964912280701755,1.055120089694497,2,8,2.5853269537480066,1.0331448067200097,1,6,3.272727272727273,1.421179164578937,1,5,73779.71291866028,78462.29807291084,10224,391544,59926220.28708134,78462.2980729109,59608456,59989776,0.12296618819776715,0.13077049678818473,0.01704,0.6525733333333333,99.87703381180222,0.13077049678818478,99.34742666666668,99.98295999999999,90.0,0.0,90.0,90.0,0.0,0.0,0.0,0.0,3.8513010143540667,4.0957319594059465,0.5336928,20.4385968,3379.8388241913876,4.425273611312172,3361.9169183999998,3383.4233664000003,3473.690125205742,0.32954165190619256,3472.3555152,3473.9570592000005
run_0278_cfg_028_seed_8_of0,8,10,16,5,40.0,12,20,OF0,627,11,99.98416267942584,0.18275420130264533,97.22,100.0,100.0,0.0,100.0,100.0,134.5438596491228,56.31347031637212,29,296,-73.65231259968103,10.217772850456758,-84,-51,1.018548644338118,0.05070712854756676,1.0,1.49,3.550239234449761,0.9977350260926316,2,6,2.5454545454545454,0.9883139428379527,1,4,3.272727272727273,1.4211791645789371,1,5,73769.19936204147,83643.62386644493,10736,377904,59926230.80063796,83643.62386644505,59622096,59989264,0.12294866560340245,0.1394060397774082,0.017893333333333334,0.62984,99.8770513343966,0.13940603977740787,99.37016,99.98210666666667,90.0,0.0,90.0,90.0,0.0,0.0,0.0,0.0,3.8507522066985644,4.3661971658284235,0.5604192,19.726588800000002,3379.839417155981,4.717500386067472,3362.6862144000006,3383.3944896000003,3473.6901693626796,0.3513032202390339,3472.412803200001,3473.9549088000003
run_0279_cfg_028_seed_9_of0,9,10,16,5,40.0,12,20,OF0,627,11,99.92626794258372,0.29514351029687586,97.05,100.0,99.94682615629985,1.3314713474060613,66.66,100.0,134.95534290271132,57.29533306523623,26,326,-73.40988835725678,10.197699005338922,-84,-51,1.0189952153110047,0.0569129567111651,1.0,1.51,3.555023923444976,1.0070452101754408,2,6,2.550239234449761,0.9977350260926316,1,5,3.272727272727273,1.4211791645789367,1,5,73730.57735247209,69408.59233542794,10736,364816,59926269.42264753,69408.66199779572,59635184,59989264,0.12288429571828502,0.11568098754149954,0.017893333333333334,0.6080266666666666,99.8771157042817,0.11568098754149907,99.39197333333334,99.98210666666667,90.0,2.3061523492110617e-05,89.999592,90.00040800000001,0.0,0.0,0.0,0.0,3.8487361377990426,3.6231285199093346,0.5604192,19.043395199999996,3379.8415954373204,3.9146485366756476,3363.4243776000003,3383.3944896000003,3473.6903315751197,0.2915213817455768,3472.4677728,3473.9549088000003
run_0280_cfg_028_seed_10_of0,10,10,16,5,40.0,12,20,OF0,627,11,100.0,0.0,100.0,100.0,100.0,0.0,100.0,100.0,133.68261562998404,56.037183007441875,31,291,-73.27272727272727,10.189135010517907,-84,-51,1.0177033492822967,0.05563018038434756,1.0,1.46,3.555023923444976,1.0038676600924399,2,6,2.5454545454545454,0.9883139428379527,1,4,3.272727272727273,1.4211791645789371,1,5,73799.84688995215,59262.12192437693,10736,279448,59926200.15311005,59262.043457316395,59720552,59989264,0.12299974437603173,0.0987702024198238,0.017893333333333334,0.4657466666666667,99.87700025562397,0.09877020241982333,99.53425333333334,99.98210666666667,90.0,0.00022518899410756772,89.996016,90.003984,0.0,0.0,0.0,0.0,3.852352007655502,3.093482764452474,0.5604192,14.587185599999998,3379.837688635407,3.3423792509926225,3368.2391328000003,3383.3944896000003,3473.6900406430627,0.24903710095476123,3472.8263184,3473.9549088000003
run_0281_cfg_029_seed_1_mrhof,1,10,16,5,50.0,12,20,MRHOF,627,11,99.99500797448167,0.08900295217244784,98.24,100.0,100.0,0.0,100.0,100.0,108.03827751196172,54.70296032167557,25,261,-70.27272727272727,9.183291853108386,-94,-63,1.0115629984051038,0.0374265683928694,1.0,1.39,3.090909090909091,0.9966542927526431,2,5,2.090909090909091,0.9966542927526431,1,4,4.545454545454546,1.7782204486465953,1,7,58601.033492822964,45840.90011832903,10224,194616,59941398.966507174,45840.90011832915,59805384,59989776,0.09766838915470494,0.07640150019721512,0.01704,0.32436000000000004,99.9023316108453,0.07640150019721502,99.67564,99.98295999999999,90.0,0.0,90.0,90.0,0.0,0.0,0.0,0.0,3.0589739483253586,2.3928949861767768,0.5336928,10.1589552,3380.694901711005,2.5854267666737623,3373.0236576,3383.4233664000003,3473.7538756593303,0.19253178049694972,3473.1826128000002,3473.9570592000005
run_0282_cfg_029_seed_2_mrhof,2,10,16,5,50.0,12,20,MRHOF,627,11,99.78588516746412,0.9917836449014689,85.71,100.0,99.94682615629985,1.3314713474060615,66.66,100.0,109.61244019138756,56.18529395789431,21,323,-69.0,11.418834281914577,-94,-52,1.0129665071770335,0.040434586005651384,1.0,1.35,3.090909090909091,0.9966542927526437,2,5,2.090909090909091,0.9966542927526437,1,4,4.545454545454546,1.7782204486465947,1,7,58851.52153110048,59142.19833782616,10736,264816,59941148.4784689,59141.372083650815,59735184,59989264,0.09808586742172411,0.09857031968917242,0.017893333333333334,0.44136000000000003,99.90191413257827,0.09857031968917285,99.55864,99.98210666666667,90.0,0.0002685989206824854,89.995248,90.00475200000001,0.0,0.0,0.0,0.0,3.072049423923445,3.0872227532345233,0.5604192,13.8233952,3380.680774185646,3.335573385517907,3369.0643776,3383.3944896000003,3473.75282360957,0.2485500253272295,3472.8877728,3473.9549088000003
run_0283_cfg_029_seed_3_mrhof,3,10,16,5,50.0,12,20,MRHOF,627,11,99.98295055821372,0.26609602589233733,93.75,100.0,100.0,0.0,100.0,100.0,108.3652312599681,55.22864703883633,24,287,-69.27272727272727,11.234671035901577,-94,-52,1.0171451355661882,0.04738176461122262,1.0,1.35,3.090909090909091,0.9966542927526426,2,5,2.090909090909091,0.9966542927526426,1,4,4.545454545454546,1.7782204486465953,1,7,58965.333333333336,59293.229989087915,10736,263560,59941034.666666664,59293.229989087435,59736440,59989264,0.09827555555555555,0.0988220499818132,0.017893333333333334,0.43926666666666664,99.90172444444444,0.0988220499818135,99.56073333333333,99.98210666666667,90.0,0.0,90.0,90.0,0.0,0.0,0.0,0.0,3.0779903999999996,3.095106605430388,0.5604192,13.757831999999999,3380.6743552000003,3.3441381713845386,3369.1352160000006,3383.3944896000003,3473.7523456000004,0.24903156595414133,3472.8930480000004,3473.9549088000003
run_0284_cfg_029_seed_4_mrhof,4,10,16,5,50.0,12,20,MRHOF,627,11,99.76231259968102,0.8992783286330148,87.5,100.0,99.94682615629985,1.331471347406061,66.66,100.0,107.94417862838915,54.98671123592609,24,282,-67.9090909090909,10.578160196078283,-94,-52,1.0107177033492822,0.03406855130010996,1.0,1.3,3.090909090909091,0.9966542927526432,2,5,2.090909090909091,0.9966542927526432,1,4,4.545454545454546,1.7782204486465958,1,7,58821.422647527914,33651.278337804164,10224,136024,59941178.57735247,33653.96170278223,59863976,59989776,0.09803570531190192,0.0560854649581498,0.01704,0.22670666666666667,99.9019642946881,0.05608546495815022,99.77329333333333,99.98295999999999,90.0,0.0005107449173581168,89.990964,90.009036,0.0,0.0,0.0,0.0,3.0704782622009565,1.7565967292333782,0.5336928,7.100452799999999,3380.6824717626796,1.8980834400368938,3376.3282464000004,3383.4233664000003,3473.752950024881,0.14275883045451487,3473.4286992,3474.1488696
run_0285_cfg_029_seed_5_mrhof,5,10,16,5,50.0,12,20,MRHOF,627,11,99.99159489633175,0.21046352731943413,94.73,100.0,100.0,0.0,100.0,100.0,108.75598086124401,54.02953968211849,26,257,-69.36363636363636,9.909904919308252,-94,-59,1.0125199362041468,0.03751077589151109,1.0,1.38,3.090909090909091,0.9966542927526436,2,5,2.090909090909091,0.9966542927526436,1,4,4.545454545454546,1.7782204486465947,1,7,58964.22328548644,39624.33923885922,10736,166240,59941035.77671451,39624.33923885928,59833760,59989264,0.09827370547581074,0.0660405653980987,0.017893333333333334,0.27706666666666663,99.90172629452418,0.0660405653980993,99.72293333333333,99.98210666666667,90.0,0.0,90.0,90.0,0.0,0.0,0.0,0.0,3.0779324555023924,2.068390508268451,0.5604192,8.677727999999998,3380.674417806699,2.23481273307166,3374.624064,3383.3944896000003,3473.752350262201,0.1664222248032082,3473.301792,3473.9549088000003
run_0286_cfg_029_seed_6_mrhof,6,10,16,5,50.0,12,20,MRHOF,627,11,99.99103668261563,0.10235116332053684,98.57,100.0,100.0,0.0,100.0,100.0,109.0909090909091,54.773332201156435,21,268,-67.54545454545455,10.73121023351076,-94,-52,1.0109728867623604,0.03704988733959848,1.0,1.32,3.090909090909091,0.9966542927526434,2,5,2.090909090909091,0.9966542927526434,1,4,4.545454545454546,1.7782204486465951,1,7,58916.7336523126,33724.65812913971,10736,163320,59941088.114832535,33718.40959016713,59836680,59989264,0.0981945421048658,0.05620774490125395,0.017893333333333334,0.2722,99.90180545789514,0.056207744901254526,99.7278,99.98210666666667,90.00000727272727,0.00018210885855323434,90.0,90.00456,0.0,0.0,0.0,0.0,3.0754534966507174,1.760427154341092,0.5604192,8.525303999999998,3380.677369676556,1.9017183008854144,3374.7887520000004,3383.3944896000003,3473.7528304459333,0.14144343872465123,3473.314056,3473.9549088000003
run_0287_cfg_029_seed_7_mrhof,7,10,16,5,50.0,12,20,MRHOF,627,11,99.97685805422647,0.29758911562109264,93.75,100.0,100.0,0.0,100.0,100.0,108.08612440191388,53.07730436325982,27,247,-69.54545454545455,9.80915775952275,-94,-59,1.0131738437001594,0.03990371900955387,1.0,1.32,3.090909090909091,0.9966542927526431,2,5,2.090909090909091,0.9966542927526431,1,4,4.545454545454546,1.7782204486465951,1,7,58845.167464114835,45813.67553676047,10224,183512,59941154.832535885,45813.32558954968,59816488,59989776,0.09807527846475109,0.07635612612969636,0.01704,0.3058533333333333,99.90192472153525,0.07635612612969644,99.69414666666667,99.98295999999999,90.0,0.0001790659471211846,89.99683200000001,90.00316799999999,0.0,0.0,0.0,0.0,3.071717741626794,2.3914738630188968,0.5336928,9.5793264,3380.6811325550243,2.5838715632506117,3373.6499232000006,3383.4233664000003,3473.752850296651,0.1925122908669692,3473.2292496000005,3474.0194688
run_0288_cfg_029_seed_8_mrhof,8,10,16,5,50.0,12,20,MRHOF,627,11,99.98944178628389,0.22597783481879835,94.44,100.0,100.0,0.0,100.0,100.0,109.81180223285486,54.51956580323218,24,262,-69.9090909090909,10.824907542036527,-94,-52,1.0111323763955342,0.03804100723225767,1.0,1.34,3.094098883572568,1.002750343897847,2,6,2.0925039872408293,1.0005068753246704,1,5,4.545454545454546,1.7782204486465942,1,7,58788.121212121216,51903.18653866136,10224,235832,59941211.878787875,51903.186538661575,59764168,59989776,0.09798020202020202,0.08650531089776886,0.01704,0.3930533333333333,99.9020197979798,0.08650531089776874,99.60694666666666,99.98295999999999,90.0,0.0,90.0,90.0,0.0,0.0,0.0,0.0,3.0687399272727274,2.7093463373181206,0.5336928,12.3104304,3380.684349963637,2.9273397207804717,3370.6990752,3383.4233664000003,3473.7530898909095,0.2179933834623973,3473.0095056,3473.9570592000005
run_0289_cfg_029_seed_9_mrhof,9,10,16,5,50.0,12,20,MRHOF,627,11,99.99893141945773,0.026757222638334053,99.33,100.0,100.0,0.0,100.0,100.0,108.18979266347688,55.08080637669627,28,266,-68.0909090909091,10.509072467364104,-94,-52,1.010255183413078,0.03620493608902971,1.0,1.32,3.090909090909091,0.9966542927526431,2,5,2.090909090909091,0.9966542927526431,1,4,4.545454545454546,1.7782204486465958,1,7,58762.39872408294,33540.280973909794,10736,154200,59941237.60127591,33540.28097390944,59845800,59989264,0.09793733120680488,0.055900468289849674,0.017893333333333334,0.257,99.90206266879319,0.055900468289850805,99.74300000000001,99.98210666666667,90.0,0.0,90.0,90.0,0.0,0.0,0.0,0.0,3.067397213397129,1.7508026668380918,0.5604192,8.04924,3380.685800711962,1.8916718469284808,3375.3031200000005,3383.3944896000003,3473.753197925359,0.14086918009040994,3473.3523600000003,3473.9549088000003
run_0290_cfg_029_seed_10_mrhof,10,10,16,5,50.0,12,20,MRHOF,627,11,99.99334928229665,0.11778552086399649,97.22,100.0,100.0,0.0,100.0,100.0,108.85326953748006,53.90478679683776,26,270,-73.27272727272727,10.251499043844676,-94,-60,1.0167942583732057,0.05054742592160927,1.0,1.56,3.0956937799043063,1.0065745324942617,2,6,2.0956937799043063,1.0065745324942617,1,5,4.545454545454546,1.7782204486465951,1,7,59054.29027113238,57412.4272438522,10736,262720,59940945.70972887,57412.42724385177,59737280,59989264,0.09842381711855397,0.0956873787397537,0.017893333333333334,0.4378666666666667,99.90157618288144,0.0956873787397543,99.56213333333334,99.98210666666667,90.0,0.0,90.0,90.0,0.0,0.0,0.0,0.0,3.0826339521531096,2.996928702129086,0.5604192,13.713984,3380.669338028709,3.2380608965532782,3369.182592,3383.3944896000003,3473.7519719808615,0.24113219442420133,3472.896576,3473.9549088000003
run_0291_cfg_030_seed_1_mrhof,1,10,16,5,50.0,16,10,MRHOF,855,15,99.96411695906434,0.2962460452489398,94.11,100.0,99.9766081871345,0.6839855680567691,80.0,100.0,150.14619883040936,80.10777813944267,31,362,-70.6,10.416344569571297,-94,-52,1.032643274853801,0.059447359261960576,1.0,1.41,3.734502923976608,1.3919861653321914,2,7,2.734502923976608,1.3919861653321914,1,6,4.8,1.3767898718715414,3,7,152454.1192982456,158616.18725565827,25560,693960,59847553.094736844,158620.63532938866,59306040,59974440,0.25409018484803814,0.26436035292347276,0.0426,1.1566,99.74590981515196,0.26436035292347226,98.8434,99.95739999999999,90.00001082105264,0.0007038849667345641,89.99113200000001,90.00925200000002,0.0,0.0,0.0,0.0,7.95810502736842,8.279764974745369,1.3342319999999999,36.224712,3375.4019945431583,8.946203832577545,3344.8606560000007,3382.5584160000008,3473.3601103915794,0.6669589499370129,3471.0493272000003,3473.9329272000004
run_0292_cfg_030_seed_2_mrhof,2,10,16,5,50.0,16,10,MRHOF,855,15,99.95016374269005,0.2867425406742862,93.33,100.0,99.95711111111112,0.8899097159982876,80.0,100.0,148.33801169590643,78.55663177931197,34,372,-71.13333333333334,9.890903729224961,-94,-59,1.0224561403508772,0.0470019445666688,1.0,1.39,3.736842105263158,1.3966292114219037,2,7,2.7333333333333334,1.3896573466087272,1,5,4.8,1.3767898718715412,3,7,151831.66315789474,142444.44205754556,26840,493280,59848168.336842105,142444.0927500348,59506720,59973160,0.2530527695880942,0.2374073986323038,0.04473333333333333,0.8221333333333334,99.74694723041192,0.23740739863230348,99.17786666666667,99.95526666666666,90.0,0.00039636729825765133,89.99194800000001,90.00805199999999,0.0,0.0,0.0,0.0,7.925612816842104,7.435599875403886,1.4010479999999998,25.749215999999997,3375.436694197895,8.033846831101982,3356.179008,3382.486224,3473.3623070147373,0.5984278534428026,3471.9282240000002,3473.8872720000004
run_0293_cfg_030_seed_3_mrhof,3,10,16,5,50.0,16,10,MRHOF,855,15,99.9259649122807,0.33672130907504355,94.73,100.0,99.93371929824562,1.121501989602938,80.0,100.0,149.68538011695907,80.12487595120562,32,378,-70.73333333333333,10.233182925506867,-94,-52,1.024514619883041,0.053849186217308324,1.0,1.39,3.7380116959064327,1.3972684207680686,2,7,2.7380116959064327,1.3972684207680686,1,6,4.8,1.3767898718715428,3,7,151447.1485380117,189107.21703477416,24632,735920,59848552.85146199,189106.1711669383,59264080,59975368,0.2524119067682818,0.3151786768396186,0.04105333333333334,1.2265333333333333,99.74758809323171,0.3151786768396177,98.77346666666666,99.95894666666668,90.0,0.0005684223452049723,89.990556,90.00944399999999,0.0,0.0,0.0,0.0,7.905541153684211,9.871396729215206,1.2857904,38.415024,3375.4583808224565,10.665588053815299,3342.4941120000003,3382.6107552000003,3473.363921976141,0.7944708023066402,3470.9006592000005,3474.141098400001
run_0294_cfg_030_seed_4_mrhof,4,10,16,5,50.0,16,10,MRHOF,855,15,99.97953216374269,0.21411331474736503,95.83,100.0,100.0,0.0,100.0,100.0,150.71812865497077,79.69145027592015,32,351,-69.93333333333334,10.661230074334398,-94,-52,1.0426432748538013,0.08310870254619245,1.0,1.99,3.736842105263158,1.395790540812719,2,7,2.7333333333333334,1.3896573466087259,1,5,4.8,1.3767898718715423,3,7,153955.4994152047,128266.29602850949,25560,475520,59846044.500584796,128266.29602850926,59524480,59974440,0.25659249902534115,0.21377716004751593,0.0426,0.7925333333333333,99.74340750097467,0.21377716004751546,99.20746666666666,99.95739999999999,90.0,0.0,90.0,90.0,0.0,0.0,0.0,0.0,8.036477069473683,6.695500652688199,1.3342319999999999,24.822143999999998,3375.3169098329827,7.2342190960079344,3357.180672,3382.5584160000008,3473.3533869024564,0.5387184433197608,3472.002816,3473.892648000001
run_0295_cfg_030_seed_5_mrhof,5,10,16,5,50.0,16,10,MRHOF,855,15,99.95983625730995,0.3792720395026558,91.66,100.0,99.98050292397662,0.5701019709753176,83.33,100.0,150.12748538011695,79.73387457165197,33,371,-70.0,10.751831171307506,-94,-52,1.0343976608187133,0.06538361663851726,1.0,1.43,3.736842105263158,1.3949513659793138,2,7,2.736842105263158,1.3949513659793138,1,6,4.8,1.3767898718715421,3,7,152940.9029239766,108549.1888323786,25560,404360,59847065.29122807,108555.90995031601,59595640,59974440,0.2549014972545628,0.1809153276526484,0.0426,0.6739333333333333,99.74509850274544,0.1809153276526474,99.32606666666666,99.95739999999999,90.00000929122807,0.0005016273079392729,89.992632,90.00794400000001,0.0,0.0,0.0,0.0,7.983515132631578,5.666267657050163,1.3342319999999999,21.107591999999997,3375.3744824252635,6.122553321197817,3361.1940960000006,3382.5584160000008,3473.358006849123,0.45667646053493016,3472.3016880000005,3474.1462992
run_0296_cfg_030_seed_6_mrhof,6,10,16,5,50.0,16,10,MRHOF,855,15,99.921567251462,0.3917888176234697,93.75,100.0,99.95711111111112,0.8899097159982882,80.0,100.0,151.48538011695908,81.08538858933346,33,367,-71.33333333333333,10.867091460689386,-94,-52,1.0379064327485379,0.07010825114739351,1.0,1.5,3.734502923976608,1.3919861653321912,2,7,2.734502923976608,1.3919861653321912,1,6,4.8,1.376789871871541,3,7,153541.50175438597,151452.04724492462,25560,709280,59846458.49824561,151451.25163317382,59290720,59974440,0.25590249793402947,0.252420066517129,0.0426,1.1821333333333333,99.74409750206597,0.2524200665171287,98.81786666666666,99.95739999999999,90.0,0.0005183855319339219,89.99194800000001,90.00805199999999,0.0,0.0,0.0,0.0,8.014866391578947,7.9057968661850575,1.3342319999999999,37.024415999999995,3375.340259301053,8.541850592111004,3343.9966080000004,3382.5584160000008,3473.3551256926316,0.6363443767762845,3471.0210240000006,3474.1589688000004
run_0297_cfg_030_seed_7_mrhof,7,10,16,5,50.0,16,10,MRHOF,855,15,99.98029239766082,0.2955085857290134,91.66,100.0,99.9766081871345,0.6839855680567692,80.0,100.0,150.86198830409356,79.71253765127213,32,353,-70.46666666666667,9.463277972065539,-94,-59,1.0285263157894737,0.058144042627642965,1.0,1.64,3.7380116959064327,1.3989434872163733,2,7,2.7380116959064327,1.3989434872163733,1,6,4.8,1.3767898718715426,3,7,152164.38830409356,149396.50040732807,25216,604696,59847835.61169591,149396.0303325929,59395304,59974784,0.2536073104338556,0.24899416192907822,0.04202666666666667,1.0078266666666666,99.74639268956615,0.24899416192907753,98.99217333333333,99.95797333333334,90.0,0.0004878517070335948,89.990364,90.009636,0.0,0.0,0.0,0.0,7.942981069473684,7.798497321262527,1.3162751999999998,31.5651312,3375.4179284996494,8.425936110758249,3349.8951456000004,3382.5778176000003,3473.360909569123,0.627700115902603,3471.4602768000004,3473.8940928
run_0298_cfg_030_seed_8_mrhof,8,10,16,5,50.0,16,10,MRHOF,855,15,99.93970760233918,0.18756428063031,98.81,100.0,99.91032748538012,1.3124398986146073,80.0,100.0,152.00233918128654,80.72267263554774,35,347,-71.86666666666666,10.46152759968493,-94,-52,1.0302923976608187,0.059103637201336115,1.0,1.56,3.736842105263158,1.3957905408127187,2,7,2.7333333333333334,1.3896573466087274,1,5,4.8,1.376789871871542,3,7,151917.5859649123,176193.14119550431,26560,705456,59848082.41403509,176191.3226065548,59294544,59973440,0.253195965658526,0.29365518459915907,0.04426666666666667,1.17576,99.74680403434147,0.2936551845991582,98.82424,99.95573333333333,90.0,0.000581227450269185,89.99113200000001,90.008868,0.0,0.0,0.0,0.0,7.930097987368421,9.197281970405324,1.3864319999999999,36.8248032,3375.4318481515793,9.937190595009705,3344.2122816000006,3382.502016,3473.3619461389476,0.7402212911100099,3471.0370848000007,3473.8884479999997
run_0299_cfg_030_seed_9_mrhof,9,10,16,5,50.0,16,10,MRHOF,855,15,99.96784795321636,0.14210709519027215,98.0,100.0,99.95711111111112,0.8899097159982907,80.0,100.0,151.0327485380117,80.14205101441661,30,348,-71.2,10.888771261187108,-94,-52,1.0363391812865497,0.07109087792668954,1.0,1.58,3.7380116959064327,1.400616550371486,2,8,2.7356725146198833,1.394310112163242,1,6,4.8,1.3767898718715417,3,7,153268.94970760233,126913.95497463267,26656,494288,59846731.050292395,126913.18356705572,59505712,59973344,0.2554482421349624,0.2115232320924095,0.04442666666666666,0.8238133333333333,99.74455175786504,0.2115232320924091,99.17618666666667,99.95557333333333,90.0,0.0008722863762825642,89.990556,90.00944399999999,0.0,0.0,0.0,0.0,8.000639174736841,6.624908449675826,1.3914431999999999,25.8018336,3375.3556312364917,7.157903553181931,3356.1221568000005,3382.4966016000003,3473.3562704112283,0.5339793954498071,3471.9239904000005,3474.1371288
run_0300_cfg_030_seed_10_mrhof,10,10,16,5,50.0,16,10,MRHOF,855,15,99.97639766081872,0.23936954858706178,95.45,100.0,100.0,0.0,100.0,100.0,150.95087719298246,80.57453192768459,24,336,-71.98362573099415,9.675518416493697,-94,-60,1.0378245614035089,0.067960879401698,1.0,1.66,3.7380116959064327,1.3981062048536932,2,7,2.7333333333333334,1.3896573466087259,1,5,4.8,1.3767898718715428,3,7,153963.78011695907,124286.86681201235,26840,480400,59846036.21988304,124286.91434787292,59519600,59973160,0.25660629831882303,0.20714479470612332,0.04473333333333333,0.8006666666666667,99.74339370168117,0.20714479470612257,99.19933333333333,99.95526666666666,90.0,0.0005768895356127236,89.990364,90.009636,0.0,0.0,0.0,0.0,8.036909322105263,6.487774447587047,1.4010479999999998,25.07688,3375.316442801404,7.009781969220054,3356.9054400000005,3382.486224,3473.3533521235095,0.522447910191629,3471.9410256,3473.9772024
run_0301_cfg_031_seed_1_of0,1,10,16,5,50.0,16,10,OF0,855,15,99.98163742690059,0.2856684252469437,92.3,100.0,100.0,0.0,100.0,100.0,151.2514619883041,80.11768960080012,34,359,-71.36842105263158,10.023096709326971,-94,-52,1.0360233918128654,0.06788438590949213,1.0,1.72,3.743859649122807,1.3970968825561518,2,7,2.7356725146198833,1.3934700457871219,1,6,4.8,1.3767898718715414,3,7,153952.84210526315,148582.89937443176,26840,715088,59846047.15789474,148585.6229182579,59284912,59973160,0.25658808120377796,0.2476382164376981,0.04473333333333333,1.1918133333333334,99.74341191879623,0.24763821643769587,98.80818666666667,99.95526666666666,90.0,0.0001810181974883149,89.99640000000001,90.0036,0.0,0.0,0.0,0.0,8.036338357894737,7.756027347345338,1.4010479999999998,37.32759359999999,3375.3170597052635,8.380229132589665,3343.6690368,3382.486224,3473.353398063158,0.6242421218186966,3470.9966304,3473.8872720000004
run_0302_cfg_031_seed_2_of0,2,10,16,5,50.0,16,10,OF0,855,15,99.98015204678363,0.3102523718390515,92.3,100.0,100.0,0.0,100.0,100.0,149.2514619883041,79.1888985761019,28,347,-70.39883040935672,10.994942356040672,-94,-52,1.0295672514619882,0.05976476019309251,1.0,1.46,3.7391812865497074,1.3979063581178317,2,7,2.7333333333333334,1.3896573466087272,1,5,4.8,1.3767898718715412,3,7,152816.49590643274,131166.0454079837,25560,795968,59847183.504093565,131172.8242334662,59204032,59974440,0.2546941816841215,0.21861030776105972,0.0426,1.3266133333333332,99.74530581831588,0.21861030776105975,98.67338666666666,99.95739999999999,90.0,0.0006821261155169936,89.990748,90.00925200000002,0.0,0.0,0.0,0.0,7.977021086315789,6.84686757029675,1.3342319999999999,41.54952959999999,3375.3811496308776,7.398147286767467,3339.1074048,3382.5584160000008,3473.3581707171934,0.5518726097514252,3470.6321448000003,3473.892648000001
run_0303_cfg_031_seed_3_of0,3,10,16,5,50.0,16,10,OF0,855,15,99.98320467836257,0.2250121495061883,93.75,100.0,99.9766081871345,0.6839855680567695,80.0,100.0,149.53684210526316,79.46136431365524,28,361,-72.47017543859648,9.935446765405251,-94,-52,1.0258362573099415,0.05264855280479774,1.0,1.57,3.7356725146198833,1.3943101121632415,2,7,2.7333333333333334,1.389657346608726,1,5,4.8,1.3767898718715428,3,7,151621.3052631579,127883.54357779295,25560,571888,59848378.694736846,127880.49113777491,59428112,59974440,0.25270216259898537,0.2131391794870061,0.0426,0.9531466666666667,99.747297837401,0.213139179487005,99.04685333333333,99.95739999999999,90.0,0.0005738875196814452,89.990364,90.009636,0.0,0.0,0.0,0.0,7.914632134736842,6.675520974760793,1.3342319999999999,29.852553599999993,3375.4485583831583,7.2124597001705,3351.7455168,3382.5584160000008,3473.3631905178954,0.537357764296458,3471.5980704000003,3473.892648000001
run_0304_cfg_031_seed_4_of0,4,10,16,5,50.0,16,10,OF0,855,15,99.95072514619882,0.18357735292634528,96.96,100.0,99.95711111111112,0.8899097159982879,80.0,100.0,149.31345029239765,78.16019695448857,34,356,-72.26900584795321,10.926523208781926,-94,-52,1.0287836257309941,0.05808955948589132,1.0,1.38,3.7380116959064327,1.396430134056475,2,7,2.7333333333333334,1.3896573466087259,1,5,4.8,1.3767898718715423,3,7,152520.03742690058,133646.07613486762,26560,700016,59847479.962573096,133651.6373955409,59299984,59973440,0.2542000823400998,0.22274355740454307,0.04426666666666667,1.1666933333333334,99.74579991765991,0.22274355740454285,98.83330666666666,99.95573333333333,90.0,0.00032918054526641247,89.99383200000001,90.006168,0.0,0.0,0.0,0.0,7.96154595368421,6.976325174240093,1.3864319999999999,36.5408352,3375.3978698891233,7.537952349108516,3344.5190976000004,3382.502016,3473.3594158428073,0.5617687227038483,3471.0599328000003,3473.8884479999997
run_0305_cfg_031_seed_5_of0,5,10,16,5,50.0,16,10,OF0,855,15,99.91357894736842,0.31102882917399466,96.66,100.0,99.9298245614035,1.1833097084621418,80.0,100.0,150.53216374269005,80.11540903733224,29,393,-73.00701754385965,10.6339982090241,-94,-52,1.0379883040935673,0.07704237012923418,1.0,1.69,3.7485380116959064,1.4071312489923093,2,7,2.734502923976608,1.3919861653321903,1,6,4.8,1.3767898718715421,3,7,153167.4292397661,140372.04610862889,26656,649640,59846832.570760235,140373.5135209698,59350360,59973344,0.25527905219649794,0.23395345960160016,0.04442666666666666,1.0827333333333333,99.7447209478035,0.2339534596015999,98.91726666666668,99.95557333333333,90.0,0.0006080375928224471,89.990964,90.009036,0.0,0.0,0.0,0.0,7.995339806315789,7.327420806870428,1.3914431999999999,33.911207999999995,3375.3613569908775,7.917066162582694,3347.3603040000003,3382.4966016000003,3473.3566967971933,0.5900806123245816,3471.2715120000003,3473.8880448000004
run_0306_cfg_031_seed_6_of0,6,10,16,5,50.0,16,10,OF0,855,15,99.92837426900584,0.3333687260884878,95.23,100.0,99.95711111111112,0.8899097159982894,80.0,100.0,149.65263157894736,79.53051519562877,29,351,-72.18947368421053,10.124824297383048,-94,-52,1.0326666666666668,0.0635090212847224,1.0,1.46,3.742690058479532,1.3998125555619996,2,6,2.736842105263158,1.3941116860111487,1,5,4.8,1.376789871871541,3,7,153270.99883040934,134980.46961084477,25560,541368,59846729.00116959,134981.61377554626,59458632,59974440,0.25545166747071796,0.2249674568593782,0.0426,0.90228,99.74454833252928,0.22496745685937733,99.09772,99.95739999999999,90.0,0.0004999023792287496,89.99194800000001,90.00805199999999,0.0,0.0,0.0,0.0,8.000746138947367,7.04598051368609,1.3342319999999999,28.259409599999998,3375.355515665965,7.6129630169408316,3353.4668448,3382.5584160000008,3473.3562618049127,0.5672886709663079,3471.7262544,3473.892648000001
run_0307_cfg_031_seed_7_of0,7,10,16,5,50.0,16,10,OF0,855,15,99.95805847953217,0.3216103674110296,91.66,100.0,99.95711111111112,0.8899097159982883,80.0,100.0,150.12046783625732,79.40900402445294,30,354,-72.1719298245614,10.656864744273488,-94,-52,1.0383508771929824,0.09376820501987246,1.0,2.82,3.749707602339181,1.4201780353562763,2,10,2.734502923976608,1.3911446956019746,1,5,4.8,1.3767898718715426,3,7,153392.80467836256,157818.99234999603,25560,733736,59846607.195321634,157816.77324029713,59266264,59974440,0.25565466219357413,0.2630316237662647,0.0426,1.2228933333333334,99.74434533780644,0.263031623766264,98.77710666666667,99.95739999999999,90.0,0.0006451621439897853,89.989464,90.010536,0.0,0.0,0.0,0.0,8.007104404210526,8.238151400669796,1.3342319999999999,38.3010192,3375.3486458161406,8.900866010752779,3342.6172896000003,3382.5584160000008,3473.355750220351,0.66314509190169,3470.9183088000004,3474.065184
run_0308_cfg_031_seed_8_of0,8,10,16,5,50.0,16,10,OF0,855,15,99.98374269005849,0.09055141637107429,98.83,100.0,99.98050292397662,0.5701019709753171,83.33,100.0,149.27134502923977,78.41281983044951,32,350,-72.57192982456141,10.68559221249987,-94,-52,1.0290292397660818,0.05557338196816187,1.0,1.51,3.7356725146198833,1.3892620942905014,2,6,2.7333333333333334,1.3896573466087274,1,5,4.8,1.376789871871542,3,7,152499.90175438597,154295.55312292033,25560,672528,59847509.698245615,154292.91494476466,59327472,59974440,0.2541664486110847,0.2571592024231713,0.0426,1.1208799999999999,99.74583355138891,0.25715920242317125,98.87912,99.95739999999999,90.00001440000001,0.0006196195735485392,89.992032,90.007968,0.0,0.0,0.0,0.0,7.9604948715789465,8.054227873016435,1.3342319999999999,35.1059616,3375.399546981053,8.702120402884743,3346.0694208,3382.5584160000008,3473.360056252632,0.6482978666216883,3471.1753823999998,3473.9570496
run_0309_cfg_031_seed_9_of0,9,10,16,5,50.0,16,10,OF0,855,15,99.96756725146199,0.14920138647886363,97.87,100.0,99.98050292397662,0.570101970975319,83.33,100.0,150.3017543859649,80.22379519456616,34,379,-72.72280701754386,11.120234171836703,-94,-52,1.0310292397660819,0.06161843633790262,1.0,1.59,3.743859649122807,1.4012813069193695,2,7,2.7380116959064327,1.3972684207680688,1,6,4.8,1.3767898718715417,3,7,153370.2923976608,120200.19064192327,26656,506392,59846629.70760234,120201.5966553099,59493608,59973344,0.2556171570732454,0.20033365930648522,0.04442666666666666,0.8439866666666667,99.74438284292675,0.20033365930648464,99.15601333333333,99.95557333333333,90.0,0.000513740601035434,89.99016,90.00984000000001,0.0,0.0,0.0,0.0,8.005929263157894,6.274449951508391,1.3914431999999999,26.433662399999996,3375.3499155087725,6.779370051359507,3355.4394912000002,3382.4966016000003,3473.35584477193,0.5052832370375837,3471.8731536000005,3473.8880448000004
run_0310_cfg_031_seed_10_of0,10,10,16,5,50.0,16,10,OF0,855,15,99.98967251461988,0.0884521351668015,98.66,100.0,100.0,0.0,100.0,100.0,150.9906432748538,80.27711026348359,30,372,-73.12748538011697,10.925503760837051,-94,-52,1.0369005847953217,0.07043097963204306,1.0,1.68,3.743859649122807,1.409612891849649,2,8,2.734502923976608,1.39198616533219,1,6,4.8,1.3767898718715428,3,7,152958.016374269,136099.42644777842,25560,636448,59847041.98362573,136099.78381767395,59363552,59974440,0.25493002347596844,0.2268323542403238,0.0426,1.0607466666666667,99.74506997652404,0.2268323542403234,98.93925333333333,99.95739999999999,90.0,0.0009196590142961592,89.990748,90.00925200000002,0.0,0.0,0.0,0.0,7.984408454736841,7.104390060574028,1.3342319999999999,33.2225856,3375.373167876491,7.676027807316811,3348.1043328,3382.5584160000008,3473.3575763312283,0.5726596566416602,3471.3269184,3473.892648000001
run_0311_cfg_032_seed_1_of0,1,10,16,5,50.0,16,20,OF0,855,15,99.9833918128655,0.2849186657078186,92.3,100.0,100.0,0.0,100.0,100.0,146.28187134502923,78.30899485787619,29,476,-72.13333333333334,9.551095183472261,-94,-52,1.0283040935672516,0.06403344537099517,1.0,1.58,3.7461988304093565,1.4108666370993852,2,9,2.7356725146198833,1.395149672707333,1,7,4.8,1.3767898718715414,3,7,83386.37660818713,69089.0938246508,10736,292912,59916613.623391815,69089.15019144816,59707088,59989264,0.13897729443628162,0.11514848967889094,0.017893333333333334,0.48818666666666666,99.86102270556371,0.11514848967889132,99.51181333333334,99.98210666666667,90.0,5.516846670922325e-05,89.99886,90.00114,0.0,0.0,0.0,0.0,4.3527688589473685,3.606450697646771,0.5604192,15.2900064,3379.2970083592986,3.8966280707977132,3367.4797632000004,3383.3944896000003,3473.6497772182456,0.2901847045974487,3472.7697696000005,3473.9549088000003
run_0312_cfg_032_seed_2_of0,2,10,16,5,50.0,16,20,OF0,855,15,99.92940350877193,0.31189192978641583,97.22,100.0,99.96100584795322,1.1402039419506338,66.66,100.0,147.10760233918128,79.54668183430849,25,387,-72.36491228070176,10.101947975040394,-94,-52,1.0247251461988305,0.06257464310273078,1.0,1.52,3.745029239766082,1.4044160755258956,2,8,2.7356725146198833,1.3934700457871225,1,6,4.8,1.3767898718715412,3,7,83093.21169590643,82196.554685148,14240,419568,59916906.78830409,82197.48291519258,59580432,59985760,0.13848868719145493,0.1369942605879193,0.023733333333333335,0.69928,99.86151131280855,0.1369942605879209,99.30072,99.97626666666667,90.0,0.00042185871748493567,89.9919,90.00810000000001,0.0,0.0,0.0,0.0,4.337465650526315,4.290660154564722,0.7433279999999999,21.901449599999996,3379.313542860351,4.635938036416838,3360.336364800001,3383.1968640000005,3473.6510085108775,0.34563521301797206,3472.237814400001,3473.9401920000005
run_0313_cfg_032_seed_3_of0,3,10,16,5,50.0,16,20,OF0,855,15,99.97305263157895,0.3365382604393674,92.85,100.0,100.0,0.0,100.0,100.0,145.43040935672514,76.71208687847982,27,344,-73.12982456140351,11.821000518055719,-94,-52,1.0229473684210526,0.056586886122190774,1.0,1.56,3.7415204678362572,1.403356641576352,2,7,2.736842105263158,1.394951365979313,1,6,4.8,1.3767898718715428,3,7,83232.3649122807,94758.36740396993,10736,510728,59916767.63508772,94758.36740396994,59489272,59989264,0.1387206081871345,0.15793061233994968,0.017893333333333334,0.8512133333333333,99.86127939181287,0.15793061233995054,99.14878666666667,99.98210666666667,90.0,0.0,90.0,90.0,0.0,0.0,0.0,0.0,4.344729448421052,4.946386778487227,0.5604192,26.660001599999998,3379.3056946189477,5.344371921583902,3355.1949408,3383.3944896000003,3473.650424067369,0.3979851430967241,3471.8549424000003,3473.9549088000003
run_0314_cfg_032_seed_4_of0,4,10,16,5,50.0,16,20,OF0,855,15,99.98194152046783,0.2522660231958376,94.11,100.0,100.0,0.0,100.0,100.0,147.48654970760234,78.15563943687273,19,345,-71.16842105263157,10.703899974788738,-94,-52,1.0247719298245614,0.05611683327621551,1.0,1.56,3.743859649122807,1.4004454222664118,2,7,2.7391812865497074,1.392871373752083,1,5,4.8,1.3767898718715423,3,7,83334.83976608187,75131.29205994048,10224,311592,59916665.160233915,75131.41733349611,59688408,59989776,0.13889139955479718,0.12521881903196005,0.01704,0.51932,99.86110860044519,0.12521881903196042,99.48067999999999,99.98295999999999,90.0,0.0002272043308625894,89.996016,90.003984,0.0,0.0,0.0,0.0,4.350078635789473,3.921853445528894,0.5336928,16.2651024,3379.299915037193,4.237411937609131,3366.4262112,3383.4233664000003,3473.649993672983,0.315671689596262,3472.6913136000003,3473.9570592000005
run_0315_cfg_032_seed_5_of0,5,10,16,5,50.0,16,20,OF0,855,15,99.99058479532164,0.12773154849327834,97.22,100.0,100.0,0.0,100.0,100.0,146.95672514619883,79.22413140128795,22,421,-72.21988304093567,10.234067527606353,-94,-52,1.0236374269005848,0.05925362865339048,1.0,1.5,3.749707602339181,1.4085875077049743,2,8,2.742690058479532,1.4031546145054157,1,6,4.8,1.3767898718715423,3,7,83267.53684210527,73022.35400288377,10736,322464,59916732.46315789,73022.35400288344,59677536,59989264,0.13877922807017543,0.12170392333813959,0.017893333333333334,0.5374399999999999,99.86122077192982,0.12170392333813967,99.46256,99.98210666666667,90.0,0.0,90.0,90.0,0.0,0.0,0.0,0.0,4.3465654231578945,3.81176687895053,0.5604192,16.832620799999997,3379.3037109221054,4.118460765762669,3365.8130304000006,3383.3944896000003,3473.6502763452636,0.3066938868120914,3472.6456512000004,3473.9549088000003
run_0316_cfg_032_seed_6_of0,6,10,16,5,50.0,16,20,OF0,855,15,99.9946081871345,0.08560463927524611,98.11,100.0,100.0,0.0,100.0,100.0,145.39415204678363,78.05449194526857,19,370,-71.67485380116959,11.42287083746758,-94,-52,1.0184093567251462,0.050601033085812604,1.0,1.56,3.7391812865497074,1.3987437601079646,2,8,2.7356725146198833,1.393470045787121,1,6,4.8,1.376789871871541,3,7,83091.17192982456,80669.71082377073,10224,409272,59916908.82807018,80669.42204076324,59590728,59989776,0.1384852856301716,0.13444951323418455,0.01704,0.6821200000000001,99.86151471436983,0.13444951323418405,99.31788,99.98295999999999,90.0,0.00021138233559942973,89.99563199999999,90.004368,0.0,0.0,0.0,0.0,4.337359174736842,4.210958905000826,0.5336928,21.3639984,3379.3136579031584,4.549755403099033,3360.9170592,3383.4233664000003,3473.651017077895,0.3388871776716711,3472.2810576,3473.9570592000005
run_0317_cfg_032_seed_7_of0,7,10,16,5,50.0,16,20,OF0,855,15,99.98640935672515,0.24094971324979658,93.33,100.0,100.0,0.0,100.0,100.0,145.68538011695907,77.69807631051968,25,355,-72.25146198830409,10.429474069142522,-94,-59,1.022093567251462,0.0613332788492731,1.0,1.52,3.742690058479532,1.3931043850736213,2,6,2.7333333333333334,1.3896573466087265,1,5,4.8,1.3767898718715426,3,7,82767.34502923976,71847.39002077718,10736,278624,59917232.65497076,71847.44394718505,59721376,59989264,0.13794557504222976,0.11974565000176245,0.017893333333333334,0.46437333333333336,99.86205442495778,0.11974565000176116,99.53562666666667,99.98210666666667,90.0,0.00013646936501596633,89.99718,90.00282,0.0,0.0,0.0,0.0,4.320455410526315,3.750433759084572,0.5604192,14.544172799999998,3379.3319217403514,4.05219583862117,3368.2856064000002,3383.3944896000003,3473.652377150878,0.3018048002166434,3472.8297792000003,3473.9549088000003
run_0318_cfg_032_seed_8_of0,8,10,16,5,50.0,16,20,OF0,855,15,99.92560233918128,0.47560668121568955,92.3,100.0,99.96100584795322,1.1402039419506353,66.66,100.0,147.2140350877193,79.4981907470834,18,395,-72.83391812865497,11.111022460169247,-94,-52,1.0228771929824563,0.053741968576623986,1.0,1.5,3.745029239766082,1.3977299990333982,2,7,2.7415204678362572,1.3924671983875452,1,5,4.8,1.376789871871542,3,7,83223.11111111111,89803.10121335911,10224,401584,59916776.88888889,89803.10121335927,59598416,59989776,0.13870518518518518,0.14967183535559855,0.01704,0.6693066666666666,99.86129481481481,0.14967183535559925,99.33069333333333,99.98295999999999,90.0,0.0,90.0,90.0,0.0,0.0,0.0,0.0,4.344246399999999,4.6877218833373435,0.5336928,20.962684799999998,3379.306216533334,5.064894908433434,3361.3506624000006,3383.4233664000003,3473.6504629333335,0.37717302509609774,3472.3133472000004,3473.9570592000005
run_0319_cfg_032_seed_9_of0,9,10,16,5,50.0,16,20,OF0,855,15,99.85573099415204,0.626627453134507,92.85,100.0,99.92201169590643,1.6115475201492218,66.66,100.0,149.05730994152046,80.61798916970592,23,396,-72.17309941520467,10.198979450629727,-94,-59,1.0339766081871344,0.07147393960281088,1.0,1.62,3.7473684210526317,1.4081693644426307,2,8,2.7380116959064327,1.3997802687564267,1,7,4.8,1.3767898718715417,3,7,84113.48771929824,66959.49574567279,10736,298464,59915886.5122807,66959.62375358811,59701536,59989264,0.1401891457085023,0.11159916057499936,0.017893333333333334,0.49744000000000005,99.8598108542915,0.11159916057499829,99.50255999999999,99.98210666666667,90.0,0.00034444717952908973,89.99383200000001,90.006168,0.0,0.0,0.0,0.0,4.390724058947368,3.49528567792412,0.5604192,15.5798208,3379.255999292632,3.7765227797023133,3367.1666304000005,3383.3944896000003,3473.646723351579,0.2815286254432886,3472.7464512000006,3474.0264624000006
run_0320_cfg_032_seed_10_of0,10,10,16,5,50.0,16,20,OF0,855,15,99.98330994152046,0.1838335365577917,96.77,100.0,100.0,0.0,100.0,100.0,147.19298245614036,79.6579276079292,19,373,-71.94736842105263,10.19956785940825,-94,-52,1.0223157894736843,0.06174487374868741,1.0,1.74,3.745029239766082,1.4044160755258943,2,7,2.736842105263158,1.3924308070146363,1,5,4.8,1.3767898718715428,3,7,83440.39298245613,75761.58593481436,10224,368816,59916559.60701755,75753.36838041578,59631184,59989776,0.13906730126385736,0.12626925216859472,0.01704,0.6146933333333333,99.86093269873614,0.1262692521685943,99.38530666666666,99.98295999999999,90.0,0.0007106837555957775,89.990748,90.00925200000002,0.0,0.0,0.0,0.0,4.35558851368421,3.9547547857973115,0.5336928,19.2521952,3379.29396183579,4.2724899766553595,3363.1987776,3383.4233664000003,3473.649550349474,0.31881900311789085,3472.4509728000003,3474.1720008
run_0321_cfg_033_seed_1_mrhof,1,10,16,5,60.0,16,10,MRHOF,855,15,99.86415204678363,0.4709347924375941,93.33,100.0,99.953216374269,0.9667351650565229,80.0,100.0,122.30643274853801,56.08273950615359,31,276,-71.46666666666667,14.243812083490477,-94,-54,1.0169590643274853,0.039872360274726404,1.0,1.37,3.2666666666666666,0.9983593098055479,2,5,2.2666666666666666,0.9983593098055479,1,4,6.133333333333334,2.2184029109721792,3,10,118054.783625731,173886.33339981217,25560,822032,59881945.21637427,173886.14359287126,59177968,59974440,0.1967579713377369,0.28981057137428906,0.0426,1.3700533333333333,99.80324202866227,0.2898105713742886,98.62994666666667,99.95739999999999,90.0,0.00027392294511355134,89.99563199999999,90.004368,0.0,0.0,0.0,0.0,6.162459705263157,9.076866603470192,1.3342319999999999,42.910070399999995,3377.341710203509,9.807178498637965,3337.6373952000004,3382.5584160000008,3473.504169908772,0.7303825955870662,3470.5474656000006,3473.892648000001
run_0322_cfg_033_seed_2_mrhof,2,10,16,5,60.0,16,10,MRHOF,855,15,99.89443274853802,0.4249321476116084,93.33,100.0,99.96100584795322,0.805773760074608,83.33,100.0,121.78830409356725,56.69250931525356,29,282,-70.4,15.014559678589322,-94,-51,1.016093567251462,0.039987593430469405,1.0,1.32,3.2690058479532165,1.003581790873463,2,6,2.2690058479532165,1.003581790873463,1,5,6.133333333333334,2.218402910972179,3,10,118168.72982456141,101778.6373013219,26840,393064,59881831.27017544,101777.62113015812,59606936,59973160,0.19694787794054522,0.16963105464743553,0.04473333333333333,0.6551066666666666,99.80305212205944,0.16963105464743466,99.34489333333333,99.95526666666666,90.0,0.0006035604896250873,89.990748,90.00925200000002,0.0,0.0,0.0,0.0,6.168407696842105,5.312844867129005,1.4010479999999998,20.517940799999998,3377.335283637895,5.740257831740918,3361.8311904,3382.486224,3473.503691334737,0.4279999236651415,3472.2484272,3473.9669232
run_0323_cfg_033_seed_3_mrhof,3,10,16,5,60.0,16,10,MRHOF,855,15,99.93957894736842,0.21318936514533554,96.55,100.0,99.91422222222222,1.2570582261035994,80.0,100.0,122.10058479532164,56.49332461143469,24,268,-67.4,13.921206844235885,-94,-51,1.020842105263158,0.05084063455570136,1.0,1.45,3.2666666666666666,0.9983593098055478,2,5,2.2666666666666666,0.9983593098055478,1,4,6.133333333333334,2.2184029109721783,3,10,118364.95906432749,121971.53503916308,26656,526520,59881635.04093567,121971.27610121263,59473480,59973344,0.19727493046626043,0.20328588830217745,0.04442666666666666,0.8775333333333333,99.80272506953375,0.20328588830217606,99.12246666666667,99.95557333333333,90.0,0.00026551386261625023,89.99451599999999,90.005484,0.0,0.0,0.0,0.0,6.178650863157895,6.366914129044317,1.3914431999999999,27.484343999999997,3377.324216308772,6.879179972108398,3354.3042720000003,3382.4966016000003,3473.50286717193,0.512360532306772,3471.7886160000003,3473.8880448000004
run_0324_cfg_033_seed_4_mrhof,4,10,16,5,60.0,16,10,MRHOF,855,15,99.99161403508772,0.06148601478026174,99.21,100.0,99.98050292397662,0.5701019709753175,83.33,100.0,121.33801169590643,56.05420714718177,34,284,-68.2,14.565076449872564,-94,-51,1.0164561403508772,0.040994117720250745,1.0,1.29,3.2690058479532165,1.0035817908734634,2,6,2.2690058479532165,1.0035817908734634,1,5,6.133333333333334,2.218402910972179,3,10,118292.25730994152,125374.8674919429,24728,532640,59881707.74269006,125373.74472679278,59467360,59975272,0.19715375719100653,0.20895808430198315,0.04121333333333333,0.8877333333333333,99.80284624280898,0.20895808430198248,99.11226666666667,99.95878666666667,90.0,0.00042296006089839413,89.99151599999999,90.008484,0.0,0.0,0.0,0.0,6.174855831578946,6.544568083079419,1.2908015999999998,27.803808,3377.3283166877195,7.0710792025911395,3353.9591040000005,3382.6053408000002,3473.503172519299,0.526744144082191,3471.7629120000006,3473.8961424000004
run_0325_cfg_033_seed_5_mrhof,5,10,16,5,60.0,16,10,MRHOF,855,15,99.99453801169591,0.10520523331955146,97.05,100.0,100.0,0.0,100.0,100.0,122.37543859649122,55.815358074349255,31,299,-68.06315789473685,12.604439084291169,-93,-51,1.0218479532163742,0.05632874643001748,1.0,1.71,3.2678362573099413,1.0009746404221123,2,6,2.2666666666666666,0.9983593098055481,1,4,6.133333333333334,2.218402910972178,3,10,118961.08538011696,96610.79809054357,26840,412664,59881038.914619885,96610.34776885786,59587336,59973160,0.19826847430807856,0.16101799565898173,0.04473333333333333,0.6877733333333333,99.80173152569192,0.16101799565898123,99.31222666666667,99.95526666666666,90.0,0.0001387922478245684,89.99713200000001,90.002868,0.0,0.0,0.0,0.0,6.209768656842105,5.043083660326373,1.4010479999999998,21.541060799999997,3377.290594784562,5.448823614163566,3360.7257504000004,3382.486224,3473.500363441404,0.4057720800175111,3472.2668112000006,3473.8872720000004
run_0326_cfg_033_seed_6_mrhof,6,10,16,5,60.0,16,10,MRHOF,855,15,99.92373099415204,0.4245802419845721,92.85,100.0,99.98050292397662,0.5701019709753185,83.33,100.0,121.71461988304094,55.54805046201457,33,278,-67.93333333333334,12.191639166813074,-93,-54,1.0218713450292398,0.04984056369236187,1.0,1.32,3.270175438596491,1.005016383804031,2,6,2.2690058479532165,1.0035817908734637,1,5,6.133333333333334,2.21840291097218,3,10,118518.19415204678,132985.69110609088,26840,604752,59881481.80584795,132985.69110609082,59395248,59973160,0.19753032358674466,0.22164281851015147,0.04473333333333333,1.00792,99.80246967641325,0.22164281851015133,98.99208,99.95526666666666,90.0,0.0,90.0,90.0,0.0,0.0,0.0,0.0,6.186649734736841,6.941853075737939,1.4010479999999998,31.568054399999998,3377.315573849825,7.50039297838354,3349.8919872000006,3382.486224,3473.5022235845618,0.5585399026455458,3471.4600416000007,3473.8872720000004
run_0327_cfg_033_seed_7_mrhof,7,10,16,5,60.0,16,10,MRHOF,855,15,99.83563742690059,0.6553582315896757,91.66,100.0,100.0,0.0,100.0,100.0,120.06081871345029,55.32489558895211,26,251,-66.6,14.149469747845641,-94,-51,1.0127251461988305,0.036841810223052184,1.0,1.53,3.2678362573099413,1.0009746404221123,2,6,2.2678362573099413,1.0009746404221123,1,5,6.133333333333334,2.21840291097218,3,10,117754.15204678362,126614.31375701382,26656,591320,59882245.847953215,126613.8840973259,59408680,59973344,0.1962569160868851,0.2110238426019049,0.04442666666666666,0.9855333333333334,99.8037430839131,0.2110238426019039,99.01446666666666,99.95557333333333,90.0,0.0006357759315423145,89.99194800000001,90.00805199999999,0.0,0.0,0.0,0.0,6.146766736842105,6.609267178116119,1.3914431999999999,30.866903999999998,3377.3586658245617,7.1410230630891816,3350.6495520000003,3382.4966016000003,3473.5054325614037,0.5322801953416371,3471.5164560000003,3474.1582632000004
run_0328_cfg_033_seed_8_mrhof,8,10,16,5,60.0,16,10,MRHOF,855,15,99.85394152046783,0.5451476574957478,91.66,100.0,99.95711111111112,0.8899097159982867,80.0,100.0,122.02222222222223,56.50264317642545,30,271,-68.06666666666666,13.068868204984335,-93,-54,1.016748538011696,0.03906340452888124,1.0,1.41,3.271345029239766,1.0087718047792251,2,6,2.2690058479532165,1.003581790873463,1,5,6.133333333333334,2.218402910972179,3,10,118149.39883040935,158897.02774047598,25560,770048,59881850.60116959,158897.4978984196,59229952,59974440,0.19691566667393037,0.26482839423250876,0.0426,1.2834133333333335,99.80308433332607,0.26482839423250815,98.71658666666666,99.95739999999999,90.0,0.0001387922478240347,89.99713200000001,90.002868,0.0,0.0,0.0,0.0,6.1673986189473675,8.29442484805285,1.3342319999999999,40.196505599999995,3377.336373905965,8.961818881470881,3340.5692928000003,3382.5584160000008,3473.5037725249126,0.6674146807266689,3470.7657984,3473.892648000001
run_0329_cfg_033_seed_9_mrhof,9,10,16,5,60.0,16,10,MRHOF,855,15,99.98913450292399,0.12339441689951572,97.56,100.0,100.0,0.0,100.0,100.0,122.04912280701754,56.74784953824754,33,269,-68.13333333333334,12.98381265656211,-93,-51,1.018421052631579,0.04463970283445309,1.0,1.43,3.2690058479532165,1.0035817908734634,2,6,2.2666666666666666,0.9983593098055473,1,4,6.133333333333334,2.218402910972179,3,10,118355.51812865498,167976.43302587233,25560,739104,59881644.481871344,167978.68563456097,59260896,59974440,0.19725920595142946,0.27996078878719594,0.0426,1.23184,99.80274079404856,0.27996078878719494,98.76816000000001,99.95739999999999,90.0,0.00048531228990749396,89.99151599999999,90.008484,0.0,0.0,0.0,0.0,6.178158046315789,8.768369803950536,1.3342319999999999,38.5812288,3377.3247487775443,9.473997869789246,3342.3145344000004,3382.5584160000008,3473.5029068238596,0.7058620201596949,3470.7717624,3474.0431688000003
run_0330_cfg_033_seed_10_mrhof,10,10,16,5,60.0,16,10,MRHOF,855,15,99.99051461988304,0.07383897258670333,98.86,100.0,100.0,0.0,100.0,100.0,121.41052631578947,56.19790749751914,35,299,-69.73333333333333,14.766536001381414,-94,-51,1.0189239766081872,0.043341274907780086,1.0,1.37,3.2666666666666666,0.9983593098055477,2,5,2.2666666666666666,0.9983593098055477,1,4,6.133333333333334,2.2184029109721783,3,10,118547.39649122806,99104.41643252636,25560,380560,59881452.60350877,99104.45329662618,59619440,59974440,0.19757899333223697,0.16517402473873885,0.0426,0.6342666666666666,99.80242100666776,0.1651740247387387,99.36573333333332,99.95739999999999,90.0,0.0003885030178105835,89.99413200000001,90.005868,0.0,0.0,0.0,0.0,6.188174096842105,5.173250537777872,1.3342319999999999,19.865232,3377.313926837895,5.589491165929732,3362.5364160000004,3382.5584160000008,3473.5021009347374,0.4164911524281969,3472.3567704,3473.892648000001
run_0331_cfg_034_seed_1_mrhof,1,10,16,10,60.0,12,5,MRHOF,627,11,99.92709728867624,0.2665760807231648,96.29,100.0,99.98405103668262,0.3993615319154374,90.0,100.0,97.37480063795853,39.50469947880466,39,193,-71.45454545454545,14.864857378962387,-93,-54,1.0150877192982457,0.040378998737453604,1.0,1.43,2.8181818181818183,0.7163904098224002,2,4,1.8181818181818181,0.7163904098224003,1,3,5.818181818181818,2.3302678229409053,1,9,155505.76076555025,223112.8415902291,48200,900432,59844494.23923445,223112.75762003858,59099568,59951800,0.2591762663349939,0.3718547344335967,0.08033333333333333,1.50072,99.74082373366501,0.3718547344335966,98.49928,99.91966666666666,90.0,0.0004214570800059628,89.99451599999999,90.005484,0.0,0.0,0.0,0.0,8.117400711961722,11.64649033100995,2.51604,47.0025504,3375.229475092823,12.583559529770184,3333.2156352,3381.2815200000005,3473.346875804785,0.9372000347309115,3470.2181856,3473.7975600000004
run_0332_cfg_034_seed_2_mrhof,2,10,16,10,60.0,12,5,MRHOF,627,11,99.97366826156299,0.09535006126246072,98.68,100.0,99.96953748006379,0.5395361957277267,90.0,100.0,97.28548644338117,40.07078198105072,36,196,-64.63636363636364,13.783648396326855,-93,-51,1.015518341307815,0.040832130020031804,1.0,1.33,2.8181818181818183,0.7163904098224001,2,4,1.8181818181818181,0.7163904098224001,1,3,5.818181818181818,2.3302678229409066,1,9,156386.64114832535,134862.3196180845,48312,561768,59843613.35885167,134862.19285416833,59438232,59951688,0.2606444013854866,0.22477053109443187,0.08052,0.9362799999999999,99.73935559861451,0.2247705310944304,99.06372,99.91948000000001,90.0,9.42809342796907e-05,89.998332,90.00166800000001,0.0,0.0,0.0,0.0,8.163382667942583,7.039813084064012,2.5218863999999996,29.3242896,3375.1797934392353,7.606227676975107,3352.3162848,3381.2752032,3473.343176107177,0.5664252457258209,3471.6405744000003,3473.7970895999997
run_0333_cfg_034_seed_3_mrhof,3,10,16,10,60.0,12,5,MRHOF,627,11,99.98231259968102,0.06365776520602666,99.51,100.0,99.96810207336523,0.5643312101984088,90.0,100.0,97.98405103668262,39.30713501942224,37,194,-64.63636363636364,13.783648396326848,-93,-51,1.016299840510367,0.039001425999653797,1.0,1.26,2.8181818181818183,0.7163904098224005,2,4,1.8181818181818181,0.7163904098224004,1,3,5.818181818181818,2.330267822940906,1,9,156469.76714513556,134532.3866901199,47104,583568,59843530.232854865,134531.8856651337,59416432,59952896,0.26078294324632223,0.2242206371691447,0.07850666666666667,0.9726133333333333,99.73921705675367,0.22422063716914412,99.02738666666666,99.92149333333333,90.0,0.0001438289719175815,89.997516,90.002484,0.0,0.0,0.0,0.0,8.167721844976075,7.022590585224256,2.4588288,30.462249599999996,3375.1751051330143,7.587598351513551,3351.0867648000003,3381.3433344000005,3473.3428269779906,0.5650323110905954,3471.5490144000005,3473.8021632000005
run_0334_cfg_034_seed_4_mrhof,4,10,16,10,60.0,12,5,MRHOF,627,11,99.9917384370016,0.09753843433228952,97.82,100.0,100.0,0.0,100.0,100.0,97.36682615629984,40.11862661224183,36,204,-69.0,13.828017121336927,-93,-51,1.0182934609250398,0.04438205468720948,1.0,1.28,2.8181818181818183,0.7163904098224003,2,4,1.8181818181818181,0.7163904098224003,1,3,5.818181818181818,2.3302678229409053,1,9,156693.81818181818,105879.79275106474,52792,438000,59843306.18181818,105877.93093995874,59562000,59947208,0.26115635553338895,0.176466261459995,0.08798666666666666,0.73,99.73884364446661,0.17646626145999503,99.27,99.91201333333333,90.0,0.0006566448556515482,89.9919,90.00810000000001,0.0,0.0,0.0,0.0,8.179417309090908,5.526925181605579,2.7557423999999995,22.863599999999998,3375.1624686545456,5.971515305013668,3359.2968,3381.0225312000007,3473.3418859636367,0.44525692163112585,3472.028172,3474.0282984000005
run_0335_cfg_034_seed_5_mrhof,5,10,16,10,60.0,12,5,MRHOF,627,11,99.95363636363636,0.13826231661714766,98.27,100.0,99.95358851674641,0.6705338889465249,90.0,100.0,97.35885167464114,39.43859744777054,38,202,-64.45454545454545,13.909190571021078,-93,-51,1.0182775119617224,0.04484156904666197,1.0,1.29,2.8181818181818183,0.7163904098224008,2,4,1.8181818181818181,0.716390409822401,1,3,5.818181818181818,2.3302678229409066,1,9,156618.56459330145,94304.82645257036,48312,317608,59843381.4354067,94303.52668732985,59682392,59951688,0.26103093663453225,0.15717470213616233,0.08052,0.5293466666666666,99.73896906336547,0.15717470213616197,99.47065333333333,99.91948000000001,90.0,0.00039475901979042706,89.99301600000001,90.006984,0.0,0.0,0.0,0.0,8.175489071770334,4.922711940824175,2.5218863999999996,16.5791376,3375.166712956938,5.318718905165393,3366.0869088000004,3381.2752032,3473.342202028708,0.3962768113861025,3472.6660464000006,3473.7970895999997
run_0336_cfg_034_seed_6_mrhof,6,10,16,10,60.0,12,5,MRHOF,627,11,99.91677830940989,0.21027629847724613,97.91,100.0,99.93620414673046,0.7968068921848354,90.0,100.0,97.23763955342903,39.00945227689506,38,208,-66.72727272727273,13.112097408906207,-93,-54,1.0167304625199363,0.03754012652224955,1.0,1.26,2.8181818181818183,0.7163904098224003,2,4,1.8181818181818181,0.7163904098224004,1,3,5.818181818181818,2.3302678229409057,1,9,156730.75598086126,125822.60341480523,48312,444136,59843269.244019136,125824.24333274674,59555864,59951688,0.2612179304161391,0.20970435933975656,0.08052,0.7402266666666667,99.73878206958386,0.2097043593397561,99.25977333333333,99.91948000000001,90.0,0.000564796392389557,89.9919,90.00810000000001,0.0,0.0,0.0,0.0,8.181345462200957,6.567939898252831,2.5218863999999996,23.183899199999995,3375.16038536268,7.096487323966903,3358.9507296000006,3381.2752032,3473.3417308248804,0.5289667153598054,3472.0002504,3473.7970895999997
run_0337_cfg_034_seed_7_mrhof,7,10,16,10,60.0,12,5,MRHOF,627,11,99.97151515151515,0.12184983036443366,99.03,100.0,99.96810207336523,0.7987230638308705,80.0,100.0,97.41786283891547,39.21042845441251,34,198,-64.9090909090909,13.538244147729918,-93,-51,1.0181499202551834,0.0419008015260327,1.0,1.36,2.8181818181818183,0.7163904098224008,2,4,1.8181818181818181,0.7163904098224005,1,3,5.818181818181818,2.330267822940906,1,9,156444.82296650717,150707.89463542734,48312,558328,59843555.17703349,150707.90065125388,59441672,59951688,0.26074137009695375,0.2511798222881831,0.08052,0.9305466666666666,99.73925862990305,0.25117982228818286,99.06945333333333,99.91948000000001,90.0,0.0005012489959204743,89.99113200000001,90.008868,0.0,0.0,0.0,0.0,8.166419758851674,7.866952099969305,2.5218863999999996,29.1447216,3375.176511984689,8.499925596730725,3352.5103008,3381.2752032,3473.342931743541,0.6332477059919395,3471.6550224000002,3473.7970895999997
run_0338_cfg_034_seed_8_mrhof,8,10,16,10,60.0,12,5,MRHOF,627,11,99.88881977671451,0.3134414932712489,96.15,100.0,99.93441786283891,0.8200343467831377,88.88,100.0,97.47846889952153,40.756748580333124,37,201,-68.81818181818181,14.800120494677916,-93,-54,1.0157575757575759,0.03760640179669538,1.0,1.23,2.8181818181818183,0.7163904098224007,2,4,1.8181818181818181,0.7163904098224008,1,3,5.818181818181818,2.330267822940906,1,9,155927.57894736843,190471.46692493893,48312,776456,59844072.421052635,190472.17321743845,59223544,59951688,0.2598793016100769,0.3174524680564793,0.08052,1.2940933333333333,99.74012069838992,0.31745246805647953,98.70590666666666,99.91948000000001,90.0,0.00024689395739588494,89.99563199999999,90.004368,0.0,0.0,0.0,0.0,8.139419621052632,9.942610573481803,2.5218863999999996,40.5310032,3375.205684547369,10.74263056946355,3340.2078816,3381.2752032,3473.3451041684216,0.8000736980476806,3470.6956416000003,3473.7970895999997
run_0339_cfg_034_seed_9_mrhof,9,10,16,10,60.0,12,5,MRHOF,627,11,99.95751196172249,0.1227722810884179,99.12,100.0,99.93441786283891,0.8200343467831381,88.88,100.0,97.44497607655502,40.12872362216565,36,193,-68.63636363636364,15.191487596082691,-93,-51,1.0165231259968102,0.04429101436128817,1.0,1.42,2.8181818181818183,0.7163904098224003,2,4,1.8181818181818181,0.7163904098224003,1,3,5.818181818181818,2.3302678229409057,1,9,156463.08133971292,190873.2563850674,48312,821080,59843536.91866029,190873.22012702428,59178920,59951688,0.26077180198645855,0.31812209372311745,0.08052,1.3684666666666667,99.73922819801354,0.3181220937231174,98.63153333333334,99.91948000000001,90.0,9.428093428050418e-05,89.998332,90.00166800000001,0.0,0.0,0.0,0.0,8.167372845933013,9.963583983300516,2.5218863999999996,42.860375999999995,3375.1754822124403,10.765249615164212,3337.691088,3381.2752032,3473.3428550583735,0.801673238603113,3470.551464,3473.7970895999997
run_0340_cfg_034_seed_10_mrhof,10,10,16,10,60.0,12,5,MRHOF,627,11,99.89377990430623,0.2477165416899474,97.05,100.0,99.92025518341308,0.8901419271286778,90.0,100.0,97.37320574162679,39.29894172693413,35,209,-69.81818181818181,14.299471198654118,-93,-51,1.0195374800637957,0.0493886890146465,1.0,1.39,2.8181818181818183,0.7163904098224002,2,4,1.8181818181818181,0.7163904098224003,1,3,5.818181818181818,2.330267822940905,1,9,156726.80063795854,105825.3370894059,48312,429664,59843273.19936204,105825.59515492791,59570336,59951688,0.2612113351099705,0.17637556329116952,0.08052,0.7161066666666667,99.73878866489004,0.17637556329116924,99.28389333333332,99.91948000000001,90.0,8.478501284121496e-05,89.9985,90.0015,0.0,0.0,0.0,0.0,8.181138993301435,5.524082596066987,2.5218863999999996,22.428460799999996,3375.1606084440195,5.968563566737957,3359.7669504,3381.2752032,3473.341747437321,0.4444925318152341,3472.1954112,3473.7970895999997
run_0341_cfg_035_seed_1_of0,1,10,16,10,60.0,12,5,OF0,627,11,99.97858054226475,0.08686257261761281,98.68,100.0,99.96810207336523,0.5643312101984085,90.0,100.0,97.25837320574162,39.28543339739957,37,202,-71.18181818181819,15.206736816695978,-93,-51,1.0114513556618818,0.03367717599003868,1.0,1.29,2.8181818181818183,0.7163904098224002,2,4,1.8181818181818181,0.7163904098224003,1,3,5.818181818181818,2.3302678229409053,1,9,155525.76714513556,190431.40189413162,48312,768936,59844474.232854865,190431.4018941316,59231064,59951688,0.2592096119085593,0.31738566982355265,0.08052,1.28156,99.74079038809144,0.31738566982355226,98.71844,99.91948000000001,90.0,0.0,90.0,90.0,0.0,0.0,0.0,0.0,8.118445044976077,9.940519178873659,2.5218863999999996,40.1384592,3375.228346733015,10.740331066829013,3340.6320096000004,3381.2752032,3473.346791777991,0.799811887955355,3470.7704688000003,3473.7970895999997
run_0342_cfg_035_seed_2_of0,2,10,16,10,60.0,12,5,OF0,627,11,99.98397129186603,0.1636612427223202,96.15,100.0,99.98405103668262,0.39936153191543566,90.0,100.0,96.7384370015949,39.365030127184646,33,183,-67.07177033492823,14.53385220648502,-93,-51,1.0142583732057417,0.03444053409926451,1.0,1.29,2.8181818181818183,0.7163904098224001,2,4,1.8181818181818181,0.7163904098224001,1,3,5.818181818181818,2.3302678229409066,1,9,156432.79106858055,138907.59171367378,49408,653368,59843567.208931416,138899.16404705483,59346632,59950592,0.2607212849924275,0.2315125769620728,0.08234666666666667,1.0889466666666667,99.73927871500757,0.23151257696207264,98.91105333333333,99.91765333333333,90.0,0.00040226070417231685,89.99301600000001,90.006984,0.0,0.0,0.0,0.0,8.165791693779903,7.250976287453772,2.5790976,34.10580959999999,3375.1771905837327,7.833912852253912,3347.1500448,3381.2133888000003,3473.3429822775124,0.583115500223489,3471.2558544000003,3473.7924864
run_0343_cfg_035_seed_3_of0,3,10,16,10,60.0,12,5,OF0,627,11,99.96347687400319,0.15458498709222007,97.22,100.0,99.96953748006379,0.5395361957277279,90.0,100.0,97.33492822966507,39.72524778546063,40,211,-65.4274322169059,13.383114162029418,-93,-51,1.0170015948963318,0.044380056943645836,1.0,1.4,2.8229665071770333,0.7253392753543999,2,5,1.8181818181818181,0.7163904098224004,1,3,5.818181818181818,2.330267822940906,1,9,156455.96172248805,149478.66263211647,47104,552584,59843544.038277514,149478.96736308644,59447416,59952896,0.2607599361936901,0.24913110438775665,0.07850666666666667,0.9209733333333333,99.7392400638063,0.24913110438775665,99.07902666666666,99.92149333333333,90.0,0.00045512594893344047,89.99194800000001,90.00805199999999,0.0,0.0,0.0,0.0,8.167001201913875,7.802786189396476,2.4588288,28.844884799999996,3375.175883758852,8.430613759278064,3352.8342624,3381.3433344000005,3473.3428849607653,0.6280559475727255,3471.6791472,3474.0282984000005
run_0344_cfg_035_seed_4_of0,4,10,16,10,60.0,12,5,OF0,627,11,99.91030303030303,0.3040111041992146,96.15,100.0,99.96810207336523,0.5643312101984085,90.0,100.0,97.26794258373205,39.21593749265735,39,196,-70.12280701754386,14.628386331949109,-93,-51,1.019043062200957,0.04396531157535281,1.0,1.33,2.819776714513557,0.7201290804820766,2,5,1.8181818181818181,0.7163904098224003,1,3,5.818181818181818,2.3302678229409053,1,9,156849.59489633175,116411.23991539974,52304,473968,59843150.40510367,116411.0058514932,59526032,59947696,0.26141598792470416,0.19401874267387295,0.08717333333333334,0.7899466666666667,99.7385840120753,0.19401874267387362,99.21005333333333,99.91282666666666,90.0,0.0006788719830199667,89.99113200000001,90.008868,0.0,0.0,0.0,0.0,8.187548853588515,6.0766667235838625,2.7302688,24.741129599999997,3375.1536828478474,6.565580730024227,3357.2682048000006,3381.0500544,3473.341231701436,0.4895645262229934,3471.9894312000006,3473.7803232
run_0345_cfg_035_seed_5_of0,5,10,16,10,60.0,12,5,OF0,627,11,99.91377990430622,0.24467211425350993,97.29,100.0,99.88800637958532,1.0563970717122284,88.88,100.0,96.57735247208932,39.285247464904174,36,193,-67.69537480063796,13.607037304143795,-93,-51,1.010781499202552,0.03050996446956479,1.0,1.31,2.8181818181818183,0.7163904098224008,2,4,1.8181818181818181,0.716390409822401,1,3,5.818181818181818,2.3302678229409066,1,9,155908.51674641148,139164.4486392785,48312,540192,59844091.48325359,139164.23067297015,59459808,59951688,0.25984752628902136,0.23194074583915647,0.08052,0.9003199999999999,99.74015247371098,0.23194074583915608,99.09968,99.91948000000001,90.0,0.00035645410245430787,89.99494800000001,90.005052,0.0,0.0,0.0,0.0,8.138424574162679,7.264384218970338,2.5218863999999996,28.1980224,3375.206759655503,7.8488626099555034,3353.5331712000007,3381.2752032,3473.3451842296654,0.5846282478725874,3471.7311936000006,3473.9297688
run_0346_cfg_035_seed_6_of0,6,10,16,10,60.0,12,5,OF0,627,11,99.96596491228071,0.11983142597778518,98.64,100.0,99.96953748006379,0.5395361957277266,90.0,100.0,97.38915470494418,39.8579956632784,34,184,-67.57894736842105,14.441511546898623,-93,-51,1.0141786283891547,0.038553145626943265,1.0,1.28,2.8181818181818183,0.7163904098224003,2,4,1.8181818181818181,0.7163904098224004,1,3,5.818181818181818,2.3302678229409057,1,9,155769.59489633175,185558.04244761847,48312,774712,59844230.40510367,185557.57717494856,59225288,59951688,0.25961598796536295,0.30926337748806043,0.08052,1.2911866666666667,99.74038401203464,0.3092633774880605,98.70881333333334,99.91948000000001,90.0,0.0004334735252860902,89.99301600000001,90.006984,0.0,0.0,0.0,0.0,8.131172853588517,9.686129815765685,2.5218863999999996,40.43996639999999,3375.2145948478474,10.465447352667095,3340.3062432,3381.2752032,3473.345767701436,0.7794834117187743,3470.6869296,3473.8864128000005
run_0347_cfg_035_seed_7_of0,7,10,16,10,60.0,12,5,OF0,627,11,99.96108452950558,0.13000652797528892,99.08,100.0,99.95215311004785,0.6906086047034677,90.0,100.0,96.37320574162679,38.85511446255818,37,186,-66.17543859649123,13.293846720569984,-93,-51,1.0131259968102073,0.0399575063074099,1.0,1.46,2.8229665071770333,0.7253392753544007,2,5,1.8197767145135566,0.7201290804820766,1,4,5.818181818181818,2.330267822940906,1,9,156068.12121212122,137702.30869068851,51048,748880,59843931.878787875,137703.303502818,59251120,59948952,0.26011353691655903,0.2295038537345435,0.08508,1.2481333333333333,99.73988646308344,0.22950385373454313,98.75186666666667,99.91492,90.0,0.0006057052710671094,89.99151599999999,90.008484,0.0,0.0,0.0,0.0,8.146755927272727,7.188060513653941,2.6647056,39.091536,3375.197757963637,7.766466317558916,3341.7631680000004,3381.1208928,3473.3445138909096,0.5788453849792659,3470.8547040000003,3473.7855984000003
run_0348_cfg_035_seed_8_of0,8,10,16,10,60.0,12,5,OF0,627,11,99.87499202551835,0.25557326078758136,97.91,100.0,99.90539074960128,0.9655918902458449,88.88,100.0,97.74003189792664,39.735198284978814,30,198,-71.54545454545455,14.5920814528608,-93,-51,1.0114035087719297,0.03172276352539325,1.0,1.28,2.8181818181818183,0.7163904098224007,2,4,1.8181818181818181,0.7163904098224008,1,3,5.818181818181818,2.330267822940906,1,9,155911.92344497607,205487.44021740003,46008,899560,59844088.07655502,205486.13736800407,59100440,59953992,0.2598531974706726,0.3424790593123217,0.07668,1.4992666666666665,99.74014680252932,0.342479059312322,98.50073333333333,99.92332,90.0,0.00037165293507967443,89.993448,90.006552,0.0,0.0,0.0,0.0,8.138602403827752,10.726444379348274,2.4016176,46.957032,3375.2065675177037,11.589418147555453,3333.2648160000003,3381.4051488000005,3473.345169921531,0.8630823945543808,3470.221848,3473.8067664000005
run_0349_cfg_035_seed_9_of0,9,10,16,10,60.0,12,5,OF0,627,11,99.96400318979266,0.14562442388988409,98.21,100.0,99.96775119617224,0.5733879042990776,88.88,100.0,97.22966507177034,40.1460776799245,33,199,-67.66188197767146,14.93052702844313,-93,-51,1.0133492822966508,0.03415260123635275,1.0,1.32,2.8181818181818183,0.7163904098224003,2,4,1.8181818181818181,0.7163904098224003,1,3,5.818181818181818,2.3302678229409057,1,9,156020.2360446571,182290.2130965731,51048,843672,59843979.76395534,182288.5120698349,59156328,59948952,0.2600337126040357,0.30381693530376547,0.08508,1.40612,99.73996628739597,0.3038169353037656,98.59388,99.91492,90.0,0.000953448571719616,89.99113200000001,90.008868,0.0,0.0,0.0,0.0,8.1442563215311,9.515549123641113,2.6647056,44.0396784,3375.2004586870817,10.281072080738683,3336.4168992000004,3381.1208928,3473.344715008613,0.7663404595451561,3470.4565776000004,3473.9265432
run_0350_cfg_035_seed_10_of0,10,10,16,10,60.0,12,5,OF0,627,11,99.99617224880383,0.03843615088812457,99.48,100.0,100.0,0.0,100.0,100.0,98.09728867623605,40.36825424889505,37,207,-71.31419457735247,15.012194386589098,-93,-51,1.0195534290271133,0.04421980676244498,1.0,1.42,2.819776714513557,0.7201290804820767,2,5,1.8181818181818181,0.7163904098224003,1,3,5.818181818181818,2.330267822940905,1,9,157033.56937799044,147754.51330987242,50504,647296,59842966.43062201,147754.51457196078,59352704,59949496,0.261722615598532,0.24625752213844876,0.08417333333333334,1.0788266666666668,99.73827738440147,0.2462575221384485,98.92117333333333,99.91582666666666,90.0,7.732393171107272e-05,89.99863200000001,90.001368,0.0,0.0,0.0,0.0,8.1971523215311,7.712785594775345,2.6363087999999997,33.788851199999996,3375.1433066870813,8.333354621858575,3347.4925056000006,3381.1515744000003,3473.340459008613,0.62057568593359,3471.2813568000006,3473.7878832
run_0351_cfg_036_seed_1_of0,1,10,16,10,60.0,16,5,OF0,855,15,99.83885380116959,0.25555577658796297,98.54,100.0,99.82430409356725,1.4026035347056198,80.0,100.0,127.0421052631579,58.0999954069591,37,285,-69.16959064327486,13.499865961548348,-93,-51,1.0336257309941521,0.060813765639360175,1.0,1.38,3.272514619883041,1.0055490615500249,2,6,2.2666666666666666,0.9983593098055479,1,4,6.133333333333334,2.2184029109721792,3,10,213947.0783625731,288268.3246652886,48312,1384560,59786052.92163742,288268.04275709996,58615440,59951688,0.35657846115002356,0.48044715063379545,0.08052,2.3076,99.64342153884998,0.4804471506337949,97.6924,99.91948000000001,90.0,0.00029861638781606065,89.99563199999999,90.004368,0.0,0.0,0.0,0.0,11.168037490526316,15.047606547528066,2.5218863999999996,72.274032,3371.933384780351,16.258317611500406,3305.9108160000005,3381.2752032,3473.1014222708777,1.2107615293293652,3468.1848480000003,3473.7970895999997
run_0352_cfg_036_seed_2_of0,2,10,16,10,60.0,16,5,OF0,855,15,99.87874853801169,0.2754569568071934,96.15,100.0,99.86280701754386,1.1514868014071444,90.0,100.0,126.74385964912281,57.711700757207055,32,300,-70.74385964912281,14.740332649955107,-94,-51,1.0321052631578949,0.06217195432307914,1.0,1.51,3.271345029239766,1.0041179575222752,2,6,2.2666666666666666,0.9983593098055473,1,4,6.133333333333334,2.218402910972179,3,10,214099.14385964914,263777.7293293566,50504,1327392,59785900.85614035,263776.91466960305,58672608,59949496,0.3568318989777037,0.4396295409914183,0.08417333333333334,2.21232,99.6431681010223,0.43962954099141843,97.78768,99.91582666666666,90.0,0.0004942349420937607,89.99151599999999,90.008484,0.0,0.0,0.0,0.0,11.175975309473683,13.769197470992419,2.6363087999999997,69.28986239999999,3371.924808286316,14.87701798736563,3309.1350912,3381.1515744000003,3473.10078359579,1.1079716315207695,3468.4249535999998,3473.7878832
run_0353_cfg_036_seed_3_of0,3,10,16,10,60.0,16,5,OF0,855,15,99.87906432748538,0.24626353304386284,97.72,100.0,99.87319298245615,1.1132247307357386,88.88,100.0,126.80116959064327,57.55712159997244,37,290,-68.16023391812865,14.389164865237621,-94,-51,1.0383391812865497,0.06522382322759791,1.0,1.49,3.2748538011695905,1.009561639240136,2,6,2.2678362573099413,0.9998041360153851,1,4,6.133333333333334,2.2184029109721783,3,10,215403.40584795323,232650.71863743098,48312,1025120,59784596.59415205,232650.79370942008,58974880,59951688,0.35900567435389685,0.38775119031834904,0.08052,1.7085333333333335,99.6409943256461,0.38775119031834854,98.29146666666666,99.91948000000001,90.0,0.0006506806380540919,89.99048400000001,90.00951599999999,0.0,0.0,0.0,0.0,11.244057785263157,12.144367512873895,2.5218863999999996,53.511264,3371.851247910176,13.12150476521128,3326.1832320000003,3381.2752032,3473.095305695439,0.9774366975017853,3469.5596904000004,3473.7970895999997
run_0354_cfg_036_seed_4_of0,4,10,16,10,60.0,16,5,OF0,855,15,99.89424561403509,0.22983776077394502,96.15,100.0,99.86977777777778,1.1429551337121213,88.88,100.0,126.76023391812865,57.254719163189996,35,262,-72.33801169590643,14.536770570457865,-94,-51,1.0330292397660819,0.06634886039098556,1.0,1.82,3.2771929824561403,1.0077598590141197,2,5,2.270175438596491,1.0026834450439064,1,4,6.133333333333334,2.218402910972179,3,10,215105.6,197330.48660489017,52584,1107416,59784894.4,197330.46967294035,58892584,59947416,0.35850933031505616,0.3288841423577682,0.08764000000000001,1.8456933333333334,99.64149066968494,0.3288841423577679,98.15430666666667,99.91236,90.0,0.0006930382756539181,89.990964,90.008484,0.0,0.0,0.0,0.0,11.22851232,10.300651400775262,2.7448848,57.8071152,3371.8680441600004,11.129438489553833,3321.5417376000005,3381.0342624,3473.0965564800003,0.8291873830596127,3469.3488528000007,3473.7791472
run_0355_cfg_036_seed_5_of0,5,10,16,10,60.0,16,5,OF0,855,15,99.84625730994152,0.34842607532588166,95.65,100.0,99.90853801169591,0.9424093844552853,90.0,100.0,125.96608187134503,56.94166883004219,38,300,-69.28654970760233,15.338445495313085,-94,-51,1.0278245614035086,0.05332233390415848,1.0,1.35,3.270175438596491,1.0015149377769716,2,5,2.2666666666666666,0.998359309805548,1,4,6.133333333333334,2.2184029109721783,3,10,214238.20350877193,213648.50333828514,48312,1125856,59785766.07251462,213644.64521742394,58874144,59951688,0.3570636196362024,0.3560807665426998,0.08052,1.8764266666666667,99.64293638036379,0.3560807665426998,98.12357333333334,99.91948000000001,90.00000641403508,0.0008661866097403883,89.99113200000001,90.008868,0.0,0.0,0.0,0.0,11.183234223157893,11.152451874258487,2.5218863999999996,58.76968319999999,3371.917206489825,12.049557990262723,3320.5017216000006,3381.2752032,3473.1004471270176,0.8976779765446125,3469.2714048000007,3474.0049056000007
run_0356_cfg_036_seed_6_of0,6,10,16,10,60.0,16,5,OF0,855,15,99.95146198830409,0.15021792333201986,97.82,100.0,99.92720467836257,0.8675641012440005,88.88,100.0,126.00233918128654,57.53235517061096,37,269,-69.31345029239766,13.335518741151178,-94,-51,1.0303625730994153,0.055603855635390005,1.0,1.5,3.2690058479532165,1.0012455094647734,2,5,2.2666666666666666,0.9983593098055481,1,4,6.133333333333334,2.21840291097218,3,10,214774.7274853801,241372.90858606508,49408,1228192,59785225.27251462,241373.486846854,58771808,59950592,0.3579578820885263,0.40228819652992653,0.08234666666666667,2.0469866666666667,99.64204211791147,0.4022881965299261,97.95301333333335,99.91765333333333,90.0,0.00039357100481482356,89.99340000000001,90.00659999999999,0.0,0.0,0.0,0.0,11.21124077473684,12.599665828192585,2.5790976,64.1116224,3371.8867053698245,13.613464658162583,3314.7299712000004,3381.2133888000003,3473.0979461445622,1.0139052598571088,3468.8300976,3473.7924864
run_0357_cfg_036_seed_7_of0,7,10,16,10,60.0,16,5,OF0,855,15,99.90025730994152,0.2845538506178034,96.0,100.0,99.91761403508772,0.9099537604586329,88.88,100.0,126.62573099415205,57.197572805135266,36,280,-69.02222222222223,14.12152748046304,-94,-51,1.0298011695906433,0.05880211524607474,1.0,1.64,3.2736842105263158,1.006976771659311,2,5,2.2678362573099413,0.9998041360153846,1,4,6.133333333333334,2.21840291097218,3,10,214381.0994152047,224416.26121991122,48520,1234352,59785618.900584795,224422.44435500348,58765648,59951480,0.3573018681545091,0.3740272835535626,0.08086666666666666,2.057253333333333,99.64269813184549,0.3740272835535624,97.94274666666666,99.91913333333333,90.0,0.0006682026365305621,89.990748,90.00925200000002,0.0,0.0,0.0,0.0,11.190693389473683,11.714528835679365,2.532744,64.43317439999998,3371.9089059929825,12.657425861622206,3314.3825472000003,3381.263472,3473.0995993824567,0.9432333619583498,3468.8157216000004,3473.796216
run_0358_cfg_036_seed_8_of0,8,10,16,10,60.0,16,5,OF0,855,15,99.86555555555556,0.22931399352035636,97.91,100.0,99.84769590643275,1.2274339491216186,88.88,100.0,126.81169590643275,57.2294437394519,34,274,-69.94970760233919,13.955803331794089,-94,-51,1.0281052631578946,0.05631263649015928,1.0,1.61,3.270175438596491,1.0015149377769712,2,5,2.2666666666666666,0.9983593098055478,1,4,6.133333333333334,2.218402910972179,3,10,213447.2888888889,288774.05371627136,49296,1418584,59786552.71111111,288773.076687166,58581416,59950704,0.3557454719641407,0.4812900493761447,0.08216,2.364306666666667,99.64425452803587,0.48129004937614467,97.63569333333334,99.91784,90.0,0.0005286625606603763,89.99224800000002,90.007752,0.0,0.0,0.0,0.0,11.141948479999998,15.074005603989352,2.5732512,74.0500848,3371.961572906667,16.28680152515618,3303.9918624,3381.2197056000005,3473.1035213866667,1.212953668577066,3468.0419472000003,3473.7929568000004
run_0359_cfg_036_seed_9_of0,9,10,16,10,60.0,16,5,OF0,855,15,99.74618713450293,0.38680576560163243,96.29,100.0,99.81235087719298,1.3614044162075394,88.88,100.0,126.5672514619883,58.0147550786824,38,270,-69.70526315789473,14.888568391684013,-94,-51,1.0317426900584794,0.058489008873731624,1.0,1.48,3.2690058479532165,1.0024143308024287,2,6,2.2666666666666666,0.9983593098055473,1,4,6.133333333333334,2.218402910972179,3,10,214483.4994152047,261542.83044757965,48312,1258736,59785516.500584796,261542.7504329457,58741264,59951688,0.3574724980210112,0.43590471089596167,0.08052,2.0978933333333334,99.64252750197899,0.4359047108959613,97.90210666666667,99.91948000000001,90.0,0.0002636299301049694,89.995464,90.00453600000002,0.0,0.0,0.0,0.0,11.196038669473683,13.652535749363663,2.5218863999999996,65.7060192,3371.9031306329825,14.751011124418172,3313.0072896,3381.2752032,3473.0991693024566,1.098518970059948,3468.7133088,3473.7970895999997
run_0360_cfg_036_seed_10_of0,10,10,16,10,60.0,16,5,OF0,855,15,99.90695906432748,0.2767862861581346,95.45,100.0,99.90617543859649,0.9672250764823853,88.88,100.0,127.62923976608187,57.9663298558944,37,288,-71.94619883040936,14.021292153744398,-94,-51,1.032327485380117,0.05578341674053093,1.0,1.37,3.270175438596491,1.0038505921399983,2,6,2.2666666666666666,0.9983593098055477,1,4,6.133333333333334,2.2184029109721783,3,10,215166.92397660817,241835.85638232186,49312,1233872,59784833.07602339,241836.8169901697,58766128,59950688,0.3586115429851436,0.403059756537812,0.08218666666666666,2.0564533333333332,99.64138845701484,0.40305975653781195,97.94354666666666,99.91781333333334,90.0,0.0007506892757721504,89.990748,90.00925200000002,0.0,0.0,0.0,0.0,11.231713431578948,12.623831703157206,2.5740863999999997,64.4081184,3371.86458548772,13.639596478245574,3314.4096192000006,3381.2188032000004,3473.0962989192985,1.0161494671549316,3468.817737600001,3473.7928896000003
run_0361_cfg_037_seed_1_of0,1,10,18,0,40.0,16,5,OF0,855,15,99.66643274853801,0.49069231296084653,95.45,100.0,99.74191812865497,1.5912689375767777,88.88,100.0,189.1719298245614,84.30802317016796,43,512,-76.57894736842105,10.538455344367883,-93,-51,1.1096959064327485,0.1268927931567433,1.0,1.88,4.246783625730994,1.4400301905218764,2,9,3.1801169590643275,1.3985028747750963,1,8,3.2,1.2761549390929887,1,5,340755.9953216374,351636.60895751184,49408,1671728,59659239.15789474,351637.34218920063,58328272,59950592,0.5679267100575642,0.5860610590148678,0.08234666666666667,2.7862133333333334,99.43207328994242,0.5860610590148684,97.21378666666666,99.91765333333333,89.99999272982457,0.0005545864723004349,89.99151599999999,90.008484,0.0,0.0,0.0,0.0,17.787462955789472,18.355430987582114,2.5790976,87.26420159999999,3364.7810885052636,19.832346099470932,3289.7145408000006,3381.2133888000003,3472.5685441908777,1.4770600916471164,3466.9787424000006,3473.7924864
run_0362_cfg_037_seed_2_of0,2,10,18,0,40.0,16,5,OF0,855,15,99.78676023391812,0.3049730779532721,97.67,100.0,99.7216842105263,1.778611928432821,80.0,100.0,191.87251461988305,91.06509435533265,39,698,-76.47485380116959,10.293196484102198,-93,-51,1.0879298245614035,0.10733211273086586,1.0,1.63,4.2748538011695905,1.4886020337553743,2,9,3.230409356725146,1.4628936375417472,1,7,3.2,1.2761549390929887,1,5,343098.2456140351,366823.9733859439,46008,1685440,59656901.323976606,366824.3029595086,58314560,59953992,0.5718304142394272,0.6113732555957323,0.07668,2.809066666666667,99.42816958576059,0.6113732555957329,97.19093333333333,99.92332,89.99999935438596,0.0006589101743208685,89.98998,90.01002000000001,0.0,0.0,0.0,0.0,17.90972842105263,19.14821141074626,2.4016176,87.97996799999999,3364.649234672281,20.688890686916345,3288.9411840000002,3381.4051488000005,3472.5589624477198,1.5408744645890189,3466.8564696000003,3473.8067664000005
run_0363_cfg_037_seed_3_of0,3,10,18,0,40.0,16,5,OF0,855,15,99.70942690058479,0.5232447172883057,94.23,100.0,99.789216374269,1.4390330538046514,88.88,100.0,189.10760233918128,86.89232684411785,44,603,-76.74853801169591,10.564119804848298,-93,-51,1.1028538011695908,0.15647701017493268,1.0,2.72,4.348538011695906,1.6217692338644831,2,13,3.2584795321637428,1.5628428517120085,1,12,3.2,1.2761549390929878,1,5,340772.5567251462,362850.49472831015,46008,1734984,59659227.443274856,362853.57062406186,58265016,59953992,0.5679542900154355,0.6047509315581792,0.07668,2.8916399999999998,99.43204570998456,0.6047509315581783,97.10836,99.92332,90.0,0.0005952860253623288,89.991108,90.00889199999999,0.0,0.0,0.0,0.0,17.78832746105263,18.94079582481779,2.4016176,90.5661648,3364.780427800702,20.464941383197147,3286.1469024000007,3381.4051488000005,3472.5687552617546,1.5243107979021802,3466.7130672000008,3474.0049056000007
run_0364_cfg_037_seed_4_of0,4,10,18,0,40.0,16,5,OF0,855,15,99.73825730994153,0.35272094474471627,96.0,100.0,99.6947485380117,1.7494356804863842,81.81,100.0,189.25730994152048,86.91774754437878,36,833,-76.50292397660819,10.307664248510507,-93,-51,1.0892397660818713,0.11422278781055265,1.0,1.63,4.297076023391813,1.521332573326201,2,8,3.2432748538011698,1.4874174963479043,1,7,3.2,1.2761549390929885,1,5,340716.9029239766,366555.9386943067,46008,1928424,59659283.09707602,366558.4823979924,58071576,59953992,0.5678615283829808,0.6109266050160123,0.07668,3.21404,99.43213847161702,0.6109266050160105,96.78596,99.92332,90.0,0.0006242061450149991,89.99151599999999,90.008484,0.0,0.0,0.0,0.0,17.785422332631576,19.134219999842816,2.4016176,100.66373279999999,3364.783566675088,20.673898407246764,3275.2368864000005,3381.4051488000005,3472.5689890077197,1.5398570563723941,3465.9006192000006,3473.8067664000005
run_0365_cfg_037_seed_5_of0,5,10,18,0,40.0,16,5,OF0,855,15,99.71120467836258,0.4771149871730191,95.83,100.0,99.79002339181287,1.576799666776892,80.0,100.0,192.87251461988305,90.19500798908842,38,720,-76.92748538011696,10.69600727085275,-93,-51,1.1119649122807018,0.14393637575762208,1.0,2.51,4.3543859649122805,1.586543623897176,2,10,3.2619883040935673,1.5170053314036414,1,9,3.2,1.276154939092988,1,5,346082.4421052632,360724.2935455492,48312,1737312,59653917.55789474,360727.8699326689,58262688,59951688,0.576804100292648,0.6012073637089759,0.08052,2.89552,99.42319589970735,0.6012073637089763,97.10448000000001,99.91948000000001,90.0,0.0009748794196739755,89.99094000000001,90.00906,0.0,0.0,0.0,0.0,18.065503477894733,18.82980812307767,2.5218863999999996,90.68768639999999,3364.4809502652633,20.345051864202503,3286.0156032,3381.2752032,3472.5464537431585,1.5156823998925522,3466.6456920000005,3473.7970895999997
run_0366_cfg_037_seed_6_of0,6,10,18,0,40.0,16,5,OF0,855,15,99.71219883040935,0.4974036408851884,94.44,100.0,99.77752046783625,1.4774433354928656,88.88,100.0,189.01286549707604,86.96862646294879,37,799,-76.89356725146199,10.689535835099973,-93,-51,1.1006900584795323,0.1264350545834269,1.0,2.26,4.2596491228070175,1.470378041982029,2,9,3.1964912280701756,1.4129666639879483,1,7,3.2,1.2761549390929883,1,5,339011.5649122807,374650.653655201,48312,1721944,59660988.43508772,374650.1843864167,58278056,59951688,0.5650192673182308,0.6244177400554878,0.08052,2.8699066666666666,99.43498073268178,0.6244177400554889,97.13009333333333,99.91948000000001,90.0,0.0006695072535303126,89.99151599999999,90.008484,0.0,0.0,0.0,0.0,17.69640368842105,19.556764120801496,2.5218863999999996,89.88547679999999,3364.879747738948,21.130270399393876,3286.8823584,3381.2752032,3472.576151427369,1.5737023882337795,3466.7678352000003,3473.7970895999997
run_0367_cfg_037_seed_7_of0,7,10,18,0,40.0,16,5,OF0,854,15,99.27291569086651,1.6096159022542742,88.0,100.0,99.34894613583138,5.7822560219035335,0.0,100.0,190.16276346604215,87.40668027108669,0,512,-76.48243559718969,10.444249164134762,-93,0,1.0985948477751757,0.12269212422726113,1.0,1.89,4.298594847775176,1.483341777810352,2,8,3.243559718969555,1.4418545024238147,1,7,3.201405152224824,1.2762407767743826,1,5,352867.4004683841,401353.4090629464,46008,2538016,59647132.59953161,401349.4523096874,57461984,59953992,0.5881122877697886,0.6689222286373504,0.07668,4.230026666666667,99.41188771223021,0.668922228637353,95.76997333333334,99.92332,90.0,0.0006141449206718575,89.99151599999999,90.008484,0.0,0.0,0.0,0.0,18.419678304449647,20.950647953085802,2.4016176,132.48443519999998,3364.0982786135833,22.636109110266432,3240.8558976000004,3381.4051488000005,3472.517956918033,1.6856098202266245,3463.3403328000004,3473.8067664000005
run_0368_cfg_037_seed_8_of0,8,10,18,0,40.0,16,5,OF0,855,15,99.70754385964912,0.4741999821531781,95.0,100.0,99.75702923976607,1.534491827587641,88.88,100.0,190.82456140350877,91.97736512749685,40,1070,-76.98362573099415,10.556515173095967,-93,-51,1.109204678362573,0.14269429492725064,1.0,2.5,4.4187134502923975,1.6972565633046481,2,11,3.3309941520467836,1.6279642950222828,1,8,3.2,1.2761549390929887,1,5,344161.9461988304,370864.1737392913,48312,1729040,59655838.05380117,370857.8800531045,58270960,59951688,0.5736031726578782,0.6181068327451208,0.08052,2.8817333333333335,99.42639682734212,0.6181068327451199,97.11826666666667,99.91948000000001,90.0,0.001016359780661982,89.990364,90.009636,0.0,0.0,0.0,0.0,17.965253591578946,19.35910986919101,2.5218863999999996,90.255888,3364.5892662343863,20.916384434995077,3286.482144,3381.2752032,3472.554519825965,1.55772334244433,3466.738032,3473.8459008
run_0369_cfg_037_seed_9_of0,9,10,18,0,40.0,16,5,OF0,855,15,99.68445614035089,0.4997258289347524,94.73,100.0,99.62366081871345,2.044246235585769,77.77,100.0,189.07368421052632,84.28257893710249,43,424,-76.54269005847954,10.180812175314047,-93,-51,1.0988187134502925,0.14075285572281426,1.0,2.65,4.291228070175438,1.5266884960863292,2,11,3.2222222222222223,1.4645609751242457,1,10,3.2,1.2761549390929887,1,5,338688.5707602339,378731.7593565944,46008,1695624,59661311.429239765,378733.83219122386,58304376,59953992,0.5644809674538567,0.6312196525151204,0.07668,2.8260400000000003,99.43551903254615,0.63121965251512,97.17396000000001,99.92332,90.0,0.0009614153501013803,89.99113200000001,90.008868,0.0,0.0,0.0,0.0,17.67954339368421,19.769797838414224,2.4016176,88.5115728,3364.897964609123,21.36058813558503,3288.3668064,3381.4051488000005,3472.577508002807,1.59119481747379,3466.8783792,3473.8067664000005
run_0370_cfg_037_seed_10_of0,10,10,18,0,40.0,16,5,OF0,855,15,99.72945029239766,0.34977617740880146,96.66,100.0,99.55583625730995,2.2264977531584664,80.0,100.0,193.0842105263158,90.33280865492468,43,752,-76.90526315789474,10.647608956107891,-93,-51,1.1197309941520468,0.1563834465410423,1.0,2.45,4.382456140350877,1.6367904426910762,2,9,3.2912280701754386,1.5668119044549729,1,8,3.2,1.2761549390929887,1,5,346501.1929824561,361536.0758473616,47680,1777040,59653498.80701754,361534.2818964193,58222960,59952320,0.5775019654336991,0.6025601194464448,0.07946666666666667,2.961733333333333,99.4224980345663,0.6025601194464447,97.03826666666666,99.92053333333332,90.0,0.0008972334058334152,89.9904,90.00959999999999,0.0,0.0,0.0,0.0,18.08736227368421,18.87218315923227,2.488896,92.76148799999999,3364.4573327157896,20.390533498958057,3283.7749440000002,3381.3108480000005,3472.544694989474,1.5187139376469685,3466.5364320000003,3473.7997440000004
run_0371_cfg_038_seed_1_mrhof,1,10,18,0,50.0,16,5,MRHOF,855,15,99.90053801169591,0.24113206977850873,96.87,100.0,99.88409356725145,1.0664808247449775,90.0,100.0,158.56842105263158,83.44464675376112,36,372,-72.45614035087719,10.923735263701063,-94,-52,1.0574269005847954,0.09048360301007295,1.0,1.73,3.7333333333333334,1.389657346608726,2,6,2.7333333333333334,1.389657346608726,1,5,4.8,1.3767898718715414,3,7,276329.0760233918,321960.77131219907,47104,1248864,59723677.83859649,321944.6874295197,58751136,59952896,0.46054826151715156,0.5366008675619688,0.07850666666666667,2.08144,99.53945173848284,0.5366008675619686,97.91856,99.92149333333333,90.00001037192983,0.0005414139586503785,89.9919,90.008868,0.0,0.0,0.0,0.0,14.424377768421053,16.8063522624968,2.4588288,65.1907008,3368.4154300968426,18.1576803710249,3313.5640704000007,3381.3433344000005,3472.839818237193,1.351453557672928,3468.7547712000005,3473.8021632000005
run_0372_cfg_038_seed_2_mrhof,2,10,18,0,50.0,16,5,MRHOF,855,15,99.91686549707602,0.22295807655662989,96.87,100.0,99.9402105263158,0.7807685234707517,88.88,100.0,159.49824561403508,85.10871782242722,38,399,-72.26666666666667,10.095283755217618,-94,-59,1.0644093567251462,0.096120756927675,1.0,1.71,3.7333333333333334,1.3896573466087272,2,6,2.7333333333333334,1.3896573466087272,1,5,4.8,1.3767898718715412,3,7,278041.0760233918,267644.674649185,46008,895168,59721959.953216374,267642.9637484673,59104832,59953992,0.46340177095583973,0.44607441382704555,0.07668,1.4919466666666668,99.53659822904416,0.4460744138270455,98.50805333333334,99.92332,90.00000154385964,0.0005413724709925641,89.990364,90.009636,0.0,0.0,0.0,0.0,14.51374416842105,13.971052016687455,2.4016176,46.727769599999995,3368.318541361404,15.095063155413573,3333.5125248000004,3381.4051488000005,3472.8322870736843,1.1241887158300892,3470.2402944000005,3473.8067664000005
run_0373_cfg_038_seed_3_mrhof,3,10,18,0,50.0,16,5,MRHOF,855,15,99.82643274853802,0.3826761122526425,95.23,100.0,99.8957894736842,1.011366804265212,90.0,100.0,158.6561403508772,83.48470884167,37,376,-69.4,10.017852916128307,-94,-52,1.0603508771929824,0.08863718866311603,1.0,1.66,3.736842105263158,1.3957905408127178,2,7,2.7333333333333334,1.389657346608726,1,5,4.8,1.3767898718715428,3,7,276214.8865497076,327676.5271678205,48200,1371120,59723785.11345029,327675.4456008553,58628880,59951800,0.4603581318450434,0.5461274706982182,0.08033333333333333,2.2852,99.53964186815494,0.546127470698218,97.7148,99.91966666666666,90.0,0.0006526812435030132,89.992332,90.007668,0.0,0.0,0.0,0.0,14.418417077894736,17.104714718160228,2.51604,71.57246399999998,3368.421480398597,18.480895131888218,3306.6688320000007,3381.2815200000005,3472.839897476492,1.3763926522393384,3468.2412960000006,3474.0425736
run_0374_cfg_038_seed_4_mrhof,4,10,18,0,50.0,16,5,MRHOF,855,15,99.92766081871345,0.28891244356002915,96.29,100.0,99.953216374269,0.6827831313201945,90.0,100.0,159.09824561403508,84.4350404203296,39,387,-71.02456140350877,11.676077156480357,-94,-52,1.069438596491228,0.09924970593999453,1.0,1.8,3.7578947368421054,1.4228332927896457,2,7,2.754385964912281,1.416869364829546,1,6,4.8,1.3767898718715421,3,7,280644.9684210526,235260.5325917449,47104,872288,59719355.03157895,235260.0954192053,59127712,59952896,0.4677416108135894,0.39210087738428945,0.07850666666666667,1.4538133333333334,99.53225838918641,0.3921008773842897,98.54618666666667,99.92149333333333,90.0,0.0002463241709406699,89.996016,90.003984,0.0,0.0,0.0,0.0,14.649667351578946,12.280599801289082,2.4588288,45.533433599999995,3368.171623781053,13.268669381643186,3334.8029568,3381.3433344000005,3472.821291132632,0.9881113528094339,3470.3363904000003,3473.8021632000005
run_0375_cfg_038_seed_5_mrhof,5,10,18,0,50.0,16,5,MRHOF,855,15,99.83266666666665,0.3223227323567333,95.45,100.0,99.87108771929825,1.130923483508758,88.88,100.0,159.44795321637426,84.57608462939757,36,368,-69.91345029239766,10.799188717557481,-94,-52,1.0609707602339182,0.0905027220792497,1.0,1.92,3.7649122807017545,1.4395498289725543,2,7,2.7625730994152047,1.4367224357387673,1,6,4.8,1.3767898718715421,3,7,278111.3263157895,222634.5564767243,48312,814376,59721888.67368421,222634.2097132989,59185624,59951688,0.4635188719994934,0.3710575725405664,0.08052,1.3572933333333335,99.5364811280005,0.37105757254056754,98.64270666666667,99.91948000000001,90.0,0.0007116361989283513,89.99113200000001,90.008868,0.0,0.0,0.0,0.0,14.51741123368421,11.621523848085008,2.5218863999999996,42.5104272,3368.3145211957894,12.55656942783005,3338.0691936,3381.2752032,3472.8319324294744,0.9354192018443878,3470.442679200001,3473.7970895999997
run_0376_cfg_038_seed_6_mrhof,6,10,18,0,50.0,16,5,MRHOF,855,15,99.79559064327485,0.4440550274004994,95.0,100.0,99.86070175438596,1.1685874792499207,90.0,100.0,158.90175438596492,82.77172799189321,35,357,-70.93333333333334,10.97587305079493,-94,-52,1.0574502923976608,0.09897863439775571,1.0,2.53,3.734502923976608,1.391144695601975,2,6,2.7333333333333334,1.389657346608726,1,5,4.8,1.376789871871541,3,7,275421.5766081871,337131.90067486896,48136,1317368,59724578.42339181,337131.0405524602,58679720,59951864,0.45903594928283037,0.561886497876683,0.08022666666666667,2.195719898939095,99.54096405071718,0.5618864978766831,97.8042801010609,99.91977333333332,90.0,0.0007790623079232704,89.990748,90.00925200000002,0.0,0.0,0.0,0.0,14.377006298947366,17.598285215228135,2.5126991999999997,68.7666096,3368.4662230792983,19.014190687158752,3309.5362080000004,3381.2851296000003,3472.8432293782457,1.4162003266423182,3468.2984496000004,3474.0640440000006
run_0377_cfg_038_seed_7_mrhof,7,10,18,0,50.0,16,5,MRHOF,855,15,99.84952046783626,0.35948066787505123,96.0,100.0,99.91787134502924,0.9058082975735576,88.88,100.0,158.06315789473683,82.03772329776211,39,363,-70.66666666666667,9.26945071876617,-94,-59,1.0608421052631578,0.08781363118708035,1.0,1.53,3.7333333333333334,1.3896573466087265,2,6,2.7333333333333334,1.3896573466087265,1,5,4.8,1.3767898718715426,3,7,277274.7695906433,277533.46457021806,46008,1078464,59722725.230409354,277533.0290019206,58921536,59953992,0.4621246113296299,0.4625557501080797,0.07668,1.7974400000000001,99.53787538867036,0.46255575010808064,98.20256,99.92332,90.0,0.0004635817383197615,89.99451599999999,90.005484,0.0,0.0,0.0,0.0,14.473742972631578,14.487246850565377,2.4016176,56.2958208,3368.3617029950883,15.652862835708323,3323.1746304000003,3381.4051488000005,3472.83544596772,1.1657427152768507,3469.4704512000003,3473.9267736000006
run_0378_cfg_038_seed_8_mrhof,8,10,18,0,50.0,16,5,MRHOF,855,15,99.85712280701755,0.3763542636123347,96.29,100.0,99.87108771929825,1.1309234835087594,88.88,100.0,159.58830409356725,84.57948801445879,35,359,-71.2,9.839032339465563,-94,-52,1.0546198830409357,0.07956741549708408,1.0,1.55,3.7333333333333334,1.3896573466087274,2,6,2.7333333333333334,1.3896573466087274,1,5,4.8,1.376789871871542,3,7,276364.3602339181,331491.54337102233,47008,1243408,59723635.63976608,331489.9242176146,58756592,59952992,0.46060725117247986,0.5524858041191724,0.07834666666666666,2.072346666666667,99.53939274882752,0.5524858041191728,97.92765333333332,99.92165333333334,90.0,0.00040850512882970876,89.99224800000002,90.007752,0.0,0.0,0.0,0.0,14.426219604210527,17.303858563967378,2.4538176,64.9058976,3368.4130500828073,18.696031725873468,3313.8717888,3381.3487488,3472.8392696870183,1.3922535492415635,3468.7776864,3473.8428264000004
run_0379_cfg_038_seed_9_mrhof,9,10,18,0,50.0,16,5,MRHOF,855,15,99.93008187134502,0.2957293493892193,95.65,100.0,99.953216374269,0.6827831313201951,90.0,100.0,157.69941520467836,82.67977892295643,35,347,-71.2,10.88877126118711,-94,-52,1.063625730994152,0.09117474429666494,1.0,1.53,3.7356725146198833,1.3943101121632417,2,7,2.7356725146198833,1.3943101121632417,1,6,4.8,1.3767898718715417,3,7,278099.24678362574,236549.87129103811,48312,838664,59721900.75321637,236551.84732695,59161336,59951688,0.4634987545478467,0.39424981049815366,0.08052,1.3977733333333333,99.53650124545216,0.39424981049815405,98.60222666666667,99.91948000000001,90.0,0.0007105394856413803,89.990364,90.009636,0.0,0.0,0.0,0.0,14.516780682105262,12.34790328139219,2.5218863999999996,43.7782608,3368.3152024814035,13.341524189239983,3336.6993504000006,3381.2752032,3472.831983163509,0.993974874631454,3470.477611200001,3473.7970895999997
run_0380_cfg_038_seed_10_mrhof,10,10,18,0,50.0,16,5,MRHOF,855,15,99.95446783625732,0.17440206603924557,96.77,100.0,99.9574269005848,0.6213326495013756,90.9,100.0,156.96491228070175,81.29050564730139,37,340,-71.2,11.232730695422113,-94,-52,1.062,0.09764966295114938,1.0,1.71,3.7333333333333334,1.3896573466087259,2,6,2.7333333333333334,1.3896573466087259,1,5,4.8,1.3767898718715428,3,7,280455.17660818715,263317.6524452709,46008,895456,59719544.82339181,263318.09561204567,59104544,59953992,0.46742529444411224,0.43886274469372827,0.07668,1.4924266666666666,99.5325747055559,0.43886274469372827,98.50757333333333,99.92332,90.0,0.000720599750207659,89.99113200000001,90.008868,0.0,0.0,0.0,0.0,14.639760218947368,13.745181457643138,2.4016176,46.7428032,3368.1823280392987,14.851140592519391,3333.4962816,3381.4051488000005,3472.8220882582464,1.1062841580332428,3470.2390848,3473.8080888
run_0381_cfg_039_seed_1_mrhof,1,10,18,0,50.0,16,20,MRHOF,855,15,99.8511461988304,0.7686137318346614,87.5,100.0,100.0,0.0,100.0,100.0,148.96842105263158,80.75082490546981,22,418,-73.06666666666666,10.324092465970153,-94,-63,1.0376140350877192,0.07632615697375873,1.0,1.59,3.7391812865497074,1.4004170618749199,2,7,2.7356725146198833,1.3943101121632415,1,6,4.8,1.3767898718715414,3,7,81724.97777777778,71372.54441833879,10224,289104,59918275.02222222,71371.9623473379,59710896,59989776,0.13620829391369563,0.11895423361249167,0.01704,0.48183999999999994,99.8637917060863,0.11895423361249412,99.51816,99.98295999999999,90.0,0.0004477356613925513,89.990748,90.00925200000002,0.0,0.0,0.0,0.0,4.266043839999999,3.7256468186372853,0.5336928,15.0912288,3379.3907112533334,4.025378676389819,3367.6945344000005,3383.4233664000003,3473.6567550933337,0.3001927443309268,3472.7857632000005,3473.9570592000005
run_0382_cfg_039_seed_2_mrhof,2,10,18,0,50.0,16,20,MRHOF,855,15,99.86156725146199,0.7520855467646365,88.88,100.0,99.96100584795322,1.1402039419506331,66.66,100.0,147.41520467836258,79.47189274051658,28,371,-69.4,10.017852916128314,-94,-52,1.0285730994152047,0.07087657231185425,1.0,1.49,3.7333333333333334,1.3896573466087272,2,6,2.7333333333333334,1.3896573466087272,1,5,4.8,1.3767898718715412,3,7,80770.51695906433,93567.7023659423,10648,445144,59919229.48304094,93565.44973985018,59554856,59989352,0.1346175205359132,0.1559461482737292,0.017746666666666668,0.7419066666666666,99.86538247946409,0.1559461482737291,99.25809333333333,99.98225333333333,90.0,0.0005535858494757106,89.990748,90.00925200000002,0.0,0.0,0.0,0.0,4.216220985263158,4.884234063502189,0.5558255999999999,23.2365168,3379.444542843509,5.277091365327651,3358.8938784000006,3383.3994528,3473.6607638287724,0.3933925217306061,3472.1303952000007,3473.9901480000003
run_0383_cfg_039_seed_3_mrhof,3,10,18,0,50.0,16,20,MRHOF,855,15,99.91026900584795,0.41126303162464617,95.0,100.0,99.96100584795322,1.1402039419506331,66.66,100.0,145.60584795321637,77.71528360200358,23,377,-71.46666666666667,10.682494599414055,-94,-52,1.022374269005848,0.0591457556754839,1.0,1.62,3.7333333333333334,1.389657346608726,2,6,2.7333333333333334,1.389657346608726,1,5,4.8,1.3767898718715428,3,7,80106.76023391813,96952.70947433256,10224,435400,59919893.23976608,96954.17084494996,59564600,59989776,0.13351127067230883,0.1615878686668871,0.01704,0.7256666666666667,99.8664887293277,0.16158786866688746,99.27433333333333,99.98295999999999,90.0,0.00022674968402135805,89.996016,90.003984,0.0,0.0,0.0,0.0,4.181572884210526,5.060931434560162,0.5336928,22.72788,3379.481978722807,5.468215235655171,3359.44344,3383.4233664000003,3473.663551607018,0.40737319931035093,3472.17132,3473.9570592000005
run_0384_cfg_039_seed_4_mrhof,4,10,18,0,50.0,16,20,MRHOF,855,15,99.98315789473685,0.22072871033159555,94.73,100.0,100.0,0.0,100.0,100.0,146.1157894736842,77.94404058261534,25,354,-69.93333333333334,10.661230074334398,-94,-52,1.0183625730994152,0.04772957098626579,1.0,1.42,3.7333333333333334,1.3896573466087259,2,6,2.7333333333333334,1.3896573466087259,1,5,4.8,1.3767898718715423,3,7,80192.42105263157,66321.71200962838,10736,325816,59919807.578947365,66321.02110254901,59674184,59989264,0.1336540332361378,0.1105361771315464,0.017893333333333334,0.5430266666666667,99.86634596676386,0.11053617713154597,99.45697333333334,99.98210666666667,90.0,0.00030727095199380584,89.995056,90.00494400000001,0.0,0.0,0.0,0.0,4.1860443789473685,3.4619933669026,0.5604192,17.0075952,3379.477147452632,3.7405055901838153,3365.6239776,3383.3944896000003,3473.6631918315793,0.2787453148684307,3472.6315728000004,3474.1193040000003
run_0385_cfg_039_seed_5_mrhof,5,10,18,0,50.0,16,20,MRHOF,855,15,99.99359064327486,0.11338973806846431,97.36,100.0,100.0,0.0,100.0,100.0,146.15672514619882,78.02148715351976,21,378,-71.46666666666667,9.85710552210966,-94,-59,1.0248538011695907,0.055400994304799576,1.0,1.44,3.736842105263158,1.3957905408127185,2,7,2.7333333333333334,1.3896573466087263,1,5,4.8,1.3767898718715426,3,7,80847.12046783626,76508.09271690593,10736,318424,59919152.879532166,76508.09271690628,59681576,59989264,0.1347452007797271,0.12751348786150996,0.017893333333333334,0.5307066666666667,99.86525479922027,0.1275134878615103,99.46929333333333,99.98210666666667,90.0,0.0,90.0,90.0,0.0,0.0,0.0,0.0,4.220219688421053,3.99372243982249,0.5604192,16.621732799999997,3379.4402224056143,4.31505642923347,3366.0408864000005,3383.3944896000003,3473.6604420940353,0.32133398941103053,3472.6626192000003,3473.9549088000003
run_0386_cfg_039_seed_6_mrhof,6,10,18,0,50.0,16,20,MRHOF,855,15,99.99093567251462,0.1793595536543989,95.0,100.0,100.0,0.0,100.0,100.0,147.36374269005847,81.08432217226161,22,446,-70.8,11.161199099540259,-94,-52,1.0300818713450293,0.07026625733031905,1.0,1.62,3.7403508771929825,1.4027231356337593,2,7,2.7333333333333334,1.389657346608726,1,5,4.8,1.376789871871541,3,7,81044.12631578947,67037.39352807423,10224,296760,59918955.87368421,67035.44757339804,59703240,59989776,0.13507354018611478,0.11172896937878089,0.01704,0.4946,99.86492645981389,0.1117289693787831,99.5054,99.98295999999999,90.0,9.407675375529498e-05,89.99805599999999,90.001944,0.0,0.0,0.0,0.0,4.23050339368421,3.499351942165475,0.5336928,15.490872000000001,3379.4291112757896,3.7807992431396307,3367.262736,3383.4233664000003,3473.6596146694737,0.28146608792034666,3472.753608,3473.9570592000005
run_0387_cfg_039_seed_7_mrhof,7,10,18,0,50.0,16,20,MRHOF,855,15,99.96948538011696,0.34108411945215245,91.66,100.0,99.96100584795322,1.1402039419506353,66.66,100.0,145.91345029239767,78.79332639836923,21,368,-71.2,9.967088699457685,-94,-59,1.0241988304093568,0.057580268775513956,1.0,1.53,3.7333333333333334,1.3896573466087265,2,6,2.7333333333333334,1.3896573466087265,1,5,4.8,1.3767898718715426,3,7,80481.89941520468,70921.8079990825,10224,304592,59919517.258479536,70922.335221835,59695408,59989776,0.1341365018170396,0.11820301656128074,0.01704,0.5076533333333333,99.86586349818296,0.11820301656128106,99.49234666666666,99.98295999999999,89.9999987368421,0.00014456710713596035,89.99786399999999,90.002136,0.0,0.0,0.0,0.0,4.201155149473684,3.7021183775521083,0.5336928,15.899702399999997,3379.460773378246,4.000019706511519,3366.8210112,3383.4233664000003,3473.6619272645617,0.29795058805020286,3472.7207136,3473.9570592000005
run_0388_cfg_039_seed_8_mrhof,8,10,18,0,50.0,16,20,MRHOF,855,15,99.98421052631579,0.2855108452339597,92.3,100.0,100.0,0.0,100.0,100.0,146.98713450292396,79.16965788039472,19,364,-71.86666666666666,10.46152759968493,-94,-52,1.0232514619883042,0.05106547360462179,1.0,1.38,3.7333333333333334,1.3896573466087274,2,6,2.7333333333333334,1.3896573466087274,1,5,4.8,1.376789871871542,3,7,80492.51929824562,92759.67209346379,10224,401760,59919507.48070175,92760.03381015272,59598240,59989776,0.134154199141917,0.1545994533616825,0.01704,0.6696,99.86584580085808,0.15459945336168304,99.3304,99.98295999999999,90.0,0.00031707350339840073,89.993448,90.006552,0.0,0.0,0.0,0.0,4.201709507368421,4.8420548832788075,0.5336928,20.971871999999998,3379.4602219115795,5.231665906892625,3361.340736,3383.4233664000003,3473.661931418948,0.3897898154715257,3472.312608,3474.1680336000004
run_0389_cfg_039_seed_9_mrhof,9,10,18,0,50.0,16,20,MRHOF,855,15,99.84382456140351,0.907367704877715,83.33,100.0,99.96100584795322,1.1402039419506336,66.66,100.0,147.8514619883041,81.06645823440417,25,443,-71.2,10.888771261187108,-94,-52,1.0289239766081872,0.06364246275982172,1.0,1.67,3.7333333333333334,1.3896573466087265,2,6,2.7333333333333334,1.3896573466087265,1,5,4.8,1.3767898718715417,3,7,80786.77894736842,66735.74226351864,10736,275192,59919213.22105263,66735.74226351832,59724808,59989264,0.13464463157894738,0.11122623710586448,0.017893333333333334,0.45865333333333336,99.86535536842106,0.11122623710586468,99.54134666666667,99.98210666666667,90.0,0.0,90.0,90.0,0.0,0.0,0.0,0.0,4.217069861052631,3.483605746155672,0.5604192,14.365022399999999,3379.443625667369,3.7638958636624547,3368.4791712000006,3383.3944896000003,3473.6606955284215,0.2802901175067928,3472.8441936000004,3473.9549088000003
run_0390_cfg_039_seed_10_mrhof,10,10,18,0,50.0,16,20,MRHOF,855,15,99.9846081871345,0.2125407902514571,94.73,100.0,100.0,0.0,100.0,100.0,147.4046783625731,77.91815484189495,22,387,-72.4,11.366226317585628,-94,-52,1.020421052631579,0.05408866453527182,1.0,1.46,3.7333333333333334,1.3896573466087259,2,6,2.7333333333333334,1.3896573466087259,1,5,4.8,1.3767898718715428,3,7,79998.07251461988,87532.88480622921,10224,422216,59920001.92748538,87531.17038449696,59577784,59989776,0.13333011470881137,0.14588813432232697,0.01704,0.7036933333333334,99.86666988529119,0.14588813432232822,99.29630666666667,99.98295999999999,90.0,0.000568008971794535,89.99151599999999,90.008484,0.0,0.0,0.0,0.0,4.175899385263158,4.569216586885163,0.5336928,22.039675199999998,3379.4881087101758,4.93675800968575,3360.1870176,3383.4233664000003,3473.664008095439,0.3681448624066345,3472.2266928000004,3474.1116504
run_0391_cfg_040_seed_1_mrhof,1,10,18,5,40.0,12,5,MRHOF,627,11,99.7655980861244,0.399802368744658,95.83,100.0,99.71960127591707,1.7973638845311501,77.77,100.0,141.39553429027114,57.81055747097973,38,313,-73.63636363636364,10.20861401828214,-84,-51,1.05170653907496,0.08804110646067981,1.0,1.81,3.553429027113238,1.003953946406071,2,6,2.553429027113238,1.003953946406071,1,5,3.272727272727273,1.4211791645789371,1,5,242676.66985645934,291444.7317494282,46008,1162000,59757323.33014354,291443.9456986658,58838000,59953992,0.40446110676880065,0.4857411831529379,0.07668,1.9366666666666668,99.59553889323121,0.4857411831529374,98.06333333333333,99.92332,90.0,0.0007394422904851029,89.99194800000001,90.00805199999999,0.0,0.0,0.0,0.0,12.667722166507176,15.213414997320163,2.4016176,60.65639999999999,3370.313035820096,16.43743853740476,3318.4632000000006,3381.4051488000005,3472.9807579866033,1.2243309665395643,3469.1196000000004,3474.0409656000006
run_0392_cfg_040_seed_2_mrhof,2,10,18,5,40.0,12,5,MRHOF,627,11,99.93347687400319,0.2538672781427721,96.42,100.0,99.95215311004785,0.6906086047034681,90.0,100.0,141.48325358851676,56.45910298759648,31,264,-73.36363636363636,10.235337124533856,-84,-51,1.042153110047847,0.06966365223836284,1.0,1.59,3.5454545454545454,0.9883139428379525,2,5,2.5454545454545454,0.9883139428379525,1,4,3.272727272727273,1.4211791645789371,1,5,244720.53588516745,206438.28364648673,48312,857856,59755279.46411483,206437.46170948306,59142144,59951688,0.4078675515578932,0.34406378323072373,0.08052,1.4297600000000001,99.59213244844211,0.3440637832307249,98.57024,99.91948000000001,90.0,0.000763820195292189,89.990748,90.00925200000002,0.0,0.0,0.0,0.0,12.77441197320574,10.776078406346599,2.5218863999999996,44.78008319999999,3370.197761776077,11.643072840414819,3335.6169216000003,3381.2752032,3472.972173749283,0.8674580260595374,3470.3970048,3473.7970895999997
run_0393_cfg_040_seed_3_mrhof,3,10,18,5,40.0,12,5,MRHOF,627,11,99.96791068580542,0.13764311749222796,98.38,100.0,99.96452950558214,0.6275363057406316,88.88,100.0,141.21850079744817,56.37005562841604,41,293,-73.27272727272727,10.189135010517905,-84,-51,1.0433014354066985,0.10724599256503248,1.0,3.04,3.5566188197767143,1.008541818902876,2,6,2.550239234449761,0.9977350260926313,1,5,3.272727272727273,1.4211791645789364,1,5,244695.8341307815,206323.6626831145,46688,805640,59755304.16586922,206322.17521526167,59194360,59953312,0.4078263778798508,0.34387274752583596,0.07781333333333333,1.3427333333333333,99.59217362212016,0.3438727475258361,98.65726666666667,99.92218666666666,90.0,0.0007965454807329895,89.9919,90.00810000000001,0.0,0.0,0.0,0.0,12.773122541626794,10.770095192058578,2.4371135999999995,42.054408,3370.1991549550244,11.636570682140746,3338.5619040000006,3381.3667968,3472.972277496651,0.8669790558004487,3470.5173144000005,3473.8039104
run_0394_cfg_040_seed_4_mrhof,4,10,18,5,40.0,12,5,MRHOF,627,11,99.91738437001594,0.25923982742996743,95.83,100.0,99.92025518341308,0.8901419271286773,90.0,100.0,140.74003189792663,57.10184591611495,39,263,-73.27272727272727,10.189135010517903,-84,-51,1.0418500797448167,0.07543117705589887,1.0,1.5,3.553429027113238,1.0039539464060712,2,6,2.553429027113238,1.0039539464060712,1,5,3.272727272727273,1.421179164578937,1,5,243779.55980861245,205684.54912819268,47968,820408,59756220.031897925,205682.8014265721,59179960,59952032,0.4062992559421411,0.3428075115345934,0.07994666666666667,1.3673382803252139,99.59370074405786,0.3428075115345938,98.63266171967479,99.92005333333334,89.99999938755981,0.0007276100015900493,89.990748,90.00925200000002,0.0,0.0,0.0,0.0,12.725293022009568,10.736733464491662,2.5039295999999998,42.8252976,3370.2508097990435,11.600510000458671,3337.749744,3381.2946048000003,3472.9761022086122,0.8641972897103166,3470.5755936,3473.7985344000003
run_0395_cfg_040_seed_5_mrhof,5,10,18,5,40.0,12,5,MRHOF,627,11,99.98419457735247,0.2054974027243588,95.83,100.0,100.0,0.0,100.0,100.0,140.6060606060606,56.787869617853616,41,278,-73.27272727272727,10.18913501051791,-84,-51,1.0465550239234451,0.08135591009942943,1.0,1.62,3.5486443381180224,0.9946071419976729,2,6,2.5486443381180224,0.9946071419976729,1,5,3.272727272727273,1.4211791645789376,1,5,244710.99202551835,206074.3685732279,48312,831168,59755289.00797448,206073.24350865453,59168832,59951688,0.4078516436415798,0.34345725805644023,0.08052,1.38528,99.59214835635842,0.34345725805643973,98.61472,99.91948000000001,90.0,0.0007374910580496229,89.990748,90.00925200000002,0.0,0.0,0.0,0.0,12.773913783732057,10.757082039522487,2.5218863999999996,43.3869696,3370.198300049761,11.622530933888129,3337.1221248000006,3381.2752032,3472.9722138334932,0.8658813190680424,3470.509094400001,3473.7970895999997
run_0396_cfg_040_seed_6_mrhof,6,10,18,5,40.0,12,5,MRHOF,627,11,99.83907496012759,0.4106533862482786,95.65,100.0,99.8883572567783,1.0515354724399426,90.0,100.0,141.8261562998405,57.250529121774335,38,273,-73.72727272727273,10.251499043844676,-84,-51,1.0493141945773523,0.09120777375355836,1.0,1.79,3.5454545454545454,0.9883139428379524,2,5,2.5454545454545454,0.9883139428379524,1,4,3.272727272727273,1.4211791645789364,1,5,243658.92185007976,292174.2233084397,46008,1194864,59756341.07814992,292174.1577268348,58805136,59953992,0.4060982002293378,0.4869570378422512,0.07668,1.9914399999999999,99.59390179977066,0.4869570378422515,98.00856,99.92332,90.0,0.0006235379218115537,89.9919,90.00810000000001,0.0,0.0,0.0,0.0,12.718995720574162,15.251494456700554,2.4016176,62.37190079999999,3370.257636807656,16.478622495793488,3316.6096704,3381.4051488000005,3472.97663252823,1.2273468365510511,3468.9815712,3473.8067664000005
run_0397_cfg_040_seed_7_mrhof,7,10,18,5,40.0,12,5,MRHOF,627,11,99.8302711323764,0.3399334033337566,97.67,100.0,99.84194577352473,1.2429653981830524,90.0,100.0,141.82296650717703,57.75157977843225,35,287,-73.72727272727273,10.251499043844671,-84,-51,1.055805422647528,0.0906937079440672,1.0,1.91,3.5486443381180224,0.9962119528954136,2,7,2.5486443381180224,0.9962119528954136,1,6,3.272727272727273,1.421179164578937,1,5,243593.78628389156,292056.46691253094,46008,1163440,59756406.21371611,292056.1300275949,58836560,59953992,0.4059896400302496,0.48676077820148916,0.07668,1.9390666666666667,99.59401035996976,0.48676077820148916,98.06093333333334,99.92332,90.0,0.0004147454047954042,89.99533199999999,90.00466800000001,0.0,0.0,0.0,0.0,12.715595644019139,15.245347572834113,2.4016176,60.731568,3370.261310453589,16.471965733556356,3318.381984,3381.4051488000005,3472.9769060976078,1.2267145448454506,3469.1135520000003,3473.9700840000005
run_0398_cfg_040_seed_8_mrhof,8,10,18,5,40.0,12,5,MRHOF,627,11,99.84068580542265,0.34833516667789843,94.73,100.0,99.87205741626794,1.1277793823954456,88.88,100.0,141.39872408293462,57.61093367478624,36,273,-73.72727272727273,10.251499043844674,-84,-51,1.0485645933014356,0.08130237937064291,1.0,1.65,3.5454545454545454,0.9883139428379527,2,5,2.5454545454545454,0.9883139428379527,1,4,3.272727272727273,1.4211791645789371,1,5,242702.64752791068,292121.11264913605,46008,1181472,59757297.35247209,292122.55145850684,58818528,59953992,0.4045044225599586,0.48686852635870864,0.07668,1.96912,99.59549557744003,0.48686852635870875,98.03088,99.92332,90.0,0.000520930158498229,89.99151599999999,90.008484,0.0,0.0,0.0,0.0,12.669078200956937,15.248722080284892,2.4016176,61.672838399999996,3370.3115706794265,16.47571190225978,3317.3649792,3381.4051488000005,3472.9806488803833,1.2271447801058601,3469.0378176,3473.8067664000005
run_0399_cfg_040_seed_9_mrhof,9,10,18,5,40.0,12,5,MRHOF,627,11,99.91995215311005,0.24058999154764568,95.45,100.0,99.93763955342902,0.7795014653016821,90.0,100.0,140.4928229665072,56.71585358124692,39,286,-73.27272727272727,10.18913501051791,-84,-51,1.041196172248804,0.0718714115182916,1.0,1.66,3.5454545454545454,0.988313942837953,2,5,2.5454545454545454,0.988313942837953,1,4,3.272727272727273,1.4211791645789367,1,5,243317.28229665072,205211.49178058511,48312,827192,59756682.71770335,205209.75542172574,59172808,59951688,0.40552879138830417,0.34201907970481515,0.08052,1.3786533333333333,99.5944712086117,0.3420190797048156,98.62134666666667,99.91948000000001,90.0,0.0006506675657736737,89.990748,90.00925200000002,0.0,0.0,0.0,0.0,12.701162135885166,10.71203987094654,2.5218863999999996,43.1794224,3370.2769052784697,11.573830205785333,3337.3463712000007,3381.2752032,3472.9780674143544,0.8621270943907645,3470.5257936000007,3473.7970895999997
run_0400_cfg_040_seed_10_mrhof,10,10,18,5,40.0,12,5,MRHOF,627,11,99.89748006379585,0.32551708312625255,95.65,100.0,99.91668261562998,0.93131215605381,88.88,100.0,141.6475279106858,57.20188874632885,38,288,-73.27272727272727,10.189135010517907,-84,-51,1.0455342902711322,0.09044526006544167,1.0,2.14,3.547049441786284,0.9898543164724514,2,5,2.5454545454545454,0.9883139428379527,1,4,3.272727272727273,1.4211791645789371,1,5,243924.84848484848,205441.40881089531,48312,810672,59756075.15151515,205441.9132577634,59189328,59951688,0.4065414132547839,0.3424023385415589,0.08052,1.3511199999999999,99.59345858674521,0.34240233854155844,98.64888,99.91948000000001,90.0,0.0007873938084500792,89.99151599999999,90.008484,0.0,0.0,0.0,0.0,12.73287709090909,10.72404153992873,2.5218863999999996,42.31707839999999,3370.2426385454546,11.586923907737885,3338.2780992000007,3381.2752032,3472.9755156363635,0.8633794276752061,3470.5658760000006,3473.7970895999997
run_0401_cfg_041_seed_1_of0,1,10,18,5,40.0,16,20,OF0,855,15,99.79425730994151,0.9380507614931859,83.33,100.0,99.92201169590643,1.6115475201492222,66.66,100.0,171.7157894736842,77.36216069441994,30,388,-76.71111111111111,10.675303880105927,-93,-51,1.0383976608187135,0.09030202247924858,1.0,1.97,4.211695906432748,1.4918525965100915,2,13,3.1894736842105265,1.454744826267676,1,11,3.2,1.2761549390929887,1,5,93623.70058479533,91617.53177440896,10736,545832,59906376.29941521,91617.58828382989,59454168,59989264,0.1560395010576075,0.1526958862989919,0.017893333333333334,0.90972,99.84396049894238,0.1526958862989915,99.09027999999999,99.98210666666667,90.0,9.930324007464492e-05,89.99794800000001,90.00205199999999,0.0,0.0,0.0,0.0,4.887157170526315,4.782435158624151,0.5604192,28.492430399999996,3378.719623287018,5.167231979208012,3353.2150752000007,3383.3944896000003,3473.606780457544,0.38481461154509705,3471.707505600001,3473.9549088000003
run_0402_cfg_041_seed_2_of0,2,10,18,5,40.0,16,20,OF0,855,15,99.98201169590642,0.2146789441081087,95.23,100.0,100.0,0.0,100.0,100.0,172.51929824561404,78.99503016694185,17,431,-77.02105263157895,10.766720619360065,-93,-51,1.0398362573099416,0.08769476200663211,1.0,2.0,4.264327485380117,1.491687344534887,2,8,3.2421052631578946,1.4673991275994156,1,7,3.2,1.2761549390929887,1,5,94260.1730994152,98188.71473079393,10224,535840,59905739.82690059,98188.71473079323,59464160,59989776,0.15710028849902535,0.16364785788465647,0.01704,0.8930666666666667,99.84289971150098,0.16364785788465663,99.10693333333333,99.98295999999999,90.0,0.0,90.0,90.0,0.0,0.0,0.0,0.0,4.9203810357894735,5.125450908947443,0.5336928,27.970847999999997,3378.6837262371932,5.5378435108167565,3353.7786240000005,3383.4233664000003,3473.6041072729827,0.41239260186931964,3471.7494720000004,3473.9570592000005
run_0403_cfg_041_seed_3_of0,3,10,18,5,40.0,16,20,OF0,855,15,99.68918128654971,0.8231585274064184,92.85,100.0,99.76605847953216,3.1152480282646176,50.0,100.0,169.12865497076024,76.24108077717474,27,403,-77.1672514619883,10.749493917662956,-93,-51,1.0292631578947369,0.07315598641485105,1.0,1.6,4.203508771929824,1.4218887205361992,2,10,3.1847953216374267,1.3970537496349915,1,8,3.2,1.2761549390929878,1,5,92942.98011695906,116436.4063896477,9640,566544,59907057.019883044,116436.57458691733,59433456,59990360,0.15490496699864187,0.1940606731674501,0.016066666666666667,0.94424,99.84509503300136,0.1940606731674513,99.05576,99.98393333333333,90.0,0.0002574381442731176,89.995092,90.00490800000001,0.0,0.0,0.0,0.0,4.851623562105263,6.077980413539612,0.5032079999999999,29.5735968,3378.7580159214035,6.567022806702136,3352.0469184000003,3383.4563040000007,3473.609639483509,0.48913627166086293,3471.6205152,3473.959512000001
run_0404_cfg_041_seed_4_of0,4,10,18,5,40.0,16,20,OF0,855,15,99.98212865497077,0.27711825409749563,93.75,100.0,100.0,0.0,100.0,100.0,171.74619883040936,78.82447168384168,33,403,-76.74152046783625,10.731984851667969,-93,-51,1.0423976608187135,0.08420439609896072,1.0,1.66,4.185964912280702,1.3796070695001232,2,8,3.1649122807017545,1.3566331829197196,1,6,3.2,1.2761549390929885,1,5,94421.20233918128,94866.32053878103,10736,455568,59905578.79766082,94862.58284928971,59544432,59989264,0.15736865951160867,0.15811046402746476,0.017893333333333334,0.7592800000000001,99.8426313404884,0.1581104640274652,99.24072000000001,99.98210666666667,90.0,0.00044668634768555614,89.99151599999999,90.008484,0.0,0.0,0.0,0.0,4.928786762105263,4.9520219321243655,0.5604192,23.7806496,3378.6746441880705,5.350249672699949,3358.3059648000003,3383.3944896000003,3473.603430950176,0.3985681238057776,3472.0866144,3473.9549088000003
run_0405_cfg_041_seed_5_of0,5,10,18,5,40.0,16,20,OF0,855,15,99.99738011695906,0.05569164290070137,98.61,100.0,100.0,0.0,100.0,100.0,170.48187134502925,78.57518862946966,28,392,-76.9859649122807,10.828654392270769,-93,-51,1.0393099415204679,0.09133727333669514,1.0,1.87,4.174269005847953,1.3649312711114467,2,8,3.1450292397660817,1.3306054925844062,1,6,3.2,1.2761549390929883,1,5,93819.71461988305,92898.44906166985,10736,470392,59906180.28538012,92898.82248371083,59529608,59989264,0.15636619181062275,0.15483075335152743,0.017893333333333334,0.7839866666666667,99.84363380818938,0.15483075335152685,99.21601333333334,99.98210666666667,90.0,0.00017421621065857098,89.99640000000001,90.0036,0.0,0.0,0.0,0.0,4.897389103157894,4.849299041019164,0.5604192,24.5544624,3378.7085680954387,5.239493588081238,3357.4698912000003,3383.3944896000003,3473.6059571985966,0.39024884763880724,3472.0243536000003,3473.9549088000003
run_0406_cfg_041_seed_6_of0,6,10,18,5,40.0,16,20,OF0,855,15,99.67343859649122,1.0344783899424752,83.33,100.0,99.84402339181287,2.276398959821526,66.66,100.0,175.0374269005848,81.85234608803918,31,445,-77.05029239766081,10.668237204112456,-93,-51,1.053204678362573,0.11660105918836425,1.0,2.51,4.230409356725146,1.490645835829181,2,11,3.190643274853801,1.4158376283770582,1,7,3.2,1.2761549390929883,1,5,94680.21520467836,113388.82564669578,10104,556384,59905319.78479532,113386.97911173398,59443616,59989896,0.15780035049463995,0.18898133061565586,0.01684,0.9273066666666666,99.84219964950536,0.18898133061565675,99.07269333333333,99.98316,90.0,0.0006223269771678784,89.99049600000001,90.009504,0.0,0.0,0.0,0.0,4.94230723368421,5.918896698757518,0.5274288,29.043244799999997,3378.660035862457,6.395025621901804,3352.6199424,3383.4301344000005,3473.602343096141,0.47668783579740287,3471.6631872000003,3474.1410288000006
run_0407_cfg_041_seed_7_of0,7,10,18,5,40.0,16,20,OF0,855,15,99.80286549707601,0.7034687221276388,92.3,100.0,99.90252631578947,2.054136212004511,50.0,100.0,169.56842105263158,75.61951586454596,26,453,-77.18011695906432,10.720106412024727,-93,-51,1.0291345029239767,0.06801948622304155,1.0,1.53,4.178947368421053,1.3948806755777383,2,10,3.166081871345029,1.3723671298004338,1,8,3.2,1.2761549390929894,1,5,93014.10058479532,112338.38507791949,10224,568776,59906985.8994152,112341.36753418717,59431224,59989776,0.15502350752506627,0.18723070389312035,0.01704,0.9479599999999999,99.84497649247494,0.18723070389312135,99.05203999999999,99.98295999999999,90.0,0.0006703816243363189,89.99059199999999,90.009408,0.0,0.0,0.0,0.0,4.855336050526316,5.864063701067394,0.5336928,29.690107199999996,3378.754004727018,6.336053128928141,3351.9210336000006,3383.4233664000003,3473.6093407775443,0.4726512966589908,3471.6111408000006,3473.9570592000005
run_0408_cfg_041_seed_8_of0,8,10,18,5,40.0,16,20,OF0,855,15,99.98318128654971,0.256773683830614,93.75,100.0,100.0,0.0,100.0,100.0,169.65029239766082,74.92235197874405,30,355,-77.10175438596491,10.702171383806268,-93,-51,1.0344327485380118,0.08190858475451872,1.0,1.78,4.1649122807017545,1.35404129622208,2,8,3.1473684210526316,1.330348151746904,1,6,3.2,1.2761549390929887,1,5,93083.65847953217,116292.31141552592,10224,551744,59906916.341520466,116292.13866103019,59448256,59989776,0.15513943016612375,0.19382051702493824,0.01704,0.9195733333333332,99.84486056983388,0.19382051702493827,99.08042666666667,99.98295999999999,90.0,0.00011111207077342625,89.99786399999999,90.002136,0.0,0.0,0.0,0.0,4.8589669726315785,6.070458655890454,0.5336928,28.8010368,3378.750081661755,6.558876620482105,3352.8816384000006,3383.4233664000003,3473.6090486343865,0.48843517016647076,3471.6826752000006,3473.9570592000005
run_0409_cfg_041_seed_9_of0,9,10,18,5,40.0,16,20,OF0,855,15,99.97498245614035,0.34725516999410855,93.33,100.0,100.0,0.0,100.0,100.0,170.79766081871344,79.88890115954577,24,426,-76.62690058479532,10.684641809305052,-93,-51,1.044,0.09239539309459859,1.0,1.75,4.205847953216375,1.4074786699495314,2,8,3.176608187134503,1.3706236139194434,1,6,3.2,1.2761549390929887,1,5,93941.11812865497,93946.74514888295,10736,432672,59906058.88187134,93947.80168172099,59567328,59989264,0.15656853211695584,0.15657791003279875,0.017893333333333334,0.72112,99.84343146788304,0.15657791003279944,99.27888,99.98210666666667,90.0,0.00037221161919158343,89.99301600000001,90.006984,0.0,0.0,0.0,0.0,4.903726366315789,4.904020096771692,0.5604192,22.585478399999996,3378.701720937544,5.298656014849054,3359.5972992000006,3383.3944896000003,3473.60544730386,0.39487998546324443,3472.1827776000005,3473.9549088000003
run_0410_cfg_041_seed_10_of0,10,10,18,5,40.0,16,20,OF0,855,15,99.96507602339182,0.3903216863099481,91.66,100.0,99.96100584795322,1.1402039419506353,66.66,100.0,169.5309941520468,75.45723953621031,21,374,-76.62456140350878,10.661849748480066,-93,-51,1.0330409356725145,0.07276484828998499,1.0,1.57,4.146198830409356,1.3265109568842595,2,7,3.1333333333333333,1.310558813182493,1,5,3.2,1.2761549390929887,1,5,93106.53567251463,94068.83662803067,10736,432952,59906893.464327484,94069.21657644011,59567048,59989264,0.1551775588010747,0.15678139134365163,0.017893333333333334,0.7215866666666667,99.84482244119891,0.1567813913436526,99.27841333333333,99.98210666666667,90.0,0.0005187513381380212,89.99151599999999,90.008484,0.0,0.0,0.0,0.0,4.860161162105263,4.910393271983202,0.5604192,22.6000944,3378.7487913880705,5.305503814911253,3359.5815072,3383.3944896000003,3473.6089525501757,0.3955814189707283,3472.1816016000002,3473.9549088000003
run_0411_cfg_042_seed_1_of0,1,10,18,5,60.0,12,20,OF0,627,11,99.9811004784689,0.32297771085484217,92.3,100.0,100.0,0.0,100.0,100.0,93.97607655502392,40.23165033571632,24,249,-68.65390749601276,14.864666272647357,-93,-54,1.0106379585326952,0.03744527031960359,1.0,1.36,2.819776714513557,0.7201290804820769,2,5,1.8181818181818181,0.7163904098224003,1,3,5.818181818181818,2.3302678229409053,1,9,46506.30940988836,62348.52745480606,10224,316312,59953493.69059011,62348.5019729804,59683688,59989776,0.0775105156385315,0.10391421233192107,0.01704,0.5271866666666667,99.92248948436146,0.10391421233192141,99.47281333333333,99.98295999999999,90.0,9.495921438397315e-06,89.999832,90.000168,0.0,0.0,0.0,0.0,2.427629351196172,3.254593133140876,0.5336928,16.511486399999995,3381.3770441492825,3.51645551127611,3366.1600032,3383.4233664000003,3473.8046735004787,0.2618625778343365,3472.6714896000003,3473.9570592000005
run_0412_cfg_042_seed_2_of0,2,10,18,5,60.0,12,20,OF0,627,11,99.79347687400319,0.9783431423466904,85.71,100.0,99.94682615629985,1.3314713474060609,66.66,100.0,96.69377990430623,45.01744790856855,24,287,-66.66826156299841,13.23449109866869,-93,-51,1.016060606060606,0.04076680540923316,1.0,1.28,2.992025518341308,0.9499959034649411,2,6,1.9920255183413078,0.9499959034649411,1,5,5.818181818181818,2.3302678229409066,1,9,48924.912280701756,33392.72318288776,10736,178232,59951075.0877193,33394.293805913985,59821768,59989264,0.08154152017765173,0.05565453736537965,0.017893333333333334,0.29705333333333334,99.91845847982235,0.05565453736537929,99.70294666666668,99.98210666666667,90.0,0.0005328579883813001,89.992332,90.007668,0.0,0.0,0.0,0.0,2.5538804210526314,1.7431001501467418,0.5604192,9.3037104,3381.240634947369,1.88343817065369,3373.9477152000004,3383.3944896000003,3473.794515368422,0.14173137030964178,3473.2514256000004,3473.9549088000003
run_0413_cfg_042_seed_3_of0,3,10,18,5,60.0,12,20,OF0,627,11,99.98832535885167,0.21562799889767761,94.73,100.0,100.0,0.0,100.0,100.0,94.30462519936204,40.82192327007544,19,218,-70.01435406698565,14.914070741809176,-93,-51,1.0169856459330142,0.05304171109905241,1.0,1.6,2.8341307814992027,0.7485338184995834,2,6,1.8309409888357258,0.7456795095863313,1,5,5.818181818181818,2.330267822940906,1,9,47071.88516746411,34664.96272798343,10736,159664,59952928.114832535,34664.96272798397,59840336,59989264,0.07845314194577352,0.05777493787997236,0.017893333333333334,0.2661066666666667,99.92154685805423,0.05777493787997457,99.73389333333333,99.98210666666667,90.0,0.0,90.0,90.0,0.0,0.0,0.0,0.0,2.4571524057416267,1.8095110544007345,0.5604192,8.334460799999999,3381.345145676555,1.9551038978582689,3374.9949504000006,3383.3944896000003,3473.802298082297,0.1455928434575873,3473.329411200001,3473.9549088000003
run_0414_cfg_042_seed_4_of0,4,10,18,5,60.0,12,20,OF0,627,11,99.99805422647528,0.04872210689368098,98.78,100.0,100.0,0.0,100.0,100.0,94.08612440191388,40.533923576614825,30,235,-71.16427432216906,15.197111701412279,-93,-51,1.0159170653907497,0.04845451223808313,1.0,1.39,2.8293460925039873,0.739937861023209,2,5,1.8261562998405103,0.7348589187615613,1,4,5.818181818181818,2.3302678229409053,1,9,46866.39872408294,55092.248402406476,10224,249648,59953133.60127591,55092.24840240666,59750352,59989776,0.07811066454013822,0.09182041400401075,0.01704,0.41608,99.92188933545987,0.09182041400401114,99.58392,99.98295999999999,90.0,0.0,90.0,90.0,0.0,0.0,0.0,0.0,2.446426013397129,2.875815366605618,0.5336928,13.0316256,3381.3567351119623,3.1072028098957425,3369.9198528,3383.4233664000003,3473.803161125359,0.23138744329010888,3472.9514784000003,3473.9570592000005
run_0415_cfg_042_seed_5_of0,5,10,18,5,60.0,12,20,OF0,627,11,99.90741626794258,0.4221715017897711,92.85,100.0,99.94682615629985,1.3314713474060615,66.66,100.0,94.77990430622009,41.752573083538934,19,294,-72.83732057416267,14.63110863106637,-93,-51,1.0167304625199363,0.05472845321511712,1.0,1.54,2.8309409888357258,0.7370606340737897,2,5,1.8245614035087718,0.7312095043656806,1,4,5.818181818181818,2.3302678229409066,1,9,46976.53588516746,45966.712882619024,10224,225896,59953023.46411483,45965.55081463894,59774104,59989776,0.07829422344801068,0.07661118460919558,0.01704,0.37649333333333335,99.92170577655199,0.07661118460919646,99.62350666666666,99.98295999999999,90.0,0.0005012489959196427,89.99113200000001,90.008868,0.0,0.0,0.0,0.0,2.4521751732057417,2.399462412472713,0.5336928,11.791771200000001,3381.350523376077,2.5924570659456916,3371.2594656000006,3383.4233664000003,3473.802698549283,0.1938903230513311,3473.0512368000004,3474.1070712
run_0416_cfg_042_seed_6_of0,6,10,18,5,60.0,12,20,OF0,627,11,99.81299840510367,0.8854669378810988,87.5,100.0,100.0,0.0,100.0,100.0,93.97129186602871,40.463952388479136,20,203,-65.14354066985646,13.378555711990682,-93,-51,1.0082296650717704,0.02999826747472404,1.0,1.29,2.821371610845295,0.7238449214513972,2,5,1.821371610845295,0.7238449214513974,1,4,5.818181818181818,2.3302678229409057,1,9,46932.746411483255,35164.55105417017,10104,170864,59953067.25358852,35164.551054169984,59829136,59989896,0.07822124401913876,0.05860758509028364,0.01684,0.2847733333333333,99.92177875598087,0.05860758509028507,99.71522666666667,99.98316,90.0,0.0,90.0,90.0,0.0,0.0,0.0,0.0,2.449889362679426,1.8355895650276832,0.5274288,8.919100799999999,3381.352993102393,1.9832806794551998,3374.3632704000006,3383.4301344000005,3473.802882465072,0.1476911144275312,3473.2823712000004,3473.9575632000005
run_0417_cfg_042_seed_7_of0,7,10,18,5,60.0,12,20,OF0,627,11,99.99845295055822,0.038738068595796385,99.03,100.0,100.0,0.0,100.0,100.0,93.83572567783094,40.84049233651382,26,215,-64.94417862838915,13.707058782482978,-93,-51,1.0101594896331738,0.03233668850363775,1.0,1.28,2.8341307814992027,0.7421039097733051,2,5,1.8341307814992025,0.7421039097733053,1,4,5.818181818181818,2.330267822940906,1,9,46975.57894736842,39253.46190094593,10736,182808,59953024.421052635,39253.39991332408,59817192,59989264,0.078292631000114,0.06542243583245991,0.017893333333333334,0.30468,99.92170736899989,0.0654224358324612,99.69532,99.98210666666667,90.0,0.00028826904366200344,89.9949,90.0051,0.0,0.0,0.0,0.0,2.4521252210526314,2.049030711229377,0.5604192,9.5425776,3381.350577347369,2.2138917551115154,3373.6896288000003,3383.3944896000003,3473.802702568422,0.16520885576582012,3473.2322064000005,3473.9950584000007
run_0418_cfg_042_seed_8_of0,8,10,18,5,60.0,12,20,OF0,627,11,99.81539074960128,0.8777332293078742,87.5,100.0,99.94682615629985,1.3314713474060615,66.66,100.0,94.70813397129187,40.56111210903815,28,233,-68.83253588516746,14.792030940400345,-93,-54,1.010542264752791,0.03600709084373309,1.0,1.28,2.821371610845295,0.7238449214513971,2,5,1.821371610845295,0.7238449214513972,1,4,5.818181818181818,2.330267822940906,1,9,46914.67942583732,55232.79533231458,10224,267728,59953085.320574164,55232.79533231458,59732272,59989776,0.07819113237639554,0.09205465888719092,0.01704,0.44621333333333335,99.9218088676236,0.0920546588871913,99.55378666666667,99.98295999999999,90.0,0.0,90.0,90.0,0.0,0.0,0.0,0.0,2.448946266028708,2.8831519163468187,0.5336928,13.9754016,3381.3540120803827,3.115129656742556,3368.9001408000004,3383.4233664000003,3473.8029583464117,0.23197774039577304,3472.8755424000005,3473.9570592000005
run_0419_cfg_042_seed_9_of0,9,10,18,5,60.0,12,20,OF0,627,11,99.98615629984052,0.2438772169291037,94.11,100.0,100.0,0.0,100.0,100.0,94.99521531100478,42.61614435654388,20,261,-66.89473684210526,13.626759793823348,-93,-51,1.0192822966507178,0.05328471109886451,1.0,1.49,2.872408293460925,0.7991535692714833,2,5,1.8660287081339713,0.7940940258295823,1,4,5.818181818181818,2.3302678229409057,1,9,47673.93939393939,35699.536829708944,10224,167480,59952326.06060606,35699.53682970948,59832520,59989776,0.07945656565656566,0.05949922804951493,0.01704,0.27913333333333334,99.92054343434343,0.059499228049514505,99.72086666666667,99.98295999999999,90.0,0.0,90.0,90.0,0.0,0.0,0.0,0.0,2.4885796363636365,1.8635158225108075,0.5336928,8.742455999999999,3381.311189818182,2.013453877195651,3374.5541280000007,3383.4233664000003,3473.7997694545456,0.14993805468476856,3473.2965840000006,3473.9570592000005
run_0420_cfg_042_seed_10_of0,10,10,18,5,60.0,12,20,OF0,627,11,99.99904306220095,0.02396169191492594,99.4,100.0,100.0,0.0,100.0,100.0,94.2822966507177,39.78277746181624,23,202,-70.99362041467305,15.04699637173334,-93,-51,1.0113875598086124,0.0334132041147158,1.0,1.31,2.8181818181818183,0.7163904098224002,2,4,1.8181818181818181,0.7163904098224003,1,3,5.818181818181818,2.330267822940905,1,9,46892.121212121216,50235.93666501585,10736,233232,59953107.878787875,50235.936665016125,59766768,59989264,0.07815353535353535,0.08372656110835974,0.017893333333333334,0.38872,99.92184646464646,0.08372656110836019,99.61128000000001,99.98210666666667,90.0,0.0,90.0,90.0,0.0,0.0,0.0,0.0,2.4477687272727273,2.6223158939138274,0.5604192,12.174710399999999,3381.3552843636367,2.833306827906913,3370.8457152,3383.3944896000003,3473.8030530909095,0.21099093399310354,3473.0204256,3473.9549088000003
run_0421_cfg_043_seed_1_of0,1,10,18,10,50.0,12,5,OF0,627,11,99.96877192982456,0.19297550038164754,96.42,100.0,99.98548644338118,0.3634189940430449,90.9,100.0,114.01275917065391,55.5565782177897,37,263,-69.45933014354067,10.956908984866688,-94,-52,1.0194417862838916,0.04480530521844298,1.0,1.38,3.094098883572568,1.001156013820192,2,5,2.090909090909091,0.9966542927526431,1,4,4.545454545454546,1.7782204486465953,1,7,186897.21212121213,191873.04533158365,47104,794384,59813102.78787879,191873.39417747993,59205616,59952896,0.31149535464140266,0.31978841393989166,0.07850666666666667,1.3239733333333332,99.68850464535859,0.3197884139398919,98.67602666666667,99.92149333333333,90.0,0.00035285236619797317,89.9949,90.0051,0.0,0.0,0.0,0.0,9.756034472727272,10.015772966308667,2.4588288,41.4668448,3373.458997236364,10.821659431609866,3339.1967424000004,3381.3433344000005,3473.2150317090914,0.805993727426297,3470.6635872000006,3473.8021632000005
run_0422_cfg_043_seed_2_of0,2,10,18,10,50.0,12,5,OF0,627,11,99.94508771929824,0.20365851177310065,97.14,100.0,99.96631578947368,0.5967737936777913,88.88,100.0,112.7639553429027,54.867442137341264,39,264,-68.36044657097288,10.400336308380247,-94,-52,1.0265709728867622,0.056663453403475936,1.0,1.39,3.094098883572568,0.9995591407362664,2,5,2.090909090909091,0.9966542927526437,1,4,4.545454545454546,1.7782204486465947,1,7,187881.78628389156,133548.34431762836,46008,762248,59812118.21371611,133548.0413477012,59237752,59953992,0.3131363084102905,0.22258055770963617,0.07668,1.2704133333333332,99.6868636915897,0.222580557709636,98.72958666666666,99.92332,90.0,0.00039475901979006044,89.99301600000001,90.006984,0.0,0.0,0.0,0.0,9.807429244019138,6.971223573380198,2.4016176,39.7893456,3373.4034672535886,7.532109532010346,3341.0092128000006,3381.4051488000005,3473.210896497608,0.5610774397008174,3470.7985584000007,3473.8067664000005
run_0423_cfg_043_seed_3_of0,3,10,18,10,50.0,12,5,OF0,627,11,99.96212121212122,0.11755413944002996,98.41,100.0,99.95215311004785,0.6906086047034692,90.0,100.0,113.9298245614035,55.651656656628994,40,253,-69.86602870813397,10.48205117443412,-94,-52,1.035103668261563,0.07435417640470958,1.0,1.73,3.1036682615629982,1.0160544838023995,2,7,2.090909090909091,0.9966542927526426,1,4,4.545454545454546,1.7782204486465953,1,7,188368.0255183413,176518.7183790927,46008,773432,59811631.97448166,176518.78726000738,59226568,59953992,0.31394670761648324,0.29419786469484377,0.07668,1.2890533333333334,99.68605329238352,0.2941978646948439,98.71094666666667,99.92332,90.0,0.0005602334976468195,89.99151599999999,90.008484,0.0,0.0,0.0,0.0,9.832810932057416,9.21427709938864,2.4016176,40.37315039999999,3373.376043360766,9.955659601464417,3340.3784352000002,3381.4051488000005,3473.208854292823,0.7416750545890316,3470.7515856,3473.8067664000005
run_0424_cfg_043_seed_4_of0,4,10,18,10,50.0,12,5,OF0,627,11,99.94106858054226,0.20261069254430883,96.0,100.0,99.95180223285486,0.6980207795968518,88.88,100.0,113.52631578947368,55.81279062282932,34,270,-69.51515151515152,11.416218359437638,-94,-52,1.030079744816587,0.06058680057379373,1.0,1.57,3.0956937799043063,1.0002063470856337,2,5,2.090909090909091,0.996654292752643,1,4,4.545454545454546,1.7782204486465958,1,7,188923.01116427433,147309.8262951596,46008,656528,59811076.98883572,147307.86286228072,59343472,59953992,0.3148716760834268,0.2455163350768757,0.07668,1.0942133333333333,99.68512832391657,0.24551633507687468,98.90578666666666,99.92332,90.0,0.0004386354093829897,89.992632,90.007368,0.0,0.0,0.0,0.0,9.861781182775118,7.689572932607333,2.4016176,34.2707616,3373.3447421703354,8.308163465432632,3346.9718208000004,3381.4051488000005,3473.2065233531107,0.6188024456684841,3471.2425824,3473.8067664000005
run_0425_cfg_043_seed_5_of0,5,10,18,10,50.0,12,5,OF0,627,11,99.9119298245614,0.16649729637483207,99.02,100.0,99.91668261562998,0.9313121560538066,88.88,100.0,113.92025518341308,56.56193434234898,34,263,-69.38755980861244,11.136305001385217,-94,-52,1.031866028708134,0.06546121387068898,1.0,1.56,3.113237639553429,1.0429744632430689,2,6,2.1052631578947367,1.0307203284565245,1,5,4.545454545454546,1.7782204486465947,1,7,188332.7081339713,144956.00046455424,45568,554912,59811669.384370014,144954.07847258987,59445088,59954432,0.31388782812359906,0.24159331572868503,0.07594666666666666,0.9248533333333333,99.6861121718764,0.24159331572868525,99.07514666666667,99.92405333333333,90.00000313875597,0.00012311027115185117,89.998332,90.001968,0.0,0.0,0.0,0.0,9.8309673645933,7.566703224249734,2.3786495999999997,28.966406399999997,3373.378153278469,8.175410025854067,3352.7029632,3381.4299648,3473.2091237818186,0.6087211126767645,3471.6693695999998,3473.849680800001
run_0426_cfg_043_seed_6_of0,6,10,18,10,50.0,12,5,OF0,627,11,99.98424242424242,0.11314072178372853,97.56,100.0,99.98405103668262,0.3993615319154357,90.0,100.0,113.1323763955343,55.54757930556419,38,255,-68.69218500797449,10.810419162572268,-94,-52,1.023700159489633,0.05210912042324668,1.0,1.29,3.090909090909091,0.9966542927526434,2,5,2.090909090909091,0.9966542927526434,1,4,4.545454545454546,1.7782204486465951,1,7,187713.1610845295,171188.64413616955,46008,757376,59812286.83891547,171187.9793324884,59242624,59953992,0.3128552650755072,0.2853143988714869,0.07668,1.2622933333333333,99.68714473492449,0.2853143988714873,98.73770666666667,99.92332,90.0,0.00019932897014374407,89.99713200000001,90.002868,0.0,0.0,0.0,0.0,9.79862700861244,8.936047223908044,2.4016176,39.5350272,3373.412977714833,9.655002034352345,3341.2839936000005,3381.4051488000005,3473.2116047234454,0.7189919951609473,3470.8190208000005,3473.8067664000005
run_0427_cfg_043_seed_7_of0,7,10,18,10,50.0,12,5,OF0,627,11,99.9124880382775,0.2827775253627743,96.42,100.0,99.96953748006379,0.5395361957277304,90.0,100.0,113.70175438596492,56.62658961891746,35,269,-67.85007974481658,10.64620614421851,-94,-52,1.0295853269537478,0.059552272324323335,1.0,1.44,3.1036682615629982,1.0160544838023993,2,6,2.0972886762360448,1.0056274492537751,1,4,4.545454545454546,1.7782204486465951,1,7,188705.31419457734,144316.97091955176,46008,771288,59811294.685805425,144317.10133884064,59228712,59953992,0.3145088574276105,0.24052828741060558,0.07668,1.28548,99.68549114257239,0.24052828741060553,98.71452,99.92332,90.0,0.00011869901797861137,89.9979,90.0021,0.0,0.0,0.0,0.0,9.850417400956937,7.533345882000595,2.4016176,40.2612336,3373.357020279426,8.139484515510613,3340.4993568000004,3381.4051488000005,3473.207437680383,0.6061548895090194,3470.7605904000006,3473.8067664000005
run_0428_cfg_043_seed_8_of0,8,10,18,10,50.0,12,5,OF0,627,11,99.97535885167464,0.12322603363256569,97.67,100.0,99.96810207336523,0.5643312101984089,90.0,100.0,114.10845295055822,56.970069845015495,34,275,-69.80701754385964,10.72705584180664,-94,-52,1.0242583732057418,0.051226648908275156,1.0,1.44,3.0925039872408293,0.9989089645172987,2,5,2.090909090909091,0.9966542927526431,1,4,4.545454545454546,1.7782204486465942,1,7,186881.04625199363,179226.6862686818,45680,766496,59813118.95374801,179233.4084094618,59233504,59954320,0.31146844129367274,0.2987112317427643,0.07613333333333333,1.2774933333333334,99.68853155870633,0.2987112317427642,98.72250666666666,99.92386666666667,90.0,0.0006468648203808272,89.99113200000001,90.008868,0.0,0.0,0.0,0.0,9.755190614354065,9.355633023225186,2.384496,40.011091199999996,3373.459908991388,10.108764234293652,3340.7696256000004,3381.4236480000004,3473.215099605742,0.7535249792543127,3470.7807168000004,3473.8081440000005
run_0429_cfg_043_seed_9_of0,9,10,18,10,50.0,12,5,OF0,627,11,99.93677830940989,0.19202257997969535,96.42,100.0,99.95215311004785,0.6906086047034687,90.0,100.0,112.792663476874,55.47761034510974,37,251,-69.36044657097288,10.810489158155354,-94,-52,1.0223604465709728,0.05325066618364064,1.0,1.55,3.0956937799043063,1.0049862692032794,2,6,2.090909090909091,0.9966542927526431,1,4,4.545454545454546,1.7782204486465958,1,7,187707.5725677831,160549.95989276294,46008,879840,59812292.42743222,160550.6969015526,59120160,59953992,0.31284595368880946,0.2675832632827161,0.07668,1.4664,99.68715404631119,0.2675832632827163,98.53359999999999,99.92332,90.0,0.0007968065013776629,89.99194800000001,90.00805199999999,0.0,0.0,0.0,0.0,9.798335288038276,8.380707906402225,2.4016176,45.927648,3373.4132929071775,9.055059305247559,3334.3770240000003,3381.4051488000005,3473.2116281952153,0.6750027073188115,3470.304672,3474.0344424000004
run_0430_cfg_043_seed_10_of0,10,10,18,10,50.0,12,5,OF0,627,11,99.97687400318979,0.20716122136968554,95.65,100.0,99.98548644338118,0.36341899404304656,90.9,100.0,113.47527910685805,55.58972781351283,35,253,-68.49760765550239,10.698955370723523,-94,-52,1.0235406698564593,0.04872068977027264,1.0,1.47,3.0925039872408293,0.9957054499374774,2,5,2.090909090909091,0.9966542927526434,1,4,4.545454545454546,1.7782204486465951,1,7,188182.09888357256,142484.80802344874,45920,763576,59811817.90111643,142484.13568652218,59236424,59954080,0.31363682786501074,0.23747466959555547,0.07653333333333334,1.2726266666666666,99.68636317213499,0.2374746695955557,98.72737333333333,99.92346666666667,90.0,0.0003947590197909211,89.99301600000001,90.006984,0.0,0.0,0.0,0.0,9.823105561722487,7.437706978824023,2.3970239999999996,39.8586672,3373.386529622967,8.036105252719837,3340.9343136000007,3381.410112,3473.2096351846894,0.5985771718450129,3470.792980800001,3473.807136
run_0431_cfg_044_seed_1_mrhof,1,10,18,10,50.0,16,10,MRHOF,855,15,99.83530994152046,0.5038968669635803,96.15,100.0,99.88301754385965,1.609184199446434,66.66,100.0,151.64912280701753,79.6925498535279,34,380,-70.64912280701755,10.447747582972145,-94,-52,1.0333567251461988,0.09625825308349745,1.0,3.0,3.736842105263158,1.3949513659793136,2,7,2.7333333333333334,1.389657346608726,1,5,4.8,1.3767898718715414,3,7,149892.7438596491,158598.15455845522,25560,722864,59850107.25614035,158598.88925755981,59277136,59974440,0.2498212410840303,0.2643302854913706,0.0426,1.2047733333333333,99.75017875891596,0.26433028549137044,98.79522666666666,99.95739999999999,90.0,0.0005611222612208899,89.9919,90.00810000000001,0.0,0.0,0.0,0.0,7.824401229473684,8.278823667951363,1.3342319999999999,37.733500799999995,3375.546049246316,8.944977354126365,3343.2304704000003,3382.5584160000008,3473.3704504757898,0.6664812798822284,3470.9639712000003,3473.892648000001
run_0432_cfg_044_seed_2_mrhof,2,10,18,10,50.0,16,10,MRHOF,855,15,99.92278362573099,0.38416729951582707,94.11,100.0,99.953216374269,0.9667351650565205,80.0,100.0,149.87134502923976,79.34293875126895,29,387,-71.13333333333334,9.890903729224961,-94,-59,1.0285263157894737,0.058577428871356675,1.0,1.56,3.7333333333333334,1.3896573466087272,2,6,2.7333333333333334,1.3896573466087272,1,5,4.8,1.3767898718715412,3,7,149730.87251461987,142682.61090330512,25560,498688,59850269.12748538,142682.6109033051,59501312,59974440,0.24955145419103314,0.2378043515055085,0.0426,0.8311466666666666,99.75044854580896,0.23780435150550752,99.16885333333333,99.95739999999999,90.0,0.0,90.0,90.0,0.0,0.0,0.0,0.0,7.815951545263157,7.448032289152523,1.3342319999999999,26.0315136,3375.555178790176,8.047299254946426,3355.8739968,3382.5584160000008,3473.371130335439,0.5992669657939035,3471.9055104,3473.892648000001
run_0433_cfg_044_seed_3_mrhof,3,10,18,10,50.0,16,10,MRHOF,855,15,99.86012865497077,0.47486160420430884,92.85,100.0,99.91422222222222,1.2570582261035974,80.0,100.0,150.17894736842106,79.45182227062213,31,333,-70.73333333333333,10.233182925506867,-94,-52,1.0318947368421052,0.06331152787945238,1.0,1.39,3.7333333333333334,1.389657346608726,2,6,2.7333333333333334,1.389657346608726,1,5,4.8,1.3767898718715428,3,7,149405.4456140351,189991.43033371173,25560,770520,59850594.55438597,189992.1083931105,59229480,59974440,0.249009079565308,0.31665240214224105,0.0426,1.2842,99.75099092043469,0.3166524021422402,98.7158,99.95739999999999,90.0,7.317080847720947e-05,89.998488,90.001512,0.0,0.0,0.0,0.0,7.798964261052631,9.917552663419755,1.3342319999999999,40.221143999999995,3375.573532867369,10.715554913371443,3340.5426720000005,3382.5584160000008,3473.3724971284214,0.7980079017895034,3470.7638160000006,3473.892648000001
run_0434_cfg_044_seed_4_mrhof,4,10,18,10,50.0,16,10,MRHOF,855,15,99.9860350877193,0.12901654191712486,97.29,100.0,99.9766081871345,0.6839855680567694,80.0,100.0,148.81286549707602,77.65660356882015,33,355,-69.93333333333334,10.661230074334398,-94,-52,1.0259181286549708,0.06088779434342199,1.0,1.53,3.7333333333333334,1.3896573466087259,2,6,2.7333333333333334,1.3896573466087259,1,5,4.8,1.3767898718715423,3,7,149514.2923976608,126847.79027648375,25560,466888,59850485.70760234,126848.09947036915,59533112,59974440,0.24919048815451045,0.2114129893082731,0.0426,0.7781466666666668,99.75080951184549,0.21141298930827282,99.22185333333333,99.95739999999999,90.0,0.00020778524312385258,89.99640000000001,90.0036,0.0,0.0,0.0,0.0,7.804646063157894,6.6214546524324485,1.3342319999999999,24.3715536,3375.5673939087724,7.1542328101288035,3357.6675168,3382.5584160000008,3473.3720399719305,0.5328346098753629,3472.0390704,3473.892648000001
run_0435_cfg_044_seed_5_mrhof,5,10,18,10,50.0,16,10,MRHOF,855,15,99.89705263157894,0.5189628603168699,90.9,100.0,99.96100584795322,0.8057737600746123,83.33,100.0,149.66666666666666,78.93922008978853,33,363,-68.86666666666666,10.313743360571292,-94,-52,1.024701754385965,0.05449253808110235,1.0,1.44,3.7333333333333334,1.389657346608726,2,6,2.7333333333333334,1.389657346608726,1,5,4.8,1.3767898718715426,3,7,150013.85730994152,91193.11542594474,25560,346976,59849986.142690055,91194.99884708416,59653024,59974440,0.2500230978618499,0.1519885374243807,0.0426,0.5782933333333333,99.74997690213814,0.15198853742438018,99.42170666666667,99.95739999999999,90.0,0.0006285048165681999,89.99151599999999,90.008484,0.0,0.0,0.0,0.0,7.830723351578946,4.760280625234319,1.3342319999999999,18.1121472,3375.5392184477196,5.143397934975557,3364.4305536000006,3382.5584160000008,3473.3699417992984,0.3838318572113992,3472.5427008000006,3473.892648000001
run_0436_cfg_044_seed_6_mrhof,6,10,18,10,50.0,16,10,MRHOF,855,15,99.88776608187133,0.25991313901343555,98.0,100.0,99.91422222222222,1.2570582261035956,80.0,100.0,150.9719298245614,80.88935779270871,31,368,-71.33333333333333,10.867091460689386,-94,-52,1.0400233918128656,0.07766649059482379,1.0,1.77,3.7333333333333334,1.389657346608726,2,6,2.7333333333333334,1.389657346608726,1,5,4.8,1.376789871871541,3,7,150836.25730994152,151691.29525747083,25560,669728,59849163.74269006,151691.52942200852,59330272,59974440,0.25139376202492547,0.25281882684140167,0.0426,1.1162133333333333,99.74860623797507,0.2528188268414016,98.88378666666667,99.95739999999999,90.0,0.0004320772764610864,89.9919,90.00810000000001,0.0,0.0,0.0,0.0,7.873652631578947,7.91828561243998,1.3342319999999999,34.9598016,3375.49283508772,8.555402259401275,3346.2273408000005,3382.5584160000008,3473.3664877192987,0.6373194281366266,3471.1871424000005,3473.892648000001
run_0437_cfg_044_seed_7_mrhof,7,10,18,10,50.0,16,10,MRHOF,855,15,99.9877894736842,0.10443402781379962,98.14,100.0,99.9766081871345,0.6839855680567691,80.0,100.0,151.63976608187136,81.62072456859305,31,397,-69.8,8.663011899775048,-94,-59,1.036280701754386,0.06934768519662299,1.0,1.72,3.7391812865497074,1.3979063581178328,2,7,2.7380116959064327,1.3955913438131804,1,5,4.8,1.3767898718715426,3,7,150247.47602339182,153785.67262479925,25560,640216,59849752.52397661,153785.08725448736,59359784,59974440,0.2504124563984407,0.256309451909717,0.0426,1.0670266666666668,99.74958754360156,0.25630945190971666,98.93297333333334,99.95739999999999,90.0,0.00043095971545679837,89.99194800000001,90.00805199999999,0.0,0.0,0.0,0.0,7.842918248421052,8.027612111014509,1.3342319999999999,33.4192752,3375.5260423522814,8.67347892115311,3347.8918176,3382.5584160000008,3473.368960600702,0.6460645885566993,3471.3110928,3474.1621944
run_0438_cfg_044_seed_8_mrhof,8,10,18,10,50.0,16,10,MRHOF,855,15,99.98922807017543,0.1375440765050755,96.87,100.0,100.0,0.0,100.0,100.0,149.84327485380118,79.51529832943905,31,341,-72.6,10.824834833859036,-94,-52,1.0258245614035089,0.05352223469553458,1.0,1.43,3.7333333333333334,1.3896573466087274,2,6,2.7333333333333334,1.3896573466087274,1,5,4.8,1.376789871871542,3,7,148878.63391812865,172431.40435869136,25472,695728,59851121.36608187,172431.04861989061,59304272,59974528,0.24813105343154465,0.2873856736043887,0.04245333333333333,1.1595466666666667,99.75186894656845,0.28738567360438794,98.84045333333333,99.95754666666666,90.0,0.0004767748794915963,89.990364,90.009636,0.0,0.0,0.0,0.0,7.771464690526315,9.000919307523693,1.3296384,36.3170016,3375.603245047018,9.725111142161841,3344.7609408000003,3382.5633792000003,3473.3747097375444,0.7244081454257307,3471.0779424,3473.9322600000005
run_0439_cfg_044_seed_9_mrhof,9,10,18,10,50.0,16,10,MRHOF,855,15,99.97501754385965,0.1840863722058183,96.29,100.0,99.98050292397662,0.5701019709753176,83.33,100.0,148.70058479532165,78.20215913174034,34,336,-71.2,10.888771261187108,-94,-52,1.024140350877193,0.05446077115433201,1.0,1.53,3.734502923976608,1.3903027165789483,2,6,2.7333333333333334,1.3896573466087265,1,5,4.8,1.3767898718715417,3,7,149201.7216374269,126180.32364678966,25560,474224,59850798.27836257,126182.34074790461,59525776,59974440,0.24866953997455798,0.21030055891458488,0.0426,0.7903733333333333,99.75133046002543,0.21030055891458427,99.20962666666667,99.95739999999999,90.0,0.0007168535464279408,89.991864,90.00813600000001,0.0,0.0,0.0,0.0,7.788329869473683,6.586612894362423,1.3342319999999999,24.754492799999998,3375.5850228996496,7.116684018181812,3357.2537664000006,3382.5584160000008,3473.3733527691234,0.5307435448587183,3472.0041288,3473.892648000001
run_0440_cfg_044_seed_10_mrhof,10,10,18,10,50.0,16,10,MRHOF,855,15,99.97557894736842,0.3246087329891947,92.85,100.0,100.0,0.0,100.0,100.0,149.36023391812864,79.10181569247867,30,347,-70.9029239766082,8.948914518847648,-94,-60,1.0310877192982457,0.0674101746072271,1.0,1.79,3.7391812865497074,1.3987437601079635,2,7,2.736842105263158,1.3941116860111478,1,5,4.8,1.3767898718715428,3,7,150554.70409356724,124148.78343952079,25560,474192,59849445.29590643,124150.78983178038,59525808,59974440,0.25092451274403066,0.20691467380955741,0.0426,0.7903200000000001,99.74907548725596,0.2069146738095561,99.20968,99.95739999999999,90.0,0.0004024884655135748,89.993748,90.00625199999999,0.0,0.0,0.0,0.0,7.85895555368421,6.480566495542983,1.3342319999999999,24.7528224,3375.5087146891233,7.002104546512431,3357.2555712,3382.5584160000008,3473.3676702428074,0.521755618749883,3471.8513352,3473.9991192000007
run_0441_cfg_045_seed_1_mrhof,1,10,20,0,40.0,12,20,MRHOF,627,11,99.99500797448167,0.12500015948952947,96.87,100.0,100.0,0.0,100.0,100.0,134.62998405103667,55.920358651041276,29,285,-73.63636363636364,10.20861401828214,-84,-51,1.0213875598086124,0.06746544285172767,1.0,1.71,3.547049441786284,0.9914668204322615,2,6,2.5454545454545454,0.9883139428379533,1,4,3.272727272727273,1.4211791645789371,1,5,70356.00637958532,84261.37532845508,10136,420416,59929643.99362042,84261.37532845509,59579584,59989864,0.1172600106326422,0.14043562554742506,0.016893333333333333,0.7006933333333333,99.88273998936737,0.14043562554742534,99.29930666666667,99.98310666666667,90.0,0.0,90.0,90.0,0.0,0.0,0.0,0.0,3.6725835330143535,4.398443792145352,0.5290992,21.9457152,3380.0319212401914,4.752341568524807,3360.2885376000004,3383.4283296,3473.7045047732063,0.35389777637952274,3472.2342528000004,3473.9574288
run_0442_cfg_045_seed_2_mrhof,2,10,20,0,40.0,12,20,MRHOF,627,11,99.98574162679425,0.16000464322106883,97.22,100.0,100.0,0.0,100.0,100.0,132.8883572567783,56.284991743269316,28,274,-73.27272727272727,10.189135010517909,-84,-51,1.0229186602870814,0.09827228630224963,1.0,2.89,3.555023923444976,1.0054576903870112,2,6,2.553429027113238,1.0039539464060707,1,5,3.272727272727273,1.4211791645789371,1,5,70138.98564593302,59328.60836517,10736,268376,59929861.014354065,59327.96129140999,59731624,59989264,0.11689830691054452,0.09888100970230598,0.017893333333333334,0.4472933333333333,99.88310169308946,0.09888100970230707,99.55270666666667,99.98210666666667,90.0,0.00048294543576887615,89.993448,90.006552,0.0,0.0,0.0,0.0,3.661255050717703,3.096953356661873,0.5604192,14.0092272,3380.04416120957,3.3460970168355146,3368.8635936,3383.3944896000003,3473.705416260287,0.24978867674635746,3472.8728208,3474.1852704000003
run_0443_cfg_045_seed_3_mrhof,3,10,20,0,40.0,12,20,MRHOF,627,11,99.96354066985646,0.44359794512779205,92.85,100.0,100.0,0.0,100.0,100.0,132.98086124401914,57.041319174671855,30,297,-73.63636363636364,10.208614018282137,-84,-51,1.025023923444976,0.05833245362235615,1.0,1.47,3.5454545454545454,0.9883139428379524,2,5,2.5454545454545454,0.9883139428379524,1,4,3.272727272727273,1.4211791645789364,1,5,70077.46092503988,83751.16200666186,10224,399272,59929922.53907496,83750.88808598636,59600728,59989776,0.11679576706987733,0.13958527054413575,0.01704,0.6654533333333333,99.88320423293013,0.13958527054413714,99.33454666666667,99.98295999999999,90.0,0.00028555592325082925,89.99494800000001,90.005052,0.0,0.0,0.0,0.0,3.6580434602870815,4.371810656747748,0.5336928,20.841998399999998,3380.047631203828,4.723550088049659,3361.4810592,3383.4233664000003,3473.705674664115,0.35189916136353977,3472.3230576,3474.1140312000007
run_0444_cfg_045_seed_4_mrhof,4,10,20,0,40.0,12,20,MRHOF,627,11,99.79462519936205,0.9840564372840327,85.71,100.0,100.0,0.0,100.0,100.0,136.33014354066987,57.833857284309865,28,365,-73.27272727272727,10.189135010517903,-84,-51,1.0294736842105263,0.06693096815425771,1.0,1.59,3.5454545454545454,0.9883139428379518,2,5,2.5454545454545454,0.9883139428379518,1,4,3.272727272727273,1.421179164578937,1,5,70745.41626794258,59544.436794812565,10736,260616,59929263.03030303,59537.302628454694,59739384,59989264,0.11790899657334536,0.09924069857323321,0.017893333333333334,0.43436,99.88209100342665,0.0992406985732326,99.56564,99.98210666666667,90.00001266985646,0.0005932115100228572,89.99113200000001,90.008868,0.0,0.0,0.0,0.0,3.6929107291866026,3.1082196006892144,0.5604192,13.604155200000001,3380.010434909091,3.3579038682448954,3369.3012576000006,3383.3944896000003,3473.7033583081343,0.25064519722389433,3472.9054128000007,3473.9549088000003
run_0445_cfg_045_seed_5_mrhof,5,10,20,0,40.0,12,20,MRHOF,627,11,99.99199362041468,0.1446777181592227,96.55,100.0,100.0,0.0,100.0,100.0,134.4098883572568,55.91655208105096,24,296,-73.36363636363636,10.235337124533855,-84,-51,1.0229824561403509,0.05727467041053163,1.0,1.43,3.5454545454545454,0.9883139428379533,2,5,2.5454545454545454,0.9883139428379533,1,4,3.272727272727273,1.4211791645789376,1,5,70662.78787878787,59854.07242964672,10736,292808,59929337.21212121,59854.072429646614,59707192,59989264,0.11777131313131313,0.09975678738274463,0.017893333333333334,0.4880133333333333,99.88222868686869,0.0997567873827449,99.51198666666666,99.98210666666667,90.0,0.0,90.0,90.0,0.0,0.0,0.0,0.0,3.6885975272727265,3.124382580827559,0.5604192,15.2845776,3380.014618763637,3.3757696850320937,3367.4856288000005,3383.3944896000003,3473.7032162909095,0.2513871042045468,3472.7702064000005,3473.9549088000003
run_0446_cfg_045_seed_6_mrhof,6,10,20,0,40.0,12,20,MRHOF,627,11,99.97502392344497,0.19147266274044197,97.14,100.0,99.94682615629985,1.3314713474060633,66.66,100.0,134.3732057416268,57.15500293756504,26,302,-73.72727272727273,10.251499043844676,-84,-51,1.0165709728867622,0.04254160886889715,1.0,1.29,3.5454545454545454,0.9883139428379524,2,5,2.5454545454545454,0.9883139428379524,1,4,3.272727272727273,1.4211791645789364,1,5,69887.59170653908,83574.18891234895,10224,393816,59930112.40829346,83573.67179066763,59606184,59989776,0.11647931772635885,0.139290302886104,0.01704,0.65636,99.88352068227364,0.13929030288610467,99.34364,99.98295999999999,90.0,0.00030997400694932883,89.99451599999999,90.005484,0.0,0.0,0.0,0.0,3.648132287081339,4.362572661224617,0.5336928,20.5571952,3380.0583398277513,4.713555088993687,3361.7887776000002,3383.4233664000003,3473.706472114833,0.3511707500190346,3472.3459728000003,3473.9570592000005
run_0447_cfg_045_seed_7_mrhof,7,10,20,0,40.0,12,20,MRHOF,627,11,99.9639393939394,0.169575535192242,98.91,100.0,99.94682615629985,1.3314713474060622,66.66,100.0,134.26634768740033,55.99527193550646,27,260,-73.72727272727273,10.251499043844671,-84,-51,1.0200956937799044,0.04914921952736282,1.0,1.33,3.5454545454545454,0.9883139428379527,2,5,2.5454545454545454,0.9883139428379527,1,4,3.272727272727273,1.421179164578937,1,5,70000.95693779904,83374.83041627267,10224,387224,59929999.0430622,83374.83041627264,59612776,59989776,0.1166682615629984,0.13895805069378778,0.01704,0.6453733333333334,99.88333173843701,0.13895805069378941,99.35462666666666,99.98295999999999,90.0,0.0,90.0,90.0,0.0,0.0,0.0,0.0,3.6540499521531093,4.352166147729433,0.5336928,20.2130928,3380.0519460287082,4.702340435477789,3362.1605664,3383.4233664000003,3473.7059959808616,0.35017428774834913,3472.3736592,3473.9570592000005
run_0448_cfg_045_seed_8_mrhof,8,10,20,0,40.0,12,20,MRHOF,627,11,99.61256778309411,1.112440518472485,90.0,100.0,99.84047846889953,2.3024890880813618,66.66,100.0,138.6475279106858,61.871647825008544,24,353,-73.63636363636364,10.208614018282141,-84,-51,1.0327751196172248,0.06440897795090797,1.0,1.35,3.5454545454545454,0.9883139428379527,2,5,2.5454545454545454,0.9883139428379527,1,4,3.272727272727273,1.4211791645789371,1,5,70801.14832535885,84140.5384433797,10224,374120,59929198.85167464,84139.86095797578,59625880,59989776,0.11800191031871356,0.14023422878504477,0.01704,0.6235333333333333,99.88199808968129,0.1402342287850457,99.37646666666666,99.98295999999999,90.0,0.0005668433527730045,89.99151599999999,90.008484,0.0,0.0,0.0,0.0,3.6958199425837317,4.39213610674442,0.5336928,19.529063999999998,3380.00681523445,4.745488158029808,3362.8996320000006,3383.4233664000003,3473.7026351770337,0.35397876536292444,3472.4286960000004,3474.1108056000003
run_0449_cfg_045_seed_9_mrhof,9,10,20,0,40.0,12,20,MRHOF,627,11,99.96995215311006,0.3673736738490799,93.75,100.0,100.0,0.0,100.0,100.0,134.73365231259967,56.82775555848587,30,297,-73.36363636363636,10.23533712453385,-84,-51,1.0297767145135566,0.07654029342524683,1.0,1.71,3.550239234449761,0.9977350260926316,2,6,2.5454545454545454,0.988313942837953,1,4,3.272727272727273,1.4211791645789367,1,5,70765.29505582138,59588.03518756966,10736,279920,59929242.755980864,59560.065268881015,59725128,59989264,0.11794209583035235,0.09931317192767365,0.017893333333333334,0.4664940856309289,99.88205790416964,0.0993131719276743,99.53350591436907,99.98210666666667,90.00001207655502,0.0003023965519668384,90.0,90.00757200000001,0.0,0.0,0.0,0.0,3.6939484019138753,3.110495436791135,0.5604192,14.611823999999999,3380.009291437321,3.3591876811648667,3368.4972192000005,3383.3944896000003,3473.70325191579,0.2488993737436005,3472.8866640000006,3473.9549088000003
run_0450_cfg_045_seed_10_mrhof,10,10,20,0,40.0,12,20,MRHOF,627,11,99.9918341307815,0.1255606643446636,97.14,100.0,100.0,0.0,100.0,100.0,135.00637958532695,56.49787202984208,29,300,-73.27272727272727,10.189135010517907,-84,-51,1.0216108452950559,0.055595427074397546,1.0,1.43,3.5486443381180224,0.994607141997673,2,6,2.5454545454545454,0.9883139428379527,1,4,3.272727272727273,1.4211791645789371,1,5,70452.55502392344,59565.33597841793,10736,284664,59929547.44497608,59565.335978418014,59715336,59989264,0.11742092503987239,0.09927555996402988,0.017893333333333334,0.47444000000000003,99.88257907496012,0.09927555996403101,99.52556,99.98210666666667,90.0,0.0,90.0,90.0,0.0,0.0,0.0,0.0,3.677623372248804,3.1093105380734136,0.5604192,14.859460799999999,3380.026475896651,3.359484949182752,3367.9449504000004,3383.3944896000003,3473.7040992689,0.2501744111093707,3472.8044112000002,3473.9549088000003
run_0451_cfg_046_seed_1_mrhof,1,10,20,0,50.0,12,5,MRHOF,627,11,99.9715629984051,0.16931202768306775,96.66,100.0,99.96810207336523,0.5643312101984087,90.0,100.0,113.00478468899522,55.76071346000323,40,273,-69.72727272727273,10.922348899819982,-94,-52,1.029250398724083,0.0613421203633477,1.0,1.55,3.090909090909091,0.9966542927526431,2,5,2.090909090909091,0.9966542927526431,1,4,4.545454545454546,1.7782204486465953,1,7,186080.88038277513,180363.18534819936,47104,671608,59813919.119617224,180363.28125859605,59328392,59952896,0.31013480101665,0.3006053101681302,0.07850666666666667,1.1193466666666667,99.68986519898336,0.3006053101681304,98.88065333333333,99.92149333333333,90.0,0.0001286320258839673,89.99794800000001,90.00205199999999,0.0,0.0,0.0,0.0,9.713421955980861,9.414958275176012,2.4588288,35.057937599999995,3373.5050383464118,10.172489062984821,3346.1213088000004,3381.3433344000005,3473.218460302393,0.7575460232059055,3471.1792464000005,3473.8021632000005
run_0452_cfg_046_seed_2_mrhof,2,10,20,0,50.0,12,5,MRHOF,627,11,99.9350558213716,0.19463602898732366,97.14,100.0,99.9322807017544,0.8486955209112645,88.88,100.0,113.1323763955343,55.06371582026391,39,250,-69.54545454545455,9.809157759522746,-94,-59,1.0255023923444977,0.05707621643982228,1.0,1.42,3.090909090909091,0.9966542927526437,2,5,2.090909090909091,0.9966542927526437,1,4,4.545454545454546,1.7782204486465947,1,7,187156.2615629984,158959.21733892927,46008,545168,59812843.738437004,158959.2079172585,59454832,59953992,0.3119271015415789,0.2649320254346411,0.07668,0.9086133333333333,99.68807289845842,0.2649320254346414,99.09138666666666,99.92332,90.0,0.0004092694028262419,89.99451599999999,90.005484,0.0,0.0,0.0,0.0,9.769556853588515,8.297671145092114,2.4016176,28.4577696,3373.4443868478475,8.96529932653341,3353.2525248000006,3381.4051488000005,3473.2139437014357,0.667801494966369,3471.7102944000007,3473.8067664000005
run_0453_cfg_046_seed_3_mrhof,3,10,20,0,50.0,12,5,MRHOF,627,11,99.9077990430622,0.23610308938464633,96.42,100.0,99.90073365231261,1.012012879326751,88.88,100.0,113.39234449760765,55.58916912535451,36,257,-69.0,11.418834281914572,-94,-52,1.024194577352472,0.06342297108526795,1.0,1.7,3.0925039872408293,1.00050687532467,2,6,2.0925039872408293,1.00050687532467,1,5,4.545454545454546,1.7782204486465953,1,7,186226.36044657096,205320.61074131398,47008,799392,59813773.63955343,205322.72260289363,59200608,59952992,0.31037727672621895,0.3422010424050326,0.07834666666666666,1.33232,99.68962272327379,0.34220104240503274,98.66768,99.92165333333334,90.0,0.0006696775247991659,89.99151599999999,90.008484,0.0,0.0,0.0,0.0,9.721016015311005,10.717735880696585,2.4538176,41.72826239999999,3373.4968332708136,11.580201554803219,3338.9142912000007,3381.3487488,3473.2178492861244,0.8628280351968656,3470.5593144000004,3473.8025664
run_0454_cfg_046_seed_4_mrhof,4,10,20,0,50.0,12,5,MRHOF,627,11,99.95929824561404,0.25032404311694223,95.65,100.0,99.96953748006379,0.5395361957277288,90.0,100.0,114.01116427432217,55.48051671158798,38,274,-67.59170653907496,10.756191238466874,-94,-52,1.0287719298245614,0.060984395243395946,1.0,1.43,3.090909090909091,0.996654292752643,2,5,2.090909090909091,0.996654292752643,1,4,4.545454545454546,1.7782204486465958,1,7,188947.22807017545,120344.08129999547,48312,454256,59811052.77192982,120344.08129999564,59545744,59951688,0.3149120467836257,0.20057346883332583,0.08052,0.7570933333333333,99.68508795321638,0.20057346883332655,99.24290666666667,99.91948000000001,90.0,0.0,90.0,90.0,0.0,0.0,0.0,0.0,9.863045305263157,6.281961043859763,2.5218863999999996,23.712163199999996,3373.343376336843,6.78740618531974,3358.3799616,3381.2752032,3473.2064216421054,0.5054451414599622,3472.0921248,3473.7970895999997
run_0455_cfg_046_seed_5_mrhof,5,10,20,0,50.0,12,5,MRHOF,627,11,99.93451355661882,0.26774566705750374,96.29,100.0,99.96810207336523,0.564331210198409,90.0,100.0,113.16427432216906,55.671504572066304,39,254,-67.27272727272727,10.88058648963411,-94,-52,1.025438596491228,0.05567125071788368,1.0,1.41,3.090909090909091,0.9966542927526436,2,5,2.090909090909091,0.9966542927526436,1,4,4.545454545454546,1.7782204486465947,1,7,187528.29346092505,116184.67429088865,46008,451088,59812471.70653907,116185.30626663403,59548912,59953992,0.3125471555651846,0.19364111885029814,0.07668,0.7518133333333333,99.68745284443482,0.19364111885029878,99.24818666666667,99.92332,90.0,0.0006056642539371752,89.993748,90.00625199999999,0.0,0.0,0.0,0.0,9.788976918660287,6.064839997984387,2.4016176,23.546793599999997,3373.423404248804,6.552851273438162,3358.5586368000004,3381.4051488000005,3473.212381167464,0.4885313120793372,3472.0746912000004,3473.9516088000005
run_0456_cfg_046_seed_6_mrhof,6,10,20,0,50.0,12,5,MRHOF,627,11,99.91720893141945,0.21449627308209535,96.55,100.0,99.91811802232856,0.91658047938294,88.88,100.0,113.45295055821371,55.57422233882038,33,255,-69.27272727272727,11.234671035901583,-94,-52,1.022567783094099,0.05466958358501216,1.0,1.68,3.090909090909091,0.9966542927526434,2,5,2.090909090909091,0.9966542927526434,1,4,4.545454545454546,1.7782204486465951,1,7,185755.48325358852,204932.92600141763,46008,811160,59814253.94577353,204921.4391022137,59188840,59953992,0.3095923567770815,0.34155473823942545,0.07668,1.3519333333333332,99.69040764322293,0.3415547382394261,98.64806666666667,99.92332,90.00001414354067,0.0004752996685146166,89.9949,90.008868,0.0,0.0,0.0,0.0,9.69643622583732,10.697498737274,2.4016176,42.342552,3373.523922541627,11.557569165364866,3338.250576,3381.4051488000005,3473.220372911005,0.8602344290289013,3470.593128,3473.8067664000005
run_0457_cfg_046_seed_7_mrhof,7,10,20,0,50.0,12,5,MRHOF,627,11,99.86559808612441,0.306711535490136,96.55,100.0,99.90717703349283,0.9460002426132952,90.0,100.0,113.77511961722487,55.45745414489628,39,249,-69.81818181818181,9.578603078973732,-94,-59,1.0252472089314195,0.06019187481143696,1.0,1.53,3.090909090909091,0.9966542927526431,2,5,2.090909090909091,0.9966542927526431,1,4,4.545454545454546,1.7782204486465951,1,7,187437.44816586922,159926.8267649325,46008,574448,59812562.55183413,159926.4773350968,59425552,59953992,0.3123957434086017,0.26654470408658676,0.07668,0.9574133333333333,99.6876042565914,0.2665447040865876,99.04258666666666,99.92332,90.0,0.0005688930566499036,89.99098799999999,90.009012,0.0,0.0,0.0,0.0,9.784234794258373,8.348180357129479,2.4016176,29.986185599999995,3373.4285279234455,9.019853321699479,3351.6011328000004,3381.4051488000005,3473.2127627177033,0.6720052808845343,3471.5873184,3474.0856824
run_0458_cfg_046_seed_8_mrhof,8,10,20,0,50.0,12,5,MRHOF,627,11,99.9871451355662,0.08247169901511803,98.82,100.0,99.96810207336523,0.5643312101984098,90.0,100.0,113.85326953748006,56.313682457683456,37,266,-69.9090909090909,10.824907542036527,-94,-52,1.025023923444976,0.05799188333021975,1.0,1.42,3.090909090909091,0.9966542927526431,2,5,2.090909090909091,0.9966542927526431,1,4,4.545454545454546,1.7782204486465942,1,7,186108.17224880384,180885.35310881137,46008,690000,59813891.8277512,180886.98874362692,59310000,59953992,0.3101802937990017,0.3014756295342442,0.07668,1.15,99.689819706201,0.30147562953424434,98.85000000000001,99.92332,90.0,0.0004965005718948594,89.9919,90.00810000000001,0.0,0.0,0.0,0.0,9.714846591387559,9.442215432279955,2.4016176,36.017999999999994,3373.5034990851677,10.20202616514056,3345.0840000000003,3381.4051488000005,3473.2183456765556,0.7600373154717457,3470.9765928000006,3473.8067664000005
run_0459_cfg_046_seed_9_mrhof,9,10,20,0,50.0,12,5,MRHOF,627,11,99.97556618819777,0.11222747611379531,98.11,100.0,99.98405103668262,0.3993615319154379,90.0,100.0,113.2488038277512,56.179214412035606,36,254,-68.0909090909091,10.509072467364104,-94,-52,1.026188197767145,0.053014402055866036,1.0,1.35,3.090909090909091,0.9966542927526431,2,5,2.090909090909091,0.9966542927526431,1,4,4.545454545454546,1.7782204486465958,1,7,186812.65709728867,115142.90663518186,46008,442032,59813187.34290271,115142.80873163146,59557968,59953992,0.311354428007852,0.19190484226998528,0.07668,0.73672,99.68864557199214,0.1919048422699847,99.26328,99.92332,90.0,0.00016912176833255927,89.997516,90.002484,0.0,0.0,0.0,0.0,9.751620700478469,6.01045972635649,2.4016176,23.074070399999997,3373.4637661397137,6.494054412464027,3359.0693952000006,3381.4051488000005,3473.215386840192,0.48363540310330283,3472.1434656000006,3473.8324440000006
run_0460_cfg_046_seed_10_mrhof,10,10,20,0,50.0,12,5,MRHOF,627,11,99.8941307814992,0.2162444528307234,97.82,100.0,99.91990430622009,0.8958922892976375,88.88,100.0,113.72886762360447,55.93243738574747,38,250,-69.63636363636364,11.626446861700297,-94,-52,1.0257894736842104,0.05476181668220989,1.0,1.39,3.090909090909091,0.9966542927526434,2,5,2.090909090909091,0.9966542927526434,1,4,4.545454545454546,1.7782204486465951,1,7,188288.29346092505,152790.7867848356,46008,557696,59811711.70653907,152790.69129839365,59442304,59953992,0.3138138195323409,0.2546513096673706,0.07668,0.9294933333333333,99.68618618046766,0.25465130966737104,99.07050666666667,99.92332,90.0,0.0006404031078737974,89.993448,90.006552,0.0,0.0,0.0,0.0,9.828648918660287,7.975679070168415,2.4016176,29.111731199999998,3373.380540248804,8.61739498922936,3352.5459456000003,3381.4051488000005,3473.2091891674645,0.6421571989900454,3471.6576768000004,3473.8067664000005
run_0461_cfg_047_seed_1_of0,1,10,20,0,60.0,12,20,OF0,627,11,99.96614035087718,0.1641419729956826,98.64,100.0,99.94682615629985,1.3314713474060633,66.66,100.0,93.81020733652312,37.69361974029916,26,206,-68.45295055821371,14.849584607171314,-93,-54,1.0130462519936203,0.042645759421458235,1.0,1.31,2.8181818181818183,0.7163904098224002,2,4,1.8181818181818181,0.7163904098224003,1,3,5.818181818181818,2.3302678229409053,1,9,46723.04944178629,61715.588786266715,10224,295360,59953276.950558215,61716.0333494119,59704640,59989776,0.07787174982460068,0.10285931957990012,0.01704,0.49226666666666663,99.9221282501754,0.10285931957989992,99.50773333333333,99.98295999999999,90.0,3.120088472643149e-05,89.999448,90.000552,0.0,0.0,0.0,0.0,2.438943180861244,3.221553734643124,0.5336928,15.417792,3381.3648200114835,3.480784280906855,3367.341696,3383.4233664000003,3473.8037631923444,0.2592338066085275,3472.759488,3473.9570592000005
run_0462_cfg_047_seed_2_of0,2,10,20,0,60.0,12,20,OF0,627,11,99.99473684210525,0.0804225221874803,98.41,100.0,100.0,0.0,100.0,100.0,93.52791068580542,40.277794593560905,24,200,-67.43381180223285,13.894973646446818,-93,-51,1.013205741626794,0.04334747891910644,1.0,1.39,2.821371610845295,0.7216346597358425,2,5,1.8181818181818181,0.7163904098224001,1,3,5.818181818181818,2.3302678229409066,1,9,46691.1004784689,33351.700126436655,10224,143048,59953308.89952153,33351.70012643581,59856952,59989776,0.07781850079744816,0.05558616687739438,0.01704,0.2384133333333333,99.92218149920255,0.05558616687739422,99.76158666666667,99.98295999999999,90.0,0.0,90.0,90.0,0.0,0.0,0.0,0.0,2.4372754449760765,1.7409587465999934,0.5336928,7.4671056,3381.3666219330144,1.8810358871310295,3375.9320928,3383.4233664000003,3473.8038973779912,0.14007714053113693,3473.3991984000004,3473.9570592000005
run_0463_cfg_047_seed_3_of0,3,10,20,0,60.0,12,20,OF0,627,11,99.99468899521531,0.0783456578193618,98.59,100.0,100.0,0.0,100.0,100.0,93.08931419457736,39.501061546076706,24,206,-69.72727272727273,13.900856366635136,-93,-51,1.0146570972886764,0.04208999326934898,1.0,1.34,2.819776714513557,0.7201290804820767,2,5,1.8181818181818181,0.7163904098224004,1,3,5.818181818181818,2.330267822940906,1,9,46781.90749601276,47874.9749347966,10736,250048,59953218.09250399,47874.9749347966,59749952,59989264,0.07796984582668794,0.0797916248913277,0.017893333333333334,0.4167466666666667,99.92203015417331,0.07979162489132804,99.58325333333333,99.98210666666667,90.0,0.0,90.0,90.0,0.0,0.0,0.0,0.0,2.442015571291866,2.499073691596383,0.5604192,13.052505599999998,3381.3615004172257,2.7001485863225367,3369.8972928000003,3383.3944896000003,3473.803515988517,0.20107489472617843,3472.9497984000004,3473.9549088000003
run_0464_cfg_047_seed_4_of0,4,10,20,0,60.0,12,20,OF0,627,11,99.99322169059012,0.10344923733158173,98.24,100.0,100.0,0.0,100.0,100.0,94.27591706539074,39.12152905625212,22,227,-68.42902711323764,15.251019538880078,-93,-51,1.0129984051036682,0.04162749380233842,1.0,1.31,2.8181818181818183,0.7163904098224003,2,4,1.8181818181818181,0.7163904098224003,1,3,5.818181818181818,2.3302678229409053,1,9,46585.70972886762,46348.81800422151,10224,236448,59953414.29027113,46348.64760552623,59763552,59989776,0.07764284928504316,0.07724802822673767,0.01704,0.39408000000000004,99.92235715071496,0.07724802822673858,99.60592,99.98295999999999,90.0,8.478501284173547e-05,89.9985,90.0015,0.0,0.0,0.0,0.0,2.43177404784689,2.419408299820365,0.5336928,12.3425856,3381.3725659712923,2.6140637249516994,3370.6643328,3383.4233664000003,3473.8043400191386,0.19468068362817373,3473.0069184,3473.9570592000005
run_0465_cfg_047_seed_5_of0,5,10,20,0,60.0,12,20,OF0,627,11,99.99387559808613,0.08840332255486077,98.7,100.0,100.0,0.0,100.0,100.0,94.18819776714514,39.77624703935635,22,199,-67.65709728867624,13.784818008782281,-93,-51,1.014896331738437,0.044836733670093214,1.0,1.36,2.819776714513557,0.7201290804820769,2,5,1.8181818181818181,0.716390409822401,1,3,5.818181818181818,2.3302678229409066,1,9,46848.22966507177,34150.01474622843,10224,141192,59953151.77033493,34145.3065367745,59858808,59989776,0.07808037653701977,0.056916682439950905,0.01704,0.23532000000000003,99.92191962346298,0.05691668243995147,99.76468,99.98295999999999,90.0,0.0005377225670413287,89.99113200000001,90.008868,0.0,0.0,0.0,0.0,2.4454775885167463,1.7826307697531218,0.5336928,7.3702224,3381.3577598468905,1.9257952886740728,3376.0367712,3383.4233664000003,3473.803237435407,0.1445460235507119,3473.4069936,3474.0859032000008
run_0466_cfg_047_seed_6_of0,6,10,20,0,60.0,12,20,OF0,627,11,99.89830940988836,0.3891721531860515,96.77,100.0,99.94682615629985,1.3314713474060609,66.66,100.0,93.74960127591707,40.892590691749234,26,233,-68.47527910685805,14.962485934673348,-93,-51,1.010829346092504,0.034897584984503446,1.0,1.31,2.8181818181818183,0.7163904098224003,2,4,1.8181818181818181,0.7163904098224004,1,3,5.818181818181818,2.3302678229409057,1,9,46679.24720893142,54190.94899087337,10736,267400,59953320.75279107,54191.13175454227,59732600,59989264,0.0777987455789156,0.0903182499815914,0.017893333333333334,0.4456666666666667,99.92220125442108,0.09031824998159177,99.55433333333333,99.98210666666667,90.0,8.478501284155855e-05,89.9985,90.0015,0.0,0.0,0.0,0.0,2.43665670430622,2.82876753732359,0.5604192,13.95828,3381.3672904574164,3.05637983095619,3368.9186400000003,3383.3944896000003,3473.8039471617226,0.22763438788737472,3472.87692,3473.9549088000003
run_0467_cfg_047_seed_7_of0,7,10,20,0,60.0,12,20,OF0,627,11,99.98157894736842,0.2678679781933317,93.75,100.0,100.0,0.0,100.0,100.0,93.21052631578948,39.25390867020359,23,214,-64.80382775119617,13.693406380304408,-93,-51,1.0102073365231259,0.029421283027278613,1.0,1.23,2.8181818181818183,0.7163904098224008,2,4,1.8181818181818181,0.7163904098224005,1,3,5.818181818181818,2.330267822940906,1,9,46639.362041467306,38907.443163185526,10224,208816,59953360.637958534,38905.64355821185,59791184,59989776,0.07773226757912033,0.06484573611489046,0.01704,0.3480266666666667,99.92226773242088,0.06484573611489299,99.65197333333333,99.98295999999999,90.0,0.00029845943099355323,89.9949,90.0051,0.0,0.0,0.0,0.0,2.4345746985645933,2.0309685331182834,0.5336928,10.900195199999999,3381.369539980861,2.1942782966831538,3372.2227776000004,3383.4233664000003,3473.804114679426,0.1636834820164055,3473.1229728000003,3473.985168
run_0468_cfg_047_seed_8_of0,8,10,20,0,60.0,12,20,OF0,627,11,99.99362041467305,0.09808617241159974,98.24,100.0,100.0,0.0,100.0,100.0,95.03189792663477,41.05613242441264,18,225,-68.79585326953747,14.826249777258877,-93,-54,1.0129505582137162,0.04232163223222503,1.0,1.35,2.821371610845295,0.7216346597358427,2,5,1.8181818181818181,0.7163904098224008,1,3,5.818181818181818,2.330267822940906,1,9,46821.792663476874,55541.80444055498,10224,282048,59953178.20733652,55542.750537807835,59717952,59989776,0.07803632115533003,0.09256967436585908,0.01704,0.47008,99.92196367884466,0.09256967436585951,99.52992,99.98295999999999,90.0,0.0004795440326327866,89.99151599999999,90.008484,0.0,0.0,0.0,0.0,2.4440975770334923,2.8992821917969698,0.5336928,14.7229056,3381.35925089378,3.1326111303324016,3368.0924928000004,3383.4233664000003,3473.8033484708135,0.23401032794176999,3472.8153984000005,3473.9570592000005
run_0469_cfg_047_seed_9_of0,9,10,20,0,60.0,12,20,OF0,627,11,99.9955821371611,0.07980269719208312,98.33,100.0,100.0,0.0,100.0,100.0,93.2360446570973,39.24562337762418,27,212,-67.01275917065391,14.66036679334426,-93,-51,1.0089792663476873,0.030599618137025827,1.0,1.26,2.8181818181818183,0.7163904098224003,2,4,1.8181818181818181,0.7163904098224003,1,3,5.818181818181818,2.3302678229409057,1,9,46791.23444976076,45715.057498840135,9848,240656,59953208.76555024,45716.61220653857,59759344,59990152,0.07798539186541517,0.0761917653941943,0.016413333333333332,0.40109333333333336,99.92201460813459,0.07619176539419673,99.59890666666666,99.98358666666667,90.0,0.0003730540565030692,89.99340000000001,90.00659999999999,0.0,0.0,0.0,0.0,2.442502438277512,2.3863260014394565,0.5140656,12.5622432,3381.360974377034,2.5784169284488176,3370.4270016000005,3383.4445728000005,3473.8034768153116,0.19259316700644813,3472.9892448000005,3473.9586384000004
run_0470_cfg_047_seed_10_of0,10,10,20,0,60.0,12,20,OF0,627,11,99.99114832535885,0.12874655742003677,97.22,100.0,100.0,0.0,100.0,100.0,93.99202551834131,40.40989977968047,25,216,-70.9090909090909,15.15056585272829,-93,-51,1.0119298245614035,0.03675679746921375,1.0,1.31,2.8181818181818183,0.7163904098224002,2,4,1.8181818181818181,0.7163904098224003,1,3,5.818181818181818,2.330267822940905,1,9,46711.93620414673,48058.41400789658,10224,233072,59953288.06379585,48058.74525007807,59766928,59989776,0.07785322713772336,0.08009735751636997,0.01704,0.3884533333333334,99.92214677286228,0.08009735751637102,99.61154666666665,99.98295999999999,90.0,0.00022518899410785417,89.996016,90.003984,0.0,0.0,0.0,0.0,2.438363069856459,2.5086492112122003,0.5336928,12.166358399999998,3381.365446798087,2.7105132321043786,3370.8547392000005,3383.4233664000003,3473.803809867943,0.2020380123567877,3473.0210976000003,3473.9570592000005
run_0471_cfg_048_seed_1_mrhof,1,10,20,0,60.0,16,5,MRHOF,855,15,99.61256140350878,0.5514767172809251,95.23,100.0,99.74297076023393,1.585102798943644,88.88,100.0,127.53333333333333,57.86276261486215,35,272,-70.0,13.284316614553065,-93,-54,1.0305730994152047,0.05924405899410224,1.0,1.39,3.2666666666666666,0.9983593098055479,2,5,2.2666666666666666,0.9983593098055479,1,4,6.133333333333334,2.2184029109721792,3,10,209337.7216374269,320631.3343676088,46008,1425656,59790662.27836257,320631.83253075514,58574344,59953992,0.34889620576209734,0.5343855815731343,0.07668,2.3760933333333334,99.6511037942379,0.5343855815731344,97.62390666666667,99.92332,90.0,0.0004809440365330656,89.992632,90.007368,0.0,0.0,0.0,0.0,10.927429069473684,16.736955653989178,2.4016176,74.4192432,3372.1933524996493,18.08363535473458,3303.5930016,3381.4051488000005,3473.1207815691228,1.3467991190129898,3468.0122448,3473.8067664000005
run_0472_cfg_048_seed_2_mrhof,2,10,20,0,60.0,16,5,MRHOF,855,15,99.68182456140352,0.5047534627699222,95.55,100.0,99.7806783625731,1.4573431949946838,88.88,100.0,126.28187134502924,58.05025954719163,39,270,-66.06666666666666,14.048477460904977,-94,-51,1.0332280701754386,0.05972115656409695,1.0,1.38,3.2666666666666666,0.9983593098055473,2,5,2.2666666666666666,0.9983593098055473,1,4,6.133333333333334,2.218402910972179,3,10,209600.1029239766,236701.19054144295,47008,1016240,59790399.897076026,236700.83067963592,58983760,59952992,0.3493335021932342,0.39450196411960764,0.07834666666666666,1.6937333333333333,99.65066649780677,0.394501964119608,98.30626666666666,99.92165333333334,90.0,0.0002304319942654973,89.995248,90.00475200000001,0.0,0.0,0.0,0.0,10.941125372631578,12.355802146263331,2.4538176,53.04772799999999,3372.1785541950885,13.349926850331471,3326.684064,3381.3487488,3473.1196795677192,0.9941610683923793,3469.731792,3473.8025664
run_0473_cfg_048_seed_3_mrhof,3,10,20,0,60.0,16,5,MRHOF,855,15,99.86846783625731,0.3744277333173342,95.45,100.0,99.90643274853801,0.9633291585842992,90.0,100.0,126.91228070175438,56.82872518292516,37,279,-67.2,14.1324779173473,-94,-51,1.0303508771929826,0.05588855103522953,1.0,1.41,3.2666666666666666,0.9983593098055478,2,5,2.2666666666666666,0.9983593098055478,1,4,6.133333333333334,2.2184029109721783,3,10,209870.7087719298,213447.261855849,46008,923168,59790129.29122807,213447.90800382936,59076832,59953992,0.3497845177051448,0.3557454584673221,0.07668,1.5386133333333334,99.65021548229485,0.35574545846732253,98.46138666666666,99.92332,90.0,0.00035013750393602815,89.99533199999999,90.00466800000001,0.0,0.0,0.0,0.0,10.955250997894737,11.14194706887532,2.4016176,48.1893696,3372.163292025263,12.038462011415996,3331.9333248000003,3381.4051488000005,3473.118543023158,0.8966103903487606,3470.1226944000005,3473.8358088000004
run_0474_cfg_048_seed_4_mrhof,4,10,20,0,60.0,16,5,MRHOF,855,15,99.90704093567253,0.26243904961455383,96.15,100.0,99.92720467836257,0.8675641012440022,88.88,100.0,127.04444444444445,57.98786830151223,35,305,-71.6421052631579,14.63147949743936,-94,-51,1.0412982456140352,0.08620450432550017,1.0,2.53,3.2678362573099413,0.9974590064980392,2,5,2.2666666666666666,0.9983593098055475,1,4,6.133333333333334,2.218402910972179,3,10,210678.3625730994,224210.6762030795,46008,928312,59789319.40116959,224213.517306532,59071688,59953992,0.35113063380462095,0.3736845012511996,0.07668,1.5471866666666667,99.64886936619537,0.37368450125120073,98.45281333333334,99.92332,89.99999664561403,0.00045095050749685187,89.99113200000001,90.008868,0.0,0.0,0.0,0.0,10.99741052631579,11.703797297800744,2.4016176,48.4578864,3372.1176142259656,12.64564237608842,3331.6432032000007,3381.4051488000005,3473.115021397895,0.941998496888657,3470.1010896000007,3473.8067664000005
run_0475_cfg_048_seed_5_mrhof,5,10,20,0,60.0,16,5,MRHOF,855,15,99.92271345029239,0.25551230806553143,96.55,100.0,99.95295906432749,0.6882864150837351,88.88,100.0,126.38947368421053,57.60270641230702,37,273,-64.86666666666666,12.286528484539694,-93,-51,1.0311695906432747,0.05362973075006097,1.0,1.32,3.2666666666666666,0.9983593098055479,2,5,2.2666666666666666,0.9983593098055479,1,4,6.133333333333334,2.2184029109721783,3,10,210705.0479532164,192822.55062019592,48312,810664,59789294.95204678,192822.71798119284,59189336,59951688,0.35117507995864194,0.3213709186932994,0.08052,1.3511066666666667,99.64882492004136,0.3213709186932994,98.64889333333333,99.91948000000001,90.0,0.00037787027996103297,89.99224800000002,90.007752,0.0,0.0,0.0,0.0,10.998803503157893,10.065337142374235,2.5218863999999996,42.3166608,3372.1162352954393,10.875201294139272,3338.2785504000003,3381.2752032,3473.1150387985967,0.8099862121620174,3470.577417600001,3473.7970895999997
run_0476_cfg_048_seed_6_mrhof,6,10,20,0,60.0,16,5,MRHOF,855,15,99.9042105263158,0.2923902987007483,95.83,100.0,99.9191812865497,0.8905077275151266,90.0,100.0,127.4888888888889,58.05030569387855,37,278,-69.26666666666667,13.381766055475113,-94,-54,1.0395906432748538,0.06940999871572441,1.0,1.49,3.2666666666666666,0.9983593098055481,2,5,2.2666666666666666,0.9983593098055481,1,4,6.133333333333334,2.21840291097218,3,10,212094.31578947368,207361.04009990545,48312,702312,59787905.684210524,207364.87311765045,59297688,59951688,0.3534905452063841,0.34560182275274043,0.08052,1.17052,99.64650945479362,0.34560182275274187,98.82948,99.91948000000001,90.0,0.0007233010975739643,89.989464,90.010536,0.0,0.0,0.0,0.0,11.071323284210527,10.824246293215076,2.5218863999999996,36.6606864,3372.0378805894743,11.695378843835485,3344.3896032000002,3381.2752032,3473.1092038736847,0.8715531210606952,3470.8539264000005,3473.7970895999997
run_0477_cfg_048_seed_7_mrhof,7,10,20,0,60.0,16,5,MRHOF,855,15,99.83741520467836,0.32406844985294686,98.01,100.0,99.86846783625731,1.1548599542342886,88.88,100.0,126.21988304093567,58.09971503866544,36,269,-66.80818713450293,13.946306482659308,-94,-51,1.0342339181286548,0.0651091069184407,1.0,1.54,3.2666666666666666,0.9983593098055478,2,5,2.2666666666666666,0.9983593098055478,1,4,6.133333333333334,2.21840291097218,3,10,210053.49239766083,240521.3585290213,46008,1071480,59789946.50760234,240521.47228655944,58928520,59953992,0.35008915009936115,0.4008689087733417,0.07668,1.7857999999999998,99.64991084990064,0.40086890877334147,98.21419999999999,99.92332,90.0,0.0008741829668237382,89.991864,90.00813600000001,0.0,0.0,0.0,0.0,10.964792303157893,12.55521491521491,2.4016176,55.931256,3372.1529830287723,13.565411036961978,3323.5685280000002,3381.4051488000005,3473.11777533193,1.0107188412605768,3469.499784,3474.0700944
run_0478_cfg_048_seed_8_mrhof,8,10,20,0,60.0,16,5,MRHOF,855,15,99.81523976608187,0.2745836231429468,96.87,100.0,99.78685380116958,1.4552115166621518,88.88,100.0,128.30877192982456,58.99087457919986,38,279,-67.53333333333333,13.019747206847404,-93,-54,1.0320116959064327,0.06013002970184596,1.0,1.7,3.2666666666666666,0.9983593098055478,2,5,2.2666666666666666,0.9983593098055478,1,4,6.133333333333334,2.218402910972179,3,10,209882.05847953216,296501.3424142042,46008,1274792,59790117.94152047,296500.9565185313,58725208,59953992,0.3498034253024647,0.4941689089958535,0.07668,2.1246533333333333,99.65019657469753,0.49416890899585475,97.87534666666666,99.92332,90.0,0.0006247850403172682,89.9919,90.00810000000001,0.0,0.0,0.0,0.0,10.955843452631578,15.477370074021454,2.4016176,66.5441424,3372.162651901755,16.722653947645203,3312.1017312000004,3381.4051488000005,3473.1184953543866,1.2454998632773502,3468.3754488000004,3473.8067664000005
run_0479_cfg_048_seed_9_mrhof,9,10,20,0,60.0,16,5,MRHOF,855,15,99.71411695906434,0.4499840073974341,95.83,100.0,99.76505263157894,1.522147723319279,88.88,100.0,127.76491228070175,59.013610816111964,35,303,-69.69590643274854,14.524183808648056,-93,-51,1.035111111111111,0.06945728426707277,1.0,1.55,3.2666666666666666,0.9983593098055473,2,5,2.2666666666666666,0.9983593098055473,1,4,6.133333333333334,2.218402910972179,3,10,209810.51695906432,286951.7204416467,46008,1314088,59790189.48304094,286950.12476736936,58685912,59953992,0.3496841791632456,0.4782527479760689,0.07668,2.1901466666666667,99.65031582083677,0.4782527479760693,97.80985333333334,99.92332,90.0,0.0007176239482814107,89.99151599999999,90.008484,0.0,0.0,0.0,0.0,10.952108985263157,14.97887980705396,2.4016176,68.59539359999998,3372.1666868435095,16.18398703687962,3309.8854368000007,3381.4051488000005,3473.1187958287724,1.2054000600889596,3468.4808304000007,3473.8067664000005
run_0480_cfg_048_seed_10_mrhof,10,10,20,0,60.0,16,5,MRHOF,855,15,99.8933567251462,0.24963267205800627,96.0,100.0,99.90643274853801,0.9633291585842972,90.0,100.0,126.89824561403509,57.43015457926397,34,275,-72.13333333333334,15.0015143653989,-94,-51,1.0348538011695907,0.06412769686223765,1.0,1.66,3.2666666666666666,0.9983593098055477,2,5,2.2666666666666666,0.9983593098055477,1,4,6.133333333333334,2.2184029109721783,3,10,210800.74853801169,199008.73725364215,48312,821120,59789199.25146199,199008.79171522637,59178880,59951688,0.3513345808446576,0.3316812268372276,0.08052,1.3685333333333334,99.64866541915535,0.3316812268372283,98.63146666666667,99.91948000000001,90.0,0.00023989880770647972,89.99640000000001,90.0036,0.0,0.0,0.0,0.0,11.00379907368421,10.388256084640116,2.5218863999999996,42.862463999999996,3372.1108377824567,11.22409585273876,3337.6888320000003,3381.2752032,3473.1146368561404,0.8358874228450102,3470.551296,3473.8950048
run_0481_cfg_049_seed_1_mrhof,1,10,20,5,40.0,16,10,MRHOF,855,15,99.76189473684211,0.665548611130609,91.66,100.0,99.83233918128654,1.7332032053003752,80.0,100.0,176.07485380116958,79.26751322353023,35,429,-76.93333333333334,10.617316067085131,-93,-51,1.0544795321637428,0.12053424883674353,1.0,3.25,4.138011695906433,1.3198691564041416,2,8,3.1333333333333333,1.3105588131824928,1,5,3.2,1.2761549390929887,1,5,176410.80701754385,209279.3430560589,25560,1076536,59823589.19298246,209278.5065754563,58923464,59974440,0.2940180055059756,0.3487988999366313,0.0426,1.7942266666666669,99.70598199449402,0.3487988999366306,98.20577333333334,99.95739999999999,90.0,0.0004663187238629547,89.990364,90.009636,0.0,0.0,0.0,0.0,9.20864412631579,10.924381707526276,1.3342319999999999,56.19517919999999,3374.0504304842107,11.803307770855756,3323.2833696000002,3382.5584160000008,3473.2590746105266,0.8790957349311461,3469.4785488,3473.892648000001
run_0482_cfg_049_seed_2_mrhof,2,10,20,5,40.0,16,10,MRHOF,855,15,99.9655321637427,0.4266622444073185,92.3,100.0,100.0,0.0,100.0,100.0,174.21052631578948,77.30116977933959,37,364,-77.0,10.832231373727103,-93,-51,1.0454619883040936,0.07398329226713098,1.0,1.42,4.135672514619883,1.312996638860202,2,6,3.135672514619883,1.3129966388602021,1,5,3.2,1.2761549390929887,1,5,177021.4269005848,175110.91333370897,26008,818832,59822978.57309941,175111.439566302,59181168,59973992,0.2950357133681518,0.2918515253241651,0.043346666666666665,1.36472,99.70496428663184,0.29185152532416425,98.63528000000001,99.95665333333334,90.0,0.00033652451532389433,89.9949,90.0051,0.0,0.0,0.0,0.0,9.240518484210526,9.14078967601962,1.3576176,42.7430304,3374.0159915228073,9.876285191539434,3337.8178752000003,3382.5331488,3473.2565100070183,0.7356026847397854,3470.5609056000003,3473.8907664000003
run_0483_cfg_049_seed_3_mrhof,3,10,20,5,40.0,16,10,MRHOF,855,15,99.76127485380117,0.6735132037370409,92.3,100.0,99.89083040935672,1.4296901575569345,80.0,100.0,174.51812865497075,76.69735429429463,33,362,-77.12514619883041,10.7163562831215,-93,-51,1.0430526315789475,0.07568216412550631,1.0,1.66,4.212865497076024,1.3980826949557092,2,7,3.2128654970760233,1.3980826949557086,1,6,3.2,1.2761549390929878,1,5,174605.60467836258,224752.39182398544,25560,1008600,59825394.39532164,224754.16735463837,58991400,59974440,0.29100935125311733,0.3745873422622419,0.0426,1.6809999999999998,99.70899064874688,0.3745873422622415,98.319,99.95739999999999,90.0,0.0003946337940186379,89.991864,90.00813600000001,0.0,0.0,0.0,0.0,9.114412564210525,11.73207485321204,1.3342319999999999,52.64892,3374.1522438961406,12.676135038801618,3327.1149600000003,3382.5584160000008,3473.266656460351,0.944176816636967,3469.7638800000004,3473.892648000001
run_0484_cfg_049_seed_4_mrhof,4,10,20,5,40.0,16,10,MRHOF,855,15,99.97659649122808,0.16762773726770863,97.22,100.0,99.98050292397662,0.5701019709753175,83.33,100.0,175.8233918128655,78.33370288207686,30,407,-76.66783625730994,10.687802229977635,-93,-51,1.0523625730994153,0.09430646391541019,1.0,1.92,4.138011695906433,1.3172049304883648,2,7,3.1333333333333333,1.3105588131824928,1,5,3.2,1.2761549390929885,1,5,176962.80701754385,165383.31115445468,26840,805912,59823038.88654971,165381.99512647712,59194088,59973160,0.29493799536806226,0.275638854995765,0.04473333333333333,1.3431866666666668,99.70506200463193,0.27563885499576396,98.65681333333333,99.95526666666666,90.00000254035086,0.0005661453069797092,89.991864,90.00813600000001,0.0,0.0,0.0,0.0,9.23745852631579,8.633008842262539,1.4010479999999998,42.06860639999999,3374.019393201404,9.327544525133309,3338.5465632000005,3382.486224,3473.25685426807,0.694852493839525,3470.6151696000006,3473.9220936000006
run_0485_cfg_049_seed_5_mrhof,5,10,20,5,40.0,16,10,MRHOF,855,15,99.89543859649123,0.34254217423774314,95.83,100.0,99.953216374269,0.9667351650565225,80.0,100.0,174.69941520467836,78.46764089167534,33,404,-76.93333333333334,10.822779342350486,-93,-51,1.0542105263157895,0.08764711356742787,1.0,1.88,4.194152046783626,1.413290362588613,2,8,3.174269005847953,1.393794341930673,1,7,3.2,1.2761549390929883,1,5,176182.81169590642,187907.12068271954,26144,758264,59823817.1883041,187908.67103815696,59236616,59973856,0.29363802626546553,0.3131785896298513,0.04357333333333333,1.2638811845277464,99.70636197373454,0.3131785896298506,98.73611881547225,99.95642666666666,90.0,0.00046577891248553773,89.99232,90.00768,0.0,0.0,0.0,0.0,9.196742770526315,9.808751699637956,1.3647168,39.581380800000005,3374.0632894203513,10.59804904655205,3340.9451424000003,3382.5254784000003,3473.2600321908776,0.7894895593429846,3470.5188432000004,3473.8901952000006
run_0486_cfg_049_seed_6_mrhof,6,10,20,5,40.0,16,10,MRHOF,855,15,99.8114619883041,0.5077157280957159,92.85,100.0,99.84404678362573,1.7228941251356669,80.0,100.0,174.34619883040935,77.07196920372118,34,387,-76.93333333333334,10.617316067085133,-93,-51,1.0421520467836256,0.07425382313719359,1.0,1.62,4.153216374269006,1.3432669528143457,2,7,3.1333333333333333,1.3105588131824921,1,5,3.2,1.2761549390929883,1,5,175708.65029239765,208391.26110012908,25560,985784,59824291.3497076,208391.34706451002,59014216,59974440,0.292847750020427,0.34731876936089057,0.0426,1.6429733333333332,99.70715224997956,0.34731876936089007,98.35702666666667,99.95739999999999,90.0,0.00040105103134491915,89.9919,90.00810000000001,0.0,0.0,0.0,0.0,9.171991545263158,10.87802382942674,1.3342319999999999,51.4579248,3374.090032123509,11.75327197443835,3328.4017824000002,3382.5584160000008,3473.262023668772,0.8753752368497439,3469.8597072000002,3473.892648000001
run_0487_cfg_049_seed_7_mrhof,7,10,20,5,40.0,16,10,MRHOF,855,15,99.8874619883041,0.47911998824081126,91.66,100.0,99.91811695906433,1.1991087968484184,80.0,100.0,173.39649122807018,76.0748167229507,36,354,-76.93333333333334,10.617316067085133,-93,-51,1.0509707602339182,0.09799329822832233,1.0,2.05,4.142690058479532,1.3255690364271135,2,8,3.1403508771929824,1.32139567420016,1,6,3.2,1.2761549390929894,1,5,175400.7298245614,207817.46695471977,25560,945456,59824599.27017544,207817.4914139419,59054544,59974440,0.29233454808684567,0.34636242423186187,0.0426,1.57576,99.70766545191314,0.3463624242318613,98.42424,99.95739999999999,90.0,0.0005399822011123011,89.99151599999999,90.008484,0.0,0.0,0.0,0.0,9.155918096842106,10.848071775036379,1.3342319999999999,49.3528032,3374.1073988378953,11.72090651574632,3330.6762816,3382.5584160000008,3473.2633169347373,0.8730655635631162,3470.0290848,3473.9401656
run_0488_cfg_049_seed_8_mrhof,8,10,20,5,40.0,16,10,MRHOF,855,15,99.79474853801169,0.6964817245733906,90.9,100.0,99.90643274853801,1.3655662626403935,80.0,100.0,175.86198830409356,78.3850888132867,30,424,-77.20233918128655,10.747146853095998,-93,-51,1.0507134502923976,0.08933965917654815,1.0,1.72,4.157894736842105,1.3401056490065246,2,7,3.1391812865497077,1.3166371127872833,1,5,3.2,1.2761549390929887,1,5,175743.68187134503,225648.37470672434,24632,975080,59824256.31812865,225648.82337749,59024920,59975368,0.2929061366302753,0.37608063450216833,0.04105333333333334,1.6251333333333333,99.70709386336972,0.3760806345021679,98.37486666666668,99.95894666666668,90.0,0.000658171279573344,89.990748,90.00925200000002,0.0,0.0,0.0,0.0,9.173820193684211,11.778845159691004,1.2857904,50.89917599999999,3374.088056342456,12.72659363849044,3329.0054880000002,3382.6107552000003,3473.2618765361403,0.9480649080819342,3469.904664,3473.8995888000004
run_0489_cfg_049_seed_9_mrhof,9,10,20,5,40.0,16,10,MRHOF,855,15,99.85581286549707,0.5483744447769341,92.3,100.0,99.953216374269,0.9667351650565237,80.0,100.0,175.50409356725146,77.22887708811389,39,371,-76.66666666666667,10.68749186832894,-93,-51,1.0573216374269006,0.10340891380335726,1.0,2.17,4.232748538011696,1.4839828051452726,2,8,3.2269005847953216,1.4757926804847932,1,7,3.2,1.2761549390929887,1,5,177159.3076023392,164780.59280230422,25912,773320,59822840.69239766,164781.85659877202,59226680,59974088,0.29526551717139427,0.2746343354550671,0.043186666666666665,1.2888666666666666,99.70473448282861,0.2746343354550665,98.71113333333334,99.95681333333334,90.0,0.00045725440676440665,89.99194800000001,90.00805199999999,0.0,0.0,0.0,0.0,9.247715856842104,8.601546944280285,1.3526064,40.367304,3374.008215051228,9.293696712170748,3340.3847520000004,3382.5385632,3473.2559309080707,0.6923603441191327,3470.7520560000003,3473.8911696
run_0490_cfg_049_seed_10_mrhof,10,10,20,5,40.0,16,10,MRHOF,855,15,99.94540350877193,0.374365092170625,91.66,100.0,99.95711111111112,0.8899097159982879,80.0,100.0,175.20818713450294,76.90508568719694,35,373,-76.93333333333334,10.822779342350481,-93,-51,1.0490643274853801,0.10936719975257363,1.0,2.98,4.139181286549707,1.31930248536602,2,7,3.1333333333333333,1.310558813182493,1,5,3.2,1.2761549390929887,1,5,175202.3111111111,187043.18066456265,26008,813736,59824797.68888889,187043.11669615452,59186264,59973992,0.29200384856770883,0.3117386042005395,0.043346666666666665,1.3562266666666667,99.70799615143228,0.3117386042005395,98.64377333333333,99.95665333333334,90.0,0.0006978769813019747,89.99151599999999,90.008484,0.0,0.0,0.0,0.0,9.14556064,9.763654030690166,1.3576176,42.4770192,3374.1185896533334,10.549231781663117,3338.1052896000006,3382.5331488,3473.264150293334,0.7860058983386132,3470.5823088000006,3473.8907664000003
run_0491_cfg_050_seed_1_of0,1,10,20,5,40.0,16,10,OF0,855,15,99.86028070175438,0.5383802716471013,90.9,100.0,99.91422222222222,1.2570582261035979,80.0,100.0,173.9672514619883,75.60047738967502,35,345,-76.89122807017544,10.760044281494677,-93,-51,1.0463508771929824,0.0766161906874725,1.0,1.55,4.2140350877192985,1.4509270148820321,2,8,3.198830409356725,1.4421713196543045,1,7,3.2,1.2761549390929887,1,5,175899.73333333334,193305.76776386314,25560,900888,59824103.03625731,193310.21038978704,59099112,59974440,0.29316623024322985,0.3221763391393361,0.0426,1.50148,99.70683376975677,0.32217633913933486,98.49852,99.95739999999999,90.00000415438596,0.0006141655480404214,89.9919,90.00810000000001,0.0,0.0,0.0,0.0,9.18196608,10.090561077273655,1.3342319999999999,47.0263536,3374.0794112449125,10.902695865983977,3333.1899168000004,3382.5584160000008,3473.261381479299,0.8124622587797139,3470.0820264000004,3474.0064368000003
run_0492_cfg_050_seed_2_of0,2,10,20,5,40.0,16,10,OF0,855,15,99.91001169590643,0.28136315029776576,97.36,100.0,99.95711111111112,0.8899097159982873,80.0,100.0,176.6421052631579,78.49062418248215,28,413,-76.88187134502924,10.742628266292083,-93,-51,1.0503976608187136,0.08114855255852593,1.0,1.55,4.391812865497076,1.6909120254526058,2,8,3.3730994152046785,1.6798786083574568,1,7,3.2,1.2761549390929887,1,5,179917.183625731,182202.8975838888,25560,969544,59820082.81637427,182205.49532630283,59030456,59974440,0.2998619839849517,0.303671570497183,0.0426,1.6159066666666666,99.70013801601506,0.30367157049718285,98.38409333333334,99.95739999999999,90.0,0.0005529958433935473,89.9919,90.00810000000001,0.0,0.0,0.0,0.0,9.391676985263157,9.51099125387899,1.3342319999999999,50.61019679999999,3373.8526708435093,10.276389936403467,3329.3177184000006,3382.5584160000008,3473.244347828772,0.7656785697389236,3469.9279152000004,3473.892648000001
run_0493_cfg_050_seed_3_of0,3,10,20,5,40.0,16,10,OF0,855,15,99.79153216374269,0.6371117248643278,91.66,100.0,99.87133333333334,1.5377802975586987,80.0,100.0,175.49590643274854,78.87190379373021,33,399,-77.16023391812865,10.720804696523624,-93,-51,1.053169590643275,0.08953111275680414,1.0,1.71,4.1836257309941525,1.3671329168928286,2,7,3.15906432748538,1.3456353467746927,1,6,3.2,1.2761549390929878,1,5,176208.5894736842,219881.14114021408,24632,969104,59823791.41052631,219880.02568594573,59030896,59975368,0.2936809743146227,0.36646856659983185,0.04105333333333334,1.6151733333333333,99.70631902568537,0.3664685665998308,98.38482666666667,99.95894666666668,90.0,0.00046647815976340947,89.990364,90.009636,0.0,0.0,0.0,0.0,9.198088370526316,11.477795567519188,1.2857904,50.58722879999999,3374.0618355536844,12.401233448687325,3329.3425344,3382.6107552000003,3473.259923924211,0.9235990071612833,3469.9297632000003,3473.8965456000005
run_0494_cfg_050_seed_4_of0,4,10,20,5,40.0,16,10,OF0,855,15,99.91836257309942,0.4182265832586386,94.11,100.0,99.9766081871345,0.6839855680567652,80.0,100.0,176.6280701754386,80.23110447009661,36,391,-76.55438596491229,10.561696794156692,-93,-51,1.0622690058479531,0.12119718062286304,1.0,2.67,4.233918128654971,1.4675316521962647,2,10,3.1883040935672513,1.4045272404782758,1,7,3.2,1.2761549390929885,1,5,178114.40467836257,182447.87249165346,25048,895000,59821885.59532164,182448.09098917013,59105000,59974952,0.29685734168168304,0.30407978996548257,0.04174666666666667,1.4916666666666667,99.70314265831833,0.30407978996548185,98.50833333333333,99.95825333333333,90.0,0.00030255548584338585,89.993748,90.00625199999999,0.0,0.0,0.0,0.0,9.297571924210526,9.523778944064315,1.3075056,46.718999999999994,3373.9543475761407,10.290072331789196,3333.5220000000004,3382.5872928000003,3473.251919500351,0.7663762491566429,3470.2410000000004,3473.8947984
run_0495_cfg_050_seed_5_of0,5,10,20,5,40.0,16,10,OF0,855,15,99.93037426900585,0.22018589185458687,97.77,100.0,99.96100584795322,0.805773760074608,83.33,100.0,178.68538011695907,82.13843035700312,33,387,-77.29473684210527,10.57335956326493,-93,-51,1.0513450292397661,0.09994350404322562,1.0,1.9,4.893567251461988,1.817593765361716,2,9,3.8608187134502923,1.7946177099059133,1,8,3.2,1.2761549390929883,1,5,184398.46549707602,193455.93562953375,25560,1072848,59815601.53450292,193455.9751065222,58927152,59974440,0.30733077331825065,0.3224265749635989,0.0426,1.78808,99.69266922668174,0.3224265749635989,98.21191999999999,99.95739999999999,90.0,0.0006679636221141557,89.990364,90.009636,0.0,0.0,0.0,0.0,9.625599898947367,10.098399839861656,1.3342319999999999,56.00266559999999,3373.5999265459654,10.910916996007854,3323.4913728000006,3382.5584160000008,3473.2255264449122,0.8128965408443238,3469.4940384000006,3473.892648000001
run_0496_cfg_050_seed_6_of0,6,10,20,5,40.0,16,10,OF0,855,15,99.81774269005848,0.5068897022509213,92.85,100.0,99.86743859649123,1.5832677834632372,80.0,100.0,175.8982456140351,78.22754107045826,34,387,-76.90409356725146,10.626517561964864,-93,-51,1.0490058479532163,0.08098381434522522,1.0,1.62,4.375438596491228,1.6081191140352225,2,8,3.360233918128655,1.5958992946929245,1,6,3.2,1.2761549390929883,1,5,176681.07602339183,208851.33956997038,25560,985784,59823318.92397661,208851.45876537205,59014216,59974440,0.29446845841781255,0.34808555814689196,0.0426,1.6429733333333332,99.70553154158219,0.34808555814689196,98.35702666666667,99.95739999999999,90.0,0.0006212435967943643,89.99019600000001,90.009804,0.0,0.0,0.0,0.0,9.222752168421051,10.90203992555245,1.3342319999999999,51.4579248,3374.035187312281,11.779222274366983,3328.4017824000002,3382.5584160000008,3473.257939480702,0.8774864753641309,3469.8597072000002,3473.892648000001
run_0497_cfg_050_seed_7_of0,7,10,20,5,40.0,16,10,OF0,855,15,99.91044444444444,0.4046107666578374,90.9,100.0,99.95711111111112,0.8899097159982883,80.0,100.0,175.61520467836257,77.21684241247895,32,346,-76.95087719298246,10.711783922550053,-93,-51,1.0557076023391814,0.10148976310316374,1.0,2.13,4.239766081871345,1.4541581955311524,2,9,3.2093567251461987,1.4222739429698792,1,7,3.2,1.2761549390929894,1,5,176314.37660818713,207080.1872700454,25560,1031568,59823685.623391815,207080.18727004528,58968432,59974440,0.29385729434697855,0.345133645450076,0.0426,1.7192800000000001,99.70614270565302,0.3451336454500751,98.28072,99.95739999999999,90.0,0.0,90.0,90.0,0.0,0.0,0.0,0.0,9.203610458947368,10.809585775496366,1.3342319999999999,53.847849599999996,3374.0558691592987,11.67932256203057,3325.8195648,3382.5584160000008,3473.2594796182457,0.8697367865341974,3469.6674144,3473.892648000001
run_0498_cfg_050_seed_8_of0,8,10,20,5,40.0,16,10,OF0,855,15,99.92865497076023,0.22866979459610598,97.72,100.0,99.91032748538012,1.312439898614608,80.0,100.0,178.73216374269006,81.81459064843399,34,433,-77.17309941520467,10.627632958601424,-93,-51,1.047169590643275,0.07974601374895565,1.0,1.6,4.264327485380117,1.5273701159450763,2,10,3.245614035087719,1.5135690147238272,1,9,3.2,1.2761549390929887,1,5,181538.60116959063,216562.93422062584,25560,962216,59818461.39883041,216563.122517734,59037784,59974440,0.3025643334259876,0.3609382231513436,0.0426,1.6036933333333332,99.69743566657401,0.360938223151343,98.39630666666666,99.95739999999999,90.0,0.0007003956325922659,89.98959599999999,90.01040400000001,0.0,0.0,0.0,0.0,9.476314981052631,11.304585166316665,1.3342319999999999,50.22767519999999,3373.7612228940357,12.214160110000226,3329.7310176000005,3382.5584160000008,3473.237537875088,0.9099477889954246,3469.9586928000003,3474.0643368000005
run_0499_cfg_050_seed_9_of0,9,10,20,5,40.0,16,10,OF0,855,15,99.928783625731,0.23358256309726583,97.77,100.0,99.87133333333334,1.7365373363031116,66.66,100.0,185.9309941520468,116.95399788539014,33,1707,-76.74269005847954,10.616885484553096,-93,-51,1.061204678362573,0.13541530870949647,1.0,2.95,4.567251461988304,1.9357002983736242,2,10,3.5251461988304094,1.9068498971138563,1,9,3.2,1.2761549390929887,1,5,195073.67485380117,226327.02805924072,25560,2661176,59804926.3251462,226326.17846279984,57338824,59974440,0.32512278532976036,0.377211698215598,0.0426,4.435293333333333,99.67487721467025,0.37721169821560085,95.56470666666667,99.95739999999999,90.0,0.000353492948497412,89.99486399999999,90.005136,0.0,0.0,0.0,0.0,10.182845827368421,11.814270864692368,1.3342319999999999,138.9133872,3372.997844738246,12.764796465301927,3233.9096736000006,3382.5584160000008,3473.1806905656144,0.9506151526390755,3462.8230608000003,3473.892648000001
run_0500_cfg_050_seed_10_of0,10,10,20,5,40.0,16,10,OF0,855,15,99.72773099415205,0.829699727101911,92.95,100.0,99.75437426900585,3.831775907394556,16.66,100.0,176.12397660818712,79.58200856482931,34,415,-76.93216374269007,10.683988846777918,-93,-51,1.0515789473684212,0.11948351194422309,1.0,2.7,4.242105263157895,1.448929270551624,2,10,3.205847953216374,1.413290362588613,1,9,3.2,1.2761549390929887,1,5,180799.3730994152,222788.31090250562,25272,1626848,59819200.62690058,222787.0569251236,58373152,59974728,0.30133227656675093,0.3713137995234889,0.04212,2.7114133333333332,99.69866772343325,0.37131379952348725,97.28858666666666,99.95788,90.0,0.0008303672503729262,89.990364,90.009636,0.0,0.0,0.0,0.0,9.437727275789474,11.629549829110795,1.3191983999999999,84.92146559999999,3373.8029153571933,12.56519001057698,3292.2457728000004,3382.5746592000005,3473.240642632983,0.9361473410928697,3467.1672384000003,3473.9405832
run_0501_cfg_051_seed_1_mrhof,1,10,20,5,50.0,12,10,MRHOF,627,11,99.9944976076555,0.07200812816219981,98.8,100.0,100.0,0.0,100.0,100.0,110.7511961722488,54.431760875589596,29,265,-68.18181818181819,10.407762580331601,-94,-52,1.0118819776714514,0.03231186060904985,1.0,1.21,3.090909090909091,0.9966542927526431,2,5,2.090909090909091,0.9966542927526431,1,4,4.545454545454546,1.7782204486465953,1,7,102144.52312599681,90536.52933319427,24632,390208,59897855.476874,90534.14954110779,59609792,59975368,0.17024086495166213,0.1508941719919537,0.04105333333333334,0.6503466666666666,99.82975913504833,0.15089417199195324,99.34965333333334,99.95894666666668,90.0,0.00039475901979000693,89.99301600000001,90.006984,0.0,0.0,0.0,0.0,5.3319441071770335,4.726006831192739,1.2857904,20.3688576,3378.2390488956944,5.106126034118485,3361.9922688,3382.6107552000003,3473.570993002871,0.3803987668953841,3472.3611264,3473.8965456000005
run_0502_cfg_051_seed_2_mrhof,2,10,20,5,50.0,12,10,MRHOF,627,11,99.9949601275917,0.05228140255405418,99.32,100.0,100.0,0.0,100.0,100.0,108.9585326953748,53.33499114943838,30,252,-69.54545454545455,9.809157759522746,-94,-59,1.0133971291866029,0.03886702395155436,1.0,1.27,3.090909090909091,0.9966542927526437,2,5,2.090909090909091,0.9966542927526437,1,4,4.545454545454546,1.7782204486465947,1,7,101927.1706539075,86259.76367766388,25472,305408,59898072.82934609,86261.43851926718,59691192,59974528,0.16987862125612327,0.1437662925237562,0.04245333333333333,0.5090421790568133,99.83012137874387,0.14376629252375536,99.49095782094318,99.95754666666666,90.0,0.00028826904366182715,89.9949,90.0051,0.0,0.0,0.0,0.0,5.320598308133971,4.502759663974055,1.3296384,15.942297599999998,3378.25130757512,4.865145132486687,3366.5832288000006,3382.5633792000003,3473.571905883254,0.36254637329873723,3472.520426400001,3473.8930176000003
run_0503_cfg_051_seed_3_mrhof,3,10,20,5,50.0,12,10,MRHOF,627,11,99.9978947368421,0.05271572221283597,98.68,100.0,100.0,0.0,100.0,100.0,110.95693779904306,56.51935455938276,29,293,-69.27272727272727,11.234671035901577,-94,-52,1.016634768740032,0.04949585069970976,1.0,1.5,3.090909090909091,0.9966542927526426,2,5,2.090909090909091,0.9966542927526426,1,4,4.545454545454546,1.7782204486465953,1,7,102649.21212121213,112479.55550819333,25560,445208,59897350.78787879,112478.1119036793,59554792,59974440,0.17108201430008693,0.18746591376125754,0.0426,0.7420133333333333,99.82891798569992,0.18746591376125715,99.25798666666667,99.95739999999999,90.0,0.0004774725792096897,89.99301600000001,90.006984,0.0,0.0,0.0,0.0,5.358288872727273,5.871432797527693,1.3342319999999999,23.239857599999997,3378.210584436364,6.343765511367529,3358.8902688000003,3382.5584160000008,3473.5688733090915,0.47266392034319005,3472.1301264000003,3473.892648000001
run_0504_cfg_051_seed_4_mrhof,4,10,20,5,50.0,12,10,MRHOF,627,11,99.9972567783094,0.03469358474115973,99.49,100.0,100.0,0.0,100.0,100.0,110.73365231259969,55.029828100120035,27,260,-69.4194577352472,9.80567438704307,-94,-52,1.0179425837320575,0.04539929228126294,1.0,1.35,3.090909090909091,0.9966542927526431,2,5,2.090909090909091,0.9966542927526431,1,4,4.545454545454546,1.778220448646596,1,7,102758.46889952153,71614.2160888646,25560,269720,59897241.53110048,71614.73705087532,59730280,59974440,0.17126411566346772,0.11935702788071487,0.0426,0.4495333333333333,99.82873588433654,0.1193570278807141,99.55046666666667,99.95739999999999,90.0,0.00018211536560471398,89.997516,90.002484,0.0,0.0,0.0,0.0,5.363992076555023,3.73826207983873,1.3342319999999999,14.079384000000001,3378.2044223540674,4.039071169669411,3368.7877920000005,3382.5584160000008,3473.568414430623,0.30088604030887683,3472.8671760000007,3473.892648000001
run_0505_cfg_051_seed_5_mrhof,5,10,20,5,50.0,12,10,MRHOF,627,11,99.94531100478468,0.20978162369255887,97.29,100.0,99.96810207336523,0.7987230638308707,80.0,100.0,110.79425837320574,55.38111434781694,27,269,-68.37320574162679,10.379282468602254,-94,-52,1.0160127591706538,0.04244582899701479,1.0,1.38,3.090909090909091,0.9966542927526436,2,5,2.090909090909091,0.9966542927526436,1,4,4.545454545454546,1.7782204486465947,1,7,103039.79585326953,67319.93864110365,25560,288896,59896960.20414673,67321.90592264346,59711104,59974440,0.17173299413313067,0.1121999132652371,0.0426,0.48149333333333333,99.82826700586686,0.1121999132652356,99.51850666666667,99.95739999999999,90.0,0.0006541033127642533,89.99194800000001,90.00805199999999,0.0,0.0,0.0,0.0,5.378677343540669,3.5141007970656104,1.3342319999999999,15.080371199999998,3378.188555513876,3.796955494037111,3367.7062656000003,3382.5584160000008,3473.567232857417,0.2839008204941691,3472.7866368000005,3474.1403544000004
run_0506_cfg_051_seed_6_mrhof,6,10,20,5,50.0,12,10,MRHOF,627,11,99.98357256778309,0.2393494826343424,94.73,100.0,100.0,0.0,100.0,100.0,110.78787878787878,55.680581329459606,30,249,-68.18181818181819,10.407762580331609,-94,-52,1.015438596491228,0.0411991653263282,1.0,1.39,3.090909090909091,0.9966542927526434,2,5,2.090909090909091,0.9966542927526434,1,4,4.545454545454546,1.7782204486465951,1,7,102682.74322169059,90831.83240990982,25560,406160,59897317.25677831,90831.5345622276,59593840,59974440,0.17113790243458601,0.15138638032955312,0.0426,0.6769333333333333,99.8288620975654,0.15138638032955215,99.32306666666668,99.95739999999999,90.0,0.0005969967007475435,89.99113200000001,90.008868,0.0,0.0,0.0,0.0,5.360039196172248,4.741421651797293,1.3342319999999999,21.201552,3378.208693282297,5.122898549309648,3361.0925760000005,3382.5584160000008,3473.5687324784694,0.38212143517381203,3472.2941280000005,3473.892648000001
run_0507_cfg_051_seed_7_mrhof,7,10,20,5,50.0,12,10,MRHOF,627,11,99.8809090909091,0.5968955654078004,92.3,100.0,99.96810207336523,0.7987230638308683,80.0,100.0,109.77033492822966,54.392769443916144,30,259,-69.54545454545455,9.80915775952275,-94,-59,1.0179585326953748,0.05228007216375489,1.0,1.5,3.0925039872408293,0.9989089645172994,2,5,2.090909090909091,0.9966542927526431,1,4,4.545454545454546,1.7782204486465951,1,7,102507.72567783094,86501.07389860273,25560,327216,59897492.27432217,86501.30546386776,59672784,59974440,0.17084620951125232,0.14416845674771772,0.0426,0.5453600000000001,99.82915379048875,0.14416845674771567,99.45464000000001,99.95739999999999,90.0,0.0002882690436611547,89.9949,90.0051,0.0,0.0,0.0,0.0,5.3509032803827745,4.515356057507062,1.3342319999999999,17.080675199999998,3378.218564271771,4.878673628162186,3365.5450176,3382.5584160000008,3473.569467552153,0.363475917054847,3472.6167912000005,3473.892648000001
run_0508_cfg_051_seed_8_mrhof,8,10,20,5,50.0,12,10,MRHOF,627,11,99.99213716108453,0.06103128884012799,99.09,100.0,99.96810207336523,0.7987230638308714,80.0,100.0,110.13716108452951,55.12573783161906,27,254,-69.90749601275917,10.825705620719868,-94,-52,1.0109409888357257,0.03450111857673897,1.0,1.35,3.090909090909091,0.9966542927526431,2,5,2.090909090909091,0.9966542927526431,1,4,4.545454545454546,1.7782204486465942,1,7,102465.56937799042,99134.82012369843,25472,396064,59897534.43062201,99134.82012369833,59603936,59974528,0.17077594896331738,0.165224700206164,0.04245333333333333,0.6601066666666666,99.82922405103668,0.16522470020616264,99.33989333333332,99.95754666666666,90.0,0.0,90.0,90.0,0.0,0.0,0.0,0.0,5.3487027215311,5.174837610457059,1.3296384,20.6745408,3378.220941887082,5.59120385497659,3361.6619904,3382.5633792000003,3473.5696446086126,0.41636624451958004,3472.3365312,3473.8930176000003
run_0509_cfg_051_seed_9_mrhof,9,10,20,5,50.0,12,10,MRHOF,627,11,99.97875598086125,0.244452278365083,95.83,100.0,100.0,0.0,100.0,100.0,110.67145135566189,56.23965036457664,29,267,-68.03508771929825,10.530590466605384,-94,-52,1.0179585326953748,0.04614165786807872,1.0,1.32,3.090909090909091,0.9966542927526431,2,5,2.090909090909091,0.9966542927526431,1,4,4.545454545454546,1.7782204486465958,1,7,102723.31738437002,63374.42440786738,25560,271560,59897276.68261563,63374.34243886779,59728440,59974440,0.1712055269594182,0.1056240335378691,0.0426,0.45259999999999995,99.82879447304057,0.10562403353786887,99.5474,99.95739999999999,90.0,0.0005523162033638602,89.992332,90.007668,0.0,0.0,0.0,0.0,5.362157167464114,3.3081449540906767,1.3342319999999999,14.175432,3378.2064048995217,3.574312913552109,3368.6840160000006,3382.5584160000008,3473.568562066986,0.26695854373023786,3472.8594480000006,3473.892648000001
run_0510_cfg_051_seed_10_mrhof,10,10,20,5,50.0,12,10,MRHOF,627,11,99.98939393939393,0.18224623346388688,95.65,100.0,100.0,0.0,100.0,100.0,110.26315789473684,53.99460952487206,31,269,-70.0,9.436690002901578,-94,-60,1.013030303030303,0.03755810034261225,1.0,1.35,3.090909090909091,0.9966542927526434,2,5,2.090909090909091,0.9966542927526434,1,4,4.545454545454546,1.7782204486465951,1,7,102712.74003189792,73964.33714287599,25560,269568,59897287.2599681,73964.73037373826,59730432,59974440,0.17118789780738805,0.12327388981942423,0.0426,0.44928,99.82881210219261,0.1232738898194233,99.55072,99.95739999999999,90.0,0.0007060452790738857,89.990832,90.009168,0.0,0.0,0.0,0.0,5.361605029665071,3.8609383988581274,1.3342319999999999,14.071449599999998,3378.2070014622013,4.1716107930788455,3368.7963648000004,3382.5584160000008,3473.568606491866,0.31177968124950417,3472.727256,3473.892648000001
run_0511_cfg_052_seed_1_of0,1,10,20,5,50.0,12,10,OF0,627,11,99.99687400318979,0.047352816297083655,99.19,100.0,100.0,0.0,100.0,100.0,109.46251993620415,52.72800586581543,31,242,-68.1451355661882,10.608920282397728,-94,-52,1.0116586921850081,0.03285350774955135,1.0,1.24,3.090909090909091,0.9966542927526431,2,5,2.090909090909091,0.9966542927526431,1,4,4.545454545454546,1.7782204486465953,1,7,102070.12440191387,82931.68671084981,25560,370352,59897929.87559809,82931.51089915399,59629648,59974440,0.1701168735169248,0.13821947416566868,0.0426,0.6172533333333333,99.82988312648308,0.1382194741656685,99.38274666666666,99.95739999999999,90.0,0.00011598589756692052,89.99794800000001,90.00205199999999,0.0,0.0,0.0,0.0,5.328060493779904,4.32903404630636,1.3342319999999999,19.3323744,3378.2432449837324,4.677337214712287,3363.112147200001,3382.5584160000008,3473.571305477513,0.34832959015083614,3472.4061720000004,3473.892648000001
run_0512_cfg_052_seed_2_of0,2,10,20,5,50.0,12,10,OF0,627,11,99.95121212121212,0.22449616570253933,96.29,100.0,99.96810207336523,0.7987230638308709,80.0,100.0,110.45933014354067,55.72088865746322,28,255,-68.9090909090909,10.218680677819265,-94,-52,1.0156937799043062,0.04053108312477939,1.0,1.26,3.090909090909091,0.9966542927526437,2,5,2.090909090909091,0.9966542927526437,1,4,4.545454545454546,1.7782204486465947,1,7,102928.8293460925,79499.25123862976,25560,370392,59897071.17065391,79496.59772912315,59629608,59974440,0.17154804165621215,0.13249872411275895,0.0426,0.61732,99.82845195834379,0.1324987241127577,99.38268000000001,99.95739999999999,90.0,0.0004789046607836485,89.992332,90.007668,0.0,0.0,0.0,0.0,5.372884891866028,4.149860914656475,1.3342319999999999,19.3344624,3378.194814024881,4.483608111922529,3363.1098912,3382.5584160000008,3473.5676989167473,0.3342176637013307,3472.4443536000003,3473.892648000001
run_0513_cfg_052_seed_3_of0,3,10,20,5,50.0,12,10,OF0,627,11,99.91988835725677,0.25484284509261707,96.0,100.0,99.94151515151515,1.0389724130551072,80.0,100.0,109.71451355661883,54.83970102206533,34,270,-70.70813397129187,10.735685061178987,-94,-52,1.0144976076555023,0.0442205615224434,1.0,1.56,3.0925039872408293,0.9989089645172984,2,5,2.090909090909091,0.9966542927526426,1,4,4.545454545454546,1.7782204486465953,1,7,101888.48484848485,105862.9902095006,25112,512768,59898111.515151516,105862.99020950057,59487232,59974888,0.16981414141414142,0.17643831701583423,0.04185333333333333,0.8546133333333334,99.83018585858585,0.17643831701583357,99.14538666666667,99.95814666666666,90.0,0.0,90.0,90.0,0.0,0.0,0.0,0.0,5.318578909090909,5.526048088935927,1.3108463999999997,26.7664896,3378.2534894545456,5.970672647815881,3355.0798848000004,3382.5836832000005,3473.572068363637,0.44462455887994445,3471.8463744000005,3473.8945296000006
run_0514_cfg_052_seed_4_of0,4,10,20,5,50.0,12,10,OF0,627,11,99.99379585326953,0.08609347276689665,98.11,100.0,100.0,0.0,100.0,100.0,110.78787878787878,55.47466951927543,35,272,-68.27272727272727,11.163779550851311,-94,-52,1.0164114832535884,0.04296565679064381,1.0,1.32,3.090909090909091,0.9966542927526431,2,5,2.090909090909091,0.9966542927526431,1,4,4.545454545454546,1.7782204486465958,1,7,102630.29027113237,73236.60737897446,25560,366400,59897369.70972887,73235.69862338256,59633600,59974440,0.1710504811382161,0.12206101116768546,0.0426,0.6106666666666667,99.82894951886179,0.1220610111676854,99.38933333333333,99.95739999999999,90.0,0.00036117444211227184,89.993748,90.00625199999999,0.0,0.0,0.0,0.0,5.35730115215311,3.822950905182469,1.3342319999999999,19.12608,3378.2116516287083,4.130493402358783,3363.3350400000004,3382.5584160000008,3473.5689527808618,0.30783406021778875,3472.4611200000004,3473.892648000001
run_0515_cfg_052_seed_5_of0,5,10,20,5,50.0,12,10,OF0,627,11,99.99180223285487,0.11867791053385061,97.22,100.0,100.0,0.0,100.0,100.0,110.27910685805422,54.718334188145974,31,268,-69.77033492822966,10.55132959761092,-94,-52,1.01451355661882,0.04052622380538955,1.0,1.43,3.0972886762360448,1.008799456309568,2,6,2.0956937799043063,1.0065745324942612,1,5,4.545454545454546,1.7782204486465947,1,7,103163.72567783094,78046.27126603587,25560,301560,59896836.27432217,78045.51521509635,59698440,59974440,0.17193953962362835,0.1300771037749334,0.0426,0.5026,99.82806046037638,0.13007710377493267,99.4974,99.95739999999999,90.0,0.0005012489959192247,89.99113200000001,90.008868,0.0,0.0,0.0,0.0,5.385146480382775,4.074015360087071,1.3342319999999999,15.741432,3378.1815658717705,4.401767058131428,3366.992016,3382.5584160000008,3473.566712352154,0.3282798021844217,3472.693812,3473.892648000001
run_0516_cfg_052_seed_6_of0,6,10,20,5,50.0,12,10,OF0,627,11,99.96108452950558,0.23637525845866358,96.0,100.0,99.97341307814992,0.6657356737030322,83.33,100.0,110.65071770334929,55.17677816369504,33,286,-68.30462519936204,11.29681007499384,-94,-52,1.0153269537480063,0.04611431784894552,1.0,1.44,3.0956937799043063,1.0033954918715817,2,5,2.090909090909091,0.9966542927526434,1,4,4.545454545454546,1.7782204486465951,1,7,102167.45135566188,77890.22488365884,25560,315888,59897832.54864434,77890.22488365891,59684112,59974440,0.1702790855927698,0.12981704147276477,0.0426,0.5264800000000001,99.82972091440723,0.1298170414727631,99.47352000000001,99.95739999999999,90.0,0.0,90.0,90.0,0.0,0.0,0.0,0.0,5.33314096076555,4.065869738926992,1.3342319999999999,16.489353599999998,3378.2377557435407,4.393008683438363,3366.1839168,3382.5584160000008,3473.570896704307,0.3271389445114199,3472.6732704,3473.892648000001
run_0517_cfg_052_seed_7_of0,7,10,20,5,50.0,12,10,OF0,627,11,99.99269537480063,0.12219991487650662,97.43,100.0,100.0,0.0,100.0,100.0,108.85167464114832,53.37780835241729,31,257,-69.66028708133972,9.876282716733016,-94,-52,1.0118181818181817,0.03710203685166051,1.0,1.36,3.094098883572568,1.0027503438978467,2,6,2.090909090909091,0.9966542927526431,1,4,4.545454545454546,1.7782204486465951,1,7,102241.69696969698,85605.68103377409,25560,351624,59897758.303030305,85603.67644715402,59648376,59974440,0.17040282182852334,0.14267612155928625,0.0426,0.58604,99.82959717817148,0.14267612155928508,99.41396,99.95739999999999,90.0,0.0005259033305651337,89.990748,90.00925200000002,0.0,0.0,0.0,0.0,5.337016581818181,4.4686165499630075,1.3342319999999999,18.3547728,3378.2335682909097,4.828047351619495,3364.1684064,3382.5584160000008,3473.570584872728,0.3599590527764701,3472.5231792,3473.892648000001
run_0518_cfg_052_seed_8_of0,8,10,20,5,50.0,12,10,OF0,627,11,99.98845295055821,0.2512492727630608,93.75,100.0,100.0,0.0,100.0,100.0,110.8883572567783,55.58202333402509,31,284,-69.99681020733652,10.725890090965597,-94,-52,1.016762360446571,0.045182052610803936,1.0,1.53,3.0925039872408293,0.9989089645172984,2,5,2.090909090909091,0.9966542927526431,1,4,4.545454545454546,1.7782204486465942,1,7,103001.3014354067,98121.1459265827,25560,387832,59896998.6985646,98121.21582202821,59612168,59974440,0.17166883511452802,0.16353523978844792,0.0426,0.6463866666666667,99.82833116488547,0.16353523978844667,99.35361333333333,99.95739999999999,90.0,0.00036135018371632734,89.99533199999999,90.00466800000001,0.0,0.0,0.0,0.0,5.376667934928229,5.121923817367617,1.3342319999999999,20.2448304,3378.1907265990435,5.534036572362369,3362.1262752000002,3382.5584160000008,3473.5673945339713,0.4123317193304009,3472.3711056,3474.0301944000003
run_0519_cfg_052_seed_9_of0,9,10,20,5,50.0,12,10,OF0,627,11,99.99499202551834,0.07905062639694921,98.3,100.0,100.0,0.0,100.0,100.0,111.1323763955343,55.767059063681074,26,282,-69.28548644338117,10.507406328025395,-94,-52,1.0150079744816587,0.04128284267398941,1.0,1.49,3.0925039872408293,0.9989089645172983,2,5,2.090909090909091,0.9966542927526431,1,4,4.545454545454546,1.7782204486465958,1,7,103046.82615629984,70953.52847402178,25560,294032,59896953.1738437,70953.52847402179,59705968,59974440,0.17174471026049973,0.11825588079003631,0.0426,0.49005333333333334,99.8282552897395,0.11825588079003582,99.50994666666666,99.95739999999999,90.0,0.0,90.0,90.0,0.0,0.0,0.0,0.0,5.379044325358851,3.7037741863439373,1.3342319999999999,15.3484704,3378.188159004785,4.001779005934831,3367.4165952000003,3382.5584160000008,3473.5672033301444,0.2980048195909451,3472.7650656000005,3473.892648000001
run_0520_cfg_052_seed_10_of0,10,10,20,5,50.0,12,10,OF0,627,11,99.98976076555024,0.18098622313035903,95.65,100.0,100.0,0.0,100.0,100.0,111.5103668261563,55.42589507111197,31,334,-72.07496012759171,9.913642846865764,-94,-60,1.0168261562998404,0.04606191227076267,1.0,1.46,3.094098883572568,0.9995591407362657,2,5,2.090909090909091,0.9966542927526434,1,4,4.545454545454546,1.7782204486465951,1,7,102790.44338118023,77118.06578663723,25560,298848,59897209.55661882,77118.06578663723,59701152,59974440,0.17131740563530037,0.1285301096443954,0.0426,0.49807999999999997,99.8286825943647,0.12853010964439404,99.50192,99.95739999999999,90.0,0.0,90.0,90.0,0.0,0.0,0.0,0.0,5.365661144497607,4.025563034062462,1.3342319999999999,15.5998656,3378.2026189933017,4.349458910366391,3367.1449728000002,3382.5584160000008,3473.568280137799,0.3238958763039237,3472.7448384000004,3473.892648000001
run_0521_cfg_053_seed_1_mrhof,1,10,20,5,60.0,12,20,MRHOF,627,11,99.97755980861244,0.3269418921003957,94.11,100.0,100.0,0.0,100.0,100.0,94.42105263157895,40.19335937127356,29,233,-69.9090909090909,14.354359368439397,-93,-54,1.0110047846889951,0.035620178293641634,1.0,1.35,2.8181818181818183,0.7163904098224002,2,4,1.8181818181818181,0.7163904098224003,1,3,5.818181818181818,2.3302678229409053,1,9,46287.71929824561,64501.65489536349,10224,315472,59953712.28070176,64501.65489536354,59684528,59989776,0.07714619883040935,0.10750275815893917,0.01704,0.5257866666666666,99.92285380116958,0.10750275815893978,99.47421333333332,99.98295999999999,90.0,0.0,90.0,90.0,0.0,0.0,0.0,0.0,2.416218947368421,3.366986385537974,0.5336928,16.4676384,3381.389372631579,3.6378933360985526,3366.2073792000006,3383.4233664000003,3473.805591578948,0.27090695056056535,3472.6750176000005,3473.9570592000005
run_0522_cfg_053_seed_2_mrhof,2,10,20,5,60.0,12,20,MRHOF,627,11,99.99470494417862,0.08805332045917846,98.0,100.0,100.0,0.0,100.0,100.0,93.67783094098884,41.06192086116325,23,249,-67.57575757575758,14.320004970546345,-93,-51,1.0155502392344498,0.03994975213477016,1.0,1.3,2.8181818181818183,0.7163904098224001,2,4,1.8181818181818181,0.7163904098224001,1,3,5.818181818181818,2.3302678229409066,1,9,46447.5023923445,31684.858365928103,10736,132440,59953552.497607656,31686.749467496564,59867560,59989264,0.07741250423419263,0.05280809770180966,0.017893333333333334,0.22073333333333334,99.9225874957658,0.052808097701809276,99.77926666666667,99.98210666666667,90.0,0.0004795440326325147,89.99151599999999,90.008484,0.0,0.0,0.0,0.0,2.4245596248803825,1.6539496067014476,0.5604192,6.913367999999999,3381.380360865072,1.787132669966783,3376.530384,3383.3944896000003,3473.8049204899526,0.1343735590370043,3473.443752,3474.1170792000003
run_0523_cfg_053_seed_3_mrhof,3,10,20,5,60.0,12,20,MRHOF,627,11,99.80381180223286,0.9097129324556814,87.5,100.0,100.0,0.0,100.0,100.0,93.6427432216906,40.25700134534293,24,210,-67.45454545454545,14.239140503453287,-93,-51,1.01481658692185,0.04138678130667494,1.0,1.42,2.819776714513557,0.7201290804820767,2,5,1.8181818181818181,0.7163904098224004,1,3,5.818181818181818,2.330267822940906,1,9,46550.609250398724,43950.18706657943,10224,203952,59953449.3907496,43950.565079896725,59796048,59989776,0.07758434896314156,0.0732503117179556,0.01704,0.33992,99.92241565103686,0.07325031171795737,99.66008,99.98295999999999,90.0,0.00020077091040891188,89.996448,90.003552,0.0,0.0,0.0,0.0,2.4299418028708133,2.294199764875446,0.5336928,10.646294399999999,3381.374545638278,2.478811870506211,3372.4971072,3383.4233664000003,3473.804487441149,0.1847634720459835,3473.1434016,3474.0694704000007
run_0524_cfg_053_seed_4_mrhof,4,10,20,5,60.0,12,20,MRHOF,627,11,99.98775119617225,0.2457372333164531,94.11,100.0,100.0,0.0,100.0,100.0,94.48165869218501,41.23854355527892,25,250,-66.88995215311004,15.025931084288368,-93,-51,1.0174322169059011,0.050933237470857505,1.0,1.41,2.8181818181818183,0.7163904098224003,2,4,1.8181818181818181,0.7163904098224003,1,3,5.818181818181818,2.3302678229409053,1,9,46399.821371610844,42052.81104848833,10224,194296,59953600.17862839,42052.46470148517,59805704,59989776,0.07733303520945121,0.07008801573195886,0.01704,0.3238266666666667,99.92266696479055,0.07008801573196034,99.67617333333332,99.98295999999999,90.0,3.120088472617652e-05,89.999448,90.000552,0.0,0.0,0.0,0.0,2.422070675598086,2.195156736731092,0.5336928,10.142251199999999,3381.3830500746412,2.371759009163756,3373.0417056000006,3383.4233664000003,3473.80512075024,0.1766055605360286,3473.1839568000005,3473.9570592000005
run_0525_cfg_053_seed_5_mrhof,5,10,20,5,60.0,12,20,MRHOF,627,11,99.99417862838915,0.10300944459956017,98.14,100.0,100.0,0.0,100.0,100.0,93.91228070175438,39.735149042009745,26,210,-67.88197767145135,14.197110039115683,-93,-51,1.012328548644338,0.0377692743038109,1.0,1.31,2.821371610845295,0.7238449214513972,2,5,1.8181818181818181,0.716390409822401,1,3,5.818181818181818,2.3302678229409066,1,9,46403.1004784689,29571.710420318577,10736,148800,59953596.89952153,29566.920735360207,59851200,59989264,0.07733849415992229,0.04928615426880819,0.017893333333333334,0.248,99.92266150584008,0.04928615426881058,99.752,99.98210666666667,90.0,0.000663915657293447,89.990556,90.00944399999999,0.0,0.0,0.0,0.0,2.4222418449760763,1.543643283940629,0.5604192,7.767359999999999,3381.382865133015,1.6675743294743048,3375.6076800000005,3383.3944896000003,3473.805106977991,0.12635728151366254,3473.29896,3474.1106568
run_0526_cfg_053_seed_6_mrhof,6,10,20,5,60.0,12,20,MRHOF,627,11,99.9833014354067,0.24161816716465465,94.73,100.0,100.0,0.0,100.0,100.0,93.87081339712918,40.18484717289062,22,204,-65.27272727272727,13.222739371242792,-93,-54,1.0111642743221692,0.034839891199050683,1.0,1.27,2.8181818181818183,0.7163904098224003,2,4,1.8181818181818181,0.7163904098224004,1,3,5.818181818181818,2.3302678229409057,1,9,46568.08931419458,39259.20814205111,10224,194056,59953431.91068581,39259.20814205122,59805944,59989776,0.0776134821903243,0.06543201357008521,0.01704,0.3234266666666667,99.92238651780967,0.0654320135700867,99.67657333333332,99.98295999999999,90.0,0.0,90.0,90.0,0.0,0.0,0.0,0.0,2.4308542622009566,2.0493306650150678,0.5336928,10.129723199999999,3381.37355976268,2.2142193392116662,3373.0552416000005,3383.4233664000003,3473.804414024881,0.16488867419665995,3473.1849648000007,3473.9570592000005
run_0527_cfg_053_seed_7_mrhof,7,10,20,5,60.0,12,20,MRHOF,627,11,99.98665071770334,0.25738847737656745,93.75,100.0,100.0,0.0,100.0,100.0,93.77352472089314,39.533256120302426,25,197,-64.63636363636364,13.78364839632685,-93,-51,1.011834130781499,0.03730520759545581,1.0,1.3,2.8181818181818183,0.7163904098224008,2,4,1.8181818181818181,0.7163904098224005,1,3,5.818181818181818,2.330267822940906,1,9,46478.87719298246,39178.759544591834,10224,194736,59953521.12280702,39178.75954459196,59805264,59989776,0.07746479532163743,0.0652979325743197,0.01704,0.32456,99.92253520467837,0.06529793257432115,99.67544000000001,99.98295999999999,90.0,0.0,90.0,90.0,0.0,0.0,0.0,0.0,2.426197389473684,2.0451312482276935,0.5336928,10.1652192,3381.3785913263164,2.209682038314987,3373.0168896000005,3383.4233664000003,3473.80478871579,0.16455079008729992,3473.1821088000006,3473.9570592000005
run_0528_cfg_053_seed_8_mrhof,8,10,20,5,60.0,12,20,MRHOF,627,11,99.9850558213716,0.25175446049791117,94.11,100.0,100.0,0.0,100.0,100.0,94.76714513556618,40.84643576861596,25,222,-67.03189792663477,14.54712305590428,-93,-54,1.0114673046251994,0.03786325825217578,1.0,1.31,2.8181818181818183,0.7163904098224007,2,4,1.8181818181818181,0.7163904098224008,1,3,5.818181818181818,2.330267822940906,1,9,46352.408293460925,50143.99816948072,10224,227832,59953647.59170654,50142.77652677252,59772168,59989776,0.07725401196186887,0.08357332827195724,0.01704,0.37972,99.92274598803813,0.0835733282719571,99.62028000000001,99.98295999999999,90.0,0.0001621089445527664,89.99713200000001,90.002868,0.0,0.0,0.0,0.0,2.4195957129186603,2.617516704446895,0.5336928,11.8928304,3381.3857241722494,2.828052596109976,3371.1502752,3383.4233664000003,3473.8053198851676,0.21062027512885514,3473.0431056,3473.9570592000005
run_0529_cfg_053_seed_9_mrhof,9,10,20,5,60.0,12,20,MRHOF,627,11,99.92019138755981,0.302852722654096,97.91,100.0,99.94682615629985,1.3314713474060615,66.66,100.0,93.64912280701755,40.94149193677308,26,269,-69.63636363636364,14.67937910067368,-93,-51,1.0137799043062201,0.038724504686950184,1.0,1.26,2.8181818181818183,0.7163904098224003,2,4,1.8181818181818181,0.7163904098224003,1,3,5.818181818181818,2.3302678229409057,1,9,46561.594896331735,55286.65128869189,10736,260000,59953438.40510367,55286.65128869194,59740000,59989264,0.0776026581605529,0.09214441881448646,0.017893333333333334,0.4333333333333333,99.92239734183946,0.09214441881448708,99.56666666666666,99.98210666666667,90.0,0.0,90.0,90.0,0.0,0.0,0.0,0.0,2.4305152535885166,2.885963197269716,0.5604192,13.572,3381.373926047847,3.1181671326822666,3369.3360000000007,3383.3944896000003,3473.804441301436,0.23220393541253986,3472.908000000001,3473.9549088000003
run_0530_cfg_053_seed_10_mrhof,10,10,20,5,60.0,12,20,MRHOF,627,11,99.99727272727273,0.048849975124933824,99.01,100.0,100.0,0.0,100.0,100.0,93.94577352472089,38.582432317650365,24,200,-67.85326953748006,14.839530404151335,-93,-51,1.0106698564593302,0.03507906770246229,1.0,1.31,2.8181818181818183,0.7163904098224002,2,4,1.8181818181818181,0.7163904098224003,1,3,5.818181818181818,2.330267822940905,1,9,46431.196172248805,32140.830149929694,10224,142792,59953568.80382775,32140.830149929745,59857208,59989776,0.07738532695374802,0.05356805024988284,0.01704,0.23798666666666668,99.92261467304624,0.053568050249884716,99.76201333333333,99.98295999999999,90.0,0.0,90.0,90.0,0.0,0.0,0.0,0.0,2.4237084401913873,1.6777513338263297,0.5336928,7.453742399999999,3381.3812805358857,1.8127428204560352,3375.9465312,3383.4233664000003,3473.804988976077,0.134991486629736,3473.4002736,3473.9570592000005
run_0531_cfg_054_seed_1_mrhof,1,10,20,5,60.0,16,5,MRHOF,855,15,99.79877192982455,0.32739875086548853,98.5,100.0,99.78554385964912,1.4645061040941014,88.88,100.0,126.81520467836258,57.63901637630606,32,286,-70.0,13.284316614553065,-93,-54,1.0327602339181285,0.059207152789145415,1.0,1.39,3.2666666666666666,0.9983593098055479,2,5,2.2666666666666666,0.9983593098055479,1,4,6.133333333333334,2.2184029109721792,3,10,208641.45964912281,319587.0802880899,46008,1413800,59791358.54035088,319587.16410912,58586200,59953992,0.34773576576483556,0.5326451368828398,0.07668,2.356333333333333,99.65226423423516,0.5326451368828399,97.64366666666666,99.92332,90.0,0.0004206142046267592,89.993568,90.00659999999999,0.0,0.0,0.0,0.0,10.891084193684211,16.682445591038285,2.4016176,73.80036,3372.2326216757897,18.024716055754386,3304.26168,3381.4051488000005,3473.123705869474,1.342361655839455,3468.0620400000003,3473.9236176000004
run_0532_cfg_054_seed_2_mrhof,2,10,20,5,60.0,16,5,MRHOF,855,15,99.87219883040935,0.27076841431501675,96.96,100.0,99.89447953216374,1.024834677586514,88.88,100.0,126.74502923976608,57.66712212931324,36,265,-66.78947368421052,14.118273626440708,-94,-51,1.0331929824561403,0.060545753287035306,1.0,1.6,3.2690058479532165,1.003581790873463,2,6,2.2666666666666666,0.9983593098055473,1,4,6.133333333333334,2.218402910972179,3,10,210059.19064327487,223389.8369308473,46008,1014712,59789940.80935673,223389.919341329,58985288,59953992,0.3500986492121296,0.3723163974278123,0.07668,1.6911866666666668,99.64990135078787,0.37231639742781164,98.30881333333333,99.92332,90.0,0.0006230987005540087,89.99151599999999,90.008484,0.0,0.0,0.0,0.0,10.965089751578946,11.660949487790228,2.4016176,52.967966399999995,3372.1526616477195,12.59919145085097,3326.7702432000006,3381.4051488000005,3473.1177513992984,0.9385279595465935,3469.7382096000006,3473.8810392
run_0533_cfg_054_seed_3_mrhof,3,10,20,5,60.0,16,5,MRHOF,855,15,99.89605847953217,0.2835737496976629,96.15,100.0,99.8957894736842,1.011366804265211,90.0,100.0,126.75204678362573,57.15050012912855,39,290,-67.10292397660818,13.97542769514993,-94,-51,1.0353567251461988,0.06534242535538194,1.0,1.57,3.2666666666666666,0.9983593098055478,2,5,2.2666666666666666,0.9983593098055478,1,4,6.133333333333334,2.2184029109721783,3,10,210614.77426900584,188314.59356019582,47968,919120,59789385.22573099,188314.80290631275,59080880,59952032,0.3510246239515531,0.31385765808549404,0.07994666666666667,1.5318666666666667,99.64897537604844,0.31385765808549426,98.46813333333333,99.92005333333334,90.0,0.0003900653881413973,89.992332,90.007668,0.0,0.0,0.0,0.0,10.994091216842106,9.830021783842216,2.5039295999999998,47.978064,3372.1213267312282,10.620954883916,3332.1616320000003,3381.2946048000003,3473.1154179480704,0.7910663182224933,3470.139696,3473.7985344000003
run_0534_cfg_054_seed_4_mrhof,4,10,20,5,60.0,16,5,MRHOF,855,15,99.94225730994152,0.16609844218494954,97.22,100.0,99.90722807017544,0.9568658162521226,88.88,100.0,126.25497076023392,57.198659689082575,38,275,-71.53333333333333,14.772862644930925,-94,-51,1.030701754385965,0.056611777758638446,1.0,1.39,3.270175438596491,1.006180824747341,2,6,2.2666666666666666,0.9983593098055475,1,4,6.133333333333334,2.218402910972179,3,10,209815.56959064328,220283.80922214035,47384,956352,59790184.43040936,220285.76335458862,59043648,59952616,0.34969262477815527,0.36713975014341443,0.07897333333333333,1.59392,99.65030737522184,0.36713975014341454,98.40608,99.92102666666666,90.0,0.0007192122153948449,89.990748,90.00925200000002,0.0,0.0,0.0,0.0,10.952372732631577,11.498814841395745,2.4734447999999998,49.9215744,3372.1664018750885,12.424117053198808,3330.0617472000004,3381.3275424000003,3473.11877460772,0.9256913068749244,3469.9261824,3474.0455688
run_0535_cfg_054_seed_5_mrhof,5,10,20,5,60.0,16,5,MRHOF,855,15,99.85711111111111,0.31310181291571854,96.42,100.0,99.8934269005848,1.0345005578507651,88.88,100.0,127.36140350877193,58.27735234739739,37,289,-64.91695906432749,12.226928476483717,-93,-51,1.0361286549707602,0.06880619566584172,1.0,1.67,3.2818713450292396,1.031738151570008,2,6,2.280701754385965,1.0292169660330226,1,5,6.133333333333334,2.2184029109721783,3,10,210804.416374269,187699.0452454566,47840,897224,59789195.583625734,187699.21605047362,59102776,59952160,0.35134069466055035,0.3128317425560722,0.07973333333333334,1.4953733333333334,99.64865930533945,0.3128317425560719,98.50462666666667,99.92026666666666,90.0,0.00017421621065882024,89.99640000000001,90.0036,0.0,0.0,0.0,0.0,11.003990534736841,9.797890161812832,2.4972479999999995,46.8350928,3372.1106309164916,10.586235785246695,3333.3965664,3381.301824,3473.1146214512287,0.7883724803002439,3470.2316592,3473.7990720000003
run_0536_cfg_054_seed_6_mrhof,6,10,20,5,60.0,16,5,MRHOF,855,15,99.93550877192982,0.2246630411656998,95.83,100.0,99.953216374269,0.682783131320195,90.0,100.0,126.56140350877193,57.37061123220376,37,262,-69.26666666666667,13.381766055475113,-94,-54,1.0351929824561403,0.06512232372017404,1.0,1.5,3.2678362573099413,1.0009746404221125,2,6,2.2678362573099413,1.0009746404221125,1,5,6.133333333333334,2.21840291097218,3,10,210851.45263157896,206259.52267083968,47104,700872,59789148.54736842,206258.7878045085,59299128,59952896,0.35141908152729423,0.3437658453905423,0.07850666666666667,1.1681199999999998,99.6485809184727,0.34376584539054195,98.83188000000001,99.92149333333333,90.0,0.0005718049814123368,89.99340000000001,90.00659999999999,0.0,0.0,0.0,0.0,11.00644582736842,10.766747083417822,2.4588288,36.585518400000005,3372.1079780715795,11.632995632174286,3344.4708192000007,3381.3433344000005,3473.1144238989477,0.8665081982263223,3471.056337600001,3473.8021632000005
run_0537_cfg_054_seed_7_mrhof,7,10,20,5,60.0,16,5,MRHOF,855,15,99.84914619883041,0.30072215331678753,97.36,100.0,99.89447953216374,1.0248346775865143,88.88,100.0,126.95087719298246,57.84326250635865,38,285,-67.49122807017544,13.821447721145011,-94,-51,1.0319181286549708,0.06827975129403299,1.0,1.96,3.2690058479532165,1.0035817908734632,2,6,2.2666666666666666,0.9983593098055478,1,4,6.133333333333334,2.21840291097218,3,10,209316.94035087718,239152.97706685364,46008,1032568,59790683.059649125,239153.38184214316,58967432,59953992,0.34886156717797295,0.3985882923967677,0.07668,1.7209466666666666,99.65113843282204,0.3985882923967677,98.27905333333334,99.92332,90.0,0.0006719553347485218,89.99151599999999,90.008484,0.0,0.0,0.0,0.0,10.92634428631579,12.48378540288976,2.4016176,53.900049599999996,3372.1945245642105,13.48825073589688,3325.7631648000006,3381.4051488000005,3473.1208688505267,1.0047764808147643,3469.6632144000005,3473.8067664000005
run_0538_cfg_054_seed_8_mrhof,8,10,20,5,60.0,16,5,MRHOF,855,15,99.92148538011695,0.19462031000651833,97.05,100.0,99.88383625730994,1.0699958507853755,88.88,100.0,127.13918128654971,57.634969761211494,34,279,-71.41520467836257,14.813263976056525,-94,-54,1.0330409356725145,0.06339436036844255,1.0,1.39,3.327485380116959,1.1153097329576376,2,6,2.3169590643274853,1.1041247413486117,1,5,6.133333333333334,2.218402910972179,3,10,209591.26081871346,264283.8703876717,46008,1243448,59790408.73918129,264283.95485009946,58756552,59953992,0.3493187667053341,0.44047311475346546,0.07668,2.072413333333333,99.65068123329468,0.44047311475346584,97.92758666666667,99.92332,90.0,0.0005637446230330514,89.99194800000001,90.00805199999999,0.0,0.0,0.0,0.0,10.940663814736842,13.795618034236455,2.4016176,64.90798559999999,3372.1790528898246,14.905615053545615,3313.8695328,3381.4051488000005,3473.1197167045616,1.1101949543351333,3468.7775183999997,3473.9470056000005
run_0539_cfg_054_seed_9_mrhof,9,10,20,5,60.0,16,5,MRHOF,855,15,99.75654970760235,0.4575880172015454,95.65,100.0,99.86926315789474,1.1495003678869402,88.88,100.0,126.81169590643275,58.69472767996271,38,300,-68.43625730994152,14.394666102601223,-93,-51,1.0338596491228071,0.0630551518555048,1.0,1.46,3.2666666666666666,0.9983593098055473,2,5,2.2666666666666666,0.9983593098055473,1,4,6.133333333333334,2.218402910972179,3,10,209733.183625731,251044.00950776626,47216,1330744,59790266.81637427,251047.43128174808,58669256,59952784,0.34955532791184557,0.418406782862441,0.07869333333333334,2.217906666666667,99.65044467208816,0.4184067828624416,97.78209333333334,99.92130666666667,90.0,0.0005693109850142662,89.9919,90.00810000000001,0.0,0.0,0.0,0.0,10.948072185263158,13.104497296305416,2.4646752,69.46483679999999,3372.171048443509,14.159075124290618,3308.9460384000004,3381.3370176000003,3473.119120628772,1.054795275166545,3468.4108752,3473.8016928
run_0540_cfg_054_seed_10_mrhof,10,10,20,5,60.0,16,5,MRHOF,855,15,99.9441403508772,0.1698578519834701,98.79,100.0,99.93890058479532,0.7982100632623802,88.88,100.0,125.98713450292398,57.22647864148527,39,274,-72.82923976608187,14.753440792890672,-94,-51,1.034701754385965,0.0670986109525846,1.0,1.64,3.290058479532164,1.049180285070599,2,6,2.290058479532164,1.049180285070599,1,5,6.133333333333334,2.2184029109721783,3,10,210651.6023391813,167223.328338092,48312,772568,59789348.39766082,167223.2469312798,59227432,59951688,0.3510860034586361,0.2787055443615468,0.08052,1.2876133333333333,99.64891399654137,0.2787055443615471,98.71238666666666,99.91948000000001,90.0,0.00010162612288470245,89.9979,90.0021,0.0,0.0,0.0,0.0,10.996013642105263,8.729057739248404,2.5218863999999996,40.3280496,3372.1192496280705,9.43139112692419,3340.4271648000004,3381.2752032,3473.1152632701755,0.7023434258073376,3470.7552144,3473.7970895999997
run_0541_cfg_055_seed_1_of0,1,10,20,10,50.0,16,10,OF0,855,15,99.98477192982456,0.15923018307398715,96.15,100.0,100.0,0.0,100.0,100.0,150.22222222222223,79.06708515712022,33,345,-71.41520467836257,10.604868438090367,-94,-52,1.0298830409356725,0.056448234395646925,1.0,1.39,3.736842105263158,1.3941116860111487,2,6,2.7333333333333334,1.389657346608726,1,5,4.8,1.3767898718715414,3,7,149634.28304093567,116723.5578638787,25560,684928,59850365.71695907,116723.47793344782,59315072,59974440,0.24939046874095666,0.1945393146954091,0.0426,1.1415466666666667,99.75060953125904,0.19453931469540856,98.85845333333333,99.95739999999999,90.0,0.0006686133296190588,89.990544,90.009456,0.0,0.0,0.0,0.0,7.810909574736842,6.092969720494466,1.3342319999999999,35.7532416,3375.5606264364915,6.583204155446427,3345.3700608000004,3382.5584160000008,3473.3715360112287,0.49086397759855255,3471.1233024000003,3473.9823312000003
run_0542_cfg_055_seed_2_of0,2,10,20,10,50.0,16,10,OF0,855,15,99.92612865497075,0.362511222224666,91.66,100.0,99.95711111111112,0.8899097159982879,80.0,100.0,149.30643274853801,79.26614312359807,30,337,-69.91812865497076,10.223856761489143,-94,-52,1.03353216374269,0.08702561512529328,1.0,2.53,3.7461988304093565,1.4108666370993854,2,9,2.7333333333333334,1.3896573466087272,1,5,4.8,1.3767898718715412,3,7,149390.69941520467,139010.58708048484,24464,707888,59850609.30058479,139010.58708048472,59292112,59975536,0.24898449902534112,0.23168431180080812,0.040773333333333335,1.1798133333333334,99.75101550097466,0.23168431180080779,98.82018666666667,99.95922666666667,90.0,0.0,90.0,90.0,0.0,0.0,0.0,0.0,7.798194509473684,7.256352645601314,1.2770207999999998,36.951753599999996,3375.574364552983,7.8401971113393625,3344.0751168000006,3382.6202304000003,3473.3725590624563,0.5838444657380649,3471.0268704000005,3473.8972512000005
run_0543_cfg_055_seed_3_of0,3,10,20,10,50.0,16,10,OF0,855,15,99.86897076023392,0.3134761928759613,96.55,100.0,99.91422222222222,1.2570582261035947,80.0,100.0,150.0888888888889,79.54944292308332,32,355,-70.13567251461988,9.918772091289872,-94,-52,1.0334619883040936,0.06022160981559745,1.0,1.36,3.7356725146198833,1.3934700457871216,2,7,2.7333333333333334,1.389657346608726,1,5,4.8,1.3767898718715428,3,7,148781.94152046784,160419.61041606913,25560,725360,59851218.05847953,160419.8500217002,59274640,59974440,0.24796990165608407,0.26736600805983013,0.0426,1.2089333333333334,99.75203009834392,0.26736600805982913,98.79106666666667,99.95739999999999,90.0,0.0005649448461191433,89.99151599999999,90.008484,0.0,0.0,0.0,0.0,7.766417347368421,8.373903663718812,1.3342319999999999,37.863792000000004,3375.6086984982458,9.04767954122391,3343.0896960000005,3382.5584160000008,3473.3751158456143,0.6741034503501395,3470.9534880000006,3473.892648000001
run_0544_cfg_055_seed_4_of0,4,10,20,10,50.0,16,10,OF0,855,15,99.971216374269,0.2539116346935298,95.65,100.0,100.0,0.0,100.0,100.0,150.5169590643275,80.76027427980235,32,361,-70.36023391812866,10.34549806224868,-94,-52,1.033169590643275,0.06667680805398415,1.0,1.52,3.743859649122807,1.3970968825561534,2,7,2.7356725146198833,1.3909468024988747,1,5,4.8,1.3767898718715423,3,7,149567.33567251463,149029.24220254386,25560,738376,59850432.66432749,149028.8713765364,59261624,59974440,0.24927888837173767,0.2483820832436972,0.0426,1.2306266666666665,99.75072111162827,0.24838208324369615,98.76937333333333,99.95739999999999,90.0,0.0006885190297535607,89.99151599999999,90.008484,0.0,0.0,0.0,0.0,7.807414922105263,7.7793264429727875,1.3342319999999999,38.543227200000004,3375.5644022680704,8.405228345636646,3342.3555936000002,3382.5584160000008,3473.3718171901755,0.6264244463028247,3470.6992584000004,3473.892648000001
run_0545_cfg_055_seed_5_of0,5,10,20,10,50.0,16,10,OF0,855,15,99.87240935672516,0.48674567741181657,93.75,100.0,99.93761403508772,1.056068741016066,80.0,100.0,150.68070175438598,82.15524682150993,30,453,-72.74385964912281,9.800761408979168,-94,-59,1.0349473684210526,0.0652034523695802,1.0,1.4,3.7532163742690057,1.4087916720990368,2,7,2.745029239766082,1.4044160755258948,1,5,4.8,1.3767898718715423,3,7,151101.36140350878,134390.9301375322,25560,639232,59848898.63859649,134390.49416561687,59360768,59974440,0.251835600621257,0.22398487926525767,0.0426,1.0653866666666667,99.74816439937874,0.22398487926525745,98.93461333333333,99.95739999999999,90.0,0.0001228440491906522,89.998248,90.00175200000001,0.0,0.0,0.0,0.0,7.887491065263157,7.015206553179182,1.3342319999999999,33.3679104,3375.477883216842,7.579623870940798,3347.9473152000005,3382.5584160000008,3473.365374282105,0.5644351364596366,3471.3152256000003,3473.892648000001
run_0546_cfg_055_seed_6_of0,6,10,20,10,50.0,16,10,OF0,855,15,99.98033918128655,0.12902898770865007,97.05,100.0,99.95711111111112,0.8899097159982897,80.0,100.0,149.36257309941521,79.59316637681047,29,365,-71.72865497076023,10.694559011528854,-94,-52,1.0263625730994153,0.05442683680685458,1.0,1.5,3.736842105263158,1.3924308070146367,2,7,2.7333333333333334,1.389657346608726,1,5,4.8,1.376789871871541,3,7,148364.94035087718,152763.37200186995,25120,759072,59851635.059649125,152761.9727169666,59240928,59974880,0.2472748935808187,0.25460557692575964,0.04186666666666667,1.26512,99.75272510641918,0.2546055769257589,98.73488,99.95813333333334,90.0,0.00042178876362912904,89.99224800000002,90.007752,0.0,0.0,0.0,0.0,7.744649886315789,7.974248018497609,1.311264,39.62355839999999,3375.632217364211,8.615775261236953,3341.1883392000004,3382.5832320000004,3473.3768672505266,0.6417167197980105,3470.7074496000005,3473.8944960000003
run_0547_cfg_055_seed_7_of0,7,10,20,10,50.0,16,10,OF0,855,15,99.97326315789473,0.39053226722527495,91.66,100.0,100.0,0.0,100.0,100.0,147.03859649122808,76.76319105887102,33,349,-71.86549707602339,11.35047029139164,-94,-52,1.0254269005847954,0.050347959979586326,1.0,1.47,3.7356725146198833,1.3917883918744798,2,6,2.7333333333333334,1.3896573466087265,1,5,4.8,1.3767898718715426,3,7,148442.72280701753,114064.5631994021,25560,427440,59851557.27719298,114062.2596589985,59572560,59974440,0.2474045277898002,0.19010756455610645,0.0426,0.7124,99.75259547221019,0.19010756455610545,99.2876,99.95739999999999,90.0,0.0006928083162015509,89.99113200000001,90.008868,0.0,0.0,0.0,0.0,7.748710130526316,5.954170199008785,1.3342319999999999,22.312368,3375.6278304336843,6.433111444767524,3359.8923840000007,3382.5584160000008,3473.3765405642107,0.4796297217964282,3472.0220304000004,3473.8931544
run_0548_cfg_055_seed_8_of0,8,10,20,10,50.0,16,10,OF0,855,15,99.94980116959064,0.19420487684573476,96.66,100.0,99.93371929824562,1.1215019896029375,80.0,100.0,150.15555555555557,79.73160709479855,30,352,-71.35087719298245,10.757750696558437,-94,-52,1.0325029239766081,0.06182095987958557,1.0,1.42,3.7415204678362572,1.4016868490169405,2,8,2.7356725146198833,1.3943101121632413,1,6,4.8,1.376789871871542,3,7,149311.35438596492,145888.3611220905,25560,695576,59850688.645614035,145885.96691678575,59304424,59974440,0.24885224284704835,0.24314717547990694,0.0426,1.1592933333333333,99.75114775715295,0.2431471754799062,98.84070666666666,99.95739999999999,90.0,0.0008861712291123351,89.98884,90.01116,0.0,0.0,0.0,0.0,7.794052698947367,7.6153724505731235,1.3342319999999999,36.309067199999994,3375.578839612632,8.227968534106699,3344.7695136,3382.5584160000008,3473.372892311579,0.6134775735988166,3471.0785808,3473.892648000001
run_0549_cfg_055_seed_9_of0,9,10,20,10,50.0,16,10,OF0,855,15,99.98981286549707,0.12166569381745912,97.22,100.0,100.0,0.0,100.0,100.0,149.16491228070174,79.55368584386741,27,348,-71.07953216374268,10.33947166222437,-94,-52,1.0262105263157895,0.05325826458128149,1.0,1.53,3.736842105263158,1.3924308070146358,2,6,2.7333333333333334,1.3896573466087265,1,5,4.8,1.3767898718715417,3,7,149443.7894736842,144220.99419082116,25560,657992,59850556.21052632,144223.74407343572,59342008,59974440,0.24907299152296675,0.24036836214951016,0.0426,1.0966533333333333,99.75092700847703,0.24036836214950968,98.90334666666666,99.95739999999999,90.0,0.000563657277901484,89.99224800000002,90.007752,0.0,0.0,0.0,0.0,7.800965810526315,7.528335896760863,1.3342319999999999,34.347182399999994,3375.571370273685,8.134219165741754,3346.8892512,3382.5584160000008,3473.372336084211,0.6062495747637089,3471.2364336,3473.892648000001
run_0550_cfg_055_seed_10_of0,10,10,20,10,50.0,16,10,OF0,855,15,99.95382456140351,0.31931130824638415,92.85,100.0,99.95711111111112,0.8899097159982904,80.0,100.0,150.78479532163743,79.98930258059049,30,375,-70.7812865497076,11.030620601249348,-94,-52,1.0318713450292398,0.06299702464957618,1.0,1.53,3.736842105263158,1.3932714999949358,2,6,2.7333333333333334,1.3896573466087259,1,5,4.8,1.3767898718715428,3,7,150375.20467836258,127902.27904447929,25560,542752,59849625.8245614,127902.6133501968,59457248,59974440,0.25062533680489596,0.21317047815157786,0.0426,0.9045866666666667,99.7493746631951,0.21317047815157703,99.09541333333334,99.95739999999999,90.00000154385964,0.00044660137634225654,89.99151599999999,90.008484,0.0,0.0,0.0,0.0,7.849585684210526,6.67649896612182,1.3342319999999999,28.331654399999998,3375.5188965052635,7.213707392951094,3353.3887872,3382.5584160000008,3473.3684837333335,0.5374653961933545,3471.7204416,3473.892648000001
run_0551_cfg_056_seed_1_of0,1,10,20,10,50.0,16,20,OF0,855,15,99.92076023391813,0.3924462490201316,93.75,100.0,99.96100584795322,1.1402039419506336,66.66,100.0,147.2970760233918,81.08785057791744,22,382,-70.4093567251462,9.438245303554519,-94,-52,1.0275555555555556,0.0592022602968154,1.0,1.46,3.7403508771929825,1.4002165668631708,2,7,2.7356725146198833,1.3926294726635855,1,5,4.8,1.3767898718715414,3,7,79883.77076023392,66922.86156060777,10736,341944,59920116.22923977,66922.86156060771,59658056,59989264,0.1331396179337232,0.1115381026010129,0.017893333333333334,0.5699066666666667,99.86686038206628,0.11153810260101084,99.43009333333333,99.98210666666667,90.0,0.0,90.0,90.0,0.0,0.0,0.0,0.0,4.16993283368421,3.4933733734637253,0.5604192,17.8494768,3379.494555329123,3.774449392018189,3364.7143584000005,3383.3944896000003,3473.664488162807,0.2810760185545172,3472.5638352000005,3473.9549088000003
run_0552_cfg_056_seed_2_of0,2,10,20,10,50.0,16,20,OF0,855,15,99.99168421052632,0.10333419746785516,98.36,100.0,100.0,0.0,100.0,100.0,145.3859649122807,79.7235169008991,26,465,-70.30058479532164,10.821294261486452,-94,-52,1.0216023391812865,0.05158500403113145,1.0,1.46,3.736842105263158,1.3941116860111484,2,7,2.7333333333333334,1.3896573466087272,1,5,4.8,1.3767898718715412,3,7,79639.09239766082,84450.73769337457,10224,430904,59920360.90760234,84449.79140987007,59569096,59989776,0.13273181664896774,0.14075121690946532,0.01704,0.7181733333333333,99.86726818335103,0.14075121690946565,99.28182666666666,99.98295999999999,90.0,0.0005408991733125324,89.99194800000001,90.00805199999999,0.0,0.0,0.0,0.0,4.157160623157894,4.408328507594153,0.5336928,22.4931888,3379.5083551887724,4.762968235516685,3359.6970144000006,3383.4233664000003,3473.66551581193,0.35520786357922557,3472.1902032000007,3474.0941880000005
run_0553_cfg_056_seed_3_of0,3,10,20,10,50.0,16,20,OF0,855,15,99.87363742690059,0.4358665056821555,95.83,100.0,99.92201169590643,1.6115475201492238,66.66,100.0,146.8842105263158,77.75465479896651,24,335,-71.8327485380117,10.804581117093322,-94,-52,1.020842105263158,0.0489059902583568,1.0,1.42,3.734502923976608,1.3919861653321908,2,7,2.7333333333333334,1.389657346608726,1,5,4.8,1.3767898718715428,3,7,79713.56257309942,85152.24911905298,10224,437440,59920283.25614035,85161.5586378535,59562560,59989776,0.13285596592473653,0.14192048811052185,0.01704,0.7290666666666666,99.86714403407527,0.14192048811052263,99.27093333333333,99.98295999999999,89.99999522807018,0.00034641749413530804,89.993448,90.006552,0.0,0.0,0.0,0.0,4.161047966315789,4.444947404014567,0.5336928,22.834367999999998,3379.503975646316,4.803111907174969,3359.3283840000004,3383.4233664000003,3473.665018840702,0.35840951115851954,3472.162752,3473.9570592000005
run_0554_cfg_056_seed_4_of0,4,10,20,10,50.0,16,20,OF0,855,15,99.9633567251462,0.24863530613190057,94.44,100.0,99.96100584795322,1.1402039419506362,66.66,100.0,148.5812865497076,80.80992313756873,22,420,-70.99415204678363,10.729753045705179,-94,-52,1.0278362573099415,0.0610725475227402,1.0,1.62,3.7391812865497074,1.3979063581178315,2,7,2.7333333333333334,1.3896573466087259,1,5,4.8,1.3767898718715423,3,7,80200.23391812865,72068.40497821821,10224,335912,59919799.76608187,72068.40497821821,59664088,59989776,0.13366705653021443,0.12011400829703038,0.01704,0.5598533333333333,99.86633294346979,0.12011400829703116,99.44014666666666,99.98295999999999,90.0,0.0,90.0,90.0,0.0,0.0,0.0,0.0,4.1864522105263156,3.7619707398629916,0.5336928,17.5346064,3379.4767068070178,4.064658040771495,3365.0545632000003,3383.4233664000003,3473.6631590175443,0.3026873009085491,3472.5891696000003,3473.9570592000005
run_0555_cfg_056_seed_5_of0,5,10,20,10,50.0,16,20,OF0,855,15,99.835567251462,0.9335706804092211,83.33,100.0,99.96100584795322,1.1402039419506336,66.66,100.0,149.93333333333334,80.6380672652294,22,409,-72.4233918128655,10.842319514910043,-94,-52,1.0274269005847954,0.05976279400407865,1.0,1.5,3.7415204678362572,1.4050244496825919,2,8,2.7356725146198833,1.394310112163242,1,6,4.8,1.3767898718715423,3,7,81294.82105263158,80241.17504956198,10224,344040,59918705.17894737,80237.94471810022,59655960,59989776,0.13549135801297033,0.13373524512472587,0.01704,0.5734,99.86450864198703,0.1337352451247286,99.4266,99.98295999999999,90.0,0.00072409467985013,89.990364,90.009636,0.0,0.0,0.0,0.0,4.243589658947369,4.188589337587136,0.5336928,17.958887999999998,3379.4149720926316,4.5254200821009185,3364.5961440000005,3383.4233664000003,3473.6585617515793,0.3378996768236039,3472.5550320000007,3474.1463016000002
run_0556_cfg_056_seed_6_of0,6,10,20,10,50.0,16,20,OF0,855,15,99.72377777777778,1.515827464251497,77.77,100.0,99.92201169590643,1.6115475201492235,66.66,100.0,146.70526315789473,79.55040325761647,27,430,-71.13216374269005,10.878295511173901,-94,-52,1.0281988304093568,0.0670927405164833,1.0,1.68,3.743859649122807,1.3987721544259937,2,7,2.7333333333333334,1.389657346608726,1,5,4.8,1.376789871871541,3,7,79597.0432748538,73997.50757709511,10224,363048,59920402.95672514,74000.85039385282,59636952,59989776,0.1326617452159577,0.12332921615129064,0.01704,0.6050800000000001,99.86733825478404,0.12332921615129297,99.39492,99.98295999999999,90.0,0.00026774940221930367,89.995464,90.00453600000002,0.0,0.0,0.0,0.0,4.1549656589473685,3.862669895524362,0.5336928,18.951105599999998,3379.5107267592984,4.173647962213268,3363.5240928000007,3383.4233664000003,3473.665692418246,0.31114226407252804,3472.475198400001,3473.9570592000005
run_0557_cfg_056_seed_7_of0,7,10,20,10,50.0,16,20,OF0,855,15,99.97805847953217,0.27084605294918473,93.75,100.0,100.0,0.0,100.0,100.0,147.30877192982456,79.70602077207926,25,373,-73.47485380116959,11.1920225728047,-94,-52,1.0327368421052632,0.09571862911456198,1.0,2.53,3.7578947368421054,1.422833292789646,2,8,2.7333333333333334,1.3896573466087265,1,5,4.8,1.3767898718715426,3,7,79951.70994152047,77980.39924931165,10064,390744,59920048.29005848,77978.9667902029,59609256,59989936,0.13325284570142437,0.12996732231215916,0.016773333333333335,0.6512399999999999,99.86674715429858,0.12996732231215924,99.34876,99.98322666666667,90.0,0.00042338203387086464,89.99151599999999,90.008484,0.0,0.0,0.0,0.0,4.173479258947368,4.0705768408140655,0.5253407999999999,20.3968368,3379.4907235592987,4.39801372696747,3361.9620384000004,3383.4323904000003,3473.6642028182464,0.3278127608122969,3472.3588752000005,3473.9593944000003
run_0558_cfg_056_seed_8_of0,8,10,20,10,50.0,16,20,OF0,855,15,99.8542105263158,0.7701598438863002,88.88,100.0,99.96100584795322,1.1402039419506331,66.66,100.0,145.74502923976607,78.70966433921197,23,368,-69.9251461988304,9.720400898427071,-94,-52,1.024093567251462,0.0614888702503168,1.0,1.53,3.7391812865497074,1.396230047419422,2,6,2.7333333333333334,1.3896573466087274,1,5,4.8,1.376789871871542,3,7,79711.10175438596,77134.33229625704,10224,387560,59920288.89824562,77134.33229625743,59612440,59989776,0.13285183625730992,0.12855722049376173,0.01704,0.6459333333333334,99.8671481637427,0.12855722049376184,99.35406666666667,99.98295999999999,90.0,0.0,90.0,90.0,0.0,0.0,0.0,0.0,4.160919511578947,4.026412145864619,0.5336928,20.230632,3379.5042938610527,4.350376341508882,3362.1416160000003,3383.4233664000003,3473.665213372632,0.3239641956442756,3472.372248,3473.9570592000005
run_0559_cfg_056_seed_9_of0,9,10,20,10,50.0,16,20,OF0,855,15,99.99254970760235,0.12998757658808935,97.36,100.0,100.0,0.0,100.0,100.0,146.54502923976608,80.6561790746419,22,426,-70.10877192982456,10.694331062490656,-94,-52,1.023438596491228,0.05439351075339189,1.0,1.44,3.7532163742690057,1.407128329125024,2,8,2.7461988304093565,1.40170736730544,1,6,4.8,1.3767898718715417,3,7,79967.4760233918,71200.96129674041,10224,301840,59920032.52397661,71201.03868428158,59698160,59989776,0.1332791264852892,0.11866826792111622,0.01704,0.5030666666666667,99.86672087351471,0.11866826792111852,99.49693333333333,99.98295999999999,90.0,0.000246806298432863,89.9949,90.0051,0.0,0.0,0.0,0.0,4.174302248421053,3.7166901796898526,0.5336928,15.756047999999998,3379.489834352281,4.015738581793487,3366.9762240000005,3383.4233664000003,3473.664136600702,0.2991892229820945,3472.7322720000006,3473.9570592000005
run_0560_cfg_056_seed_10_of0,10,10,20,10,50.0,16,20,OF0,855,15,99.88281871345029,0.5556692137047327,92.85,100.0,99.96100584795322,1.1402039419506333,66.66,100.0,147.84561403508772,79.75199865388198,19,366,-72.25497076023392,9.822691335639961,-94,-59,1.0251461988304094,0.0545876250779115,1.0,1.45,3.736842105263158,1.3966292114219034,2,7,2.7333333333333334,1.3896573466087259,1,5,4.8,1.3767898718715428,3,7,80217.05730994152,84347.3994038758,10224,412240,59919782.94269006,84347.39940387601,59587760,59989776,0.13369509551656922,0.1405789990064595,0.01704,0.6870666666666666,99.86630490448344,0.1405789990064612,99.31293333333333,99.98295999999999,90.0,0.0,90.0,90.0,0.0,0.0,0.0,0.0,4.187330391578947,4.402934248882317,0.5336928,21.518928,3379.47575796772,4.7571933263785615,3360.7496640000004,3383.4233664000003,3473.663088359299,0.3542590774963557,3472.2685920000004,3473.9570592000005
run_0561_cfg_057_seed_1_mrhof,1,12,16,0,40.0,12,20,MRHOF,627,11,99.99282296650718,0.09448281407432284,98.27,100.0,100.0,0.0,100.0,100.0,135.88995215311004,56.5893707308198,29,314,-73.27272727272727,10.189135010517907,-84,-51,1.0256778309409889,0.05460556973209714,1.0,1.35,3.5454545454545454,0.9883139428379533,2,5,2.5454545454545454,0.9883139428379533,1,4,3.272727272727273,1.4211791645789371,1,5,74683.16427432217,59748.83871966355,10736,280344,59925316.83572568,59748.83871966357,59719656,59989264,0.12447194045720363,0.09958139786610601,0.017893333333333334,0.46724,99.8755280595428,0.09958139786610573,99.53276,99.98210666666667,90.0,0.0,90.0,90.0,0.0,0.0,0.0,0.0,3.8984611751196168,3.118889381166439,0.5604192,14.633956799999998,3379.787869534928,3.3698345037889763,3368.1885984,3383.3944896000003,3473.6863307100484,0.25094512262253016,3472.8225552,3473.9549088000003
run_0562_cfg_057_seed_2_mrhof,2,12,16,0,40.0,12,20,MRHOF,627,11,99.977990430622,0.36052249078518483,91.66,100.0,100.0,0.0,100.0,100.0,132.93141945773525,55.35921110395457,27,275,-73.27272727272727,10.189135010517909,-84,-51,1.0164114832535884,0.04777853992650781,1.0,1.46,3.5454545454545454,0.9883139428379525,2,5,2.5454545454545454,0.9883139428379525,1,4,3.272727272727273,1.4211791645789371,1,5,74195.04944178628,59339.23302322916,10736,282752,59925804.950558215,59339.233023228815,59717248,59989264,0.12365841573631048,0.09889872170538191,0.017893333333333334,0.47125333333333336,99.87634158426368,0.09889872170538236,99.52874666666666,99.98210666666667,90.0,0.0,90.0,90.0,0.0,0.0,0.0,0.0,3.8729815808612438,3.0975079638125624,0.5604192,14.759654399999999,3379.815399211484,3.346732742510095,3368.0527872000002,3383.3944896000003,3473.688380792345,0.24922477869752585,3472.8124416,3473.9549088000003
run_0563_cfg_057_seed_3_mrhof,3,12,16,0,40.0,12,20,MRHOF,627,11,99.99701754385964,0.05298325142285975,98.98,100.0,100.0,0.0,100.0,100.0,134.3732057416268,57.5366346673507,26,292,-73.63636363636364,10.208614018282137,-84,-51,1.0302551834130782,0.06431947978861319,1.0,1.47,3.5454545454545454,0.9883139428379524,2,5,2.5454545454545454,0.9883139428379524,1,4,3.272727272727273,1.4211791645789364,1,5,74893.98405103668,84171.30101980813,10736,394416,59925106.015948966,84166.48371760771,59605584,59989264,0.12482329281252628,0.14028541788516052,0.017893333333333334,0.6573599999999999,99.87517670718748,0.14028541788516036,99.34264,99.98210666666667,90.0,0.0006630076113082872,89.99151599999999,90.008484,0.0,0.0,0.0,0.0,3.909465967464114,4.393741913233986,0.5604192,20.588515199999996,3379.7759792995216,4.746989681673051,3361.7549376,3383.3944896000003,3473.685445266986,0.3540992152746566,3472.3434528000003,3474.1177512000004
run_0564_cfg_057_seed_4_mrhof,4,12,16,0,40.0,12,20,MRHOF,627,11,99.69185007974482,1.0392077760338267,85.71,100.0,99.94682615629985,1.3314713474060613,66.66,100.0,133.46570972886764,54.90939404080496,22,287,-73.63636363636364,10.208614018282137,-84,-51,1.015933014354067,0.04442981302355542,1.0,1.34,3.5454545454545454,0.9883139428379518,2,5,2.5454545454545454,0.9883139428379518,1,4,3.272727272727273,1.421179164578937,1,5,73912.86762360447,83744.93351049567,10224,415344,59926087.132376395,83744.93351049538,59584656,59989776,0.12318811270600744,0.13957488918415936,0.01704,0.6922400000000001,99.876811887294,0.13957488918415936,99.30776,99.98295999999999,90.0,0.0,90.0,90.0,0.0,0.0,0.0,0.0,3.858251689952153,4.371485529247873,0.5336928,21.680956799999997,3379.8313142660286,4.7232142499919085,3360.5745984000005,3383.4233664000003,3473.6895659559814,0.35172872074403205,3472.2555552000003,3473.9570592000005
run_0565_cfg_057_seed_5_mrhof,5,12,16,0,40.0,12,20,MRHOF,627,11,99.99507177033493,0.07733244042695264,98.36,100.0,100.0,0.0,100.0,100.0,132.96969696969697,54.18897274501912,28,285,-73.36363636363636,10.235337124533855,-84,-51,1.0203668261563,0.05535559791404841,1.0,1.46,3.5454545454545454,0.9883139428379533,2,5,2.5454545454545454,0.9883139428379533,1,4,3.272727272727273,1.4211791645789376,1,5,74228.78468899522,59208.310647748396,10736,275952,59925771.215311006,59208.310647748505,59724048,59989264,0.12371464114832535,0.0986805177462473,0.017893333333333334,0.45992000000000005,99.87628535885167,0.09868051774624749,99.54008,99.98210666666667,90.0,0.0,90.0,90.0,0.0,0.0,0.0,0.0,3.8747425607655503,3.090673815812467,0.5604192,14.404694399999997,3379.813496543541,3.339348720532969,3368.4363072000006,3383.3944896000003,3473.688239104307,0.2486749047204833,3472.8410016000007,3473.9549088000003
run_0566_cfg_057_seed_6_mrhof,6,12,16,0,40.0,12,20,MRHOF,627,11,99.98674641148325,0.25657289966505603,93.75,100.0,100.0,0.0,100.0,100.0,134.39234449760767,56.6000412520536,29,307,-73.72727272727273,10.251499043844676,-84,-51,1.0224082934609249,0.05521759855240529,1.0,1.47,3.5454545454545454,0.9883139428379524,2,5,2.5454545454545454,0.9883139428379524,1,4,3.272727272727273,1.4211791645789364,1,5,74258.00318979267,83635.49646075169,10736,409200,59925741.996810205,83636.97382276568,59590800,59989264,0.12376334189674307,0.13939251437735992,0.017893333333333334,0.6819999999999999,99.87623665810325,0.13939251437735933,99.318,99.98210666666667,90.0,0.00017160486599151136,89.996964,90.003036,0.0,0.0,0.0,0.0,3.8762677665071767,4.36577291525124,0.5604192,21.360239999999997,3379.811848620096,4.717125323603966,3360.9211200000004,3383.3944896000003,3473.6881163866033,0.3514125200077464,3472.2813600000004,3473.9549088000003
run_0567_cfg_057_seed_7_mrhof,7,12,16,0,40.0,12,20,MRHOF,627,11,99.98540669856459,0.1913887838940023,96.96,100.0,100.0,0.0,100.0,100.0,135.2232854864434,55.54764727926662,32,285,-73.72727272727273,10.251499043844671,-84,-51,1.0224082934609249,0.05338185241756172,1.0,1.44,3.5454545454545454,0.9883139428379527,2,5,2.5454545454545454,0.9883139428379527,1,4,3.272727272727273,1.421179164578937,1,5,74277.67783094099,83825.50258968688,10736,407032,59925722.32216906,83825.50258968696,59592968,59989264,0.12379612971823499,0.13970917098281152,0.017893333333333334,0.6783866666666667,99.87620387028176,0.1397091709828116,99.32161333333333,99.98210666666667,90.0,0.0,90.0,90.0,0.0,0.0,0.0,0.0,3.87729478277512,4.375691235181657,0.5604192,21.2470704,3379.8107389703355,4.727758346058309,3361.0433952000003,3383.3944896000003,3473.68803375311,0.3520671108766428,3472.2904656000005,3473.9549088000003
run_0568_cfg_057_seed_8_mrhof,8,12,16,0,40.0,12,20,MRHOF,627,11,99.82867623604466,0.7752763098862177,90.0,100.0,99.94682615629985,1.331471347406061,66.66,100.0,134.70334928229664,56.72224832654347,19,315,-73.63636363636364,10.208614018282141,-84,-51,1.0237320574162678,0.05679776051987756,1.0,1.39,3.5454545454545454,0.9883139428379527,2,5,2.5454545454545454,0.9883139428379527,1,4,3.272727272727273,1.4211791645789371,1,5,74483.13875598086,83969.15161747982,15264,392936,59925516.86124402,83969.1516174796,59607064,59984736,0.12413856459330143,0.139948586029133,0.02544,0.6548933333333333,99.87586143540669,0.13994858602913332,99.34510666666667,99.97456,90.0,0.0,90.0,90.0,0.0,0.0,0.0,0.0,3.8880198430622004,4.383189714432446,0.7967808,20.5112592,3379.799150974163,4.7358601512258485,3361.8384096000004,3383.1391104,3473.687170817225,0.3526704367933648,3472.3496688000005,3473.9358912
run_0569_cfg_057_seed_9_mrhof,9,12,16,0,40.0,12,20,MRHOF,627,11,99.99897926634769,0.025559138042587887,99.36,100.0,100.0,0.0,100.0,100.0,133.54704944178627,55.26880814185227,31,295,-73.36363636363636,10.23533712453385,-84,-51,1.0258213716108453,0.07978657627312542,1.0,2.16,3.5518341307814993,0.9992532281544041,2,6,2.5486443381180224,0.9946071419976732,1,5,3.272727272727273,1.4211791645789367,1,5,74728.59968102073,59663.29571832311,10736,302608,59925271.40031898,59662.11606873798,59697392,59989264,0.12454766362333099,0.09943882176391962,0.017893333333333334,0.5043466666666666,99.87545233637667,0.09943882176392027,99.49565333333334,99.98210666666667,90.0,0.00030183464571645113,89.99466000000001,90.00534,0.0,0.0,0.0,0.0,3.900832903349282,3.114424036496467,0.5604192,15.7961376,3379.7853069779903,3.3649433462767657,3366.9329088000004,3383.3944896000003,3473.68613988134,0.2507686756388,3472.7290464000002,3473.9549088000003
run_0570_cfg_057_seed_10_mrhof,10,12,16,0,40.0,12,20,MRHOF,627,11,99.9893620414673,0.26637414178759494,93.33,100.0,100.0,0.0,100.0,100.0,132.92025518341308,55.21242759521757,29,272,-73.27272727272727,10.189135010517907,-84,-51,1.013684210526316,0.041017207362459764,1.0,1.31,3.5454545454545454,0.9883139428379527,2,5,2.5454545454545454,0.9883139428379527,1,4,3.272727272727273,1.4211791645789371,1,5,73899.21531100478,59136.29645023208,10736,256992,59926100.784688994,59135.76993191837,59743008,59989264,0.12316535790549213,0.09856049246449954,0.017893333333333334,0.42832,99.87683464209451,0.09856049246449884,99.57168,99.98210666666667,90.0,0.00011598589756683114,89.99794800000001,90.00205199999999,0.0,0.0,0.0,0.0,3.857539039234449,3.0869146747021152,0.5604192,13.4149824,3379.83208425646,3.3352574241601523,3369.5056512000006,3383.3944896000003,3473.689623295694,0.24837938346892005,3472.9206336000007,3473.9549088000003
run_0571_cfg_058_seed_1_mrhof,1,12,16,0,50.0,12,10,MRHOF,627,11,99.9895374800638,0.13349902698678787,97.43,100.0,100.0,0.0,100.0,100.0,110.14673046251994,53.942468773463794,29,265,-69.45454545454545,11.12285837845273,-94,-52,1.0201116427432217,0.05024369025614929,1.0,1.35,3.090909090909091,0.9966542927526431,2,5,2.090909090909091,0.9966542927526431,1,4,4.545454545454546,1.7782204486465953,1,7,106818.19457735248,83316.60277888094,25560,314488,59893181.80542265,83317.2802182049,59685512,59974440,0.17803032535157542,0.13886100742112076,0.0426,0.5241466666666666,99.82196967464843,0.13886100742111976,99.47585333333333,99.95739999999999,90.0,0.0002882690436611045,89.9949,90.0051,0.0,0.0,0.0,0.0,5.575909756937798,4.349126665057588,1.3342319999999999,16.4162736,3377.9754538258376,4.699094604306735,3366.2628768000004,3382.5584160000008,3473.5513635827756,0.35013297649048325,3472.6791504000003,3473.892648000001
run_0572_cfg_058_seed_2_mrhof,2,12,16,0,50.0,12,10,MRHOF,627,11,99.99409888357258,0.109736584610361,97.36,100.0,100.0,0.0,100.0,100.0,109.72089314194578,55.079613542172005,32,263,-69.36363636363636,9.909904919308248,-94,-59,1.019090909090909,0.050315011164991874,1.0,1.51,3.090909090909091,0.9966542927526437,2,5,2.090909090909091,0.9966542927526437,1,4,4.545454545454546,1.7782204486465947,1,7,107543.59170653908,74315.13948028091,26840,276056,59892456.40829346,74315.15406560557,59723944,59973160,0.17923931950415622,0.12385856580347501,0.04473333333333333,0.4600933333333333,99.82076068049585,0.12385856580347457,99.53990666666667,99.95526666666666,90.0,7.732393171118545e-05,89.99863200000001,90.001368,0.0,0.0,0.0,0.0,5.613775487081339,3.879250280870664,1.4010479999999998,14.4101232,3377.934541427752,4.191374689300144,3368.4304416000004,3382.486224,3473.5483169148324,0.31213766552815897,3472.8405648000003,3473.8963632000005
run_0573_cfg_058_seed_3_mrhof,3,12,16,0,50.0,12,10,MRHOF,627,11,99.97714513556619,0.11690490518917868,98.38,100.0,99.97341307814992,0.6657356737030317,83.33,100.0,110.53748006379585,55.59997858416773,31,258,-69.27272727272727,11.234671035901577,-94,-52,1.0122647527910686,0.03643419493774314,1.0,1.35,3.090909090909091,0.9966542927526426,2,5,2.090909090909091,0.9966542927526426,1,4,4.545454545454546,1.7782204486465953,1,7,106527.74481658693,112495.61620624014,26656,486360,59893472.25518341,112494.6138641011,59513640,59973344,0.17754623682741963,0.18749267936246536,0.04442666666666666,0.8106,99.82245376317258,0.18749267936246475,99.1894,99.95557333333333,90.0,0.00047954403263217267,89.99151599999999,90.008484,0.0,0.0,0.0,0.0,5.560748279425837,5.872271165965737,1.3914431999999999,25.387991999999997,3377.9918351923448,6.344696221935306,3356.5692960000006,3382.4966016000003,3473.552583471771,0.47275975964802724,3471.9572880000005,3473.8880448000004
run_0574_cfg_058_seed_4_mrhof,4,12,16,0,50.0,12,10,MRHOF,627,11,99.97133971291866,0.11820998969282187,99.01,100.0,99.97341307814992,0.6657356737030331,83.33,100.0,110.20095693779905,54.29190831962864,36,244,-68.18181818181819,10.4077625803316,-94,-52,1.0130143540669856,0.031779061334761376,1.0,1.28,3.090909090909091,0.996654292752643,2,5,2.090909090909091,0.996654292752643,1,4,4.545454545454546,1.7782204486465958,1,7,106728.21690590112,90719.24003633833,25560,398064,59893271.7830941,90718.96926942845,59601936,59974440,0.1778803596722358,0.15119873410811088,0.0426,0.66344,99.82211964032776,0.15119873410811044,99.33655999999999,99.95739999999999,90.0,0.0004334209856461278,89.992332,90.007668,0.0,0.0,0.0,0.0,5.571212922488038,4.73554432989686,1.3342319999999999,20.778940799999997,3377.9805285665075,5.116549866795776,3361.5491904000005,3382.5584160000008,3473.5517414889955,0.3813456447501434,3472.3281312000004,3474.1287576000004
run_0575_cfg_058_seed_5_mrhof,5,12,16,0,50.0,12,10,MRHOF,627,11,99.9891706539075,0.10321639494457582,98.55,100.0,100.0,0.0,100.0,100.0,110.40191387559808,55.59797956575837,30,260,-69.36363636363636,9.909904919308252,-94,-59,1.0174003189792662,0.04932228432998092,1.0,1.6,3.090909090909091,0.9966542927526436,2,5,2.090909090909091,0.9966542927526436,1,4,4.545454545454546,1.7782204486465947,1,7,107348.33811802232,74559.15305064763,26656,289224,59892651.661881976,74559.15305064761,59710776,59973344,0.17891389686337053,0.12426525508441275,0.04442666666666666,0.48203999999999997,99.82108610313662,0.12426525508441241,99.51796,99.95557333333333,90.0,0.0,90.0,90.0,0.0,0.0,0.0,0.0,5.603583249760765,3.891987789243808,1.3914431999999999,15.097492799999998,3377.9455537301437,4.205136232056552,3367.6877664000003,3382.4966016000003,3473.549136979905,0.3131484428127049,3472.7852592000004,3473.8880448000004
run_0576_cfg_058_seed_6_mrhof,6,12,16,0,50.0,12,10,MRHOF,627,11,99.97864433811802,0.1261619964208569,97.82,100.0,99.96810207336523,0.7987230638308714,80.0,100.0,110.78787878787878,55.456813175676594,31,272,-69.90430622009569,10.87984465723222,-94,-52,1.018500797448166,0.046373100567377014,1.0,1.35,3.090909090909091,0.9966542927526434,2,5,2.090909090909091,0.9966542927526434,1,4,4.545454545454546,1.7782204486465951,1,7,106955.84051036682,111473.63089456616,26656,466448,59893044.15948963,111473.36538352924,59533552,59973344,0.1782597331113888,0.18578937799174589,0.04442666666666666,0.7774133333333333,99.82174026688861,0.1857893779917453,99.22258666666667,99.95557333333333,90.0,0.0002034840308196042,89.99640000000001,90.0036,0.0,0.0,0.0,0.0,5.583094874641148,5.81892353269635,1.3914431999999999,24.348585599999996,3377.9676905952156,6.287097807631053,3357.6923328000007,3382.4966016000003,3473.5507854698567,0.46823497984897333,3472.040918400001,3473.8880448000004
run_0577_cfg_058_seed_7_mrhof,7,12,16,0,50.0,12,10,MRHOF,627,11,99.94610845295055,0.17607045780182215,98.41,100.0,99.93620414673046,1.1286624203968199,80.0,100.0,110.38437001594896,54.24680857835187,35,252,-70.45454545454545,9.0562190293607,-94,-63,1.0179904306220096,0.05286470679550444,1.0,1.46,3.090909090909091,0.9966542927526431,2,5,2.090909090909091,0.9966542927526431,1,4,4.545454545454546,1.7782204486465951,1,7,106822.67304625199,87244.23240125566,25560,350208,59893177.32695375,87244.06412698214,59649792,59974440,0.17803778715922539,0.14540705428353926,0.0426,0.58368,99.82196221284077,0.14540705428353864,99.41632,99.95739999999999,90.0,0.0003703409360918968,89.993448,90.006552,0.0,0.0,0.0,0.0,5.576143533014354,4.554148931345544,1.3342319999999999,18.280857599999997,3377.975201240192,4.920565216761796,3364.2482688000005,3382.5584160000008,3473.5513447732064,0.3666745659652708,3472.5291264000007,3474.0561792000008
run_0578_cfg_058_seed_8_mrhof,8,12,16,0,50.0,12,10,MRHOF,627,11,99.98862838915471,0.18830172755054564,95.65,100.0,100.0,0.0,100.0,100.0,110.53588516746412,54.5998505332091,26,270,-69.72727272727273,10.922348899819983,-94,-52,1.0181020733652313,0.0440019144824677,1.0,1.35,3.090909090909091,0.9966542927526431,2,5,2.090909090909091,0.9966542927526431,1,4,4.545454545454546,1.7782204486465942,1,7,106948.15948963318,99016.80272782482,25560,387808,59893051.84051037,99017.70248698966,59612192,59974440,0.17824693456333066,0.1650280166790218,0.0426,0.6463466666666666,99.82175306543667,0.16502801667902106,99.35365333333334,99.95739999999999,90.0,0.00025308120405651496,89.99563199999999,90.004368,0.0,0.0,0.0,0.0,5.582693925358852,5.168677102392453,1.3342319999999999,20.243577599999995,3377.968123804785,5.584598420266244,3362.1276288000004,3382.5584160000008,3473.5508177301435,0.4160290523269244,3472.3564896,3473.892648000001
run_0579_cfg_058_seed_9_mrhof,9,12,16,0,50.0,12,10,MRHOF,627,11,99.99025518341308,0.12460518588440246,97.77,100.0,100.0,0.0,100.0,100.0,111.55821371610845,55.156307446358205,34,272,-69.36363636363636,9.909904919308248,-94,-59,1.0240350877192983,0.055402841129529805,1.0,1.39,3.090909090909091,0.9966542927526431,2,5,2.090909090909091,0.9966542927526431,1,4,4.545454545454546,1.7782204486465958,1,7,108224.1658692185,74942.34973254908,26840,295488,59891775.83413078,74943.48766391394,59704512,59973160,0.18037361091006757,0.12490392030126835,0.04473333333333333,0.49248000000000003,99.81962638908993,0.12490392030126748,99.50752,99.95526666666666,90.0,0.0004497554607122671,89.992332,90.007668,0.0,0.0,0.0,0.0,5.6493014583732055,3.911990656039064,1.4010479999999998,15.424473599999997,3377.896157044977,4.226812704244762,3367.3344768000006,3382.486224,3473.54545850335,0.31526737763677093,3472.7070024,3473.8872720000004
run_0580_cfg_058_seed_10_mrhof,10,12,16,0,50.0,12,10,MRHOF,627,11,99.96792663476874,0.13194238640781236,98.27,100.0,99.93620414673046,1.1286624203968192,80.0,100.0,110.9170653907496,55.02917738127014,27,294,-73.27272727272727,10.251499043844676,-94,-60,1.0171291866028709,0.04018393285730575,1.0,1.31,3.090909090909091,0.9966542927526434,2,5,2.090909090909091,0.9966542927526434,1,4,4.545454545454546,1.7782204486465951,1,7,107220.19776714513,108787.96677412908,26840,469096,59892779.802232854,108786.30012993755,59530904,59973160,0.17870032273244296,0.18131326117036362,0.04473333333333333,0.7818266666666667,99.82129967726755,0.1813132611703625,99.21817333333334,99.95526666666666,90.0,0.0005496433929605489,89.99151599999999,90.008484,0.0,0.0,0.0,0.0,5.5968943234449755,5.678731865609538,1.4010479999999998,24.486811199999998,3377.952780845933,6.135547327328442,3357.5429856000005,3382.486224,3473.5496751693786,0.4572696690110407,3472.0297968000004,3473.8872720000004
run_0581_cfg_059_seed_1_mrhof,1,12,16,0,60.0,12,5,MRHOF,627,11,99.93687400318979,0.16855082872244292,98.5,100.0,99.9503668261563,0.7173230939640527,88.88,100.0,97.14832535885168,39.01349823222336,38,193,-73.45454545454545,14.778851921922731,-93,-51,1.0135087719298246,0.037516358556662376,1.0,1.28,2.8181818181818183,0.7163904098224002,2,4,1.8181818181818181,0.7163904098224003,1,3,5.818181818181818,2.3302678229409053,1,9,156220.4274322169,150320.97690384067,50504,561800,59843779.57256778,150320.99151691518,59438200,59949496,0.26036737772041846,0.2505349601515152,0.08417333333333334,0.9363333333333332,99.73963262227959,0.250534960151515,99.06366666666668,99.91582666666666,90.0,0.0004785899416704988,89.9919,90.00810000000001,0.0,0.0,0.0,0.0,8.154706311961723,7.846754994380483,2.6363087999999997,29.325959999999995,3375.189167892823,8.478103921554023,3352.3144800000005,3381.1515744000003,3473.343874204785,0.6315995668378623,3471.6404400000006,3473.7878832
run_0582_cfg_059_seed_2_mrhof,2,12,16,0,60.0,12,5,MRHOF,627,11,99.97690590111642,0.09673254065716608,98.66,100.0,99.98548644338118,0.3634189940430448,90.9,100.0,96.46730462519936,39.21653005588724,36,206,-68.0909090909091,15.150565852728288,-93,-51,1.0137799043062201,0.04092269706964688,1.0,1.55,2.8181818181818183,0.7163904098224001,2,4,1.8181818181818181,0.7163904098224001,1,3,5.818181818181818,2.3302678229409066,1,9,156254.27751196173,115687.4643931036,47104,430488,59843745.72248804,115686.13163036008,59569512,59952896,0.26042378967128593,0.19281241728227397,0.07850666666666667,0.71748,99.73957621032872,0.19281241728227444,99.28251999999999,99.92149333333333,90.0,0.000558788785989929,89.992332,90.007668,0.0,0.0,0.0,0.0,8.1564732861244,6.038885641320007,2.4588288,22.471473599999996,3375.187258748326,6.5246978239523115,3359.7204768000006,3381.3433344000005,3473.3437320344506,0.4862540630684731,3472.1919504000007,3473.8021632000005
run_0583_cfg_059_seed_3_mrhof,3,12,16,0,60.0,12,5,MRHOF,627,11,99.93218500797448,0.16977671174680692,98.61,100.0,99.95215311004785,0.690608604703469,90.0,100.0,97.49760765550239,40.28557694662567,33,206,-64.45454545454545,13.909190571021075,-93,-51,1.0167942583732057,0.042649033176366646,1.0,1.35,2.8181818181818183,0.7163904098224005,2,4,1.8181818181818181,0.7163904098224004,1,3,5.818181818181818,2.330267822940906,1,9,156867.18979266347,94293.54339596535,53352,315088,59843132.81020734,94292.5565075817,59684912,59946648,0.2614453130356939,0.15715589801917257,0.08892,0.5251466666666667,99.7385546869643,0.1571558980191721,99.47485333333333,99.91108,90.0,0.00033881907298326176,89.99494800000001,90.005052,0.0,0.0,0.0,0.0,8.188467307177032,4.922122965269391,2.7849744,16.447593599999998,3375.152690495694,5.3181001870276265,3366.2290368,3380.9909472000004,3473.3411578028717,0.3961759991883912,3472.6766304,3473.8867608000005
run_0584_cfg_059_seed_4_mrhof,4,12,16,0,60.0,12,5,MRHOF,627,11,99.93518341307815,0.15560997111694228,99.1,100.0,99.95358851674641,0.6705338889465273,90.0,100.0,96.49122807017544,38.723083030048805,40,188,-67.54545454545455,14.32838591900208,-93,-54,1.0142583732057417,0.03720958135955237,1.0,1.31,2.8181818181818183,0.7163904098224003,2,4,1.8181818181818181,0.7163904098224003,1,3,5.818181818181818,2.3302678229409053,1,9,156031.61722488038,150020.2373359425,46008,561504,59843966.6092504,150024.55499330125,59438496,59953992,0.26005272015559516,0.25003379036742196,0.07668,0.9358399999999999,99.7399472798444,0.25003379036742185,99.06416,99.92332,89.99999733971292,0.00037895473070672937,89.99340000000001,90.00659999999999,0.0,0.0,0.0,0.0,8.144850419138756,7.831056388936191,2.4016176,29.3105088,3375.1997167617233,8.46138490162221,3352.3311744000002,3381.4051488000005,3473.3445645205743,0.6304923376391303,3471.568128000001,3473.8067664000005
run_0585_cfg_059_seed_5_mrhof,5,12,16,0,60.0,12,5,MRHOF,627,11,99.96649122807017,0.09375449468887749,99.05,100.0,99.95180223285486,0.6980207795968532,88.88,100.0,97.63795853269538,40.264636109933626,36,208,-67.45454545454545,12.988410571661278,-93,-51,1.0162360446570973,0.04200481231731301,1.0,1.39,2.8181818181818183,0.7163904098224008,2,4,1.8181818181818181,0.716390409822401,1,3,5.818181818181818,2.3302678229409066,1,9,157247.75757575757,94814.41232483291,47328,329688,59842752.24242424,94814.41232483309,59670312,59952672,0.26207959595959596,0.15802402054138825,0.07887999999999999,0.54948,99.73792040404041,0.15802402054138764,99.45052,99.92112,90.0,0.0,90.0,90.0,0.0,0.0,0.0,0.0,8.208332945454545,4.949312323356281,2.4705216,17.2097136,3375.1312264727276,5.347532855120603,3365.4055968000007,3381.3307008000006,3473.339559418182,0.39822053176433586,3472.615310400001,3473.801222400001
run_0586_cfg_059_seed_6_mrhof,6,12,16,0,60.0,12,5,MRHOF,627,11,99.92103668261562,0.21782260477424925,97.36,100.0,99.93620414673046,0.7968068921848358,90.0,100.0,97.16108452950559,38.81768499628075,37,210,-64.9090909090909,13.538244147729928,-93,-51,1.016634768740032,0.037684569473778906,1.0,1.32,2.8181818181818183,0.7163904098224003,2,4,1.8181818181818181,0.7163904098224004,1,3,5.818181818181818,2.3302678229409057,1,9,156247.84688995214,150285.79413538406,48312,555712,59843752.15311005,150285.52183605602,59444288,59951688,0.2604130757452975,0.2504763095223884,0.08052,0.9261866666666667,99.73958692425471,0.2504763095223884,99.07381333333333,99.91948000000001,90.0,0.0004578390693452112,89.9919,90.00810000000001,0.0,0.0,0.0,0.0,8.156137607655502,7.8449184538670504,2.5218863999999996,29.008166399999997,3375.1876214354065,8.476103431553542,3352.6578432,3381.2752032,3473.3437590430626,0.631413988773419,3471.5461800000003,3473.7970895999997
run_0587_cfg_059_seed_7_mrhof,7,12,16,0,60.0,12,5,MRHOF,627,11,99.86207336523125,0.29909956623085593,98.05,100.0,99.88800637958532,1.056397071712228,88.88,100.0,97.3987240829346,39.767983634213806,36,202,-68.9090909090909,14.89600897413589,-93,-54,1.0115151515151515,0.031885893955221865,1.0,1.29,2.8181818181818183,0.7163904098224008,2,4,1.8181818181818181,0.7163904098224005,1,3,5.818181818181818,2.330267822940906,1,9,155762.09250398725,223344.6118382387,48312,951816,59844237.90749601,223344.6118382386,59048184,59951688,0.2596034875066454,0.37224101973039814,0.08052,1.5863599999999998,99.74039651249335,0.3722410197303977,98.41364,99.91948000000001,90.0,0.0,90.0,90.0,0.0,0.0,0.0,0.0,8.130781228708134,11.65858873795606,2.5218863999999996,49.684795199999996,3375.215017982776,12.596636107676652,3330.3175776000003,3381.2752032,3473.345799211484,0.9380473697205955,3470.0023728,3473.7970895999997
run_0588_cfg_059_seed_8_mrhof,8,12,16,0,60.0,12,5,MRHOF,627,11,99.90562998405105,0.23412138162914808,97.82,100.0,99.93763955342902,0.7795014653016801,90.0,100.0,97.17065390749602,39.510275689179664,38,190,-71.45454545454545,14.864857378962371,-93,-54,1.014928229665072,0.03594172978352819,1.0,1.25,2.8181818181818183,0.7163904098224007,2,4,1.8181818181818181,0.7163904098224008,1,3,5.818181818181818,2.330267822940906,1,9,155986.87081339714,223426.22691753964,48312,945184,59844013.1291866,223426.22691753955,59054816,59951688,0.25997811802232856,0.37237704486256595,0.08052,1.5753066666666666,99.74002188197767,0.372377044862566,98.42469333333334,99.91948000000001,90.0,0.0,90.0,90.0,0.0,0.0,0.0,0.0,8.14251465645933,11.662849045095568,2.5218863999999996,49.3386048,3375.2023404861243,12.601239198149225,3330.6916224,3381.2752032,3473.344855142584,0.9383901530536607,3470.0302272,3473.7970895999997
run_0589_cfg_059_seed_9_mrhof,9,12,16,0,60.0,12,5,MRHOF,627,11,99.95232854864435,0.19295002713038284,97.22,100.0,99.96810207336523,0.5643312101984094,90.0,100.0,97.22647527910686,39.95856161303476,39,196,-65.18181818181819,13.34425441013534,-93,-51,1.0154545454545456,0.037962177548107275,1.0,1.3,2.8181818181818183,0.7163904098224003,2,4,1.8181818181818181,0.7163904098224003,1,3,5.818181818181818,2.3302678229409057,1,9,157205.5374800638,126279.66660324973,50504,443376,59842794.462519936,126280.16402247405,59556624,59949496,0.26200922819235667,0.21046611146505848,0.08417333333333334,0.73896,99.73799077180765,0.2104661114650584,99.26104,99.91582666666666,90.0,0.0006611369817405065,89.99151599999999,90.008484,0.0,0.0,0.0,0.0,8.206129056459329,6.591798596689635,2.6363087999999997,23.1442272,3375.1336076861244,7.122201250867533,3358.9935936,3381.1515744000003,3473.339736742584,0.5309724935903186,3472.1378208,3474.0641832000006
run_0590_cfg_059_seed_10_mrhof,10,12,16,0,60.0,12,5,MRHOF,627,11,99.92625199362041,0.2036719320048714,97.82,100.0,99.93585326953747,0.8032327042382083,88.88,100.0,98.08931419457736,40.605422260346714,39,210,-67.54545454545455,14.328385919002077,-93,-54,1.0182296650717702,0.044798714328412356,1.0,1.35,2.8181818181818183,0.7163904098224002,2,4,1.8181818181818181,0.7163904098224003,1,3,5.818181818181818,2.330267822940905,1,9,156515.2663476874,150423.99394205722,46008,564408,59843484.733652316,150423.99394205725,59435592,59953992,0.2608587772461457,0.2507066565700954,0.07668,0.94068,99.73914122275386,0.2507066565700951,99.05932,99.92332,90.0,0.0,90.0,90.0,0.0,0.0,0.0,0.0,8.170096903349283,7.852132483775388,2.4016176,29.4620976,3375.1725389779904,8.483913258332047,3352.1673888000005,3381.4051488000005,3473.34263588134,0.6317807745566593,3471.6294864000006,3473.8067664000005
run_0591_cfg_060_seed_1_of0,1,12,16,0,60.0,12,10,OF0,627,11,99.99940988835725,0.014776376680871454,99.63,100.0,100.0,0.0,100.0,100.0,95.22966507177034,38.96358847955279,34,220,-72.15151515151516,15.045437361550146,-93,-51,1.008341307814992,0.027979766768982086,1.0,1.29,2.8181818181818183,0.7163904098224002,2,4,1.8181818181818181,0.7163904098224003,1,3,5.818181818181818,2.3302678229409053,1,9,88590.29027113237,77142.99822483493,26840,319464,59911409.70972887,77142.08700550029,59680536,59973160,0.14765048171976067,0.12857165405299176,0.04473333333333333,0.53244,99.85234951828023,0.12857165405299095,99.46756,99.95526666666666,90.0,0.0001376908608553412,89.997564,90.002436,0.0,0.0,0.0,0.0,4.624413152153109,4.026864507336384,1.4010479999999998,16.6760208,3379.0035076287086,4.350813707110206,3365.9822304000004,3382.486224,3473.627920780861,0.32398826311680423,3472.6582512000004,3473.8872720000004
run_0592_cfg_060_seed_2_of0,2,12,16,0,60.0,12,10,OF0,627,11,99.99108452950559,0.10969360843516604,97.95,100.0,100.0,0.0,100.0,100.0,94.63317384370016,39.12823249584991,33,195,-69.82934609250398,14.247736215673086,-93,-51,1.009872408293461,0.030788098626487334,1.0,1.31,2.8181818181818183,0.7163904098224001,2,4,1.8181818181818181,0.7163904098224001,1,3,5.818181818181818,2.3302678229409066,1,9,88835.12599681021,59322.91494286139,25560,364120,59911164.87400319,59323.1954753573,59635880,59974440,0.148058543091515,0.09887151738948806,0.0426,0.6068666666666667,99.85194145690848,0.09887151738948775,99.39313333333332,99.95739999999999,90.0,0.0003370560765237535,89.99494800000001,90.005052,0.0,0.0,0.0,0.0,4.637193577033492,3.096656160017362,1.3342319999999999,19.007063999999996,3378.9896988937803,3.345828224810135,3363.4636320000004,3382.5584160000008,3473.6268924708133,0.24948731088808632,3472.4706960000003,3474.0378936000006
run_0593_cfg_060_seed_3_of0,3,12,16,0,60.0,12,10,OF0,627,11,99.94408293460926,0.3165971924200255,93.33,100.0,99.94151515151515,1.0389724130551086,80.0,100.0,94.77990430622009,39.17723361668919,24,193,-65.78787878787878,13.31642358843252,-93,-51,1.0099202551834132,0.031059460977755384,1.0,1.29,2.8181818181818183,0.7163904098224005,2,4,1.8181818181818181,0.7163904098224004,1,3,5.818181818181818,2.330267822940906,1,9,88864.74003189792,77017.50216531142,25560,327024,59911135.2599681,77017.33836651135,59672976,59974440,0.14810789967324708,0.12836250373126135,0.0426,0.54504,99.85189210032675,0.12836250373126096,99.45496,99.95739999999999,90.0,6.986285058151976e-05,89.998764,90.00123599999999,0.0,0.0,0.0,0.0,4.638739429665072,4.020313613029256,1.3342319999999999,17.070652799999998,3378.9880286622015,4.343777883871271,3365.5558464000005,3382.5584160000008,3473.626768091867,0.323474450588331,3472.6264992000006,3473.892648000001
run_0594_cfg_060_seed_4_of0,4,12,16,0,60.0,12,10,OF0,627,11,99.987990430622,0.16479277306740653,96.15,100.0,100.0,0.0,100.0,100.0,95.40350877192982,39.35666581683937,28,218,-68.57416267942584,14.920840188861492,-93,-54,1.0097607655502392,0.032080771535117424,1.0,1.32,2.8181818181818183,0.7163904098224003,2,4,1.8181818181818181,0.7163904098224003,1,3,5.818181818181818,2.3302678229409053,1,9,88702.3668261563,103829.14162886066,26656,457216,59911297.633173846,103829.14162886066,59542784,59973344,0.14783727804359384,0.17304856938143426,0.04442666666666666,0.7620266666666666,99.8521627219564,0.1730485693814332,99.23797333333333,99.95557333333333,90.0,0.0,90.0,90.0,0.0,0.0,0.0,0.0,4.630263548325359,5.41988119302652,1.3914431999999999,23.8666752,3378.9971865110047,5.855963587867739,3358.2130176,3382.4966016000003,3473.627450059331,0.43608239484119254,3472.0796928,3473.8880448000004
run_0595_cfg_060_seed_5_of0,5,12,16,0,60.0,12,10,OF0,627,11,99.99084529505582,0.10689228995185253,98.03,100.0,100.0,0.0,100.0,100.0,94.82934609250398,39.85181697670614,30,207,-69.43062200956938,14.657197473985256,-93,-51,1.0074481658692185,0.027969548291215087,1.0,1.29,2.8181818181818183,0.7163904098224008,2,4,1.8181818181818181,0.716390409822401,1,3,5.818181818181818,2.3302678229409066,1,9,88540.91228070176,75726.16893540086,26840,442448,59911459.0877193,75726.68753328538,59557552,59973160,0.14756818813744563,0.12621028624051336,0.04473333333333333,0.7374133333333334,99.85243181186256,0.1262102862405135,99.26258666666666,99.95526666666666,90.0,0.00011869901797828494,89.9979,90.0021,0.0,0.0,0.0,0.0,4.6218356210526315,3.9529060184279237,1.4010479999999998,23.0957856,3379.006292547369,4.270985176877293,3359.0459328000006,3382.486224,3473.628128168421,0.31811053897734054,3472.1417184000006,3473.8872720000004
run_0596_cfg_060_seed_6_of0,6,12,16,0,60.0,12,10,OF0,627,11,99.99440191387559,0.09510084371636254,97.87,100.0,100.0,0.0,100.0,100.0,94.54704944178629,39.968025599894005,29,186,-71.38755980861244,14.943280567927525,-93,-51,1.0077352472089314,0.023420862980306753,1.0,1.19,2.8181818181818183,0.7163904098224003,2,4,1.8181818181818181,0.7163904098224004,1,3,5.818181818181818,2.3302678229409057,1,9,88497.76076555024,118190.76213442875,25560,509336,59911502.23923445,118193.35811404523,59490664,59974440,0.14749627535948776,0.19698466327875155,0.0426,0.8488933333333334,99.85250372464051,0.19698466327875105,99.15110666666666,99.95739999999999,90.0,0.0004236487785175865,89.99340000000001,90.00659999999999,0.0,0.0,0.0,0.0,4.619583111961722,6.169557783417183,1.3342319999999999,26.5873392,3379.008726292823,6.666105397632151,3355.2734496000003,3382.5584160000008,3473.628309404785,0.49680116423245224,3471.684955200001,3473.9634288000007
run_0597_cfg_060_seed_7_of0,7,12,16,0,60.0,12,10,OF0,627,11,99.9977990430622,0.04142360224997208,99.06,100.0,100.0,0.0,100.0,100.0,95.12599681020734,39.05126977870326,30,197,-66.22647527910686,14.43503904577269,-93,-51,1.0088038277511961,0.02741244764052276,1.0,1.21,2.8181818181818183,0.7163904098224008,2,4,1.8181818181818181,0.7163904098224005,1,3,5.818181818181818,2.330267822940906,1,9,88632.56140350878,89738.84389184733,25560,380216,59911367.438596494,89738.74679784218,59619784,59974440,0.1477209353449852,0.14956473774655457,0.0426,0.6336933333333333,99.85227906465502,0.14956473774655324,99.36630666666667,99.95739999999999,90.0,0.00011869901797751045,89.9979,90.0021,0.0,0.0,0.0,0.0,4.626619705263157,4.684367651154432,1.3342319999999999,19.8472752,3379.0011235368424,5.061265319398322,3362.5558176000004,3382.5584160000008,3473.6277432421057,0.37692335089979406,3472.4030928,3473.892648000001
run_0598_cfg_060_seed_8_of0,8,12,16,0,60.0,12,10,OF0,627,11,99.8738596491228,0.602605179727471,92.3,100.0,99.93620414673046,1.128662420396817,80.0,100.0,95.24720893141946,40.61025466222834,31,221,-70.5103668261563,14.963036598305182,-93,-51,1.0085645933014353,0.027526000893587064,1.0,1.29,2.8181818181818183,0.7163904098224007,2,4,1.8181818181818181,0.7163904098224008,1,3,5.818181818181818,2.330267822940906,1,9,88712.34449760766,113774.11052260613,26656,524912,59911287.655502394,113773.1758265995,59475088,59973344,0.14785390327476808,0.1896234864414344,0.04442666666666666,0.8748533333333333,99.85214609672524,0.1896234864414336,99.12514666666667,99.95557333333333,90.0,0.00045783906934518214,89.9919,90.00810000000001,0.0,0.0,0.0,0.0,4.630784382775119,5.93900856928004,1.3914431999999999,27.4004064,3378.996623770335,6.41680711662023,3354.3949632000003,3382.4966016000003,3473.62740815311,0.4781001718704119,3471.7832952,3473.8880448000004
run_0599_cfg_060_seed_9_of0,9,12,16,0,60.0,12,10,OF0,627,11,99.984673046252,0.13183521502579174,98.36,100.0,100.0,0.0,100.0,100.0,95.21371610845296,40.1794966636333,32,195,-69.73205741626795,14.617103730873856,-93,-51,1.0109409888357257,0.0340865468807545,1.0,1.33,2.819776714513557,0.7179073786896522,2,4,1.8181818181818181,0.7163904098224003,1,3,5.818181818181818,2.3302678229409057,1,9,88999.18341307815,77026.90060882886,26840,371096,59911000.81658692,77025.96087148528,59628904,59973160,0.1483319691963409,0.12837815764437543,0.04473333333333333,0.6184933333333333,99.85166803080365,0.12837815764437457,99.38150666666667,99.95526666666666,90.0,0.00043342098564613546,89.992332,90.007668,0.0,0.0,0.0,0.0,4.645757374162679,4.020804211780868,1.4010479999999998,19.371211199999998,3378.9804460555024,4.344264193151766,3363.0701856,3382.486224,3473.6262034296656,0.3238595934097655,3472.4413968,3473.8872720000004
run_0600_cfg_060_seed_10_of0,10,12,16,0,60.0,12,10,OF0,627,11,99.9945933014354,0.06573219084683006,98.63,100.0,100.0,0.0,100.0,100.0,94.78309409888357,39.551933360883666,28,186,-66.09888357256779,14.507895240547617,-93,-54,1.009425837320574,0.029802151149801316,1.0,1.25,2.8181818181818183,0.7163904098224002,2,4,1.8181818181818181,0.7163904098224003,1,3,5.818181818181818,2.330267822940905,1,9,88572.42743221691,89623.2123589055,25560,381464,59911427.57256778,89623.21235890563,59618536,59974440,0.14762071238702817,0.14937202059817575,0.0426,0.6357733333333333,99.85237928761296,0.14937202059817534,99.36422666666667,99.95739999999999,90.0,0.0,90.0,90.0,0.0,0.0,0.0,0.0,4.623480711961722,4.678331685134864,1.3342319999999999,19.9124208,3379.0045150928236,5.054749177042283,3362.4854304000005,3382.5584160000008,3473.627995804785,0.3764174919073988,3472.3978512000003,3473.892648000001
run_0601_cfg_061_seed_1_mrhof,1,12,16,5,40.0,12,20,MRHOF,627,11,99.97031897926635,0.36175498787525845,93.75,100.0,100.0,0.0,100.0,100.0,134.52950558213715,55.96935783273589,24,279,-73.27272727272727,10.189135010517907,-84,-51,1.0175598086124402,0.04757651491910982,1.0,1.53,3.547049441786284,0.9914668204322615,2,6,2.547049441786284,0.9914668204322615,1,5,3.272727272727273,1.4211791645789371,1,5,73780.14673046253,59072.62876357492,10736,275552,59926219.85326954,59074.82199198094,59724448,59989264,0.12296691287730023,0.09845438558824043,0.017893333333333334,0.45925333333333335,99.8770330871227,0.09845438558824018,99.54074666666666,99.98210666666667,90.0,0.0005611717544741824,89.99016,90.00984000000001,0.0,0.0,0.0,0.0,3.8513236593301436,3.08359122145861,0.5604192,14.3838144,3379.838799724402,3.331819960347655,3368.4588672000004,3383.3944896000003,3473.6901233837325,0.249107001363579,3472.8426816000006,3473.9549088000003
run_0602_cfg_061_seed_2_mrhof,2,12,16,5,40.0,12,20,MRHOF,627,11,99.97532695374801,0.3085123740520966,93.33,100.0,100.0,0.0,100.0,100.0,135.46730462519938,56.415025298802846,24,319,-73.27272727272727,10.189135010517909,-84,-51,1.032488038277512,0.073951873870923,1.0,1.63,3.553429027113238,1.0007665812498419,2,6,2.5454545454545454,0.9883139428379525,1,4,3.272727272727273,1.4211791645789371,1,5,74464.61244019138,59647.952695689855,10736,293816,59925535.38755981,59647.9526956906,59706184,59989264,0.124107687400319,0.09941325449281646,0.017893333333333334,0.4896933333333333,99.87589231259967,0.09941325449281474,99.51030666666666,99.98210666666667,90.0,0.0,90.0,90.0,0.0,0.0,0.0,0.0,3.88705276937799,3.113623130715013,0.5604192,15.3371952,3379.8001958583736,3.364144532036892,3367.4287776,3383.3944896000003,3473.6872486277516,0.2505214013218483,3472.7659728,3473.9549088000003
run_0603_cfg_061_seed_3_mrhof,3,12,16,5,40.0,12,20,MRHOF,627,11,99.9922966507177,0.09813022597928416,98.38,100.0,100.0,0.0,100.0,100.0,132.00159489633174,55.662535774307344,21,317,-73.63636363636364,10.208614018282137,-84,-51,1.021275917065391,0.05622835780104813,1.0,1.4,3.5454545454545454,0.9883139428379524,2,5,2.5454545454545454,0.9883139428379524,1,4,3.272727272727273,1.4211791645789364,1,5,73720.74003189792,83603.58510901834,10736,390992,59926279.2599681,83603.56613127732,59609008,59989264,0.12286789846705314,0.1393393052373027,0.017893333333333334,0.6516533333333334,99.87713210153295,0.13933930523730265,99.34834666666667,99.98210666666667,90.0,0.0005012489959196806,89.99113200000001,90.008868,0.0,0.0,0.0,0.0,3.848222629665071,4.364107142690758,0.5604192,20.4097824,3379.8421502622014,4.715241129803996,3361.9480512000005,3383.3944896000003,3473.690372891866,0.35162800660916294,3472.3578336000005,3473.9549088000003
run_0604_cfg_061_seed_4_mrhof,4,12,16,5,40.0,12,20,MRHOF,627,11,99.7920255183413,0.9628172914566757,85.71,100.0,99.94682615629985,1.3314713474060638,66.66,100.0,134.00478468899522,57.07717136865823,21,318,-73.63636363636364,10.208614018282137,-84,-51,1.0270653907496012,0.06384386304265814,1.0,1.58,3.550239234449761,0.9977350260926321,2,6,2.5486443381180224,0.994607141997673,1,5,3.272727272727273,1.421179164578937,1,5,73672.77830940988,83423.21021491918,10224,393488,59926327.22169059,83422.20130456077,59606512,59989776,0.12278796135468788,0.13903867204303427,0.01704,0.6558133333333332,99.87721203864531,0.13903867204303397,99.34418666666667,99.98295999999999,90.0,0.00016175096229015994,89.9979,90.0021,0.0,0.0,0.0,0.0,3.8457190277511955,4.354691573218782,0.5336928,20.5400736,3379.8448553033495,4.7050121535772105,3361.8072768000006,3383.4233664000003,3473.690574331101,0.35037066112457577,3472.347350400001,3473.9570592000005
run_0605_cfg_061_seed_5_mrhof,5,12,16,5,40.0,12,20,MRHOF,627,11,99.99444976076555,0.07127193533164085,98.78,100.0,100.0,0.0,100.0,100.0,132.59489633173843,54.47412117753086,28,301,-73.36363636363636,10.235337124533855,-84,-51,1.01414673046252,0.042033352435046405,1.0,1.33,3.547049441786284,0.9914668204322614,2,6,2.547049441786284,0.9914668204322614,1,5,3.272727272727273,1.4211791645789376,1,5,73660.96331738438,59096.992177372165,10736,309832,59926339.03668261,59096.99217737241,59690168,59989264,0.12276827219564061,0.09849498696228695,0.017893333333333334,0.5163866666666667,99.87723172780436,0.0984949869622869,99.48361333333334,99.98210666666667,90.0,0.0,90.0,90.0,0.0,0.0,0.0,0.0,3.8451022851674637,3.0848629916588277,0.5604192,16.173230399999998,3379.8455216689,3.333070358803762,3366.5254752000005,3383.3944896000003,3473.690623954067,0.24820736714492347,3472.6987056000007,3473.9549088000003
run_0606_cfg_061_seed_6_mrhof,6,12,16,5,40.0,12,20,MRHOF,627,11,99.99478468899522,0.07547343578775022,98.8,100.0,100.0,0.0,100.0,100.0,133.60925039872407,56.368414817642446,30,272,-73.72727272727273,10.251499043844676,-84,-51,1.0177033492822967,0.04991514881692865,1.0,1.39,3.5454545454545454,0.9883139428379524,2,5,2.5454545454545454,0.9883139428379524,1,4,3.272727272727273,1.4211791645789364,1,5,73837.15470494417,83614.20302768695,10736,422864,59926162.84529506,83614.18633761237,59577136,59989264,0.12306192446828784,0.13935700506381288,0.017893333333333334,0.7047733333333334,99.87693807553171,0.13935700506381254,99.29522666666666,99.98210666666667,90.0,1.424388215686677e-05,89.99974800000001,90.000252,0.0,0.0,0.0,0.0,3.8542994755980855,4.364661398045259,0.5604192,22.073500799999998,3379.8355844746416,4.715840109441313,3360.150470400001,3383.3944896000003,3473.689883950239,0.35117908553959565,3472.223971200001,3473.9549088000003
run_0607_cfg_061_seed_7_mrhof,7,12,16,5,40.0,12,20,MRHOF,627,11,99.98295055821372,0.1698836355517563,97.36,100.0,100.0,0.0,100.0,100.0,134.03827751196172,56.97630079235028,27,325,-73.72727272727273,10.251499043844671,-84,-51,1.0170015948963318,0.04685241252862617,1.0,1.35,3.550239234449761,0.9977350260926315,2,6,2.5486443381180224,0.9946071419976732,1,5,3.272727272727273,1.421179164578937,1,5,73704.31897926635,83450.6236520188,10736,387184,59926295.68102074,83450.44368276416,59612816,59989264,0.12284053116771054,0.13908437292847106,0.017893333333333334,0.6453066666666667,99.87715946883229,0.13908437292847114,99.35469333333333,99.98210666666667,90.0,8.817641335548172e-05,89.99844,90.00156000000001,0.0,0.0,0.0,0.0,3.847365450717703,4.356122554635377,0.5604192,20.211004799999998,3379.843076409569,4.706605023707859,3362.1628224000006,3383.3944896000003,3473.690441860287,0.3504975264187572,3472.3738272000005,3473.9549088000003
run_0608_cfg_061_seed_8_mrhof,8,12,16,5,40.0,12,20,MRHOF,627,11,99.88961722488038,0.45337976121761747,93.75,100.0,99.94682615629985,1.3314713474060609,66.66,100.0,133.37001594896333,56.77397814781151,23,282,-73.63636363636364,10.208614018282141,-84,-51,1.0175598086124402,0.04848777895460411,1.0,1.33,3.550239234449761,0.9977350260926316,2,6,2.5486443381180224,0.9946071419976735,1,5,3.272727272727273,1.4211791645789371,1,5,73951.18341307815,83908.27567343207,10736,397192,59926048.81658692,83908.27567343171,59602808,59989264,0.12325197235513025,0.1398471261223868,0.017893333333333334,0.6619866666666666,99.87674802764488,0.13984712612238726,99.33801333333334,99.98210666666667,90.0,0.0,90.0,90.0,0.0,0.0,0.0,0.0,3.8602517741626787,4.380011990153154,0.5604192,20.7334224,3379.829153255502,4.732426747981524,3361.5983712,3383.3944896000003,3473.6894050296655,0.3524147578283712,3472.3317936000003,3473.9549088000003
run_0609_cfg_061_seed_9_mrhof,9,12,16,5,40.0,12,20,MRHOF,627,11,99.99322169059012,0.10665770534863406,97.72,100.0,100.0,0.0,100.0,100.0,134.17224880382776,56.58409158353755,25,300,-73.36363636363636,10.23533712453385,-84,-51,1.0232216905901117,0.06457148235776021,1.0,1.51,3.550239234449761,0.9945277300981792,2,6,2.5454545454545454,0.988313942837953,1,4,3.272727272727273,1.4211791645789367,1,5,74301.33333333333,59422.36589058096,10736,296448,59925698.666666664,59422.88235956827,59703552,59989264,0.12383555578657464,0.09903727751487656,0.017893333333333334,0.49408,99.87616444421343,0.09903727751487641,99.50592,99.98210666666667,90.0,0.00031776391260354535,89.99494800000001,90.005052,0.0,0.0,0.0,0.0,3.8785296,3.1018474994883256,0.5604192,15.474585599999997,3379.8094048000007,3.3514505650796216,3367.2803328000005,3383.3944896000003,3473.6879344000004,0.24988319287059993,3472.7549184000004,3473.9593968000004
run_0610_cfg_061_seed_10_mrhof,10,12,16,5,40.0,12,20,MRHOF,627,11,99.98106858054226,0.3427845569416691,91.66,100.0,100.0,0.0,100.0,100.0,134.3189792663477,57.0000028606402,24,314,-73.27272727272727,10.189135010517907,-84,-51,1.0182775119617224,0.04789398090802535,1.0,1.35,3.5486443381180224,0.994607141997673,2,6,2.5454545454545454,0.9883139428379527,1,4,3.272727272727273,1.4211791645789371,1,5,73891.70015948963,59161.570771837214,10736,269216,59926108.29984051,59161.82286137391,59730784,59989264,0.12315283399375566,0.09860261857419235,0.017893333333333334,0.44869333333333333,99.87684716600624,0.09860261857419356,99.55130666666666,99.98210666666667,90.0,5.561896842430808e-05,89.999016,90.000984,0.0,0.0,0.0,0.0,3.8571467483253588,3.088233994289902,0.5604192,14.053075199999999,3379.832508111005,3.3367268093813935,3368.8162176000005,3383.3944896000003,3473.6896548593304,0.24850179412992102,3472.8692928000005,3473.9549088000003
run_0611_cfg_062_seed_1_mrhof,1,12,16,5,40.0,16,10,MRHOF,855,15,99.95567251461989,0.2549325766218613,94.73,100.0,99.95711111111112,0.8899097159982886,80.0,100.0,174.6514619883041,75.6681412892765,35,355,-76.93333333333334,10.822779342350486,-93,-51,1.0529473684210526,0.10332398643494675,1.0,2.75,4.140350877192983,1.316957450307852,2,7,3.135672514619883,1.3129966388602021,1,5,3.2,1.2761549390929887,1,5,179986.5730994152,187354.15997485066,26840,797840,59820013.42690059,187354.3430410432,59202160,59973160,0.2999776196621524,0.3122569278173843,0.04473333333333333,1.3297333333333332,99.70002238033786,0.3122569278173832,98.67026666666666,99.95526666666666,90.0,0.0007155171922877608,89.990364,90.009636,0.0,0.0,0.0,0.0,9.395299115789474,9.779887150687202,1.4010479999999998,41.647248,3373.8487572771933,10.56678494751484,3339.0018240000004,3382.486224,3473.2440563929827,0.7873474764685997,3470.649072,3473.8872720000004
run_0612_cfg_062_seed_2_mrhof,2,12,16,5,40.0,16,10,MRHOF,855,15,99.98120467836256,0.19106462233451135,96.42,100.0,100.0,0.0,100.0,100.0,175.27836257309943,77.85076811230797,36,396,-76.6,10.675827935468439,-93,-51,1.0509473684210526,0.10534282514633556,1.0,2.82,4.143859649122807,1.3250006686215858,2,7,3.136842105263158,1.3159930817444712,1,6,3.2,1.2761549390929887,1,5,179620.3976608187,180132.0508242646,26840,791872,59820379.60233918,180129.7637897518,59208128,59973160,0.29936731711053993,0.30022003144000653,0.04473333333333333,1.3197866666666667,99.70063268288945,0.3002200314400071,98.68021333333333,99.95526666666666,90.0,0.00038295965630969126,89.99451599999999,90.005484,0.0,0.0,0.0,0.0,9.376184757894736,9.402893053026622,1.4010479999999998,41.3357184,3373.86940957193,10.159318677742004,3339.3384192000008,3382.486224,3473.245594329825,0.7565561337093996,3470.674137600001,3473.8872720000004
run_0613_cfg_062_seed_3_mrhof,3,12,16,5,40.0,16,10,MRHOF,855,15,99.91564912280703,0.4435288218944766,90.0,100.0,99.91422222222222,1.2570582261036,80.0,100.0,174.50058479532163,77.46163022146048,31,372,-76.86666666666666,10.607253052992128,-93,-51,1.0513099415204679,0.08411359600087256,1.0,1.62,4.139181286549707,1.3210764128703418,2,7,3.1380116959064326,1.3189816790434468,1,6,3.2,1.2761549390929878,1,5,179440.09356725146,220478.656895377,25560,989872,59820559.90643275,220479.8260920994,59007728,59974440,0.299066829583128,0.3674644823069684,0.0426,1.6498526607730977,99.70093317041687,0.3674644823069673,98.35014733922691,99.95739999999999,90.0,0.0001742162106584365,89.99640000000001,90.0036,0.0,0.0,0.0,0.0,9.366772884210524,11.508985889938673,1.3342319999999999,51.67131839999999,3373.8795787228073,12.435062191594428,3328.0358592000002,3382.5584160000008,3473.246351607018,0.9261006977511258,3469.7035776000002,3473.892648000001
run_0614_cfg_062_seed_4_mrhof,4,12,16,5,40.0,16,10,MRHOF,855,15,99.87157894736842,0.3210145079437499,94.11,100.0,99.82844444444446,1.7736002598847138,80.0,100.0,175.9812865497076,79.78458777013046,36,414,-76.86666666666666,10.607253052992117,-93,-51,1.0574502923976608,0.09811121179503897,1.0,1.87,4.150877192982456,1.3330323420486143,2,7,3.1485380116959063,1.3315376790637712,1,6,3.2,1.2761549390929885,1,5,179939.76140350878,220929.75314483163,25560,965216,59820060.23859649,220932.2297090553,59034784,59974440,0.2998996151383626,0.368216304493515,0.0426,1.6086933333333335,99.70010038486163,0.36821630449351445,98.39130666666667,99.95739999999999,90.0,0.0006250958671205117,89.990964,90.009036,0.0,0.0,0.0,0.0,9.392855545263156,11.532533114160202,1.3342319999999999,50.3842752,3373.8513974568427,12.460577755590709,3329.5618176000007,3382.5584160000008,3473.2442530021053,0.9283392133276513,3469.9460928000008,3473.9217672000004
run_0615_cfg_062_seed_5_mrhof,5,12,16,5,40.0,16,10,MRHOF,855,15,99.87609356725146,0.38392517401739557,94.73,100.0,99.9298245614035,1.183309708462141,80.0,100.0,173.8982456140351,77.09530695984252,40,417,-77.0,10.832231373727105,-93,-51,1.0430058479532163,0.07350839116943572,1.0,1.56,4.136842105263158,1.3168825731909497,2,7,3.136842105263158,1.3168825731909497,1,6,3.2,1.2761549390929883,1,5,179628.4350877193,173982.09509282195,26008,780560,59820371.56491228,173981.15292198566,59219440,59973992,0.29938071812610006,0.28997012575870257,0.043346666666666665,1.3009333333333333,99.7006192818739,0.28997012575870246,98.69906666666667,99.95665333333334,90.0,0.000636971729048439,89.9919,90.00810000000001,0.0,0.0,0.0,0.0,9.376604311578948,9.08186536384531,1.3576176,40.745232,3373.868956261053,9.812537024800003,3339.9764160000004,3382.5331488,3473.245560572632,0.7310538163548732,3470.7216480000006,3473.8907664000003
run_0616_cfg_062_seed_6_mrhof,6,12,16,5,40.0,16,10,MRHOF,855,15,99.86633918128655,0.4853194240594025,92.3,100.0,99.93371929824562,1.1215019896029352,80.0,100.0,175.42923976608188,76.48450784497392,37,359,-77.2,10.746863820073886,-93,-51,1.0497543859649123,0.08214661324002555,1.0,1.56,4.139181286549707,1.3166371127872847,2,6,3.1391812865497077,1.3166371127872845,1,5,3.2,1.2761549390929883,1,5,179547.49005847954,226545.25531716313,25560,1046128,59820452.50994152,226546.0378784177,58953872,59974440,0.2992458203552124,0.3775754317287085,0.0426,1.7435466666666666,99.70075417964478,0.37757543172870855,98.25645333333334,99.95739999999999,90.0,0.000466218913110012,89.99301600000001,90.006984,0.0,0.0,0.0,0.0,9.37237898105263,11.825662327555907,1.3342319999999999,54.60788159999999,3373.873521560702,12.777196536342755,3324.9983808,3382.5584160000008,3473.2459005417545,0.9516932005802322,3469.6062624,3473.892648000001
run_0617_cfg_062_seed_7_mrhof,7,12,16,5,40.0,16,10,MRHOF,855,15,99.96346198830409,0.21980817833515995,95.65,100.0,99.98050292397662,0.5701019709753176,83.33,100.0,173.5485380116959,76.19727981763629,32,379,-76.93333333333334,10.617316067085133,-93,-51,1.0483391812865497,0.08659876546265992,1.0,1.67,4.138011695906433,1.3180936041410585,2,7,3.1380116959064326,1.318093604141059,1,6,3.2,1.2761549390929894,1,5,179259.65847953217,208303.9695915839,25560,1010088,59820740.341520466,208303.9308659724,58989912,59974440,0.2987660970673315,0.34717327570077616,0.0426,1.68348,99.70123390293267,0.34717327570077583,98.31652,99.95739999999999,90.0,0.00017000146025007425,89.997516,90.002484,0.0,0.0,0.0,0.0,9.35735417263158,10.87346721268068,1.3342319999999999,52.7265936,3373.889755261755,11.748341700840848,3327.0310368,3382.5584160000008,3473.247109434386,0.8748972542000296,3469.7576304,3473.892648000001
run_0618_cfg_062_seed_8_mrhof,8,12,16,5,40.0,16,10,MRHOF,855,15,99.88218713450293,0.49885396770891083,91.66,100.0,99.93371929824562,1.121501989602937,80.0,100.0,174.29941520467835,76.81995854009932,29,356,-76.86666666666666,10.607253052992125,-93,-51,1.047766081871345,0.08521245810814104,1.0,1.81,4.136842105263158,1.3177714642337348,2,8,3.135672514619883,1.3147790743724226,1,6,3.2,1.2761549390929887,1,5,179049.33801169592,220115.69958499286,25560,984160,59820950.6619883,220120.65611481902,59015840,59974440,0.2984155888676488,0.36685968563836235,0.0426,1.6402666666666665,99.70158441113234,0.3668596856383628,98.35973333333334,99.95739999999999,90.0,0.0008868905658980957,89.989464,90.010536,0.0,0.0,0.0,0.0,9.346375444210524,11.490039518336603,1.3342319999999999,51.373152,3373.901617336141,12.414805004875777,3328.4933760000004,3382.5584160000008,3473.247992780351,0.9253603793857074,3469.7442792000006,3473.892648000001
run_0619_cfg_062_seed_9_mrhof,9,12,16,5,40.0,16,10,MRHOF,855,15,99.96422222222223,0.20414572611627976,95.45,100.0,99.98050292397662,0.5701019709753171,83.33,100.0,175.43859649122808,78.39590964509385,33,421,-76.66666666666667,10.68749186832894,-93,-51,1.0467134502923978,0.08264696508410427,1.0,1.82,4.141520467836258,1.3261361279042214,2,8,3.1380116959064326,1.3207560374276874,1,7,3.2,1.2761549390929887,1,5,180124.20116959064,164098.23923856107,26840,765816,59819875.79883041,164098.2392385611,59234184,59973160,0.3002070019493177,0.2734970653976018,0.04473333333333333,1.27636,99.69979299805067,0.2734970653976017,98.72364,99.95526666666666,90.0,0.0,90.0,90.0,0.0,0.0,0.0,0.0,9.402483301052632,8.565928088252887,1.4010479999999998,39.9755952,3373.8409950540354,9.255140693054855,3340.8079776000004,3382.486224,3473.243478355088,0.689212604801955,3470.7835728000005,3473.8872720000004
run_0620_cfg_062_seed_10_mrhof,10,12,16,5,40.0,16,10,MRHOF,855,15,99.95376608187135,0.3934053472339775,91.66,100.0,99.98050292397662,0.5701019709753172,83.33,100.0,173.84093567251463,76.53498968114853,36,361,-76.93333333333334,10.822779342350481,-93,-51,1.0423157894736843,0.07066110312704782,1.0,1.51,4.141520467836258,1.3279009264558164,2,8,3.1403508771929824,1.3258190410717572,1,7,3.2,1.2761549390929887,1,5,179589.8947368421,186983.72422046942,26840,762952,59820410.10526316,186983.74242040183,59237048,59973160,0.29931649127534365,0.31163954090658175,0.04473333333333333,1.2715866666666666,99.70068350872465,0.3116395409065815,98.72841333333334,99.95526666666666,90.0,8.821986585062425e-05,89.9985,90.0015,0.0,0.0,0.0,0.0,9.374592505263157,9.760550404308509,1.4010479999999998,39.826094399999995,3373.8711299368424,10.545883072510673,3340.9695072000004,3382.486224,3473.2457224421055,0.7853395427729142,3470.7956016000003,3473.8872720000004
run_0621_cfg_063_seed_1_mrhof,1,12,16,5,50.0,16,5,MRHOF,855,15,99.9298947368421,0.17700173501814523,98.38,100.0,99.92956725146199,0.8397494188828594,88.88,100.0,160.1719298245614,83.84250964908772,34,404,-70.97777777777777,10.786331111636475,-94,-52,1.0645146198830409,0.09834683622692092,1.0,2.09,3.7380116959064327,1.3981062048536932,2,8,2.734502923976608,1.3919861653321914,1,6,4.8,1.3767898718715414,3,7,280923.79883040936,214518.06397310644,47680,825728,59719076.20116959,214518.6890580881,59174272,59952320,0.4682063333367485,0.3575301165184737,0.07946666666666667,1.3762133333333333,99.53179366666325,0.35753011651847383,98.62378666666667,99.92053333333332,90.0,0.0005398650885325833,89.99224800000002,90.007752,0.0,0.0,0.0,0.0,14.664222298947367,11.197842939396155,2.488896,43.1030016,3368.155897745965,12.098854062876168,3337.4289408000004,3381.3108480000005,3472.8201200449125,0.901235534104976,3470.5319424000004,3473.7997440000004
run_0622_cfg_063_seed_2_mrhof,2,12,16,5,50.0,16,5,MRHOF,855,15,99.9341754385965,0.22884803074505683,95.83,100.0,99.953216374269,0.6827831313201941,90.0,100.0,157.10994152046783,82.13799767570772,39,335,-70.13333333333334,8.346478313288312,-94,-60,1.0548187134502924,0.08218579297804152,1.0,1.67,3.7333333333333334,1.3896573466087272,2,6,2.7333333333333334,1.3896573466087272,1,5,4.8,1.3767898718715412,3,7,281339.2374269006,265815.69108651555,47008,997576,59718660.7625731,265815.87461591803,59002424,59952992,0.468898727629748,0.4430261510503045,0.07834666666666666,1.6626266666666667,99.53110127237025,0.44302615105030557,98.33737333333333,99.92165333333334,90.0,0.0006798778785510422,89.990364,90.009636,0.0,0.0,0.0,0.0,14.685908193684211,13.875579074716107,2.4538176,52.073467199999996,3368.1324670091235,14.99201532833777,3327.7367136000003,3381.3487488,3472.8183752028076,1.116722559463873,3469.8101808,3473.8025664
run_0623_cfg_063_seed_3_mrhof,3,12,16,5,50.0,16,5,MRHOF,855,15,99.89681871345029,0.22061322588172058,98.19,100.0,99.91064327485381,0.9210097466337789,90.0,100.0,156.5637426900585,82.56135519958919,33,371,-72.86666666666666,10.448759773114368,-94,-59,1.057672514619883,0.08538703936730004,1.0,1.76,3.734502923976608,1.3911446956019744,2,6,2.734502923976608,1.3911446956019744,1,5,4.8,1.3767898718715428,3,7,278447.4292397661,245790.31948522315,50504,860152,59721552.570760235,245794.4647773746,59139848,59949496,0.46407907473347865,0.40965063496331205,0.08417333333333334,1.4335866666666668,99.53592092526652,0.4096506349633118,98.56641333333333,99.91582666666666,90.0,0.000611802144625783,89.99151599999999,90.008484,0.0,0.0,0.0,0.0,14.53495580631579,12.830254677128655,2.6363087999999997,44.8999344,3368.295564990877,13.86280781344393,3335.4874272,3381.1515744000003,3472.8305207971935,1.0328097631651223,3470.3175168000002,3473.7878832
run_0624_cfg_063_seed_4_mrhof,4,12,16,5,50.0,16,5,MRHOF,855,15,99.91547368421053,0.2795927599672563,94.44,100.0,99.9425730994152,0.7496996581936342,90.0,100.0,158.23391812865498,82.44569013873503,41,372,-72.89941520467836,11.909462796753791,-94,-52,1.0700818713450293,0.10329293890844653,1.0,2.01,3.7391812865497074,1.3979063581178313,2,7,2.7333333333333334,1.3896573466087259,1,5,4.8,1.3767898718715423,3,7,282488.3274853801,246499.17755982975,47104,1266712,59717511.67251462,246492.40211664184,58733288,59952896,0.47081383089598805,0.4108316057776088,0.07850666666666667,2.1111866666666668,99.52918616910401,0.410831605777609,97.88881333333333,99.92149333333333,90.0,0.0005611916728504474,89.992332,90.007668,0.0,0.0,0.0,0.0,14.745890694736842,12.867257068623113,2.4588288,66.12236639999999,3368.067658329825,13.902171479378595,3312.5574432000003,3381.3433344000005,3472.813549024562,1.0351144201662228,3468.6798096,3474.0095112
run_0625_cfg_063_seed_5_mrhof,5,12,16,5,50.0,16,5,MRHOF,855,15,99.83095906432749,0.3261696904075813,96.96,100.0,99.85913450292398,1.1833955429871208,88.88,100.0,158.25380116959064,82.67165043644337,37,362,-70.8,9.164691434339243,-94,-59,1.064701754385965,0.09119361334004991,1.0,1.52,3.7485380116959064,1.4170820005868199,2,7,2.745029239766082,1.4127291732468144,1,6,4.8,1.3767898718715421,3,7,282828.3976608187,279102.67710931046,51048,990776,59717171.60233918,279101.13431083254,59009224,59948952,0.47138064660289775,0.46517108314956657,0.08508,1.6512933333333333,99.5286193533971,0.4651710831495672,98.34870666666666,99.91492,90.0,0.0008312811477499351,89.9919,90.00810000000001,0.0,0.0,0.0,0.0,14.763642357894735,14.56915974510602,2.6647056,51.71850719999999,3368.04847837193,15.741303975130965,3328.1202336000006,3381.1208928,3472.812120729825,1.1725491809259487,3469.838740800001,3473.8356696000005
run_0626_cfg_063_seed_6_mrhof,6,12,16,5,50.0,16,5,MRHOF,855,15,99.97211695906434,0.11639626003036518,98.59,100.0,99.97529824561404,0.5111550713473667,88.88,100.0,159.0701754385965,84.01775621878656,38,377,-70.93333333333334,11.078768436530193,-94,-52,1.0604093567251462,0.09255011127686927,1.0,1.55,3.7333333333333334,1.389657346608726,2,6,2.7333333333333334,1.389657346608726,1,5,4.8,1.376789871871541,3,7,279804.2385964912,258333.13511506547,47968,857872,59720195.76140351,258333.94665549346,59142128,59952032,0.46634039931713706,0.4305552452581533,0.07994666666666667,1.4297866666666668,99.53365960068287,0.4305552452581532,98.57021333333333,99.92005333333334,90.0,0.0008285488456900136,89.990964,90.009036,0.0,0.0,0.0,0.0,14.605781254736842,13.48498965300642,2.5039295999999998,44.7809184,3368.2190409431582,14.570034591369827,3335.6160192,3381.2946048000003,3472.8248221978947,1.0854832145659108,3470.3146488000007,3473.9649744000008
run_0627_cfg_063_seed_7_mrhof,7,12,16,5,50.0,16,5,MRHOF,855,15,99.88759064327485,0.2504820568469494,98.31,100.0,99.89316959064328,1.0381261889028208,88.88,100.0,158.53333333333333,83.87221796361311,33,370,-70.97777777777777,8.657453218291515,-94,-63,1.0602690058479531,0.09309056133500454,1.0,1.73,3.7461988304093565,1.4150103425606706,2,8,2.7415204678362572,1.4066902803941181,1,7,4.8,1.3767898718715426,3,7,279976.02807017544,267073.53065509885,51120,994016,59720021.73567251,267078.2569567471,59005984,59948880,0.4666267646559387,0.4451226565956681,0.0852,1.6566933333333331,99.53337323534407,0.4451226565956684,98.34330666666666,99.9148,89.99999664561403,0.00044910105842680347,89.99151599999999,90.008484,0.0,0.0,0.0,0.0,14.614748665263157,13.94123830019616,2.6684639999999997,51.8876352,3368.20922589193,15.063213692360526,3327.9374976000004,3381.1168320000006,3472.823971202807,1.122106649749288,3469.8251328000006,3473.7852960000005
run_0628_cfg_063_seed_8_mrhof,8,12,16,5,50.0,16,5,MRHOF,855,15,99.83002339181286,0.33482771887303386,95.45,100.0,99.88409356725145,1.0664808247449795,90.0,100.0,158.8842105263158,82.9420492428418,34,384,-70.6,10.306838183892578,-94,-52,1.0610643274853802,0.08700676615044489,1.0,1.57,3.7333333333333334,1.3896573466087274,2,6,2.7333333333333334,1.3896573466087274,1,5,4.8,1.3767898718715417,3,7,280667.134502924,252516.08865414723,46008,999368,59719332.865497075,252516.66208497604,59000632,59953992,0.4677785578397199,0.4208601520433552,0.07668,1.6656133333333334,99.53222144216028,0.42086015204335464,98.33438666666666,99.92332,90.0,0.0007775923930584159,89.99151599999999,90.008484,0.0,0.0,0.0,0.0,14.650824421052631,13.181339827746482,2.4016176,52.1670096,3368.1703736140353,14.241939741592656,3327.6356448000006,3381.4051488000005,3472.8211980350884,1.0609946062143292,3469.8026544000004,3473.8067664000005
run_0629_cfg_063_seed_9_mrhof,9,12,16,5,50.0,16,5,MRHOF,855,15,99.85334502923976,0.3090944566913942,95.23,100.0,99.91812865497076,0.9016437018920207,90.0,100.0,157.69005847953215,82.94468449270127,39,367,-70.33333333333333,11.40062449499493,-94,-52,1.0579181286549708,0.08256637574695953,1.0,1.52,3.736842105263158,1.3949513659793142,2,7,2.7333333333333334,1.3896573466087265,1,5,4.8,1.3767898718715417,3,7,279491.75204678363,253665.33601832035,46048,846512,59720508.247953214,253665.85059499767,59153488,59953952,0.46581958558022857,0.422775546708599,0.07674666666666667,1.4108533333333333,99.53418041441977,0.4227755467085992,98.58914666666666,99.92325333333334,90.0,0.0008890016504065747,89.99048400000001,90.00951599999999,0.0,0.0,0.0,0.0,14.589469456842105,13.24133054015631,2.4037056,44.1879264,3368.236665184562,14.306753973557875,3336.2567232000006,3381.4028928000007,3472.8261346414038,1.0659366159313184,3470.4446496000005,3473.806598400001
run_0630_cfg_063_seed_10_mrhof,10,12,16,5,50.0,16,5,MRHOF,855,15,99.83327485380117,0.2750465798519231,97.56,100.0,99.83494736842106,1.2805344009543875,88.88,100.0,159.42923976608188,84.37659162524032,34,376,-74.99649122807017,9.681641374868928,-94,-60,1.0658245614035087,0.09710079316377081,1.0,1.71,3.7333333333333334,1.3896573466087259,2,6,2.7333333333333334,1.3896573466087259,1,5,4.8,1.3767898718715428,3,7,279129.1415204678,318088.828235998,47104,1365072,59720870.85847953,318088.4390752334,58636352,59952896,0.4652152307112834,0.5301480412161804,0.07850666666666667,2.2750660051001454,99.53478476928872,0.5301480412161808,97.72493399489986,99.92149333333333,90.0,0.000534413885864478,89.99151599999999,90.008484,0.0,0.0,0.0,0.0,14.57054118736842,16.604236833919092,2.4588288,71.2567584,3368.257116418246,17.940187963843126,3307.0902528000006,3381.3433344000005,3472.8276576056146,1.3360982463195294,3468.3491472000005,3473.8021632000005
run_0631_cfg_064_seed_1_mrhof,1,12,16,5,50.0,16,10,MRHOF,855,15,99.90830409356725,0.5122147814738227,91.66,100.0,99.98050292397662,0.5701019709753175,83.33,100.0,149.96608187134504,79.5563372209112,30,351,-71.53333333333333,10.75100343881686,-94,-52,1.0281169590643275,0.06436201317668983,1.0,1.55,3.7356725146198833,1.3943101121632415,2,7,2.7356725146198833,1.3943101121632415,1,6,4.8,1.3767898718715414,3,7,152125.8947368421,163865.0621488101,25560,636784,59847874.10526316,163862.60906644867,59363216,59974440,0.2535431443907157,0.2731083686359407,0.0426,1.0613066666666666,99.74645685560928,0.2731083686359401,98.93869333333333,99.95739999999999,90.0,0.0006200914339176111,89.990448,90.00955200000001,0.0,0.0,0.0,0.0,7.940971705263157,8.553756244167891,1.3342319999999999,33.2401248,3375.4200995368424,9.241851151347722,3348.0853824000005,3382.5584160000008,3473.3610712421055,0.6884772110158395,3471.3255072000006,3474.2168688
run_0632_cfg_064_seed_2_mrhof,2,12,16,5,50.0,16,10,MRHOF,855,15,99.99204678362572,0.05754662226219935,99.26,100.0,99.9766081871345,0.6839855680567694,80.0,100.0,151.12748538011695,80.06540874138196,31,371,-72.13216374269005,10.20401178723119,-94,-59,1.0410409356725148,0.09108488440867533,1.0,2.53,3.745029239766082,1.4060826269977782,2,7,2.743859649122807,1.4062861811771812,1,6,4.8,1.3767898718715412,3,7,154155.22807017545,137248.88228243665,25560,508392,59845844.77192982,137246.74474563007,59491608,59974440,0.2569253704825333,0.22874808611166095,0.0426,0.8473200000000001,99.74307462951747,0.22874808611165875,99.15268,99.95739999999999,90.0,0.0004956205392935323,89.990964,90.009036,0.0,0.0,0.0,0.0,8.046902905263158,7.164391655143191,1.3342319999999999,26.538062399999998,3375.3056451368425,7.7407164036535505,3355.3266912000004,3382.5584160000008,3473.352548042106,0.576615947072487,3471.8647536000003,3473.892648000001
run_0633_cfg_064_seed_3_mrhof,3,12,16,5,50.0,16,10,MRHOF,855,15,99.97898245614034,0.18901016272207646,97.29,100.0,100.0,0.0,100.0,100.0,150.78011695906432,80.51035005530932,34,349,-71.66666666666667,11.383047504592215,-94,-52,1.038140350877193,0.08301225296746209,1.0,1.75,3.743859649122807,1.4071185961903165,2,7,2.7391812865497074,1.4012529634456041,1,6,4.8,1.3767898718715428,3,7,152260.47251461988,179655.5392774961,25560,786088,59847739.52748538,179654.1246399362,59213912,59974440,0.25376744339426455,0.29942587010737587,0.0426,1.3101466666666668,99.74623255660573,0.29942587010737476,98.68985333333333,99.95739999999999,90.0,0.0007819293738355477,89.990364,90.009636,0.0,0.0,0.0,0.0,7.947996665263157,9.378019150285297,1.3342319999999999,41.0337936,3375.4125093501757,10.132492629692418,3339.6646368,3382.5584160000008,3473.3605060154387,0.7550310742889529,3470.6984304000002,3474.0964656000006
run_0634_cfg_064_seed_4_mrhof,4,12,16,5,50.0,16,10,MRHOF,855,15,99.98226900584795,0.1792561984813224,96.29,100.0,99.9766081871345,0.6839855680567692,80.0,100.0,149.8654970760234,77.95637352708148,32,383,-70.25730994152046,10.5439523834842,-94,-52,1.033953216374269,0.06946464847088617,1.0,1.69,3.7356725146198833,1.3943101121632422,2,7,2.7333333333333334,1.3896573466087259,1,5,4.8,1.3767898718715423,3,7,152826.62923976607,121745.94099751094,25560,556008,59847170.685380116,121740.55017734582,59443992,59974440,0.2547110394248578,0.20290988696217763,0.0426,0.9266800000000001,99.74528896057514,0.20290988696217674,99.07332,99.95739999999999,89.99999597192982,0.0006390831541355147,89.99301600000001,90.006984,0.0,0.0,0.0,0.0,7.9775500463157885,6.355138120070069,1.3342319999999999,29.023617599999994,3375.380426655439,6.86616703000232,3352.6411488000003,3382.5584160000008,3473.3579726736843,0.5115726628610128,3471.6452064000005,3473.892648000001
run_0635_cfg_064_seed_5_mrhof,5,12,16,5,50.0,16,10,MRHOF,855,15,99.95947368421054,0.17649284027213105,97.77,100.0,99.95711111111112,0.889909715998289,80.0,100.0,149.22573099415206,77.467432410099,31,376,-71.46666666666667,9.857105522109656,-94,-59,1.0361169590643275,0.07664441072680978,1.0,1.85,3.743859649122807,1.406286181177182,2,7,2.7415204678362572,1.4016868490169407,1,6,4.8,1.3767898718715423,3,7,153163.27485380118,146491.6009876444,26656,558320,59846836.7251462,146491.60098764446,59441680,59973344,0.25527212475633526,0.24415266831274052,0.04442666666666666,0.9305333333333334,99.74472787524365,0.2441526683127396,99.06946666666666,99.95557333333333,90.0,0.0,90.0,90.0,0.0,0.0,0.0,0.0,7.99512294736842,7.646861571555031,1.3914431999999999,29.144303999999998,3375.361591298246,8.262126295703162,3352.510752,3382.4966016000003,3473.3567142456145,0.6152647241481005,3471.655056,3473.8880448000004
run_0636_cfg_064_seed_6_mrhof,6,12,16,5,50.0,16,10,MRHOF,855,15,99.97948538011697,0.2599220148925913,94.44,100.0,99.98050292397662,0.5701019709753176,83.33,100.0,149.30526315789473,79.33211639201544,29,382,-72.06666666666666,11.180716923048763,-94,-52,1.0284327485380118,0.06324462638854667,1.0,1.53,3.742690058479532,1.4056559441527519,2,7,2.7333333333333334,1.389657346608726,1,5,4.8,1.376789871871541,3,7,151965.8947368421,189403.46232788917,24928,758104,59848034.10526316,189402.31880842324,59241896,59975072,0.2532764847919605,0.3156724076713007,0.04154666666666667,1.2635066666666668,99.74672351520803,0.3156724076713,98.73649333333333,99.95845333333332,90.0,0.0002653893609026533,89.99451599999999,90.005484,0.0,0.0,0.0,0.0,7.932619705263158,9.886860733515823,1.3012415999999998,39.5730288,3375.429123536843,10.682290780795064,3341.2429344,3382.5940608,3473.3617432421056,0.7954895066445903,3470.8159632,3473.8953024
run_0637_cfg_064_seed_7_mrhof,7,12,16,5,50.0,16,10,MRHOF,855,15,99.99265497076024,0.08217814384594793,98.36,100.0,100.0,0.0,100.0,100.0,149.51111111111112,79.24455702349937,34,336,-71.2,8.616660513649949,-94,-63,1.0335204678362573,0.06800695128932384,1.0,1.65,3.7391812865497074,1.4004170618749203,2,7,2.736842105263158,1.3957905408127185,1,6,4.8,1.3767898718715426,3,7,152436.95906432747,131602.59559023194,25560,493832,59847563.04093567,131600.79183647697,59506168,59974440,0.2540615914511054,0.2193376299913959,0.0426,0.8230533333333333,99.7459384085489,0.21933762999139492,99.17694666666667,99.95739999999999,90.0,0.0002572599265122072,89.9949,90.0051,0.0,0.0,0.0,0.0,7.957209263157894,6.869655489810106,1.3342319999999999,25.7780304,3375.4025555087724,7.422284659577312,3356.1478752000003,3382.5584160000008,3473.3597647719303,0.552709195921202,3471.9259056,3473.892648000001
run_0638_cfg_064_seed_8_mrhof,8,12,16,5,50.0,16,10,MRHOF,855,15,99.97285380116958,0.14717176285280445,97.29,100.0,99.98050292397662,0.5701019709753171,83.33,100.0,150.21988304093568,79.89446099037028,30,359,-72.46666666666667,10.929559429402588,-94,-52,1.0350643274853801,0.07249946670229682,1.0,1.63,3.7356725146198833,1.3934700457871219,2,7,2.7333333333333334,1.3896573466087274,1,5,4.8,1.376789871871542,3,7,152603.40584795323,172830.5575798201,26656,709992,59847396.59415205,172832.56957894954,59290008,59973344,0.25433901802663533,0.2880509760650697,0.04442666666666666,1.18332,99.74566098197337,0.28805097606507,98.81668,99.95557333333333,90.0,0.00047519598323395783,89.99151599999999,90.008484,0.0,0.0,0.0,0.0,7.965897785263158,9.021755105666603,1.3914431999999999,37.06158239999999,3375.393167910176,9.747756924252762,3343.9564512000006,3382.4966016000003,3473.359065695439,0.7262197010341487,3470.9912712000005,3473.8880448000004
run_0639_cfg_064_seed_9_mrhof,9,12,16,5,50.0,16,10,MRHOF,855,15,99.9768538011696,0.2086261425604577,95.65,100.0,100.0,0.0,100.0,100.0,149.72280701754386,79.23639744862217,30,324,-71.0,9.985821329998874,-94,-59,1.0301286549707602,0.06043253392713138,1.0,1.4,3.7333333333333334,1.3896573466087265,2,6,2.7333333333333334,1.3896573466087265,1,5,4.8,1.3767898718715417,3,7,153211.3403508772,136544.02088242455,25560,502376,59846788.659649126,136543.4308446375,59497624,59974440,0.25535222999990353,0.22757335990716487,0.0426,0.8372933333333334,99.7446477700001,0.22757335990716415,99.16270666666667,99.95739999999999,90.0,0.0005233775733720891,89.99194800000001,90.00805199999999,0.0,0.0,0.0,0.0,7.997631966315788,7.127597890062563,1.3342319999999999,26.2240272,3375.358880404211,7.701049499637583,3355.6659936000005,3382.5584160000008,3473.3565123705266,0.573780674632501,3471.8900208000005,3474.1589688000004
run_0640_cfg_064_seed_10_mrhof,10,12,16,5,50.0,16,10,MRHOF,855,15,99.98865497076024,0.12466514031143135,97.87,100.0,100.0,0.0,100.0,100.0,148.16959064327486,77.98054469247322,35,336,-74.6,10.156803421239621,-94,-60,1.0278245614035086,0.056306638767850165,1.0,1.46,3.743859649122807,1.4104433435070824,2,7,2.743859649122807,1.4104433435070824,1,6,4.8,1.3767898718715428,3,7,151587.38713450293,174452.85234400394,25560,793776,59848412.6128655,174452.81511058548,59206224,59974440,0.25264564487291213,0.2907547540519084,0.0426,1.32296,99.74735435512709,0.29075475405190776,98.67704,99.95739999999999,90.0,0.00016666684152995484,89.996556,90.003444,0.0,0.0,0.0,0.0,7.912861608421052,9.106438892357012,1.3342319999999999,41.435107200000004,3375.4504713656142,9.839138772237016,3339.2310336000005,3382.5584160000008,3473.3633329740355,0.7327260182122597,3470.6661408000004,3473.9560344
run_0641_cfg_065_seed_1_of0,1,12,16,5,60.0,12,20,OF0,627,11,99.79822966507177,0.9872912364182899,85.71,100.0,99.94682615629985,1.3314713474060615,66.66,100.0,93.80223285486443,39.39314979279329,16,213,-68.16267942583733,15.097838889559224,-93,-51,1.0142105263157895,0.0435648723156891,1.0,1.46,2.827751196172249,0.7297830317711059,2,5,1.8229665071770336,0.7253392753544002,1,4,5.818181818181818,2.3302678229409053,1,9,49566.06060606061,34176.95879874547,10224,172680,59950433.93939394,34177.56291844469,59827320,59989776,0.08261010142101757,0.056961598553630303,0.01704,0.2878,99.91738989857899,0.0569615985536298,99.7122,99.98295999999999,90.0,0.0001621089445531781,89.99713200000001,90.002868,0.0,0.0,0.0,0.0,2.5873483636363637,1.7840372492945133,0.5336928,9.013895999999999,3381.2044741818186,1.927614548600229,3374.2608480000004,3383.4233664000003,3473.7918225454546,0.14370460955863942,3473.2747440000003,3473.9570592000005
run_0642_cfg_065_seed_2_of0,2,12,16,5,60.0,12,20,OF0,627,11,99.97457735247208,0.2996285319957884,93.75,100.0,99.94682615629985,1.3314713474060635,66.66,100.0,93.59808612440192,40.15761116339464,22,219,-67.28548644338117,14.026555025707232,-93,-51,1.0142105263157895,0.03964064237619408,1.0,1.36,2.8293460925039873,0.7312513148432253,2,5,1.8261562998405103,0.728308290455814,1,4,5.818181818181818,2.3302678229409066,1,9,49580.606060606064,28203.16777195991,10736,139744,59950419.39393939,28203.167771959856,59860256,59989264,0.08263434343434344,0.04700527961993317,0.017893333333333334,0.23290666666666665,99.91736565656565,0.04700527961993356,99.76709333333334,99.98210666666667,90.0,0.0,90.0,90.0,0.0,0.0,0.0,0.0,2.588107636363636,1.4722053576963072,0.5604192,7.294636799999999,3381.203653818182,1.5906586623385246,3376.1184384000003,3383.3944896000003,3473.791761454546,0.11845330464222482,3473.4130752,3473.9549088000003
run_0643_cfg_065_seed_3_of0,3,12,16,5,60.0,12,20,OF0,627,11,99.99728867623605,0.06789146042562241,98.3,100.0,100.0,0.0,100.0,100.0,93.7177033492823,40.677588272760396,26,244,-69.56140350877193,13.800865021559712,-93,-51,1.0109409888357257,0.03775540958610113,1.0,1.34,2.819776714513557,0.7201290804820767,2,5,1.8181818181818181,0.7163904098224004,1,3,5.818181818181818,2.330267822940906,1,9,49404.4019138756,46698.765596747115,10736,203760,59950595.598086126,46698.7655967473,59796240,59989264,0.08234066985645933,0.07783127599457848,0.017893333333333334,0.3396,99.91765933014354,0.07783127599457813,99.66040000000001,99.98210666666667,90.0,0.0,90.0,90.0,0.0,0.0,0.0,0.0,2.578909779904306,2.437675564150199,0.5604192,10.636271999999998,3381.213591732058,2.633810379656514,3372.5079360000004,3383.3944896000003,3473.792501511962,0.1961348155063157,3473.1442080000006,3473.9549088000003
run_0644_cfg_065_seed_4_of0,4,12,16,5,60.0,12,20,OF0,627,11,99.99566188197767,0.06559631017757485,98.7,100.0,100.0,0.0,100.0,100.0,94.05263157894737,39.42468176410698,24,216,-70.52153110047847,15.231780051280312,-93,-51,1.0112918660287082,0.04239351607614463,1.0,1.46,2.8293460925039873,0.7334325965205395,2,5,1.8261562998405103,0.7283082904558137,1,4,5.818181818181818,2.3302678229409053,1,9,49455.60446570973,36107.20290920315,10736,148088,59950544.39553429,36107.02500191136,59851912,59989264,0.08242600706723871,0.06017867153945756,0.017893333333333334,0.2468133333333333,99.91757399293276,0.060178671539456476,99.75318666666666,99.98210666666667,90.0,0.0001790659471207536,89.99683200000001,90.00316799999999,0.0,0.0,0.0,0.0,2.5815825531100476,1.8847959918604054,0.5604192,7.730193599999999,3381.2107039081347,2.036436210107799,3375.6478368000003,3383.3944896000003,3473.7922864612447,0.15178598158611997,3473.3780304,3474.0148656000006
run_0645_cfg_065_seed_5_of0,5,12,16,5,60.0,12,20,OF0,627,11,99.99282296650718,0.10651690943535053,98.0,100.0,100.0,0.0,100.0,100.0,94.23444976076556,40.26347998997133,24,202,-64.50558213716108,13.904094741445963,-93,-51,1.0096491228070175,0.036009468204175554,1.0,1.44,2.8293460925039873,0.7334325965205398,2,5,1.8277511961722488,0.7319686889751094,1,4,5.818181818181818,2.3302678229409066,1,9,49623.06858054226,27865.309237721012,10736,129912,59950376.931419455,27865.30923772108,59870088,59989264,0.08270511430090378,0.04644218206286833,0.017893333333333334,0.21652,99.91729488569909,0.046442182062867834,99.78348,99.98210666666667,90.0,0.0,90.0,90.0,0.0,0.0,0.0,0.0,2.590324179904306,1.454569142209036,0.5604192,6.7814064,3381.2012589320575,1.5716034410074646,3376.6729632,3383.3944896000003,3473.791583111962,0.11703429879842513,3473.4543696,3473.9549088000003
run_0646_cfg_065_seed_6_of0,6,12,16,5,60.0,12,20,OF0,627,11,99.97775119617225,0.29358620220570086,93.75,100.0,100.0,0.0,100.0,100.0,94.32535885167464,41.272522688397785,21,211,-65.72727272727273,14.820241513704923,-93,-51,1.0126794258373206,0.03919514877952015,1.0,1.33,2.819776714513557,0.7179073786896525,2,4,1.8181818181818181,0.7163904098224004,1,3,5.818181818181818,2.3302678229409057,1,9,49744.30622009569,43554.592551213755,10736,184608,59950255.6937799,43550.48402509252,59815392,59989264,0.08290717020770691,0.07259096698363267,0.017893333333333334,0.30768,99.91709282979228,0.07259096698363195,99.69232,99.98210666666667,90.0,0.0005506573475191221,89.99194800000001,90.00805199999999,0.0,0.0,0.0,0.0,2.596652784688995,2.2735497311733592,0.5604192,9.636537599999999,3381.1944211291866,2.4562472990151716,3373.5881088000006,3383.3944896000003,3473.791073913876,0.1838344785571658,3473.2246464000004,3473.9602248
run_0647_cfg_065_seed_7_of0,7,12,16,5,60.0,12,20,OF0,627,11,99.99473684210525,0.06579607836361526,99.14,100.0,100.0,0.0,100.0,100.0,96.06060606060606,39.86970987011709,29,218,-68.92025518341308,14.960224834250546,-93,-51,1.0156299840510365,0.04502796710451446,1.0,1.39,2.821371610845295,0.721634659735843,2,5,1.8181818181818181,0.7163904098224005,1,3,5.818181818181818,2.330267822940906,1,9,49507.84051036683,62267.26262521211,10224,281960,59950492.15948963,62268.23337765826,59718040,59989776,0.08251306716954902,0.10377877104099537,0.01704,0.4699333333333333,99.91748693283046,0.1037787710409965,99.53006666666666,99.98295999999999,90.0,0.000573312018821889,89.99194800000001,90.00805199999999,0.0,0.0,0.0,0.0,2.5843092746411482,3.250351109036075,0.5336928,14.718312,3381.2077577952155,3.5119283624999356,3368.0974560000004,3383.4233664000003,3473.792067069857,0.26244546846704225,3472.8157680000004,3474.2167272000006
run_0648_cfg_065_seed_8_of0,8,12,16,5,60.0,12,20,OF0,627,11,99.99548644338118,0.06744689823187049,98.7,100.0,100.0,0.0,100.0,100.0,93.92663476874003,40.08992737180123,29,204,-71.36204146730462,14.870517639520394,-93,-54,1.014896331738437,0.042892023237996964,1.0,1.35,2.821371610845295,0.7194176074806287,2,4,1.8181818181818181,0.7163904098224008,1,3,5.818181818181818,2.330267822940906,1,9,49359.783094098886,63708.71193918211,10224,293456,59950640.2169059,63708.711939181616,59706544,59989776,0.08226630515683148,0.10618118656530352,0.01704,0.4890933333333333,99.91773369484316,0.106181186565304,99.51090666666667,99.98295999999999,90.0,0.0,90.0,90.0,0.0,0.0,0.0,0.0,2.5765806775119615,3.3255947632253053,0.5336928,15.318403199999999,3381.2161082334933,3.593171353369887,3367.4490816,3383.4233664000003,3473.7926889110054,0.26757659014457275,3472.7674848,3473.9570592000005
run_0649_cfg_065_seed_9_of0,9,12,16,5,60.0,12,20,OF0,627,11,99.98955342902711,0.20443983687423062,95.0,100.0,100.0,0.0,100.0,100.0,93.40988835725678,39.989169034669416,25,224,-68.01116427432217,15.213650013240315,-93,-51,1.0098883572567783,0.0366158755223513,1.0,1.31,2.8181818181818183,0.7163904098224003,2,4,1.8181818181818181,0.7163904098224003,1,3,5.818181818181818,2.3302678229409057,1,9,49346.47527910686,44665.136843799606,10736,223112,59950653.52472089,44665.83822858304,59776888,59989264,0.08224412620883807,0.07444189554705492,0.017893333333333334,0.3718533333333333,99.91775587379117,0.07444189554705498,99.62814666666667,99.98210666666667,90.0,0.00014262925867856825,89.997516,90.002484,0.0,0.0,0.0,0.0,2.575886009569378,2.3315201432463404,0.5604192,11.6464464,3381.2168587942583,2.5191532760920468,3371.4164832000006,3383.3944896000003,3473.7927448038286,0.18770907690534056,3473.0629296000006,3473.9549088000003
run_0650_cfg_065_seed_10_of0,10,12,16,5,60.0,12,20,OF0,627,11,99.80527910685807,0.952813075811929,85.71,100.0,99.94682615629985,1.3314713474060609,66.66,100.0,93.77671451355661,40.413294953475926,24,210,-71.45454545454545,14.864857378962382,-93,-54,1.011371610845295,0.03903018440905513,1.0,1.32,2.8181818181818183,0.7163904098224002,2,4,1.8181818181818181,0.7163904098224003,1,3,5.818181818181818,2.330267822940905,1,9,49396.42743221691,63932.22430858983,10736,316256,59950603.57256778,63932.353728261514,59683744,59989264,0.08232737808989779,0.10655370297341604,0.017893333333333334,0.5270933333333333,99.9176726219101,0.10655370297341633,99.47290666666667,99.98210666666667,90.0,0.00044128154929780144,89.9949,90.0051,0.0,0.0,0.0,0.0,2.5784935119617223,3.3372621089083916,0.5604192,16.5085632,3381.214041492823,3.605784750273955,3366.1631616000004,3383.3944896000003,3473.7925350047853,0.2690234298373503,3472.6717248000004,3474.0106968000005
run_0651_cfg_066_seed_1_mrhof,1,12,16,10,50.0,16,20,MRHOF,855,15,99.86381286549707,0.501783435351883,94.44,100.0,99.92201169590643,1.6115475201492242,66.66,100.0,148.69590643274853,82.01191533690564,22,471,-72.86666666666666,10.544141630148351,-94,-60,1.035391812865497,0.08691326359979135,1.0,1.85,3.745029239766082,1.4069151624457243,2,7,2.734502923976608,1.3919861653321914,1,6,4.8,1.3767898718715414,3,7,84850.57309941521,65944.64677060052,11832,259440,59915149.42690059,65940.21896929039,59740560,59988168,0.1414176112264994,0.10990771154127563,0.019719999999999998,0.43239999999999995,99.8585823887735,0.10990771154127325,99.5676,99.98028,90.0,0.0006390266016827997,89.991348,90.00865200000001,0.0,0.0,0.0,0.0,4.429199915789473,3.4423105614253484,0.6176304,13.542767999999999,3379.2144276771933,3.719028349868059,3369.3675840000005,3383.3326752000007,3473.6436275929827,0.2777288162524327,3472.8387336,3473.9817864
run_0652_cfg_066_seed_2_mrhof,2,12,16,10,50.0,16,20,MRHOF,855,15,99.8720701754386,0.6134007364306953,92.85,100.0,99.96100584795322,1.1402039419506333,66.66,100.0,147.0374269005848,79.28719919319062,25,395,-69.66666666666667,8.750911628656338,-94,-59,1.0268070175438595,0.07354826959258845,1.0,1.87,3.7380116959064327,1.398943487216373,2,7,2.7333333333333334,1.3896573466087272,1,5,4.8,1.3767898718715412,3,7,83934.35321637426,74132.6776059788,10736,299472,59916065.64678363,74131.82737539665,59700528,59989264,0.13989058600601273,0.12355444686607299,0.017893333333333334,0.49912,99.86010941399398,0.12355444686607346,99.50088000000001,99.98210666666667,90.0,0.00039198647398160726,89.9919,90.00810000000001,0.0,0.0,0.0,0.0,4.381373237894737,3.869725771032094,0.5604192,15.6324384,3379.266102478597,4.181035063972405,3367.1097792,3383.3944896000003,3473.647475716492,0.31164885708996387,3472.6295448000005,3473.9549088000003
run_0653_cfg_066_seed_3_mrhof,3,12,16,10,50.0,16,20,MRHOF,855,15,99.83422222222221,0.9171565733655643,83.33,100.0,99.96100584795322,1.1402039419506333,66.66,100.0,144.2409356725146,77.49784591137583,20,336,-72.13333333333334,11.242629643970108,-94,-52,1.021169590643275,0.0541101142172614,1.0,1.51,3.734502923976608,1.3919861653321908,2,7,2.7333333333333334,1.389657346608726,1,5,4.8,1.3767898718715428,3,7,83185.17894736842,96535.64961276641,10736,476640,59916814.82105263,96535.64961276653,59523360,59989264,0.1386419649122807,0.16089274935461062,0.017893333333333334,0.7944,99.8613580350877,0.1608927493546102,99.2056,99.98210666666667,90.0,0.0,90.0,90.0,0.0,0.0,0.0,0.0,4.342266341052631,5.03916090978641,0.5604192,24.880608,3379.308355907369,5.444610638160036,3357.1175040000003,3383.3944896000003,3473.6506222484213,0.4054497283736313,3471.998112,3473.9549088000003
run_0654_cfg_066_seed_4_mrhof,4,12,16,10,50.0,16,20,MRHOF,855,15,99.98872514619883,0.12600095911198073,97.56,100.0,100.0,0.0,100.0,100.0,146.38011695906434,77.53741607932244,26,416,-72.13333333333334,11.43102725370478,-94,-52,1.0212982456140351,0.053204775931585575,1.0,1.62,3.7333333333333334,1.3896573466087259,2,6,2.7333333333333334,1.3896573466087259,1,5,4.8,1.3767898718715423,3,7,83873.01052631579,71662.97357812896,15008,293840,59916126.989473686,71662.44629930382,59706160,59984992,0.13978834969625983,0.11943828412994538,0.025013333333333335,0.48973333333333335,99.86021165030374,0.11943828412994476,99.51026666666667,99.97498666666667,90.0,0.00014710126512578194,89.997516,90.002484,0.0,0.0,0.0,0.0,4.378171149473684,3.740807220778332,0.7834176,15.338447999999998,3379.269562206316,4.041761971280719,3367.427424,3383.1535488000004,3473.6477333557896,0.30100363307657624,3472.765872,3473.9369664000005
run_0655_cfg_066_seed_5_mrhof,5,12,16,10,50.0,16,20,MRHOF,855,15,99.9809239766082,0.2050994219938234,96.96,100.0,100.0,0.0,100.0,100.0,147.2736842105263,79.09222937147078,26,373,-72.06666666666666,11.858612814839333,-94,-52,1.0271812865497076,0.06771536810775011,1.0,1.6,3.7333333333333334,1.389657346608726,2,6,2.7333333333333334,1.389657346608726,1,5,4.8,1.3767898718715426,3,7,83802.1052631579,83856.00301432954,10736,431640,59916197.89473684,83856.00301432938,59568360,59989264,0.1396701754385965,0.13976000502388278,0.017893333333333334,0.7194,99.8603298245614,0.13976000502388336,99.28059999999999,99.98210666666667,90.0,0.0,90.0,90.0,0.0,0.0,0.0,0.0,4.3744698947368414,4.377283357348006,0.5604192,22.531608,3379.2735612631586,4.729478570008185,3359.6555040000003,3383.3944896000003,3473.6480311578953,0.3521952126601834,3472.1871120000005,3473.9549088000003
run_0656_cfg_066_seed_6_mrhof,6,12,16,10,50.0,16,20,MRHOF,855,15,99.98364912280702,0.20470294561823163,95.23,100.0,100.0,0.0,100.0,100.0,146.1859649122807,78.37937996216881,22,372,-69.8,10.753072650576273,-94,-52,1.0265146198830408,0.06394169591804147,1.0,1.59,3.7333333333333334,1.389657346608726,2,6,2.7333333333333334,1.389657346608726,1,5,4.8,1.376789871871541,3,7,83687.22339181286,72696.21962883337,10736,291440,59916312.776608184,72695.86810130779,59708560,59989264,0.139478704344823,0.12116036679733122,0.017893333333333334,0.48573333333333335,99.86052129565518,0.12116036679733168,99.51426666666666,99.98210666666667,90.0,0.00031184701707808675,89.993556,90.00644399999999,0.0,0.0,0.0,0.0,4.368473061052631,3.7947426646250966,0.5604192,15.213167999999998,3379.280040600702,4.100046960913753,3367.5627840000006,3383.3944896000003,3473.648513661755,0.305523774562249,3472.775952000001,3474.1406472000003
run_0657_cfg_066_seed_7_mrhof,7,12,16,10,50.0,16,20,MRHOF,855,15,99.98449122807018,0.2386632211290346,93.75,100.0,100.0,0.0,100.0,100.0,148.2374269005848,81.28212067184506,23,428,-70.93333333333334,11.066712752553977,-94,-52,1.0306198830409357,0.06657013225300817,1.0,1.46,3.7380116959064327,1.3981062048536943,2,7,2.736842105263158,1.3966292114219032,1,6,4.8,1.3767898718715426,3,7,84778.80701754386,69733.81483328412,10736,325920,59915221.19298246,69732.48957838824,59674080,59989264,0.14129800749647758,0.1162230118064442,0.017893333333333334,0.5432,99.85870199250351,0.11622301180644522,99.4568,99.98210666666667,90.0,0.0005158176247599967,89.99194800000001,90.00805199999999,0.0,0.0,0.0,0.0,4.425453726315789,3.640105134297432,0.5604192,17.013023999999998,3379.218475284211,3.9329124122210954,3365.618112,3383.3944896000003,3473.643929010527,0.29343245597116996,3472.631136,3474.0801768000006
run_0658_cfg_066_seed_8_mrhof,8,12,16,10,50.0,16,20,MRHOF,855,15,99.75854970760234,0.9022081950470697,87.5,100.0,99.90252631578947,2.0541362120045092,50.0,100.0,148.77777777777777,82.64918225613991,26,560,-71.86666666666666,10.46152759968493,-94,-52,1.0277543859649123,0.06468341585713422,1.0,1.49,3.7391812865497074,1.4004170618749179,2,7,2.734502923976608,1.3919861653321912,1,6,4.8,1.376789871871542,3,7,83649.94619883041,92610.80865609701,10736,387648,59916350.05380117,92611.75490082125,59612352,59989264,0.13941657817199687,0.15435136343161054,0.017893333333333334,0.64608,99.86058342182801,0.15435136343161032,99.35392,99.98210666666667,90.0,0.0004527629464897687,89.99244,90.00756,0.0,0.0,0.0,0.0,4.366527191578947,4.834284211848264,0.5604192,20.235225599999996,3379.282143034386,5.223302976406311,3362.1366528000003,3383.3944896000003,3473.6486702259654,0.3893841011402024,3472.3064568000004,3474.0480480000006
run_0659_cfg_066_seed_9_mrhof,9,12,16,10,50.0,16,20,MRHOF,855,15,99.99629239766082,0.0569290912386288,98.76,100.0,100.0,0.0,100.0,100.0,146.3485380116959,79.65106966584914,22,393,-73.33333333333333,10.07675461676811,-94,-60,1.0207953216374268,0.05527088054028556,1.0,1.5,3.736842105263158,1.395790540812719,2,7,2.7333333333333334,1.3896573466087265,1,5,4.8,1.3767898718715417,3,7,83709.49239766081,69802.92258243078,10736,296280,59916290.50760234,69802.92258243091,59703720,59989264,0.13951582066276805,0.11633820430405138,0.017893333333333334,0.49379999999999996,99.86048417933723,0.11633820430405131,99.5062,99.98210666666667,90.0,0.0,90.0,90.0,0.0,0.0,0.0,0.0,4.369635503157895,3.6437125588028865,0.5604192,15.465815999999998,3379.2787846287724,3.9368848336490845,3367.289808,3383.3944896000003,3473.6484201319304,0.2931722748462157,3472.755624,3473.9549088000003
run_0660_cfg_066_seed_10_mrhof,10,12,16,10,50.0,16,20,MRHOF,855,15,99.83567251461989,0.9365042804680621,83.33,100.0,99.96100584795322,1.1402039419506331,66.66,100.0,147.18947368421053,78.3282538152192,23,344,-73.06666666666666,11.614071252315634,-94,-52,1.0262456140350877,0.060843489671653594,1.0,1.51,3.7333333333333334,1.3896573466087259,2,6,2.7333333333333334,1.3896573466087259,1,5,4.8,1.3767898718715428,3,7,83785.52514619884,94122.20987180066,10008,452984,59916214.4748538,94122.70352657269,59547016,59989992,0.13964254226397207,0.15687034962953042,0.01668,0.7549733333333334,99.86035745773601,0.1568703496295305,99.24502666666667,99.98331999999999,90.0,0.0003896635911721013,89.99194800000001,90.00805199999999,0.0,0.0,0.0,0.0,4.373604412631579,4.913179355308,0.5224175999999999,23.6457648,3379.274496381755,5.308520478898798,3358.4517024000006,3383.4355488000006,3473.648100794386,0.3956071412798079,3472.0974672000007,3474.2266056000003
run_0661_cfg_067_seed_1_of0,1,12,16,10,60.0,12,5,OF0,627,11,99.95636363636363,0.15476308334454691,98.61,100.0,99.98405103668262,0.3993615319154379,90.0,100.0,97.27751196172248,39.57828237774222,37,197,-70.23285486443382,14.71225626233932,-93,-51,1.0190749601275917,0.04406398696308665,1.0,1.35,2.821371610845295,0.7194176074806284,2,4,1.8181818181818181,0.7163904098224003,1,3,5.818181818181818,2.3302678229409053,1,9,156383.78309409888,137741.28717237175,48312,611064,59843616.2169059,137739.8875926036,59388936,59951688,0.26063963111961314,0.2295687909350699,0.08052,1.01844,99.73936036888038,0.22956879093506902,98.98156,99.91948000000001,90.0,0.0005760802659726781,89.99113200000001,90.008868,0.0,0.0,0.0,0.0,8.16323347751196,7.190095190397798,2.5218863999999996,31.897540799999998,3375.1799546334933,7.768529660222881,3349.5359904000006,3381.2752032,3473.343188111005,0.5788286477926919,3471.4335312000007,3473.872540800001
run_0662_cfg_067_seed_2_of0,2,12,16,10,60.0,12,5,OF0,627,11,99.98208931419457,0.0843729265361589,99.1,100.0,99.98226475279107,0.44409002348996396,88.88,100.0,97.3859649122807,39.72430140594622,38,197,-71.44178628389155,14.839537099951404,-93,-51,1.0174322169059011,0.042849127347083266,1.0,1.29,2.819776714513557,0.7201290804820765,2,5,1.8197767145135566,0.7201290804820765,1,4,5.818181818181818,2.3302678229409066,1,9,156432.71451355662,161466.49792607457,48312,721176,59843567.285486445,161466.13585386303,59278824,59951688,0.2607211874596795,0.2691108339043332,0.08052,1.20196,99.73927881254032,0.26911083390433316,98.79804,99.91948000000001,90.0,0.0005393137279211289,89.990964,90.009036,0.0,0.0,0.0,0.0,8.165787697607655,8.428551191741091,2.5218863999999996,37.645387199999995,3375.177194901436,9.106690062157874,3343.3256736000003,3381.2752032,3473.342982599043,0.6784346123265316,3470.9710608000005,3473.7970895999997
run_0663_cfg_067_seed_3_of0,3,12,16,10,60.0,12,5,OF0,627,11,99.96315789473684,0.185083296024054,96.0,100.0,99.93620414673046,0.796806892184832,90.0,100.0,97.40829346092504,39.533491218380185,35,191,-66.58851674641149,13.981950786512035,-93,-51,1.0196012759170654,0.04822736882518827,1.0,1.5,2.821371610845295,0.7194176074806283,2,4,1.8181818181818181,0.7163904098224004,1,3,5.818181818181818,2.330267822940906,1,9,157439.15789473685,105554.63115305941,53352,549488,59842560.84210526,105554.63115305937,59450512,59946648,0.2623985964912281,0.17592438525509893,0.08892,0.9158133333333334,99.73760140350878,0.1759243852550989,99.08418666666667,99.91108,90.0,0.0,90.0,90.0,0.0,0.0,0.0,0.0,8.218324042105262,5.509951746189699,2.7849744,28.683273599999996,3375.120431494737,5.953281197032563,3353.0088768000005,3380.9909472000004,3473.338755536842,0.44332945084286385,3471.6921504000006,3473.7759216000004
run_0664_cfg_067_seed_4_of0,4,12,16,10,60.0,12,5,OF0,627,11,99.97494417862839,0.09293641584534548,99.32,100.0,99.98405103668262,0.399361531915438,90.0,100.0,97.0622009569378,39.514032250187,33,192,-67.77671451355661,14.46593111383613,-93,-51,1.0148644338118022,0.034931779174332794,1.0,1.21,2.8181818181818183,0.7163904098224003,2,4,1.8181818181818181,0.7163904098224003,1,3,5.818181818181818,2.3302678229409053,1,9,156190.87719298244,155099.6231061102,48312,734936,59843809.12280702,155101.03163495124,59265720,59951688,0.2603181346137109,0.25849940700788765,0.08052,1.2248799413126417,99.73968186538629,0.25849940700788737,98.77512005868736,99.91948000000001,90.0,0.00012863202588330887,89.99794800000001,90.00205199999999,0.0,0.0,0.0,0.0,8.153163789473684,8.096200326138945,2.5218863999999996,38.363659199999994,3375.1908345263164,8.747698184211234,3342.5866080000005,3381.2752032,3473.34399831579,0.6515175137549887,3470.9185296000005,3473.7970895999997
run_0665_cfg_067_seed_5_of0,5,12,16,10,60.0,12,5,OF0,627,11,99.9266028708134,0.22920777616887675,97.36,100.0,99.92169059011165,0.8747112786774246,90.0,100.0,97.17862838915471,39.752549170183016,30,194,-68.55023923444976,14.413516878004325,-93,-51,1.01688995215311,0.03889930078748076,1.0,1.25,2.8181818181818183,0.7163904098224008,2,4,1.8181818181818181,0.716390409822401,1,3,5.818181818181818,2.3302678229409066,1,9,156765.15470494417,136837.87232192355,47104,651632,59843234.84529506,136838.3083778531,59348368,59952896,0.26127525804415735,0.22806312117694086,0.07850666666666667,1.0860533333333333,99.73872474195583,0.2280631211769406,98.91394666666666,99.92149333333333,90.0,0.0004887242308309154,89.99151599999999,90.008484,0.0,0.0,0.0,0.0,8.183141075598087,7.142936935204406,2.4588288,34.0151904,3375.1584452746415,7.717680592510916,3347.2479552000004,3381.3433344000005,3473.3415863502396,0.575031378988008,3471.2631456000004,3473.8021632000005
run_0666_cfg_067_seed_6_of0,6,12,16,10,60.0,12,5,OF0,627,11,99.95856459330143,0.147517844991746,97.87,100.0,99.96775119617224,0.5733879042990818,88.88,100.0,97.47527910685805,39.309258939598955,35,208,-68.70972886762361,14.91108742517226,-93,-51,1.0110685805422648,0.030652750869071228,1.0,1.32,2.8181818181818183,0.7163904098224003,2,4,1.8181818181818181,0.7163904098224004,1,3,5.818181818181818,2.3302678229409057,1,9,155583.75757575757,195962.8876229847,51048,920632,59844414.78787879,195962.0977836806,59079368,59948952,0.25930626334007256,0.3266048103454538,0.08508,1.5343866666666668,99.74069373665992,0.3266048103454541,98.46561333333334,99.91492,89.99999781818182,0.0004567135679864013,89.99340000000001,90.00659999999999,0.0,0.0,0.0,0.0,8.121472145454545,10.229262733919805,2.6647056,48.0569904,3375.224994036364,11.05226231499957,3332.0763552000003,3381.1208928,3473.3464640000007,0.8231734938649599,3470.1333456,3473.8817808000003
run_0667_cfg_067_seed_7_of0,7,12,16,10,60.0,12,5,OF0,627,11,99.96500797448165,0.10525395244357838,99.23,100.0,99.9390749601276,0.7618003137398757,90.0,100.0,97.5103668261563,39.322836056014914,37,195,-67.53429027113238,14.715188126426359,-93,-51,1.0144178628389153,0.03658467616707199,1.0,1.25,2.8181818181818183,0.7163904098224008,2,4,1.8181818181818181,0.7163904098224005,1,3,5.818181818181818,2.330267822940906,1,9,155850.25837320575,191378.23313368435,49408,869584,59844149.74162679,191377.3994523406,59130416,59950592,0.2597504250859664,0.3189637155105905,0.08234666666666667,1.4493066666666667,99.74024957491403,0.3189637155105906,98.55069333333333,99.91765333333333,90.0,0.00042595990451615767,89.99246400000001,90.007536,0.0,0.0,0.0,0.0,8.13538348708134,9.989943769578325,2.5790976,45.39228479999999,3375.2100454277515,10.79368532911204,3334.9554623999998,3381.2133888000003,3473.345428914833,0.8038962700619058,3470.3477472,3473.7924864
run_0668_cfg_067_seed_8_of0,8,12,16,10,60.0,12,5,OF0,627,11,99.92444976076554,0.18166379246936137,98.52,100.0,99.92025518341308,0.8901419271286769,90.0,100.0,97.57416267942584,40.338093948267364,37,195,-70.00637958532695,14.728749487729717,-93,-51,1.0155980861244018,0.03927967057261163,1.0,1.35,2.819776714513557,0.7156787800390156,2,4,1.8181818181818181,0.7163904098224008,1,3,5.818181818181818,2.330267822940906,1,9,155794.97288676235,204788.3689120372,49408,917856,59844205.02711324,204789.00872872432,59082144,59950592,0.2596582905098722,0.3413139507458779,0.08234666666666667,1.52976,99.74034170949014,0.3413139507458778,98.47024,99.91765333333333,90.0,0.00045512594893395205,89.99194800000001,90.00805199999999,0.0,0.0,0.0,0.0,8.132497584688995,10.689952857208336,2.5790976,47.9120832,3375.213163529187,11.550100092300074,3332.2329216000003,3381.2133888000003,3473.345661113876,0.8603145691459555,3470.1450048,3473.7924864
run_0669_cfg_067_seed_9_of0,9,12,16,10,60.0,12,5,OF0,627,11,99.93253588516745,0.15874139529186432,99.13,100.0,99.90574162679427,1.114269435114872,80.0,100.0,97.45135566188198,39.8393993650691,35,194,-68.43062200956938,13.832852735000282,-93,-51,1.0167942583732057,0.04263779502302099,1.0,1.39,2.821371610845295,0.7216346597358426,2,5,1.8181818181818181,0.7163904098224003,1,3,5.818181818181818,2.3302678229409053,1,9,156773.18022328548,119842.765686426,48312,538736,59843226.819776714,119843.87379906893,59461264,59951688,0.26128863601738206,0.19973794478801643,0.08052,0.8978933333333333,99.73871136398262,0.19973794478801637,99.10210666666667,99.91948000000001,90.0,0.00047225200398964904,89.992332,90.007668,0.0,0.0,0.0,0.0,8.183560007655501,6.255792368831443,2.5218863999999996,28.122019199999997,3375.157992635407,6.7591944822674845,3353.6152896000003,3381.2752032,3473.341552643062,0.5037097845536332,3471.7373088000004,3474.0601128000003
run_0670_cfg_067_seed_10_of0,10,12,16,10,60.0,12,5,OF0,627,11,99.94236044657097,0.1465727013180992,98.92,100.0,99.95215311004785,0.6906086047034682,90.0,100.0,97.17703349282297,39.3993105241707,35,191,-66.37639553429027,14.514131631586563,-93,-51,1.0144497607655503,0.035368556265514876,1.0,1.23,2.8181818181818183,0.7163904098224002,2,4,1.8181818181818181,0.7163904098224003,1,3,5.818181818181818,2.330267822940905,1,9,156188.79744816586,156616.83489630016,48200,655992,59843811.202551834,156617.0844084063,59344008,59951800,0.2603146594102322,0.26102803072636044,0.08033333333333333,1.09332,99.73968534058977,0.26102803072635994,98.90668000000001,99.91966666666666,90.0,0.0008182130299021805,89.9919,90.00810000000001,0.0,0.0,0.0,0.0,8.153055226794256,8.17539878158687,2.51604,34.242782399999996,3375.190951823924,8.833203560634123,3347.0020512000006,3381.2815200000005,3473.344007050718,0.658507972828835,3471.1662312000008,3474.0093432000003
run_0671_cfg_068_seed_1_of0,1,12,18,0,40.0,16,10,OF0,855,15,99.74794152046785,0.7577267687371902,90.0,100.0,99.82844444444446,1.7736002598847125,80.0,100.0,175.16725146198831,76.08233155287105,30,398,-77.15789473684211,10.786065486424194,-93,-51,1.0513567251461988,0.08526598553367323,1.0,1.69,4.166081871345029,1.3386771994559026,2,8,3.141520467836257,1.319940751363428,1,6,3.2,1.2761549390929887,1,5,176839.29824561405,200498.81357218444,25560,972024,59823160.701754384,200497.3812670969,59027976,59974440,0.2947321528867936,0.33416460456889907,0.0426,1.62004,99.7052678471132,0.3341646045688982,98.37996,99.95739999999999,90.0,0.0006945419598256155,89.985648,90.014352,0.0,0.0,0.0,0.0,9.231011368421052,10.466038068468025,1.3342319999999999,50.739652799999995,3374.026263578948,11.30805230346429,3329.1778464000004,3382.5584160000008,3473.257274947369,0.8424078291219164,3469.8738288000004,3473.892648000001
run_0672_cfg_068_seed_2_of0,2,12,18,0,40.0,16,10,OF0,855,15,99.90514619883041,0.3113364647639918,95.23,100.0,99.87522807017545,1.6951586699501517,66.66,100.0,175.0561403508772,80.12524815924009,35,443,-76.85029239766082,10.780264159456335,-93,-51,1.0490994152046784,0.11471176866761314,1.0,2.78,4.23859649122807,1.4866014853800862,2,10,3.2046783625730995,1.4336134095835715,1,7,3.2,1.2761549390929887,1,5,184466.51695906432,204840.66951106602,26840,1925648,59815533.48304094,204841.12794447286,58074352,59973160,0.3074441956609389,0.3414011161787982,0.04473333333333333,3.209413333333333,99.69255580433905,0.3414011161787986,96.79058666666667,99.95526666666666,90.0,0.0005538596107175094,89.992332,90.007668,0.0,0.0,0.0,0.0,9.629152185263155,10.69268294847765,1.4010479999999998,100.5188256,3373.596088443509,11.553039616068311,3275.3934528000004,3382.486224,3473.225240628772,0.8606036743004488,3465.9122784000006,3473.9405688000006
run_0673_cfg_068_seed_3_of0,3,12,18,0,40.0,16,10,OF0,855,15,99.82368421052631,0.5934881750949731,88.88,100.0,99.86548538011697,1.6207076885333918,75.0,100.0,174.64795321637428,76.16793225423277,30,375,-76.82456140350877,10.643008733762244,-93,-51,1.0476023391812865,0.07850912322857147,1.0,1.59,4.166081871345029,1.354330539819518,2,7,3.1497076023391815,1.339735645784707,1,6,3.2,1.2761549390929878,1,5,176275.67719298246,195692.32687056845,25560,981288,59823724.322807014,195689.269570124,59018712,59974440,0.29379277826894523,0.32615375603203256,0.0426,1.6354799999999998,99.70620722173106,0.32615375603203167,98.36452,99.95739999999999,90.0,0.00027439099267610766,89.9949,90.0051,0.0,0.0,0.0,0.0,9.201590349473683,10.21513946264368,1.3342319999999999,51.2232336,3374.058051806316,11.036874803754992,3328.6553568000004,3382.5584160000008,3473.2596421557896,0.8217940418595813,3469.8785904000006,3473.892648000001
run_0674_cfg_068_seed_4_of0,4,12,18,0,40.0,16,10,OF0,855,15,99.98552046783625,0.1490325687485455,96.87,100.0,100.0,0.0,100.0,100.0,175.37777777777777,77.5486021038702,33,378,-76.65497076023392,10.595125938217299,-93,-51,1.044421052631579,0.07479784168457355,1.0,1.5,4.156725146198831,1.335429142933275,2,7,3.1426900584795323,1.3264521064512713,1,6,3.2,1.2761549390929885,1,5,177141.3239766082,189719.33143281154,25560,916616,59822858.676023394,189719.05561217654,59083384,59974440,0.2952355382656377,0.3161988827554865,0.0426,1.5276933333333333,99.70476446173436,0.31619888275548585,98.47230666666667,99.95739999999999,90.0,0.00019984218598020055,89.996016,90.003984,0.0,0.0,0.0,0.0,9.246777111578947,9.903349100792756,1.3342319999999999,47.847355199999996,3374.00922932772,10.700154736526768,3332.3028576000006,3382.5584160000008,3473.2560064392987,0.7968398519007421,3470.1502128000006,3473.892648000001
run_0675_cfg_068_seed_5_of0,5,12,18,0,40.0,16,10,OF0,855,15,99.80690058479532,0.6713817819473585,91.66,100.0,99.89472514619884,1.379080451877627,80.0,100.0,175.53216374269005,77.6047065249327,36,372,-76.96257309941521,10.78536622090078,-93,-51,1.0536959064327485,0.08575959628862781,1.0,1.74,4.182456140350877,1.3582676156833473,2,7,3.16140350877193,1.3436145785100964,1,6,3.2,1.2761549390929878,1,5,177544.49590643274,183380.0057303799,26008,909992,59822455.504093565,183380.19126738294,59090008,59973992,0.2959074930110084,0.3056333275978244,0.043346666666666665,1.5166533333333332,99.704092506989,0.30563332759782336,98.48334666666668,99.95665333333334,90.0,0.00042848767331467194,89.99340000000001,90.00659999999999,0.0,0.0,0.0,0.0,9.267822686315789,9.572436299125838,1.3576176,47.5015824,3373.9864904308774,10.342642787480385,3332.6764512000004,3382.5331488,3473.2543131171933,0.7703714550787054,3470.1756432,3473.8907664000003
run_0676_cfg_068_seed_6_of0,6,12,18,0,40.0,16,10,OF0,855,15,99.85973099415206,0.5253053512905045,90.9,100.0,99.93761403508772,1.0560687410160656,80.0,100.0,174.9345029239766,78.89537681402714,32,388,-76.89473684210526,10.695734792829137,-93,-51,1.0518596491228072,0.08685867790426725,1.0,1.78,4.182456140350877,1.366004465287904,2,7,3.1555555555555554,1.3421255779079815,1,6,3.2,1.2761549390929883,1,5,177033.6,203880.43987232557,25472,999176,59822966.4,203879.64648886665,59000824,59974528,0.2950559944693408,0.33980071001118967,0.04245333333333333,1.6652933333333335,99.70494400553066,0.33980071001118917,98.33470666666668,99.95754666666666,90.0,0.00041375321022182134,89.993748,90.00625199999999,0.0,0.0,0.0,0.0,9.241153919999999,10.642558961335409,1.3296384,52.15698719999999,3374.015304960001,11.498812061972101,3327.6464736000003,3382.5633792000003,3473.25645888,0.8563900389400391,3469.8034608000003,3473.8930176000003
run_0677_cfg_068_seed_7_of0,7,12,18,0,40.0,16,10,OF0,853,15,99.94087924970692,0.27408884599003863,95.0,100.0,99.7870222743259,3.565483531427899,25.0,100.0,173.8780773739742,78.31069486112668,35,608,-77.01758499413833,10.683602471382725,-93,-51,1.0479132473622508,0.08385577253363188,1.0,1.71,4.17116060961313,1.3613591622989187,2,8,3.1547479484173504,1.3503491423012588,1,7,3.2028135990621336,1.2763252559108444,1,5,181855.57796014068,237553.94538443047,25560,2167928,59818144.42203986,237551.94106720673,57832072,59974440,0.30309261442794677,0.395923247324178,0.0426,3.613213333333333,99.69690738557205,0.3959232473241803,96.38678666666667,99.95739999999999,90.0,0.0006164390240911561,89.991864,90.00813600000001,0.0,0.0,0.0,0.0,9.492861169519344,12.40031594906727,1.3342319999999999,113.16584159999998,3373.743345403049,13.397929476190592,3261.7288608000003,3382.5584160000008,3473.236206572568,0.9978736637307792,3464.8947024000004,3473.892648000001
run_0678_cfg_068_seed_8_of0,8,12,18,0,40.0,16,10,OF0,855,15,99.81512280701753,0.4920748525832279,90.9,100.0,99.80894736842104,1.8611761449217359,80.0,100.0,177.50877192982455,79.90764344128914,33,457,-76.70058479532163,10.35309577679395,-93,-51,1.0626198830409357,0.1283963941488672,1.0,2.89,4.201169590643275,1.38805494225826,2,10,3.1625730994152046,1.3430375317494632,1,7,3.2,1.2761549390929887,1,5,180859.63040935673,210908.18665966796,25560,1043424,59819140.36959064,210906.96497239702,58956576,59974440,0.3014327095437809,0.35151360080135585,0.0426,1.7390400000000001,99.69856729045621,0.3515136008013563,98.26096,99.95739999999999,90.0,0.0003290560482708403,89.99451599999999,90.005484,0.0,0.0,0.0,0.0,9.44087270736842,11.009407343634663,1.3342319999999999,54.466732799999996,3373.799516844913,11.895152824443226,3325.1508864,3382.5584160000008,3473.240389552281,0.8858281057092081,3469.6176192000003,3473.892648000001
run_0679_cfg_068_seed_9_of0,9,12,18,0,40.0,16,10,OF0,855,15,99.77548538011695,0.5732239382074168,92.3,100.0,99.67640935672515,5.004489913426661,0.0,100.0,177.30643274853801,81.81560717148207,0,481,-77.0748538011696,10.5568168014687,-93,0,1.0592982456140352,0.11062087366373029,1.0,2.31,4.242105263157895,1.4137515534735394,2,8,3.205847953216374,1.3873680540397089,1,6,3.2,1.2761549390929887,1,5,186197.10877192984,223947.11510026056,25560,1277808,59813802.89122807,223980.06760117877,58722192,59974440,0.31032871453881206,0.373246462160445,0.0426,2.12968,99.68967128546119,0.37324646216044444,97.87031999999999,99.95739999999999,90.0,0.0008950652534658395,89.990556,90.00944399999999,0.0,0.0,0.0,0.0,9.719489077894737,11.690039408233593,1.3342319999999999,66.7015776,3373.4984830652634,12.632475812706483,3311.9316288000005,3382.5584160000008,3473.2179721431585,0.943071180483651,3468.3515592000003,3474.0018336000003
run_0680_cfg_068_seed_10_of0,10,12,18,0,40.0,16,10,OF0,855,15,99.89087719298246,0.5606288729135723,88.88,100.0,99.95126315789474,1.0270681060022584,75.0,100.0,175.65730994152048,78.5779091884434,30,404,-76.73684210526316,10.704230459729144,-93,-51,1.0542807017543858,0.10194555092370108,1.0,1.89,4.237426900584795,1.4633710157442892,2,8,3.2070175438596493,1.428366804031138,1,7,3.2,1.2761549390929887,1,5,177380.5192982456,181386.4831763739,25560,879712,59822619.48070175,181387.13446164737,59120288,59974440,0.295634201362827,0.30231080888656053,0.0426,1.4661866666666667,99.70436579863717,0.3023108088865601,98.53381333333333,99.95739999999999,90.0,0.0003488009840348466,89.99316,90.00684000000001,0.0,0.0,0.0,0.0,9.25926310736842,9.46837442180672,1.3342319999999999,45.9209664,3373.9957387115796,10.23023438363688,3334.3842432000006,3382.5584160000008,3473.2550018189477,0.7619712666143134,3470.3052096000006,3473.892648000001
run_0681_cfg_069_seed_1_of0,1,12,18,0,50.0,12,5,OF0,627,11,99.90124401913876,0.3018040264666493,96.42,100.0,99.98405103668262,0.3993615319154386,90.0,100.0,113.79744816586921,56.0630247229096,39,252,-68.0829346092504,10.537146175377673,-94,-52,1.0222169059011164,0.051906442329131816,1.0,1.53,3.1020733652312598,1.0138555333637373,2,6,2.0972886762360448,1.0056274492537745,1,4,4.545454545454546,1.7782204486465953,1,7,187218.48803827752,126601.4253519605,46008,531144,59812781.51196172,126601.85836846687,59468856,59953992,0.3120308129133576,0.21100237693185256,0.07668,0.88524,99.68796918708664,0.21100237693185253,99.11476,99.92332,90.0,0.0005725162218495928,89.993448,90.006552,0.0,0.0,0.0,0.0,9.772805075598084,6.608594403372334,2.4016176,27.725716799999994,3373.4408772746415,7.1403448119815165,3354.0434784000004,3381.4051488000005,3473.21368235024,0.5321767870902764,3471.7691952000005,3473.8067664000005
run_0682_cfg_069_seed_2_of0,2,12,18,0,50.0,12,5,OF0,627,11,99.92998405103668,0.27026581354079937,96.0,100.0,99.95215311004785,0.6906086047034675,90.0,100.0,113.91547049441786,55.50880711769726,35,254,-67.91387559808612,10.832691416557223,-94,-52,1.026634768740032,0.05780875380113884,1.0,1.46,3.0988835725677832,1.0014918731802083,2,5,2.090909090909091,0.9966542927526437,1,4,4.545454545454546,1.7782204486465947,1,7,188205.92025518342,124743.71714343135,47008,552640,59811794.079744816,124739.6370339989,59447360,59952992,0.3136765172472882,0.2079061742927335,0.07834666666666666,0.9210666666666667,99.68632348275271,0.2079061742927338,99.07893333333332,99.92165333333334,90.0,0.0006260991969914077,89.990556,90.00944399999999,0.0,0.0,0.0,0.0,9.824349037320573,6.511622034887117,2.4538176,28.847808,3373.385186097608,7.035315528717559,3352.831104000001,3381.3487488,3473.209535134929,0.5242042644044076,3471.6789120000008,3473.8025664
run_0683_cfg_069_seed_3_of0,3,12,18,0,50.0,12,5,OF0,627,11,99.89464114832536,0.3114871939233416,95.83,100.0,99.95215311004785,0.6906086047034659,90.0,100.0,113.85645933014354,55.522828413037175,36,272,-69.63955342902712,11.589114306420683,-94,-52,1.0195693779904307,0.044055290051949185,1.0,1.34,3.0925039872408293,0.9989089645172986,2,5,2.090909090909091,0.9966542927526426,1,4,4.545454545454546,1.7782204486465953,1,7,187082.89633173845,164953.2123259374,46008,769200,59812917.103668265,164954.36395698675,59230800,59953992,0.31180482870083964,0.2749220329541907,0.07668,1.282,99.68819517129916,0.27492203295419093,98.71799999999999,99.92332,90.0,0.0007869715479299871,89.99113200000001,90.008868,0.0,0.0,0.0,0.0,9.765727188516745,8.610557683413928,2.4016176,40.15224,3373.4485246468903,9.30342612717406,3340.6171200000003,3381.4051488000005,3473.214251835407,0.693487492153734,3470.7693600000002,3473.8067664000005
run_0684_cfg_069_seed_4_of0,4,12,18,0,50.0,12,5,OF0,627,11,99.96137161084529,0.21867967300245883,95.65,100.0,99.96810207336523,0.5643312101984089,90.0,100.0,113.81818181818181,55.45676254834828,41,259,-69.77830940988835,10.567460530206256,-94,-52,1.024433811802233,0.049780251983327986,1.0,1.35,3.0925039872408293,0.9957054499374774,2,5,2.090909090909091,0.996654292752643,1,4,4.545454545454546,1.7782204486465958,1,7,188544.59968102074,144574.75444134074,46008,563288,59811455.40031898,144577.4518344299,59436712,59953992,0.31424100751823836,0.2409579526057614,0.07668,0.9388133333333333,99.68575899248177,0.2409579526057618,99.06118666666667,99.92332,90.0,0.0006726911097034552,89.9919,90.00810000000001,0.0,0.0,0.0,0.0,9.842028103349282,7.546802181837988,2.4016176,29.4036336,3373.366084577991,8.154168283461853,3352.2305568,3381.4051488000005,3473.20811268134,0.6078846871160344,3471.6341904,3474.0640440000006
run_0685_cfg_069_seed_5_of0,5,12,18,0,50.0,12,5,OF0,627,11,99.86698564593301,0.31203854842659423,95.45,100.0,99.90717703349283,0.946000242613296,90.0,100.0,113.01594896331738,55.2231580889185,35,248,-68.49282296650718,10.886043304306739,-94,-52,1.0256618819776715,0.05638186098002372,1.0,1.54,3.094098883572568,1.0011560138201931,2,5,2.090909090909091,0.9966542927526436,1,4,4.545454545454546,1.7782204486465947,1,7,187234.02870813396,144368.22792450932,46008,731824,59812765.97129186,144367.85564773396,59268176,59953992,0.31205671098539,0.2406137009842943,0.07668,1.2197066666666667,99.68794328901461,0.24061370098429474,98.78029333333333,99.92332,90.0,0.0005783056887578653,89.990748,90.00925200000002,0.0,0.0,0.0,0.0,9.773616298564592,7.536021497659386,2.4016176,38.2012128,3373.4400007808617,8.142347058532224,3342.7251264,3381.4051488000005,3473.2136170794265,0.6067059919144776,3470.9263392000003,3473.8067664000005
run_0686_cfg_069_seed_6_of0,6,12,18,0,50.0,12,5,OF0,627,11,99.95679425837321,0.1588741160772127,98.68,100.0,99.98226475279107,0.4440900234899643,88.88,100.0,113.44657097288676,55.66422842438776,39,276,-69.48484848484848,9.786589087900294,-94,-52,1.0205263157894737,0.04944623561926727,1.0,1.44,3.094098883572568,1.0011560138201918,2,5,2.090909090909091,0.9966542927526434,1,4,4.545454545454546,1.7782204486465951,1,7,187633.33971291865,146038.24359775105,46008,546656,59812366.66028708,146037.8132811947,59453344,59953992,0.3127222276591753,0.24339704095537779,0.07668,0.9110933333333333,99.68727777234083,0.24339704095537779,99.08890666666666,99.92332,90.0,0.0007531212496097606,89.99113200000001,90.008868,0.0,0.0,0.0,0.0,9.794460333014353,7.623196315802601,2.4016176,28.5354432,3373.4174796401917,8.23653266905941,3353.168601600001,3381.4051488000005,3473.2119399732064,0.6139743322125099,3471.6105552000004,3473.8067664000005
run_0687_cfg_069_seed_7_of0,7,12,18,0,50.0,12,5,OF0,627,11,99.9672567783094,0.1422866749113791,98.21,100.0,99.98405103668262,0.3993615319154379,90.0,100.0,113.0207336523126,55.41690279828731,40,260,-69.77671451355661,9.792474455493789,-94,-52,1.0254864433811803,0.05466316599761647,1.0,1.39,3.106858054226475,1.0313306879010402,2,6,2.1036682615629982,1.0270009402660532,1,5,4.545454545454546,1.7782204486465951,1,7,188173.75438596492,145888.9252415168,46008,832472,59811826.24561404,145889.6038259597,59167528,59953992,0.3136229241534233,0.24314821784924628,0.07668,1.3874533333333332,99.68637707584658,0.2431482178492463,98.61254666666667,99.92332,90.0,0.0006480890957557681,89.99293200000001,90.00805199999999,0.0,0.0,0.0,0.0,9.822669978947367,7.615401897607178,2.4016176,43.4550384,3373.3870002526314,8.228173655784127,3337.0485792000004,3381.4051488000005,3473.2096702315794,0.6132461904930749,3470.5036176000003,3473.9696904
run_0688_cfg_069_seed_8_of0,8,12,18,0,50.0,12,5,OF0,627,11,99.99169059011165,0.09678710848135627,97.82,100.0,100.0,0.0,100.0,100.0,113.51355661881978,55.56817524689427,40,246,-69.85645933014354,10.70092120334415,-94,-52,1.0207336523125996,0.043845913029094956,1.0,1.29,3.090909090909091,0.9966542927526431,2,5,2.090909090909091,0.9966542927526431,1,4,4.545454545454546,1.7782204486465942,1,7,187812.5422647528,170609.44481797735,46008,724920,59812187.45773525,170606.52472947157,59275080,59953992,0.3130208873927231,0.28434903816921053,0.07668,1.2082000000000002,99.68697911260728,0.28434903816921087,98.7918,99.92332,90.0,0.000646968650325766,89.99194800000001,90.00805199999999,0.0,0.0,0.0,0.0,9.803814706220095,8.905813019498419,2.4016176,37.840824,3373.4073726162687,9.622207994742205,3343.1145120000006,3381.4051488000005,3473.211187322488,0.7167941612482667,3470.9553360000004,3473.9311464000007
run_0689_cfg_069_seed_9_of0,9,12,18,0,50.0,12,5,OF0,627,11,99.8791706539075,0.3271568117232439,97.29,100.0,99.92169059011165,0.8747112786774242,90.0,100.0,112.89792663476874,55.015209446612815,38,267,-68.12759170653908,10.879516811140679,-94,-52,1.0272408293460926,0.0671216366982295,1.0,1.91,3.1004784688995217,1.0116492848285605,2,6,2.090909090909091,0.9966542927526431,1,4,4.545454545454546,1.7782204486465958,1,7,188311.14513556618,139204.48819830627,46008,662600,59811685.626794256,139215.80172982902,59337400,59953992,0.3138519670810905,0.2320076001379579,0.07668,1.1043333333333334,99.68614803291891,0.23200760013795751,98.89566666666667,99.92332,89.99999515789473,0.0005790523978897416,89.9919,90.00810000000001,0.0,0.0,0.0,0.0,9.829841776076554,7.266474283951586,2.4016176,34.58772,3373.379069351197,7.85177121756238,3346.6293600000004,3381.4051488000005,3473.208906285168,0.5857092408558743,3471.2170800000004,3473.8067664000005
run_0690_cfg_069_seed_10_of0,10,12,18,0,50.0,12,5,OF0,627,11,99.94599681020733,0.14294848149041117,98.21,100.0,99.9503668261563,0.717323093964053,88.88,100.0,113.9298245614035,55.49462329366615,36,292,-70.77511961722487,11.000239023399937,-94,-52,1.0312599681020733,0.06270403915121876,1.0,1.71,3.1052631578947367,1.0245022414703988,2,6,2.1004784688995217,1.0195139608601276,1,5,4.545454545454546,1.7782204486465951,1,7,187858.44976076554,153907.120960324,47104,741232,59812141.550239235,153909.25738325133,59258768,59952896,0.3130974237900014,0.25651188805930114,0.07850666666666667,1.2353866666666666,99.68690257621,0.2565118880593012,98.76461333333333,99.92149333333333,90.0,0.000511477618897468,89.99224800000002,90.007752,0.0,0.0,0.0,0.0,9.80621107751196,8.03395171412891,2.4588288,38.6923104,3373.4047834334933,8.680482116415352,3342.1945152000008,3381.3433344000005,3473.210994511005,0.6468131132109055,3470.8868256000005,3473.8021632000005
run_0691_cfg_070_seed_1_of0,1,12,18,0,50.0,12,10,OF0,627,11,99.9917384370016,0.10431738483600413,97.82,100.0,100.0,0.0,100.0,100.0,110.5805422647528,54.861409509596065,33,262,-69.1116427432217,10.822278008381323,-94,-52,1.0118022328548644,0.0333742328739781,1.0,1.25,3.090909090909091,0.9966542927526431,2,5,2.090909090909091,0.9966542927526431,1,4,4.545454545454546,1.7782204486465953,1,7,103287.92344497607,87120.87617765435,25560,368744,59896712.07655502,87120.87617765482,59631256,59974440,0.17214653907496014,0.14520146029609055,0.0426,0.6145733333333334,99.82785346092504,0.14520146029608927,99.38542666666666,99.95739999999999,90.0,0.0,90.0,90.0,0.0,0.0,0.0,0.0,5.3916296038277505,4.547709736473558,1.3342319999999999,19.2484368,3378.174561117704,4.913617416419708,3363.2028384000005,3382.5584160000008,3473.5661907215317,0.36590767994620493,3472.4512752000005,3473.892648000001
run_0692_cfg_070_seed_2_of0,2,12,18,0,50.0,12,10,OF0,627,11,99.97019138755981,0.15570912216189678,97.43,100.0,99.94151515151515,1.038972413055108,80.0,100.0,109.45454545454545,54.164013355034584,34,249,-67.58851674641149,10.743289555818105,-94,-52,1.0129665071770335,0.03778369360765209,1.0,1.32,3.090909090909091,0.9966542927526437,2,5,2.090909090909091,0.9966542927526437,1,4,4.545454545454546,1.7782204486465947,1,7,103128.20414673047,79127.01890619042,25560,306416,59896871.79585327,79127.7182934986,59693584,59974440,0.17188033997397473,0.13187836286918023,0.0426,0.5106933333333333,99.82811966002602,0.13187836286917953,99.48930666666666,99.95739999999999,90.0,0.0005432384257581899,89.990748,90.00925200000002,0.0,0.0,0.0,0.0,5.383292256459329,4.130430386903141,1.3342319999999999,15.994915200000001,3378.183569286125,4.462803311753337,3366.7181376000003,3382.5584160000008,3473.5668615425843,0.3329868778966213,3472.7130528000002,3473.892648000001
run_0693_cfg_070_seed_3_of0,3,12,18,0,50.0,12,10,OF0,627,11,99.99870813397129,0.0231488304729015,99.53,100.0,100.0,0.0,100.0,100.0,110.24401913875599,54.73896324884808,30,258,-67.6427432216906,10.703077584461747,-94,-52,1.0134130781499202,0.03665956005008482,1.0,1.29,3.090909090909091,0.9966542927526426,2,5,2.090909090909091,0.9966542927526426,1,4,4.545454545454546,1.7782204486465953,1,7,103613.93301435407,76739.09792790005,25560,374888,59896386.066985644,76741.69239222142,59625112,59974440,0.17268989255237002,0.12789850641945916,0.0426,0.6248133333333333,99.82731010744763,0.1278985064194576,99.37518666666666,99.95739999999999,90.0,0.0004647886874279428,89.99194800000001,90.00805199999999,0.0,0.0,0.0,0.0,5.408647303349282,4.005780911836381,1.3342319999999999,19.5691536,3378.156174177991,4.328231450921321,3362.8563168000005,3382.5584160000008,3473.56482148134,0.322916962233749,3472.4254704000004,3473.9318328
run_0694_cfg_070_seed_4_of0,4,12,18,0,50.0,12,10,OF0,627,11,99.946331738437,0.32447737039001096,94.44,100.0,99.97341307814992,0.6657356737030331,83.33,100.0,110.66028708133972,55.054063482977725,31,283,-68.92663476874003,10.605368554251422,-94,-52,1.0137480063795854,0.03672043125969145,1.0,1.28,3.090909090909091,0.996654292752643,2,5,2.090909090909091,0.996654292752643,1,4,4.545454545454546,1.7782204486465958,1,7,103464.663476874,94383.91932440152,25560,412864,59896535.33652312,94384.73377055867,59587136,59974440,0.17244110733787751,0.15730653924742918,0.0426,0.6881066666666666,99.82755889266213,0.1573065392474289,99.31189333333333,99.95739999999999,90.0,0.0003107278068795346,89.9949,90.0051,0.0,0.0,0.0,0.0,5.400855433492823,4.926840588733759,1.3342319999999999,21.5515008,3378.1645929799042,5.3232989846595355,3360.7144704000007,3382.5584160000008,3473.5654484133975,0.396627847334321,3472.265971200001,3473.892648000001
run_0695_cfg_070_seed_5_of0,5,12,18,0,50.0,12,10,OF0,627,11,99.97406698564593,0.1486463370720057,97.67,100.0,99.97341307814992,0.6657356737030317,83.33,100.0,110.39553429027113,55.106488654664474,33,259,-69.11004784688996,11.210832186078617,-94,-52,1.0152950558213716,0.04096714990919165,1.0,1.36,3.0925039872408293,0.9973084935034436,2,5,2.090909090909091,0.9966542927526436,1,4,4.545454545454546,1.7782204486465947,1,7,103467.85326953747,99152.57721905014,25560,432704,59896532.14673046,99154.65208288586,59567296,59974440,0.172446426530395,0.1652542991815042,0.0426,0.7211733333333333,99.8275535734696,0.16525429918150267,99.27882666666666,99.95739999999999,90.0,0.0004584706902319478,89.992332,90.007668,0.0,0.0,0.0,0.0,5.401021940669856,5.175764530834419,1.3342319999999999,22.587148799999998,3378.1644130755985,5.592322377474768,3359.5954944,3382.5584160000008,3473.5654350162686,0.41690944329377794,3472.1826432,3473.9401656
run_0696_cfg_070_seed_6_of0,6,12,18,0,50.0,12,10,OF0,627,11,99.98767145135565,0.07543272735489118,99.21,100.0,99.97341307814992,0.6657356737030319,83.33,100.0,110.64752791068581,55.01500091201181,31,251,-68.41307814992025,10.63615606829922,-94,-52,1.0113556618819777,0.03534737897383622,1.0,1.35,3.094098883572568,1.0027503438978467,2,6,2.090909090909091,0.9966542927526434,1,4,4.545454545454546,1.7782204486465951,1,7,103344.51036682616,82696.10219027461,25560,422336,59896655.48963317,82695.17934109995,59577664,59974440,0.17224084677219856,0.137826824349338,0.0426,0.7038933333333333,99.8277591532278,0.13782682434933696,99.29610666666666,99.95739999999999,90.0,0.0005297853926838082,89.99151599999999,90.008484,0.0,0.0,0.0,0.0,5.394583441148325,4.316736534332339,1.3342319999999999,22.045939199999996,3378.1713696153115,4.6640081148380315,3360.1802496000005,3382.5584160000008,3473.5659530564594,0.34782817934058696,3472.2261888000003,3473.8983768000003
run_0697_cfg_070_seed_7_of0,7,12,18,0,50.0,12,10,OF0,627,11,99.97923444976077,0.10585444627102267,98.64,100.0,99.97341307814992,0.6657356737030315,83.33,100.0,110.20095693779905,54.953867952280405,27,264,-70.14354066985646,10.06076437334158,-94,-52,1.01725677830941,0.045251898071362734,1.0,1.41,3.094098883572568,1.0011560138201918,2,5,2.090909090909091,0.9966542927526431,1,4,4.545454545454546,1.7782204486465951,1,7,103532.95055821372,86877.10820380348,25560,357104,59896467.049441785,86874.86905923842,59642896,59974440,0.17255491096533818,0.14479514517953618,0.0426,0.5951733333333333,99.82744508903465,0.1447951451795345,99.40482666666666,99.95739999999999,90.0,0.0004499809580629712,89.992332,90.007668,0.0,0.0,0.0,0.0,5.4044200191387555,4.534985048238542,1.3342319999999999,18.640828799999998,3378.1607415885173,4.899742614941053,3363.8593344,3382.5584160000008,3473.565161607656,0.3651375407603501,3472.5001632,3473.9485368
run_0698_cfg_070_seed_8_of0,8,12,18,0,50.0,12,10,OF0,627,11,99.98164274322168,0.20381351486352925,95.83,100.0,100.0,0.0,100.0,100.0,109.58692185007975,53.87140072347495,31,252,-69.74960127591707,10.93647701014732,-94,-52,1.0088197767145135,0.02852963916933003,1.0,1.23,3.090909090909091,0.9966542927526431,2,5,2.090909090909091,0.9966542927526431,1,4,4.545454545454546,1.7782204486465942,1,7,102941.47368421052,99081.13673055224,25560,435264,59897058.526315786,99081.34365146678,59564736,59974440,0.17156912196303978,0.16513522216547516,0.0426,0.72544,99.82843087803697,0.1651352221654742,99.27456,99.95739999999999,90.0,0.00048119802569863756,89.99383200000001,90.006168,0.0,0.0,0.0,0.0,5.373544926315789,5.172035337334827,1.3342319999999999,22.720780799999996,3378.1941008842114,5.588187781942737,3359.4511104000007,3382.5584160000008,3473.5676458105268,0.41653702331734604,3472.1718912000006,3473.9220936000006
run_0699_cfg_070_seed_9_of0,9,12,18,0,50.0,12,10,OF0,627,11,99.99652312599682,0.03565947428814117,99.55,100.0,100.0,0.0,100.0,100.0,110.94417862838915,55.73693125024805,32,246,-70.31259968102073,9.786272779978763,-94,-59,1.016060606060606,0.04527815518561125,1.0,1.46,3.094098883572568,1.0027503438978467,2,6,2.090909090909091,0.9966542927526431,1,4,4.545454545454546,1.7782204486465958,1,7,103823.57894736843,79080.94545323611,25560,318312,59896184.25518341,79059.66984579709,59681688,59974440,0.17303922680350914,0.13180147733131867,0.0426,0.53052,99.82696077319649,0.1318014773313171,99.46948,99.95739999999999,90.00001175119617,0.0005979520442838722,89.99113200000001,90.008868,0.0,0.0,0.0,0.0,5.419590821052631,4.1280253526589235,1.3342319999999999,16.615886399999997,3378.144791992345,4.458965379302987,3366.0472032000002,3382.5584160000008,3473.5643945645934,0.3316517127451331,3472.6630896,3473.892648000001
run_0700_cfg_070_seed_10_of0,10,12,18,0,50.0,12,10,OF0,627,11,99.99328548644338,0.08862124506324523,98.3,100.0,100.0,0.0,100.0,100.0,111.19617224880383,55.22378045567805,28,266,-71.04625199362042,10.159090634081265,-94,-59,1.0100637958532697,0.02834625725884205,1.0,1.2,3.090909090909091,0.9966542927526434,2,5,2.090909090909091,0.9966542927526434,1,4,4.545454545454546,1.7782204486465951,1,7,103398.34130781499,102412.09567691523,25560,471944,59896601.65869219,102409.26902690287,59528056,59974440,0.1723305602867463,0.17068678053352085,0.0426,0.7865733333333333,99.82766943971325,0.17068678053351952,99.21342666666668,99.95739999999999,90.0,0.0002941061945524063,89.99533199999999,90.00466800000001,0.0,0.0,0.0,0.0,5.397393416267942,5.345911394334979,1.3342319999999999,24.635476799999996,3378.1683335502394,5.77588277311734,3357.3823584,3382.5584160000008,3473.565726966507,0.4301060870236043,3472.0178352000003,3474.0249192000006
run_0701_cfg_071_seed_1_mrhof,1,12,18,0,60.0,16,20,MRHOF,855,15,99.87443274853801,0.6400654056551178,90.9,100.0,99.96100584795322,1.1402039419506333,66.66,100.0,120.45964912280702,57.56827082254031,21,344,-69.26666666666667,12.894055780593932,-93,-51,1.0204561403508772,0.05368746953949324,1.0,1.43,3.2666666666666666,0.9983593098055479,2,5,2.2666666666666666,0.9983593098055479,1,4,6.133333333333334,2.2184029109721792,3,10,63478.24093567251,84918.42455962632,10224,446736,59936521.759064324,84918.42455962642,59553264,59989776,0.10579706822612085,0.14153070759937733,0.01704,0.74456,99.89420293177388,0.14153070759937725,99.25544,99.98295999999999,90.0,0.0,90.0,90.0,0.0,0.0,0.0,0.0,3.3135641768421054,4.432741762012498,0.5336928,23.319619199999998,3380.4198272112285,4.789399145162922,3358.8040896,3383.4233664000003,3473.7333913880707,0.35665738315043277,3472.1237088000003,3473.9570592000005
run_0702_cfg_071_seed_2_mrhof,2,12,18,0,60.0,16,20,MRHOF,855,15,99.98099415204679,0.2925212515964488,94.44,100.0,100.0,0.0,100.0,100.0,118.13216374269005,54.911703294121985,22,265,-70.26666666666667,15.150269936767085,-94,-51,1.0171695906432747,0.04633336097052758,1.0,1.43,3.2666666666666666,0.9983593098055473,2,5,2.2666666666666666,0.9983593098055473,1,4,6.133333333333334,2.218402910972179,3,10,63522.5730994152,49965.48091996561,10736,248192,59936477.42690059,49966.56122920265,59751808,59989264,0.10587095646535112,0.08327580408111687,0.017893333333333334,0.4136533333333334,99.89412904353465,0.0832758040811171,99.58634666666667,99.98210666666667,90.0,0.00017944269697777948,89.99629200000001,90.003708,0.0,0.0,0.0,0.0,3.3158783157894733,2.608198104022204,0.5604192,12.955622399999998,3380.4173268771933,2.8181140533270086,3370.0019712000003,3383.3944896000003,3473.7332051929825,0.21002351907530714,3472.9575936,3473.9549088000003
run_0703_cfg_071_seed_3_mrhof,3,12,18,0,60.0,16,20,MRHOF,855,15,99.74788304093568,0.9838900642021656,85.71,100.0,99.96100584795322,1.1402039419506333,66.66,100.0,119.75438596491227,57.43258364374753,19,301,-68.53333333333333,15.196018213829406,-94,-51,1.0257894736842104,0.057949365215501716,1.0,1.57,3.2666666666666666,0.9983593098055478,2,5,2.2666666666666666,0.9983593098055478,1,4,6.133333333333334,2.2184029109721783,3,10,63748.80935672515,70471.05178890197,10224,364040,59936251.19064327,70471.05178890153,59635960,59989776,0.10624801559454192,0.1174517529815033,0.01704,0.6067333333333333,99.89375198440547,0.11745175298150418,99.39326666666666,99.98295999999999,90.0,0.0,90.0,90.0,0.0,0.0,0.0,0.0,3.327687848421052,3.678588903380686,0.5336928,19.002888,3380.4045671522813,3.974567320894101,3363.468144,3383.4233664000003,3473.732255000702,0.2959784175134418,3472.471032,3473.9570592000005
run_0704_cfg_071_seed_4_mrhof,4,12,18,0,60.0,16,20,MRHOF,855,15,99.88148538011696,0.4425207408140836,95.23,100.0,99.92201169590643,1.6115475201492222,66.66,100.0,119.41988304093567,56.57218826211172,23,348,-72.33333333333333,15.137929470872342,-94,-54,1.0187368421052632,0.05504347642371059,1.0,1.49,3.2666666666666666,0.9983593098055475,2,5,2.2666666666666666,0.9983593098055475,1,4,6.133333333333334,2.218402910972179,3,10,63236.257309941524,67872.3621149472,10224,307224,59936763.74269006,67872.18260708466,59692776,59989776,0.10539376178205516,0.11312060091673379,0.01704,0.5120399999999999,99.89460623821795,0.11312060091673438,99.48796,99.98295999999999,90.0,0.00010162612288426547,89.9979,90.0021,0.0,0.0,0.0,0.0,3.3009326315789473,3.542937302400242,0.5336928,16.0370928,3380.4334750877197,3.82799109903959,3366.6725664000005,3383.4233664000003,3473.734407719299,0.2850785597788815,3472.7096592000007,3473.9570592000005
run_0705_cfg_071_seed_5_mrhof,5,12,18,0,60.0,16,20,MRHOF,855,15,99.99597660818714,0.05917622960340315,98.97,100.0,100.0,0.0,100.0,100.0,119.64795321637428,56.86885601493542,27,334,-67.46666666666667,11.821407168662565,-93,-51,1.0174152046783627,0.046691317818709575,1.0,1.39,3.2666666666666666,0.9983593098055481,2,5,2.2666666666666666,0.9983593098055481,1,4,6.133333333333334,2.2184029109721783,3,10,63461.174269005845,73531.64793262417,10224,353520,59936538.825730994,73534.30313239871,59646480,59989776,0.1057686274214126,0.12255276260144783,0.01704,0.5892,99.89423137257859,0.12255276260144879,99.4108,99.98295999999999,90.0,0.0005384524272336237,89.990748,90.00925200000002,0.0,0.0,0.0,0.0,3.3126732968421053,3.8383520220829825,0.5336928,18.453743999999997,3380.4207897712286,4.147334696667319,3364.061472,3383.4233664000003,3473.7334630680707,0.30963427199511034,3472.515216,3473.9929152
run_0706_cfg_071_seed_6_mrhof,6,12,18,0,60.0,16,20,MRHOF,855,15,99.99221052631579,0.12245690397723873,97.36,100.0,100.0,0.0,100.0,100.0,119.35087719298245,56.552816051263044,25,277,-65.8,12.00257583595673,-93,-51,1.0170058479532162,0.04430222702518839,1.0,1.37,3.272514619883041,1.0113547928682949,2,6,2.2666666666666666,0.9983593098055481,1,4,6.133333333333334,2.21840291097218,3,10,63688.84210526316,66426.63098389698,10104,279480,59936311.15789474,66426.63098389709,59720520,59989896,0.1061480701754386,0.11071105163982836,0.01684,0.4658,99.89385192982456,0.11071105163982788,99.5342,99.98316,90.0,0.0,90.0,90.0,0.0,0.0,0.0,0.0,3.3245575578947366,3.4674701373594226,0.5274288,14.588856,3380.4079493052636,3.7464619874918133,3368.237328,3383.4301344000005,3473.7325068631585,0.27899185013239036,3472.826184,3473.9575632000005
run_0707_cfg_071_seed_7_mrhof,7,12,18,0,60.0,16,20,MRHOF,855,15,99.99297076023393,0.15958910305476515,95.45,100.0,100.0,0.0,100.0,100.0,119.18713450292398,55.99535839829959,20,302,-68.2,13.04194278712966,-93,-54,1.0161520467836258,0.044120871792984434,1.0,1.35,3.2666666666666666,0.9983593098055478,2,5,2.2666666666666666,0.9983593098055478,1,4,6.133333333333334,2.21840291097218,3,10,63395.340350877195,90204.4525298023,10224,465840,59936604.659649126,90204.4525298026,59534160,59989776,0.10565890058479531,0.15034075421633725,0.01704,0.7764,99.89434109941521,0.1503407542163374,99.2236,99.98295999999999,90.0,0.0,90.0,90.0,0.0,0.0,0.0,0.0,3.3092367663157893,4.708672422055676,0.5336928,24.316848,3380.424502804211,5.087531122680848,3357.7266240000004,3383.4233664000003,3473.7337395705267,0.37885870062520427,3472.0434720000003,3473.9570592000005
run_0708_cfg_071_seed_8_mrhof,8,12,18,0,60.0,16,20,MRHOF,855,15,99.99219883040936,0.22810918694693244,93.33,100.0,100.0,0.0,100.0,100.0,118.94970760233919,56.54975258030159,21,293,-70.6,13.111358752518239,-93,-54,1.0181637426900585,0.053087540668845155,1.0,1.48,3.2666666666666666,0.9983593098055478,2,5,2.2666666666666666,0.9983593098055478,1,4,6.133333333333334,2.218402910972179,3,10,63228.912280701756,89964.69065555613,10224,459248,59936771.0877193,89964.51891213465,59540752,59989776,0.10538151981065598,0.14994115022754229,0.01704,0.7654133333333334,99.89461848018934,0.1499411502275432,99.23458666666667,99.98295999999999,90.0,0.0001927992731288633,89.996016,90.003984,0.0,0.0,0.0,0.0,3.3005492210526315,4.696156852220026,0.5336928,23.972745599999996,3380.4338893473687,5.073998866644411,3358.0984128,3383.4233664000003,3473.7344385684214,0.3779097243151233,3472.0711584,3473.9570592000005
run_0709_cfg_071_seed_9_mrhof,9,12,18,0,60.0,16,20,MRHOF,855,15,99.9714970760234,0.3739411025501877,93.33,100.0,100.0,0.0,100.0,100.0,119.65964912280701,57.10766730468095,22,302,-67.73333333333333,12.935400657263564,-93,-51,1.0166432748538012,0.04450963896910131,1.0,1.31,3.2666666666666666,0.9983593098055473,2,5,2.2666666666666666,0.9983593098055473,1,4,6.133333333333334,2.218402910972179,3,10,63468.65029239766,75076.82983783579,10736,359312,59936531.3497076,75072.02513625889,59640688,59989264,0.1057810733196197,0.12512798824436625,0.017893333333333334,0.5988533333333333,99.89421892668038,0.12512798824436644,99.40114666666666,99.98210666666667,90.0,0.0002839724233733234,89.99413200000001,90.005868,0.0,0.0,0.0,0.0,3.313063545263158,3.919010517535025,0.5604192,18.7560864,3380.4203681235094,4.234062217685004,3363.7348032000004,3383.3944896000003,3473.7334316687725,0.3152211860318285,3472.4908896000006,3473.9549088000003
run_0710_cfg_071_seed_10_mrhof,10,12,18,0,60.0,16,20,MRHOF,855,15,99.7086432748538,1.2091305768978273,83.33,100.0,99.92201169590643,1.6115475201492238,66.66,100.0,120.2374269005848,56.18371506766586,20,272,-66.93333333333334,11.841715648849055,-93,-51,1.0157543859649123,0.042355808864406375,1.0,1.33,3.2666666666666666,0.9983593098055477,2,5,2.2666666666666666,0.9983593098055477,1,4,6.133333333333334,2.2184029109721783,3,10,63555.53684210526,45292.54800264739,10736,199904,59936444.46315789,45292.548002647774,59800096,59989264,0.1059258947368421,0.07548758000441236,0.017893333333333334,0.3331733333333334,99.89407410526316,0.07548758000440885,99.66682666666667,99.98210666666667,90.0,0.0,90.0,90.0,0.0,0.0,0.0,0.0,3.3175990231578947,2.3642710057381935,0.5604192,10.4349888,3380.4154677221054,2.5544997073493256,3372.7254144000003,3383.3944896000003,3473.733066745264,0.19022870161115132,3473.1604032000005,3473.9549088000003
run_0711_cfg_072_seed_1_mrhof,1,12,18,5,40.0,12,10,MRHOF,627,11,99.98478468899522,0.23947174936270585,94.11,100.0,99.96810207336523,0.7987230638308718,80.0,100.0,136.56778309409887,55.588686146603536,31,282,-73.27272727272727,10.189135010517907,-84,-51,1.0233652312599681,0.054862584101111646,1.0,1.53,3.5454545454545454,0.9883139428379533,2,5,2.5454545454545454,0.9883139428379533,1,4,3.272727272727273,1.4211791645789371,1,5,132366.5582137161,112087.69242683549,26840,470856,59867633.44178628,112086.99185495907,59529144,59973160,0.22061092809276947,0.18681280679787823,0.04473333333333333,0.78476,99.77938907190723,0.18681280679787785,99.21524000000001,99.95526666666666,90.0,0.00011869901797786174,89.9979,90.0021,0.0,0.0,0.0,0.0,6.90953433875598,5.850977544680815,1.4010479999999998,24.5786832,3376.5345261167463,6.321706340619676,3357.4437216000006,3382.486224,3473.4440604555025,0.47074842368482317,3472.0224048000005,3473.8872720000004
run_0712_cfg_072_seed_2_mrhof,2,12,18,5,40.0,12,10,MRHOF,627,11,99.97746411483254,0.25053000669246656,95.65,100.0,100.0,0.0,100.0,100.0,136.03508771929825,55.36318121258852,33,282,-73.27272727272727,10.189135010517909,-84,-51,1.025470494417863,0.06289521947510997,1.0,1.63,3.5598086124401913,1.0162475430443105,2,6,2.5598086124401913,1.0162475430443105,1,5,3.272727272727273,1.4211791645789371,1,5,132578.88357256778,111952.32659980506,25912,468992,59867421.11642743,111951.6616703457,59531008,59974088,0.2209648038080292,0.18658719765334067,0.043186666666666665,0.7816533333333333,99.77903519619197,0.18658719765334073,99.21834666666666,99.95681333333334,90.0,0.00011598589756684651,89.99794800000001,90.00205199999999,0.0,0.0,0.0,0.0,6.920617722488038,5.843911448509828,1.3526064,24.481382399999998,3376.5225509665074,6.314073718207486,3357.5488512,3382.5385632,3473.4431686889957,0.4701810402980395,3472.0302336,3473.8911696
run_0713_cfg_072_seed_3_mrhof,3,12,18,5,40.0,12,10,MRHOF,627,11,99.98968102073366,0.09727383208849122,98.36,100.0,100.0,0.0,100.0,100.0,136.21212121212122,56.10391983536117,32,288,-73.63636363636364,10.208614018282137,-84,-51,1.024066985645933,0.05723011655221108,1.0,1.59,3.5518341307814993,0.9992532281544046,2,6,2.5486443381180224,0.9946071419976731,1,5,3.272727272727273,1.4211791645789364,1,5,132130.06698564594,158969.54476784286,25560,719296,59867869.933014356,158969.23921502085,59280704,59974440,0.22021677598821227,0.26494923812068094,0.0426,1.1988266666666667,99.7797832240118,0.2649492381206803,98.80117333333334,99.95739999999999,90.0,0.0003986579402884726,89.99301600000001,90.006984,0.0,0.0,0.0,0.0,6.897189496650717,8.298210236881395,1.3342319999999999,37.5472512,3376.54786422201,8.965865091727194,3343.4317056000004,3382.5584160000008,3473.4450537186603,0.6678188470941782,3470.9789568000006,3473.892648000001
run_0714_cfg_072_seed_4_mrhof,4,12,18,5,40.0,12,10,MRHOF,627,11,99.98901116427432,0.09613777156334943,98.41,100.0,99.97341307814992,0.665735673703032,83.33,100.0,136.17224880382776,56.17808000217104,29,266,-73.70653907496013,10.241805201506779,-84,-51,1.0208771929824563,0.05434797279329426,1.0,1.38,3.615629984051037,1.080148216486401,2,6,2.615629984051037,1.080148216486401,1,5,3.272727272727273,1.421179164578937,1,5,131736.07655502393,158731.94109013892,24728,702040,59868263.92344498,158729.8111320005,59297960,59975272,0.2195601167009735,0.2645531597952489,0.04121333333333333,1.1700666666666666,99.78043988329902,0.26455315979524857,98.82993333333333,99.95878666666667,90.0,0.000499925566344738,89.9919,90.00810000000001,0.0,0.0,0.0,0.0,6.876623196172249,8.285807324905246,1.2908015999999998,36.646488,3376.570085282297,8.952361347844832,3344.4049440000003,3382.6053408000002,3473.4467084784696,0.66680983747559,3471.051432,3474.0064368000003
run_0715_cfg_072_seed_5_mrhof,5,12,18,5,40.0,12,10,MRHOF,627,11,99.99802232854864,0.028792184980911,99.53,100.0,100.0,0.0,100.0,100.0,135.51834130781498,55.779726226893786,32,278,-73.36363636363636,10.235337124533855,-84,-51,1.0263157894736843,0.05922542457786562,1.0,1.49,3.553429027113238,1.003953946406071,2,6,2.5486443381180224,0.9946071419976729,1,5,3.272727272727273,1.4211791645789376,1,5,132680.54864433812,111584.63326409481,26840,463160,59867319.45135566,111584.63326409484,59536840,59973160,0.22113424774056353,0.1859743887734913,0.04473333333333333,0.7719333333333334,99.77886575225943,0.18597438877349118,99.22806666666666,99.95526666666666,90.0,0.0,90.0,90.0,0.0,0.0,0.0,0.0,6.925924639234449,5.8247178563857505,1.4010479999999998,24.176951999999996,3376.5168170564593,6.293373316094945,3357.877776,3382.486224,3473.442741695694,0.4686554597092199,3472.0547279999996,3473.8872720000004
run_0716_cfg_072_seed_6_mrhof,6,12,18,5,40.0,12,10,MRHOF,627,11,99.82303030303031,0.4872830760501084,92.85,100.0,99.87771929824562,1.5316228100491198,80.0,100.0,135.79106858054226,56.44372398779429,27,305,-73.63636363636364,10.208614018282137,-84,-51,1.0223923444976075,0.04886591622773184,1.0,1.39,3.558213716108453,1.0100336876060656,2,6,2.547049441786284,0.9914668204322614,1,5,3.272727272727273,1.4211791645789364,1,5,131870.2264752791,158676.51364759184,25560,683432,59868129.773524724,158672.3034487475,59316568,59974440,0.21978368867547135,0.26446075478431014,0.0426,1.1390533333333333,99.78021631132452,0.26446075478430975,98.86094666666668,99.95739999999999,90.0,0.0007678091815662956,89.990748,90.00925200000002,0.0,0.0,0.0,0.0,6.883625822009569,8.282914012404289,1.3342319999999999,35.6751504,3376.5625192267944,8.949117914509348,3345.4544352000003,3382.5584160000008,3473.446145048804,0.6668086911311936,3471.1295856,3473.892648000001
run_0717_cfg_072_seed_7_mrhof,7,12,18,5,40.0,12,10,MRHOF,627,11,99.83717703349282,0.4672356052160394,94.73,100.0,99.90961722488039,1.3090779796343386,80.0,100.0,136.19298245614036,55.71521105593764,36,305,-73.72727272727273,10.251499043844671,-84,-51,1.024529505582137,0.0739282983529243,1.0,2.03,3.5518341307814993,0.999253228154404,2,6,2.550239234449761,0.9977350260926313,1,5,3.272727272727273,1.421179164578937,1,5,131720.42105263157,158574.47255089233,25560,649224,59868279.578947365,158574.32358011018,59350776,59974440,0.21953403327890003,0.26429077557274744,0.0426,1.0820400000000001,99.7804659667211,0.26429077557274677,98.91796000000001,99.95739999999999,90.0,0.0004369750798933857,89.992332,90.007668,0.0,0.0,0.0,0.0,6.875805978947367,8.27758746715658,1.3342319999999999,33.8894928,3376.570968252632,8.943591849918217,3347.3837664000007,3382.5584160000008,3473.4467742315796,0.6662022262708227,3471.2430840000006,3473.892648000001
run_0718_cfg_072_seed_8_mrhof,8,12,18,5,40.0,12,10,MRHOF,627,11,99.9766985645933,0.12203981195008436,98.24,100.0,99.94151515151515,1.0389724130551086,80.0,100.0,134.37001594896333,54.51564473842117,30,267,-73.63636363636364,10.208614018282141,-84,-51,1.0213875598086124,0.0522602975004417,1.0,1.39,3.5454545454545454,0.9883139428379527,2,5,2.5454545454545454,0.9883139428379527,1,4,3.272727272727273,1.4211791645789371,1,5,131445.01435406698,158080.65856554295,25560,673232,59868554.985645935,158080.67270318692,59326768,59974440,0.21907502267335416,0.2634677644180698,0.0426,1.1220533333333333,99.78092497732663,0.26346776441806985,98.87794666666667,99.95739999999999,90.0,0.0004616477226285448,89.99194800000001,90.00805199999999,0.0,0.0,0.0,0.0,6.861429749282297,8.25181037712134,1.3342319999999999,35.1427104,3376.5865011904307,8.915749940459742,3346.0297152000003,3382.5584160000008,3473.4479309397134,0.6641613330233613,3471.1724256,3474.1801367999997
run_0719_cfg_072_seed_9_mrhof,9,12,18,5,40.0,12,10,MRHOF,627,11,99.96732057416268,0.23714589733064184,94.73,100.0,99.97341307814992,0.6657356737030318,83.33,100.0,136.43700159489634,56.46902882602384,30,266,-73.36363636363636,10.23533712453385,-84,-51,1.0217543859649123,0.0521375389135258,1.0,1.39,3.550239234449761,0.9977350260926316,2,6,2.5454545454545454,0.988313942837953,1,4,3.272727272727273,1.4211791645789367,1,5,132363.02392344497,111807.74418527442,25936,472880,59867636.97607656,111808.89749453546,59527120,59974064,0.22060504205075543,0.18634625370474475,0.04322666666666667,0.7881333333333334,99.77939495794925,0.18634625370474428,99.21186666666667,99.95677333333333,90.0,0.00047954403263248595,89.99151599999999,90.008484,0.0,0.0,0.0,0.0,6.909349848803828,5.83636424647132,1.3538591999999998,24.684336000000002,3376.5347254507183,6.306021818691787,3357.329568,3382.5372096,3473.444075299522,0.46999748567782124,3471.9310296000003,3473.8910688
run_0720_cfg_072_seed_10_mrhof,10,12,18,5,40.0,12,10,MRHOF,627,11,99.96208931419459,0.401114985542608,92.3,100.0,99.97341307814992,0.6657356737030318,83.33,100.0,136.39234449760767,55.35363342755318,31,280,-73.27272727272727,10.189135010517907,-84,-51,1.0256778309409889,0.05794107012119526,1.0,1.39,3.569377990430622,1.0219101776614683,2,6,2.5486443381180224,0.994607141997673,1,5,3.272727272727273,1.4211791645789371,1,5,132524.46570972886,111880.66110373856,26840,462880,59867480.90590112,111885.16018075531,59537120,59973160,0.22087410150615713,0.18646776698126954,0.04473333333333333,0.7714666666666666,99.77912589849385,0.18646776698126888,99.22853333333333,99.95526666666666,90.00000805741627,0.0005984514814190474,89.9919,90.00810000000001,0.0,0.0,0.0,0.0,6.917777110047846,5.840170509615154,1.4010479999999998,24.162336,3376.5259230928236,6.310323034194578,3357.8935680000004,3382.486224,3473.4437082602876,0.4706852361276465,3472.0559040000003,3474.0643368000005
run_0721_cfg_073_seed_1_of0,1,12,18,5,40.0,12,10,OF0,627,11,99.97877192982456,0.3420170258685592,92.3,100.0,100.0,0.0,100.0,100.0,135.55980861244018,55.186765487273654,33,267,-73.31738437001594,10.21195819968685,-84,-51,1.0175598086124402,0.04935634440990983,1.0,1.49,3.6874003189792663,1.1181986187571125,2,6,2.682615629984051,1.1118304499642797,1,5,3.272727272727273,1.4211791645789371,1,5,131781.8692185008,111650.32413495147,26720,448064,59868218.1307815,111650.30452099736,59551936,59973280,0.21963644863551873,0.1860838735922983,0.044533333333333334,0.7467733333333333,99.78036355136449,0.18608387359229783,99.25322666666668,99.95546666666667,90.0,1.4243882156819187e-05,89.99974800000001,90.000252,0.0,0.0,0.0,0.0,6.879013573205741,5.828146919844471,1.394784,23.3889408,3376.5675025760775,6.297077174984234,3358.7291904,3382.4929920000004,3473.446516149283,0.46893052466080554,3472.1181312,3473.8877760000005
run_0722_cfg_073_seed_2_of0,2,12,18,5,40.0,12,10,OF0,627,11,99.98609250398724,0.2372961598249801,94.44,100.0,100.0,0.0,100.0,100.0,135.03030303030303,55.88615802266445,32,275,-73.27272727272727,10.189135010517909,-84,-51,1.0229186602870814,0.05038127554953169,1.0,1.36,3.5486443381180224,0.9946071419976728,2,6,2.5454545454545454,0.9883139428379525,1,4,3.272727272727273,1.4211791645789371,1,5,132016.85486443382,111784.31738565417,26208,483136,59867983.14513557,111783.17883862514,59516864,59973792,0.2200280875185649,0.18630718749786818,0.04368,0.8052266666666666,99.77997191248144,0.186307187497868,99.19477333333333,99.95632,90.0,0.00025308120405694956,89.99563199999999,90.004368,0.0,0.0,0.0,0.0,6.891279823923444,5.835141367531147,1.3680575999999998,25.219699199999997,3376.5542493856465,6.304571286498446,3356.7511296000002,3382.5218688000004,3473.4455292095695,0.46952247117303253,3471.9708288,3473.8899264000006
run_0723_cfg_073_seed_3_of0,3,12,18,5,40.0,12,10,OF0,627,11,99.96918660287082,0.35297296271540957,92.85,100.0,100.0,0.0,100.0,100.0,134.86443381180223,54.65128308292707,32,272,-73.59968102073366,10.247303076681888,-84,-51,1.0256140350877194,0.05982453839149918,1.0,1.45,3.588516746411483,1.0313282175384295,2,6,2.5821371610845296,1.028755829260109,1,5,3.272727272727273,1.4211791645789364,1,5,132079.75757575757,143655.1864170905,25472,667720,59867920.24242424,143655.18641709053,59332280,59974528,0.2201329292929293,0.23942531069515086,0.04245333333333333,1.1128666666666667,99.77986707070707,0.2394253106951501,98.88713333333334,99.95754666666666,90.0,0.0,90.0,90.0,0.0,0.0,0.0,0.0,6.894563345454545,7.498800730972118,1.3296384,34.854984,3376.5507016727274,8.102152513923896,3346.340592,3382.5633792000003,3473.445265018182,0.6033517829518031,3471.195576,3473.8930176000003
run_0724_cfg_073_seed_4_of0,4,12,18,5,40.0,12,10,OF0,627,11,99.98748006379586,0.14363168697356263,97.14,100.0,100.0,0.0,100.0,100.0,137.24561403508773,56.081583877609944,31,289,-73.53748006379585,10.238050715720696,-84,-51,1.0280542264752792,0.05689554012488138,1.0,1.36,3.5486443381180224,0.9929997375296056,2,6,2.5454545454545454,0.9883139428379518,1,4,3.272727272727273,1.421179164578937,1,5,132842.11802232856,137881.41839776322,25560,646064,59867157.88197767,137879.8727724131,59353936,59974440,0.22140352328077156,0.2298023307113343,0.0426,1.0767733333333334,99.77859647671923,0.22980233071133432,98.92322666666666,99.95739999999999,90.0,0.0003730540565022525,89.99340000000001,90.00659999999999,0.0,0.0,0.0,0.0,6.93435856076555,7.197410040363238,1.3342319999999999,33.72454079999999,3376.507704543541,7.776424824364107,3347.5619904,3382.5584160000008,3473.4420631043063,0.5791785071649495,3471.2865312,3473.892648000001
run_0725_cfg_073_seed_5_of0,5,12,18,5,40.0,12,10,OF0,627,11,99.99813397129186,0.033043604322162586,99.39,100.0,100.0,0.0,100.0,100.0,135.07814992025519,54.673780894854076,32,278,-73.31897926634768,10.209014070198549,-84,-51,1.0207177033492822,0.04732757562484354,1.0,1.36,3.6810207336523124,1.1192507668624327,2,8,2.677830940988836,1.1126069967427272,1,6,3.272727272727273,1.4211791645789376,1,5,132524.5933014354,113215.57486474265,26840,672600,59867475.40669856,113214.15065633768,59327400,59973160,0.22087431610378927,0.1886926137470551,0.04473333333333333,1.121,99.77912568389621,0.18869261374705498,98.87899999999999,99.95526666666666,90.0,0.0005107557264882056,89.995248,90.00475200000001,0.0,0.0,0.0,0.0,6.917783770334927,5.909853007939561,1.4010479999999998,35.109719999999996,3376.5256129378,6.3852780970174186,3346.0653600000005,3382.486224,3473.443396708134,0.47580192380484865,3471.1750800000004,3473.8872720000004
run_0726_cfg_073_seed_6_of0,6,12,18,5,40.0,12,10,OF0,627,11,99.9942105263158,0.05665156394422399,99.0,100.0,99.97341307814992,0.6657356737030318,83.33,100.0,136.27272727272728,55.705529458022944,33,271,-73.74481658692186,10.232377561708105,-84,-51,1.0232057416267941,0.05582172186091896,1.0,1.54,3.5518341307814993,0.996050820801414,2,6,2.5454545454545454,0.9883139428379524,1,4,3.272727272727273,1.4211791645789364,1,5,131904.70175438595,158519.1538869279,25560,693288,59868095.298245616,158519.1116590302,59306712,59974440,0.21984116813720309,0.26419858071322466,0.0426,1.15548,99.78015883186279,0.26419858071322394,98.84452,99.95739999999999,90.0,0.00045783906934549715,89.9919,90.00810000000001,0.0,0.0,0.0,0.0,6.8854254315789465,8.274699832897632,1.3342319999999999,36.1896336,3376.5605748210533,8.940477897569304,3344.8985568,3382.5584160000008,3473.446000252632,0.6659955045305919,3471.0881904,3473.892648000001
run_0727_cfg_073_seed_7_of0,7,12,18,5,40.0,12,10,OF0,627,11,99.9912918660287,0.11461181593650548,97.5,100.0,100.0,0.0,100.0,100.0,135.81977671451355,55.850591348200325,34,268,-73.68102073365232,10.24774612067856,-84,-51,1.0229984051036682,0.05466954164244229,1.0,1.44,3.5518341307814993,0.9944457498728916,2,6,2.5454545454545454,0.9883139428379527,1,4,3.272727272727273,1.421179164578937,1,5,132515.49601275916,154070.616028497,25560,658456,59867484.50398724,154069.61331337068,59341544,59974440,0.22085915314439786,0.25678431414038405,0.0426,1.0974266666666666,99.7791408468556,0.2567843141403828,98.90257333333334,99.95739999999999,90.0,0.0006550918283067993,89.990916,90.009084,0.0,0.0,0.0,0.0,6.917308891866028,8.042486156687541,1.3342319999999999,34.371403199999996,3376.526126024881,8.689526190874071,3346.8630816000004,3382.5584160000008,3473.4434349167473,0.6474966282829662,3471.1101384000003,3473.892648000001
run_0728_cfg_073_seed_8_of0,8,12,18,5,40.0,12,10,OF0,627,11,99.90727272727273,0.3613027466022024,92.85,100.0,99.93620414673046,1.1286624203968179,80.0,100.0,137.45773524720894,56.71355679144257,37,303,-73.62519936204147,10.242812632433079,-84,-51,1.0279425837320575,0.06634749662443674,1.0,1.69,3.5725677830940987,1.0310267888894533,2,7,2.558213716108453,1.0131919001141567,1,5,3.272727272727273,1.4211791645789371,1,5,132525.76714513556,147374.20735893413,25560,662072,59867474.232854865,147374.74461350104,59337928,59974440,0.22087627967335963,0.24562368225630232,0.0426,1.1034533333333334,99.77912372032664,0.24562368225630193,98.89654666666667,99.95739999999999,90.0,0.00042256142718472277,89.993448,90.006552,0.0,0.0,0.0,0.0,6.917845044976076,7.692933624136358,1.3342319999999999,34.5601584,3376.5255467330144,8.31193559620142,3346.6591392,3382.5584160000008,3473.443391777991,0.6192020543880252,3471.2192976,3474.1222368000003
run_0729_cfg_073_seed_9_of0,9,12,18,5,40.0,12,10,OF0,627,11,99.98564593301435,0.22267116902774273,94.73,100.0,100.0,0.0,100.0,100.0,135.99681020733652,55.445653004481024,30,272,-73.41786283891547,10.23716526259807,-84,-51,1.0269059011164274,0.05893080157325944,1.0,1.4,3.617224880382775,1.056044500051604,2,7,2.61244019138756,1.047454671262734,1,5,3.272727272727273,1.4211791645789367,1,5,132475.85326953747,120648.82107501064,25560,628736,59867531.57256778,120650.69071492937,59371264,59974440,0.2207930672344547,0.20108137346860588,0.0426,1.0478933333333333,99.77920693276555,0.2010813734686052,98.95210666666667,99.95739999999999,90.00001113875598,0.0002789140938898403,90.0,90.006984,0.0,0.0,0.0,0.0,6.915239540669856,6.297868460115556,1.3342319999999999,32.8200192,3376.5287806928236,6.804698956322016,3348.5392896000003,3382.5584160000008,3473.444031372249,0.5069393301825106,3471.3593088000002,3473.892648000001
run_0730_cfg_073_seed_10_of0,10,12,18,5,40.0,12,10,OF0,627,11,99.98720893141946,0.11279640137395,98.0,100.0,100.0,0.0,100.0,100.0,136.4433811802233,55.657538263438866,33,275,-73.72408293460926,10.250011014385686,-84,-51,1.0209250398724083,0.04819528096014676,1.0,1.36,3.555023923444976,0.9990823862138344,2,6,2.553429027113238,0.9959664078721506,1,4,3.272727272727273,1.4211791645789371,1,5,132120.39553429026,158788.5556859817,25560,677768,59867879.60446571,158784.72850413166,59322232,59974440,0.22020063851496072,0.26464746008561885,0.0426,1.1296133333333334,99.77979936148505,0.2646474600856187,98.87038666666666,99.95739999999999,90.0,0.000796137609117401,89.99113200000001,90.008868,0.0,0.0,0.0,0.0,6.896684646889953,8.288762606808241,1.3342319999999999,35.3794896,3376.5484096918663,8.95545868763305,3345.7738848000004,3382.5584160000008,3473.4450943387565,0.6673468723345063,3471.1533744000003,3473.8950552
run_0731_cfg_074_seed_1_of0,1,12,18,5,40.0,16,20,OF0,855,15,99.95030409356724,0.38159888104351875,92.85,100.0,99.96100584795322,1.1402039419506362,66.66,100.0,172.3251461988304,78.68838141218923,26,468,-76.77076023391812,10.65704838755631,-93,-51,1.0442105263157895,0.08756825444469489,1.0,1.63,4.205847953216375,1.421551565273987,2,9,3.183625730994152,1.3984646818264885,1,7,3.2,1.2761549390929887,1,5,94298.30175438596,98397.90502795321,10224,554568,59905701.698245615,98397.90502795277,59445432,59989776,0.15716383625730992,0.16399650837992202,0.01704,0.9242800000000001,99.84283616374269,0.16399650837992288,99.07572,99.98295999999999,90.0,0.0,90.0,90.0,0.0,0.0,0.0,0.0,4.9223713515789465,5.136370642459156,0.5336928,28.948449599999996,3378.681575781053,5.54964184357655,3352.7223648,3383.4233664000003,3473.603947132632,0.4132712011174315,3471.6708144,3473.9570592000005
run_0732_cfg_074_seed_2_of0,2,12,18,5,40.0,16,20,OF0,855,15,99.98322807017544,0.15216351724146335,97.67,100.0,99.96100584795322,1.1402039419506351,66.66,100.0,175.94035087719297,83.77776695765232,21,422,-77.27134502923977,10.69138329498136,-93,-51,1.0435906432748538,0.09082162514427969,1.0,1.83,4.309941520467836,1.5534450259235986,2,9,3.2842105263157895,1.5195589932875602,1,7,3.2,1.2761549390929887,1,5,97455.26081871345,99490.25380417792,10736,433240,59902544.73918129,99490.25380417836,59566760,59989264,0.16242543469785575,0.16581708967362968,0.017893333333333334,0.7220666666666666,99.83757456530215,0.16581708967362593,99.27793333333334,99.98210666666667,90.0,0.0,90.0,90.0,0.0,0.0,0.0,0.0,5.087164614736842,5.19339124857808,0.5604192,22.615128,3378.503523289825,5.611250314555619,3359.5652640000003,3383.3944896000003,3473.590687904562,0.4178590659775828,3472.180392,3473.9549088000003
run_0733_cfg_074_seed_3_of0,3,12,18,5,40.0,16,20,OF0,855,15,99.90776608187134,0.4403357687564607,92.85,100.0,99.96100584795322,1.1402039419506331,66.66,100.0,168.53450292397662,76.25432557442235,20,430,-77.04093567251462,10.76802270339462,-93,-51,1.0347719298245615,0.08082225652784408,1.0,1.73,4.178947368421053,1.390676992412931,2,9,3.1625730994152046,1.3577785011030745,1,7,3.2,1.2761549390929878,1,5,93451.78011695907,108682.35433906593,10104,575528,59906548.21988304,108679.07515907416,59424472,59989896,0.15575295509338027,0.18113720375880812,0.01684,0.9592133333333334,99.84424704490662,0.18113720375880984,99.04078666666666,99.98316,90.0,0.0005541947002703284,89.99151599999999,90.008484,0.0,0.0,0.0,0.0,4.878182922105263,5.6732188964992405,0.5274288,30.0425616,3378.7293196014034,6.12949983897177,3351.5402208000005,3383.4301344000005,3473.607502523509,0.4567408407584826,3471.5827824000007,3473.9575632000005
run_0734_cfg_074_seed_4_of0,4,12,18,5,40.0,16,20,OF0,855,15,99.39906432748538,2.0903969826416935,71.42,100.0,99.88301754385965,1.9725772840063964,66.66,100.0,170.553216374269,75.61513027050539,33,444,-77.22222222222223,10.759766424522354,-93,-51,1.0347368421052632,0.07422760577036046,1.0,1.64,4.15906432748538,1.3473746053859197,2,9,3.143859649122807,1.3294120406108814,1,7,3.2,1.2761549390929885,1,5,93102.85847953217,110736.35066237708,9848,567096,59906897.14152047,110735.8349774244,59432904,59990152,0.15517142877785198,0.1845605758819046,0.016413333333333332,0.9451599999999999,99.84482857122214,0.18456057588190658,99.05484,99.98358666666667,90.0,0.0002675881347072707,89.996016,90.003984,0.0,0.0,0.0,0.0,4.8599692126315786,5.780437504576083,0.5140656,29.602411200000002,3378.748998781755,6.24550109272676,3352.0157856000005,3383.4445728000005,3473.608967994386,0.46516918216752423,3471.6181968000005,3473.9586384000004
run_0735_cfg_074_seed_5_of0,5,12,18,5,40.0,16,20,OF0,855,15,99.98660818713451,0.173753721314386,96.42,100.0,99.96100584795322,1.140203941950635,66.66,100.0,167.3450292397661,74.68891938966023,30,407,-76.9812865497076,10.82799847783791,-93,-51,1.0264561403508772,0.06782469917964494,1.0,1.76,4.162573099415205,1.3560525864833914,2,8,3.152046783625731,1.3377223460390064,1,6,3.2,1.2761549390929883,1,5,92678.50292397662,92358.04759309364,10736,438704,59907321.49707603,92359.17582456378,59561296,59989264,0.15446417377982335,0.1539301039079053,0.017893333333333334,0.7311733333333333,99.84553582622017,0.15393010390790618,99.26882666666667,99.98210666666667,90.0,0.00032628029214164304,89.99486399999999,90.005136,0.0,0.0,0.0,0.0,4.837817852631579,4.821090084359478,0.5604192,22.900348799999996,3378.772932435088,5.209057516505427,3359.2570944000004,3383.3944896000003,3473.6107502877194,0.3881586672082567,3472.1574432,3473.9549088000003
run_0736_cfg_074_seed_6_of0,6,12,18,5,40.0,16,20,OF0,855,15,99.91976608187134,0.3613116121156625,96.55,100.0,99.96100584795322,1.1402039419506333,66.66,100.0,170.9298245614035,77.98313777286259,19,399,-76.88187134502924,10.677027200626274,-93,-51,1.0573567251461988,0.09420458452592965,1.0,1.64,4.330994152046784,1.5415132377072391,2,9,3.304093567251462,1.5176308390383542,1,7,3.2,1.2761549390929883,1,5,94303.4760233918,105490.34036640386,10224,527784,59905696.52397661,105490.30583973404,59472216,59989776,0.15717245993211224,0.17581723381804282,0.01704,0.87964,99.84282754006789,0.17581723381804482,99.12035999999999,99.98295999999999,90.0,3.0778197216760205e-05,89.999364,90.00063600000001,0.0,0.0,0.0,0.0,4.922641448421052,5.50659576712628,0.5336928,27.550324800000002,3378.681283952281,5.949653249361049,3354.2329824000008,3383.4233664000003,3473.6039254007023,0.44305890773116086,3471.7833072000008,3473.9570592000005
run_0737_cfg_074_seed_7_of0,7,12,18,5,40.0,16,20,OF0,855,15,99.9630760233918,0.20320445184298308,97.05,100.0,99.96100584795322,1.1402039419506367,66.66,100.0,171.1812865497076,78.84441220263726,22,482,-76.94152046783626,10.637032435965603,-93,-51,1.0340233918128656,0.07652554281263106,1.0,1.64,4.251461988304094,1.4537908423322012,2,8,3.2350877192982455,1.4330276853910577,1,6,3.2,1.2761549390929894,1,5,94142.32514619883,115243.30799707898,10224,570280,59905857.6748538,115242.48414303802,59429720,59989776,0.15690387242506026,0.19207216062569352,0.01704,0.9504666666666667,99.84309612757495,0.1920721606256938,99.04953333333333,99.98295999999999,90.0,0.00017421621065808764,89.99640000000001,90.0036,0.0,0.0,0.0,0.0,4.914229372631578,6.015700677447525,0.5336928,29.768615999999998,3378.6903728617544,6.499676105667367,3351.836208,3383.4233664000003,3473.604602234386,0.4840175189747054,3471.604824,3473.9570592000005
run_0738_cfg_074_seed_8_of0,8,12,18,5,40.0,16,20,OF0,855,15,99.70440935672515,1.2506830343341777,80.0,100.0,99.92201169590643,1.6115475201492238,66.66,100.0,169.47251461988304,75.34269174361107,15,424,-76.87368421052632,10.608332519594967,-93,-51,1.0369005847953217,0.0736842951445264,1.0,1.62,4.170760233918129,1.3649463217212154,2,9,3.1567251461988306,1.3450398209411056,1,7,3.2,1.2761549390929887,1,5,92939.71461988305,114565.64545660284,10224,568744,59907060.28538012,114565.62952120726,59431256,59989776,0.15489952395287165,0.19094274105318854,0.01704,0.9479066666666666,99.84510047604712,0.19094274105318926,99.05209333333333,99.98295999999999,90.0,0.00024317224357773296,89.99563199999999,90.004368,0.0,0.0,0.0,0.0,4.851453103157895,5.980326692834666,0.5336928,29.688436799999998,3378.7582000954385,6.461501504996115,3351.9228384000003,3383.4233664000003,3473.6096531985972,0.4812596920639663,3471.6112752000004,3473.9570592000005
run_0739_cfg_074_seed_9_of0,9,12,18,5,40.0,16,20,OF0,855,15,99.9787134502924,0.25967369362490283,94.44,100.0,100.0,0.0,100.0,100.0,171.72280701754386,79.08368159543122,28,462,-76.80233918128656,10.649493139285893,-93,-51,1.0561286549707603,0.15292727545601392,1.0,3.3,4.312280701754386,1.6026986362920321,2,11,3.2514619883040936,1.4935206165247044,1,8,3.2,1.2761549390929887,1,5,94104.82339181287,100193.74705323251,10224,552224,59905895.17660819,100195.2582250637,59447776,59989776,0.15684137575710896,0.1669895844505373,0.01704,0.9203733333333334,99.8431586242429,0.16698958445053688,99.07962666666667,99.98295999999999,90.0,0.00035263137967249516,89.99301600000001,90.006984,0.0,0.0,0.0,0.0,4.912271781052631,5.230113596178736,0.5336928,28.8260928,3378.6924879607022,5.651012563893579,3352.8545664,3383.4233664000003,3473.6047597417546,0.4211053043173776,3471.6806592,3473.9570592000005
run_0740_cfg_074_seed_10_of0,10,12,18,5,40.0,16,20,OF0,855,15,99.9877543859649,0.14433116527816467,96.96,100.0,100.0,0.0,100.0,100.0,169.82573099415205,76.11522937468737,26,414,-76.75438596491227,10.736268996191608,-93,-51,1.0311461988304094,0.0721814387478029,1.0,1.63,4.250292397660819,1.4519781495332484,2,10,3.2362573099415206,1.4242283022391733,1,8,3.2,1.2761549390929887,1,5,92784.66432748539,91958.0355183887,10736,390064,59907215.33567251,91958.27978873574,59609936,59989264,0.15464110774762835,0.15326339596961164,0.017893333333333334,0.6501066666666667,99.84535889225238,0.15326339596961375,99.34989333333333,99.98210666666667,90.0,0.00012020918535371996,89.997516,90.002484,0.0,0.0,0.0,0.0,4.843359477894737,4.800209454059887,0.5604192,20.361340799999997,3378.76694493193,5.186446980084653,3362.0003904,3383.3944896000003,3473.610304409825,0.38626374133813773,3472.3617312,3473.9549088000003
run_0741_cfg_075_seed_1_mrhof,1,12,18,5,50.0,16,10,MRHOF,855,15,99.90156725146198,0.47400691192877215,91.66,100.0,99.96100584795322,0.8057737600746114,83.33,100.0,149.81169590643276,79.68229275526942,33,364,-71.72748538011696,10.748209594032167,-94,-52,1.0318947368421052,0.06892050308217768,1.0,1.55,3.7461988304093565,1.4150103425606713,2,7,2.7461988304093565,1.4150103425606713,1,6,4.8,1.3767898718715414,3,7,149353.66549707603,161689.42350147472,26656,637560,59850646.33450292,161688.5779704411,59362440,59973344,0.2489227704524031,0.26948234320243053,0.04442666666666666,1.0626,99.75107722954759,0.26948234320243036,98.9374,99.95557333333333,90.0,0.0005111325350475754,89.9919,90.00810000000001,0.0,0.0,0.0,0.0,7.796261338947368,8.440187906776982,1.3914431999999999,33.280632,3375.5764532659655,9.11923579753288,3348.041616,3382.4966016000003,3473.3727146049127,0.6793124011374855,3471.322248,3473.8880448000004
run_0742_cfg_075_seed_2_mrhof,2,12,18,5,50.0,16,10,MRHOF,855,15,99.98873684210525,0.11132707991786189,97.22,100.0,99.98050292397662,0.5701019709753175,83.33,100.0,149.98362573099416,78.59837561681631,29,332,-72.13333333333334,10.20313585446342,-94,-59,1.0338362573099416,0.07008039107440929,1.0,1.65,3.7380116959064327,1.398943487216373,2,7,2.7380116959064327,1.398943487216373,1,6,4.8,1.3767898718715412,3,7,150595.99532163743,136584.43828140284,25560,510456,59849404.00467836,136583.21830848555,59489544,59974440,0.2509933199790863,0.2276407016256547,0.0426,0.8507600000000001,99.74900668002091,0.2276407016256527,99.14924,99.95739999999999,90.0,0.00039198647398217007,89.9919,90.00810000000001,0.0,0.0,0.0,0.0,7.8611109557894725,7.129707678289233,1.3342319999999999,26.6458032,3375.50638586386,7.703293512598633,3355.2102816000006,3382.5584160000008,3473.367496819649,0.573769061533627,3471.8560848000006,3473.892648000001
run_0743_cfg_075_seed_3_mrhof,3,12,18,5,50.0,16,10,MRHOF,855,15,99.92681871345029,0.24841923397484186,96.15,100.0,99.89083040935672,1.4296901575569345,80.0,100.0,150.3216374269006,79.6136789767919,29,357,-71.95204678362573,11.610230988415605,-94,-52,1.0319181286549708,0.06519700167138787,1.0,1.75,3.7637426900584794,1.4446363785627032,2,7,2.7578947368421054,1.4375705707252624,1,6,4.8,1.3767898718715428,3,7,149016.5894736842,175384.10729018564,24464,745600,59850983.41052631,175384.16413803404,59254400,59975536,0.24836098074688426,0.292306811896971,0.040773333333333335,1.2426666666666668,99.7516390192531,0.29230681189697,98.75733333333334,99.95922666666667,90.0,0.0005699201965577347,89.99116800000002,90.008832,0.0,0.0,0.0,0.0,7.778665970526315,9.155050400547681,1.2770207999999998,38.920320000000004,3375.5954643536843,9.891666857385111,3341.9481600000004,3382.6202304000003,3473.374130324211,0.7369211472076762,3470.8684800000005,3474.0874224000004
run_0744_cfg_075_seed_4_mrhof,4,12,18,5,50.0,16,10,MRHOF,855,15,99.85775438596492,0.5250394079344276,93.33,100.0,99.953216374269,0.9667351650565233,80.0,100.0,150.05263157894737,78.86650618673181,33,349,-70.2,10.577847914889807,-94,-52,1.0319181286549708,0.06320160550133162,1.0,1.63,3.736842105263158,1.3966292114219028,2,7,2.7333333333333334,1.3896573466087259,1,5,4.8,1.3767898718715423,3,7,150073.46900584796,121688.5128239536,23616,559976,59849923.84561404,121684.94012714378,59440024,59976384,0.25012244575100784,0.20281414014964128,0.039360000000000006,0.9332933333333333,99.74987755424898,0.20281414014964105,99.06670666666668,99.96064,89.99999597192982,0.0005327897495679327,89.9919,90.00810000000001,0.0,0.0,0.0,0.0,7.833835082105263,6.352140369410382,1.2327552,29.2307472,3375.535704892632,6.8630306231709275,3352.4173536000003,3382.6680576000003,3473.369535946667,0.5112686213855225,3471.6481008,3473.9008128000005
run_0745_cfg_075_seed_5_mrhof,5,12,18,5,50.0,16,10,MRHOF,855,15,99.91578947368421,0.41907956758115117,94.11,100.0,99.9766081871345,0.6839855680567654,80.0,100.0,150.0,80.52927958944113,32,372,-71.47953216374269,9.86497790205529,-94,-59,1.037719298245614,0.07244033830049455,1.0,1.76,3.7625730994152047,1.4350914662855887,2,7,2.760233918128655,1.4306153804443391,1,6,4.8,1.3767898718715423,3,7,150923.64912280702,146902.81919706438,25120,558592,59849076.350877196,146900.43358861507,59441408,59974880,0.25153940460946356,0.24483797323123924,0.04186666666666667,0.9309866666666666,99.74846059539054,0.244837973231239,99.06901333333333,99.95813333333334,90.0,0.0003788124423905532,89.99340000000001,90.00659999999999,0.0,0.0,0.0,0.0,7.878214484210526,7.6683271620867535,1.311264,29.158502399999996,3375.487906189474,8.285184454397886,3352.4954112000005,3382.5832320000004,3473.3661206736847,0.6170144122052541,3471.6539136000006,3473.8944960000003
run_0746_cfg_075_seed_6_mrhof,6,12,18,5,50.0,16,10,MRHOF,855,15,99.89456140350877,0.3315671583190673,96.42,100.0,99.95711111111112,0.8899097159982843,80.0,100.0,149.587134502924,79.23432814760146,31,392,-72.06666666666666,11.180716923048763,-94,-52,1.032421052631579,0.0695812871982452,1.0,1.56,3.7508771929824563,1.4191467742513424,2,7,2.7333333333333334,1.389657346608726,1,5,4.8,1.376789871871541,3,7,148751.10175438598,189522.62009456998,25560,749312,59851248.89824562,189521.11363596204,59250688,59974440,0.24791849376489666,0.31587099110603617,0.0426,1.2488533333333334,99.75208150623511,0.3158709911060356,98.75114666666667,99.95739999999999,90.0,0.0004515464761684888,89.99113200000001,90.008868,0.0,0.0,0.0,0.0,7.7648075115789466,9.893080768936551,1.3342319999999999,39.1140864,3375.610437861053,10.688990809068255,3341.7388032000003,3382.5584160000008,3473.375245372632,0.796084760097667,3470.8528896000003,3473.9439336000005
run_0747_cfg_075_seed_7_mrhof,7,12,18,5,50.0,16,10,MRHOF,855,15,99.9761403508772,0.17358347126487755,97.22,100.0,99.98050292397662,0.5701019709753177,83.33,100.0,149.4561403508772,78.05440144295052,25,355,-71.4,8.838599611439296,-94,-63,1.0296608187134504,0.06288536127027018,1.0,1.52,3.742690058479532,1.404822662458596,2,7,2.7391812865497074,1.399580661060904,1,6,4.8,1.3767898718715426,3,7,149158.43742690058,130895.19665340116,25560,475712,59850841.5625731,130895.79201760517,59524288,59974440,0.24859739654813542,0.21815866445733878,0.0426,0.7928533333333333,99.75140260345187,0.21815866445733798,99.20714666666667,99.95739999999999,90.0,0.0004663187238629278,89.990364,90.009636,0.0,0.0,0.0,0.0,7.78607043368421,6.832729265307537,1.3342319999999999,24.832166400000002,3375.587464129123,7.382522669792947,3357.1698432000003,3382.5584160000008,3473.3735345628074,0.5500675073646059,3472.0020096000003,3473.892648000001
run_0748_cfg_075_seed_8_mrhof,8,12,18,5,50.0,16,10,MRHOF,855,15,99.92940350877193,0.23558238113553956,97.72,100.0,99.91032748538012,1.3124398986146073,80.0,100.0,150.41988304093567,80.5167754349987,33,357,-72.46666666666667,10.929559429402588,-94,-52,1.0335906432748538,0.07189861393088817,1.0,1.71,3.736842105263158,1.3957905408127187,2,7,2.7333333333333334,1.3896573466087274,1,5,4.8,1.376789871871542,3,7,148813.76374269006,172024.99826055407,24832,677072,59851186.23625731,172024.92608541803,59322928,59975168,0.24802293911409415,0.2867083276915354,0.04138666666666667,1.1284533333333333,99.7519770608859,0.28670832769153487,98.87154666666666,99.95861333333333,90.0,0.00013646936501640546,89.99718,90.00282,0.0,0.0,0.0,0.0,7.7680784673684204,8.979704909200922,1.2962304,35.3431584,3375.6069037249126,9.702205831217576,3345.8131392,3382.5994752,3473.374982192281,0.7225186238684419,3471.1562976,3473.8957056
run_0749_cfg_075_seed_9_mrhof,9,12,18,5,50.0,16,10,MRHOF,855,15,99.98432748538012,0.18095113105889007,96.29,100.0,100.0,0.0,100.0,100.0,149.02573099415204,78.61255474394775,34,346,-71.08888888888889,10.003468042922224,-94,-59,1.0315087719298246,0.07421212779090444,1.0,2.19,3.734502923976608,1.3903027165789483,2,6,2.7333333333333334,1.3896573466087265,1,5,4.8,1.3767898718715417,3,7,150608.9543859649,136656.72888117365,25560,497264,59849391.045614034,136655.3751540979,59502736,59974440,0.251014917159879,0.2277611901978178,0.0426,0.8287733333333334,99.74898508284011,0.2277611901978169,99.17122666666667,99.95739999999999,90.0,0.0005258652822548103,89.99164800000001,90.008352,0.0,0.0,0.0,0.0,7.861787418947368,7.133481247597267,1.3342319999999999,25.957180799999996,3375.505654972632,7.70736315869113,3355.9543104000004,3382.5584160000008,3473.367442391579,0.5742127208276004,3471.9114912000005,3473.892648000001
run_0750_cfg_075_seed_10_mrhof,10,12,18,5,50.0,16,10,MRHOF,855,15,99.98709941520468,0.09272359866330057,98.55,100.0,99.9766081871345,0.6839855680567694,80.0,100.0,149.4701754385965,78.52154785239185,27,335,-74.6,10.156803421239621,-94,-60,1.0332280701754386,0.0685726893963547,1.0,1.46,3.7380116959064327,1.3989434872163722,2,7,2.7380116959064327,1.3989434872163722,1,6,4.8,1.3767898718715428,3,7,149143.60701754387,174439.5715520821,25560,755632,59850856.39298245,174443.36775659365,59244368,59974440,0.2485726956060747,0.2907327403048822,0.0426,1.2593866666666667,99.75142730439393,0.2907327403048811,98.74061333333334,99.95739999999999,90.0,0.00043306114792945085,89.9919,90.00810000000001,0.0,0.0,0.0,0.0,7.785296286315789,9.105745635018685,1.3342319999999999,39.4439904,3375.588300564211,9.838605941471881,3341.3823552000003,3382.5584160000008,3473.3735968505266,0.7330427618788776,3470.6233224000007,3473.892648000001
run_0751_cfg_076_seed_1_of0,1,12,18,5,60.0,12,10,OF0,627,11,99.97149920255183,0.4412359035744907,91.66,100.0,100.0,0.0,100.0,100.0,94.70813397129187,38.7774758514957,35,196,-72.33971291866028,15.012595411977063,-93,-51,1.0078309409888357,0.0285610740636453,1.0,1.24,2.8181818181818183,0.7163904098224002,2,4,1.8181818181818181,0.7163904098224003,1,3,5.818181818181818,2.3302678229409053,1,9,84714.02870813398,78575.51157852329,25560,355880,59915285.97129186,78575.57543372105,59644120,59974440,0.14119004790322268,0.13095918595027764,0.0426,0.5931333333333334,99.85880995209678,0.1309591859502767,99.40686666666667,99.95739999999999,90.0,0.00011598589756682155,89.99794800000001,90.00205199999999,0.0,0.0,0.0,0.0,4.4220722985645935,4.101641704398914,1.3342319999999999,18.576936,3379.2221287808616,4.431662454461888,3363.9283680000003,3382.5584160000008,3473.6442010794267,0.3300490095977475,3472.5053040000003,3473.9439336000005
run_0752_cfg_076_seed_2_of0,2,12,18,5,60.0,12,10,OF0,627,11,99.76740031897927,0.6509470398994862,93.33,100.0,99.94682615629985,0.9407401274007444,83.33,100.0,94.84370015948963,40.070797622080065,31,217,-68.25518341307814,14.909266081940071,-93,-51,1.0094736842105263,0.03263522655725339,1.0,1.31,2.8181818181818183,0.7163904098224001,2,4,1.8181818181818181,0.7163904098224001,1,3,5.818181818181818,2.3302678229409066,1,9,84843.08771929824,70367.93785336545,25560,303200,59915156.9122807,70367.81826932209,59696800,59974440,0.14140514592872916,0.11727989599102966,0.0426,0.5053333333333333,99.85859485407127,0.11727989599102895,99.49466666666666,99.95739999999999,90.0,7.732393171101504e-05,89.99863200000001,90.001368,0.0,0.0,0.0,0.0,4.428809178947368,3.673206355945678,1.3342319999999999,15.82704,3379.214849852632,3.968744950389738,3366.8995200000004,3382.5584160000008,3473.6436590315793,0.29555239295891633,3472.7265600000005,3473.892648000001
run_0753_cfg_076_seed_3_of0,3,12,18,5,60.0,12,10,OF0,627,11,99.99419457735247,0.09417769437352311,98.27,100.0,100.0,0.0,100.0,100.0,95.05422647527911,39.17748905993438,27,219,-67.63955342902712,14.092717800620422,-93,-51,1.0091547049441787,0.030670150582835794,1.0,1.29,2.819776714513557,0.7201290804820767,2,5,1.8197767145135566,0.7201290804820767,1,4,5.818181818181818,2.330267822940906,1,9,84940.61881977672,83156.85983495323,25560,371592,59915059.38118023,83156.85983495339,59628408,59974440,0.14156769803296118,0.13859476639158871,0.0426,0.61932,99.85843230196703,0.138594766391588,99.38068,99.95739999999999,90.0,0.0,90.0,90.0,0.0,0.0,0.0,0.0,4.4339003023923445,4.340788083384557,1.3342319999999999,19.397102399999998,3379.209349098565,4.690046894691365,3363.0422112,3382.5584160000008,3473.6432494009573,0.34925881130684255,3472.4393136,3473.892648000001
run_0754_cfg_076_seed_4_of0,4,12,18,5,60.0,12,10,OF0,627,11,99.9914673046252,0.11649740552819036,97.29,100.0,100.0,0.0,100.0,100.0,95.39393939393939,39.82777814656709,30,202,-68.96331738437001,15.032348309118108,-93,-51,1.0094736842105263,0.028299130022795348,1.0,1.25,2.8181818181818183,0.7163904098224003,2,4,1.8181818181818181,0.7163904098224003,1,3,5.818181818181818,2.3302678229409053,1,9,84729.09728867623,101962.45576237538,25560,454672,59915270.902711324,101962.4557623754,59545328,59974440,0.14121516214779373,0.1699374262706257,0.0426,0.7577866666666666,99.85878483785221,0.16993742627062475,99.24221333333332,99.95739999999999,90.0,0.0,90.0,90.0,0.0,0.0,0.0,0.0,4.422858878468899,5.3224401907959935,1.3342319999999999,23.7338784,3379.221278912919,5.750682504997964,3358.3564992,3382.5584160000008,3473.6441377913875,0.4282423142019953,3472.0903776,3473.892648000001
run_0755_cfg_076_seed_5_of0,5,12,18,5,60.0,12,10,OF0,627,11,99.97454545454545,0.11138214917223388,98.97,100.0,99.96810207336523,0.7987230638308705,80.0,100.0,94.44178628389155,39.54090827024645,27,189,-66.01116427432217,14.694488428517895,-93,-51,1.0075757575757576,0.02525635818201924,1.0,1.2,2.8181818181818183,0.7163904098224008,2,4,1.8181818181818181,0.716390409822401,1,3,5.818181818181818,2.3302678229409066,1,9,84753.62041467305,74932.12028090347,25560,345984,59915246.379585326,74927.54011703501,59654016,59974440,0.14125602310211788,0.12488680039219839,0.0426,0.5766399999999999,99.85874397689788,0.12488680039219735,99.42336,99.95739999999999,90.0,0.00047954403263155207,89.99151599999999,90.008484,0.0,0.0,0.0,0.0,4.424138985645933,3.911456678663162,1.3342319999999999,18.0603648,3379.219895808613,4.225913262600787,3364.4865024,3382.5584160000008,3473.6440347942585,0.31495450110541845,3472.5468672,3473.892648000001
run_0756_cfg_076_seed_6_of0,6,12,18,5,60.0,12,10,OF0,627,11,99.98977671451355,0.11633081024471428,98.03,100.0,100.0,0.0,100.0,100.0,93.89792663476874,38.887103476352564,34,205,-67.79425837320574,14.715212365721413,-93,-54,1.0074003189792664,0.02908790576646795,1.0,1.5,2.819776714513557,0.7179073786896523,2,4,1.8181818181818181,0.7163904098224004,1,3,5.818181818181818,2.3302678229409057,1,9,84527.8341307815,109496.16502983475,25560,515840,59915472.16586922,109496.16502983472,59484160,59974440,0.1408797235513025,0.182493608383058,0.0426,0.8597333333333333,99.85912027644869,0.1824936083830569,99.14026666666666,99.95739999999999,90.0,0.0,90.0,90.0,0.0,0.0,0.0,0.0,4.412352941626794,5.715699814557374,1.3342319999999999,26.926847999999996,3379.232630155024,6.175583707682695,3354.906624,3382.5584160000008,3473.6449830966512,0.45988389312535005,3471.8334720000003,3473.892648000001
run_0757_cfg_076_seed_7_of0,7,12,18,5,60.0,12,10,OF0,627,11,99.99637958532696,0.0723441550581247,98.27,100.0,100.0,0.0,100.0,100.0,94.32695374800637,39.4024450369622,29,204,-70.13397129186603,15.202086329590998,-93,-51,1.007799043062201,0.030500685568837154,1.0,1.47,2.819776714513557,0.7201290804820767,2,5,1.8181818181818181,0.7163904098224005,1,3,5.818181818181818,2.330267822940906,1,9,84518.91547049442,113136.5941226999,25560,513952,59915481.084529504,113136.59412269984,59486048,59974440,0.1408648591174907,0.1885609902044997,0.0426,0.8565866666666666,99.8591351408825,0.18856099020449876,99.14341333333333,99.95739999999999,90.0,0.0,90.0,90.0,0.0,0.0,0.0,0.0,4.411887387559808,5.905730213204938,1.3342319999999999,26.828294399999997,3379.2331331674645,6.380903908520292,3355.0131072,3382.5584160000008,3473.6450205550245,0.4751736953153842,3471.8414015999997,3473.892648000001
run_0758_cfg_076_seed_8_of0,8,12,18,5,60.0,12,10,OF0,627,11,99.97470494417863,0.3202301000161383,93.33,100.0,100.0,0.0,100.0,100.0,95.34290271132376,40.500488616092994,26,192,-69.22009569377991,14.90714748022632,-93,-54,1.0107655502392345,0.03358819718639127,1.0,1.27,2.8181818181818183,0.7163904098224007,2,4,1.8181818181818181,0.7163904098224008,1,3,5.818181818181818,2.330267822940906,1,9,84817.92663476874,108803.14831407825,25560,499784,59915182.073365234,108802.0081945068,59500216,59974440,0.1413632059084074,0.18133855819588407,0.0426,0.8329733333333333,99.85863679409158,0.18133855819588335,99.16702666666667,99.95739999999999,90.0,0.0005284981675448101,89.99340000000001,90.00659999999999,0.0,0.0,0.0,0.0,4.427495770334928,5.679524341994888,1.3342319999999999,26.088724799999998,3379.216268937799,6.136433262170209,3355.8121824000004,3382.5584160000008,3473.6437647081348,0.45732938659154165,3471.9009072000003,3473.9183256
run_0759_cfg_076_seed_9_of0,9,12,18,5,60.0,12,10,OF0,627,11,99.99704944178629,0.0579445789433427,98.63,100.0,100.0,0.0,100.0,100.0,95.49920255183413,40.39977441182065,32,241,-67.73205741626795,13.786191733088966,-93,-51,1.0094417862838916,0.031468444187021695,1.0,1.29,2.8740031897926634,0.8023988117045999,2,5,1.8740031897926634,0.8023988117045997,1,4,5.818181818181818,2.3302678229409057,1,9,85820.95055821372,58416.174837301274,25560,287072,59914179.049441785,58416.17483730103,59712928,59974440,0.14303491759702286,0.09736029139550212,0.0426,0.4784533333333334,99.85696508240298,0.097360291395501,99.52154666666667,99.95739999999999,90.0,0.0,90.0,90.0,0.0,0.0,0.0,0.0,4.479853619138756,3.049324326507127,1.3342319999999999,14.985158399999998,3379.159698388517,3.29467226082378,3367.8091392,3382.5584160000008,3473.6395520076558,0.24534793431669583,3472.7942976,3473.892648000001
run_0760_cfg_076_seed_10_of0,10,12,18,5,60.0,12,10,OF0,627,11,99.98658692185008,0.15808910827305064,97.14,100.0,100.0,0.0,100.0,100.0,94.95215311004785,39.88414861636035,30,205,-66.00797448165869,14.206203934752226,-93,-52,1.0090909090909093,0.0283458168440921,1.0,1.28,2.8181818181818183,0.7163904098224002,2,4,1.8181818181818181,0.7163904098224003,1,3,5.818181818181818,2.330267822940905,1,9,85112.95693779904,88162.54646770743,25560,391584,59914887.0430622,88163.3554767688,59608416,59974440,0.14185492829649465,0.14693757726899945,0.0426,0.65264,99.8581450717035,0.14693757726899806,99.34736,99.95739999999999,90.0,0.0005581260292585787,89.99151599999999,90.008484,0.0,0.0,0.0,0.0,4.4428963521531095,4.602084925614327,1.3342319999999999,20.440684799999996,3379.1996292287085,4.972413248889751,3361.9146624000005,3382.5584160000008,3473.6425255808617,0.3709102665729929,3472.3553472000003,3473.892648000001
run_0761_cfg_077_seed_1_of0,1,12,18,10,50.0,12,10,OF0,627,11,99.95121212121212,0.22774726333169903,95.65,100.0,99.93620414673046,1.1286624203968179,80.0,100.0,109.70813397129187,53.283010565122765,34,259,-68.22169059011165,10.608949821102396,-94,-52,1.0112599681020735,0.031967051357967714,1.0,1.28,3.090909090909091,0.9966542927526431,2,5,2.090909090909091,0.9966542927526431,1,4,4.545454545454546,1.7782204486465953,1,7,103360.93141945773,71598.56953860546,25560,360952,59896639.068580545,71602.27585259874,59639048,59974440,0.17226822633778766,0.11933098420330761,0.0426,0.6015866666666666,99.82773177366221,0.11933098420330736,99.39841333333334,99.95739999999999,90.0,9.428093427994949e-05,89.998332,90.00166800000001,0.0,0.0,0.0,0.0,5.395440620095694,3.7374453299152037,1.3342319999999999,18.841694399999998,3378.1704434679427,4.038368358086558,3363.6423072000007,3382.5584160000008,3473.5658840880383,0.3009489251273331,3472.4840016000007,3473.892648000001
run_0762_cfg_077_seed_2_of0,2,12,18,10,50.0,12,10,OF0,627,11,99.99159489633175,0.12192810105527521,97.43,100.0,100.0,0.0,100.0,100.0,109.9505582137161,54.461779359746885,34,265,-68.31259968102073,10.984794199904213,-94,-52,1.0104306220095693,0.03019065435387845,1.0,1.32,3.090909090909091,0.9966542927526437,2,5,2.090909090909091,0.9966542927526437,1,4,4.545454545454546,1.7782204486465947,1,7,103099.16427432217,75238.97693033899,25560,396224,59896900.83572568,75238.97693033915,59603776,59974440,0.1718319404572036,0.12539829488389836,0.0426,0.6603733333333334,99.8281680595428,0.1253982948838977,99.33962666666667,99.95739999999999,90.0,0.0,90.0,90.0,0.0,0.0,0.0,0.0,5.381776375119617,3.9274745957636945,1.3342319999999999,20.682892799999998,3378.185207134929,4.24347829887117,3361.6529664000004,3382.5584160000008,3473.566983510048,0.3160037031074661,3472.3358592000004,3473.892648000001
run_0763_cfg_077_seed_3_of0,3,12,18,10,50.0,12,10,OF0,627,11,99.95430622009569,0.20363146096356488,97.05,100.0,99.97341307814992,0.6657356737030331,83.33,100.0,110.13078149920256,54.40587140482172,34,250,-68.55342902711324,10.812145588022767,-94,-52,1.015438596491228,0.04219902611501566,1.0,1.35,3.094098883572568,0.9995591407362652,2,6,2.090909090909091,0.9966542927526426,1,4,4.545454545454546,1.7782204486465953,1,7,103387.63636363637,89540.35479927485,25560,364232,59896612.36363637,89538.37598754697,59635768,59974440,0.17231272047911755,0.14923391574341116,0.0426,0.6070533333333333,99.82768727952089,0.14923391574340963,99.39294666666667,99.95739999999999,90.0,0.0005534237784860151,89.991264,90.008736,0.0,0.0,0.0,0.0,5.396834618181818,4.674006520522146,1.3342319999999999,19.0129104,3378.1689373090912,5.0499644056976924,3363.4573152000003,3382.5584160000008,3473.5657719272726,0.3765173657149847,3472.4702256,3473.892648000001
run_0764_cfg_077_seed_4_of0,4,12,18,10,50.0,12,10,OF0,627,11,99.98207336523126,0.21882384057316842,95.65,100.0,100.0,0.0,100.0,100.0,110.53748006379585,54.15971336212235,30,270,-68.85007974481658,10.331092953943626,-94,-52,1.0151355661881978,0.039724761450796515,1.0,1.29,3.090909090909091,0.9966542927526428,2,5,2.090909090909091,0.9966542927526428,1,4,4.545454545454546,1.7782204486465958,1,7,103778.20733652312,79171.71003654208,24632,362056,59896221.79266348,79174.92134343855,59637944,59975368,0.17296368416320163,0.13195285191178033,0.04105333333333334,0.6034266666666667,99.82703631583679,0.1319528519117798,99.39657333333334,99.95894666666668,90.0,0.0005393017850293268,89.99194800000001,90.00805199999999,0.0,0.0,0.0,0.0,5.417222422966506,4.132763263907495,1.2857904,18.899323199999998,3378.1469091062204,4.4654655637699525,3363.5800416,3382.6107552000003,3473.564131529187,0.33331052843416786,3472.4304552000003,3473.9234328000002
run_0765_cfg_077_seed_5_of0,5,12,18,10,50.0,12,10,OF0,627,11,99.98755980861243,0.15924425402374562,96.29,100.0,99.96810207336523,0.7987230638308717,80.0,100.0,110.67304625199363,54.94507821977992,31,260,-69.99521531100478,10.691206386703412,-94,-52,1.0125837320574163,0.03706083320615557,1.0,1.37,3.0925039872408293,0.9989089645172987,2,5,2.090909090909091,0.9966542927526436,1,4,4.545454545454546,1.7782204486465947,1,7,103293.47368421052,87754.48357723866,25560,436592,59896706.526315786,87754.21098475216,59563408,59974440,0.17215578855250815,0.1462574721635564,0.0426,0.7276533333333333,99.82784421144748,0.14625747216355575,99.27234666666666,99.95739999999999,90.0,0.0002050729161989769,89.997516,90.002484,0.0,0.0,0.0,0.0,5.391919326315789,4.580784042731859,1.3342319999999999,22.7901024,3378.1742480842104,4.949337499540034,3359.3762112000004,3382.5584160000008,3473.5661674105268,0.3686318810497222,3472.1663136,3473.892648000001
run_0766_cfg_077_seed_6_of0,6,12,18,10,50.0,12,10,OF0,627,11,99.99413078149921,0.0778135856703955,98.41,100.0,100.0,0.0,100.0,100.0,109.67783094098884,54.772065036720186,34,259,-67.62519936204147,10.732212555758496,-94,-52,1.009043062200957,0.028035402006887977,1.0,1.21,3.090909090909091,0.9966542927526434,2,5,2.090909090909091,0.9966542927526434,1,4,4.545454545454546,1.7782204486465951,1,7,102967.71929824562,79346.93227669862,25560,338672,59897032.28070176,79346.50595058629,59661328,59974440,0.17161286315573973,0.13224487253065134,0.0426,0.5644533333333334,99.82838713684426,0.13224487253065054,99.43554666666667,99.95739999999999,90.0,0.0004795440326328109,89.99151599999999,90.008484,0.0,0.0,0.0,0.0,5.374914947368421,4.141909864843667,1.3342319999999999,17.6786784,3378.1926206315793,4.475142935613083,3364.8988992000004,3382.5584160000008,3473.5675355789476,0.3337089049495768,3472.440708,3473.892648000001
run_0767_cfg_077_seed_7_of0,7,12,18,10,50.0,12,10,OF0,627,11,99.9195534290271,0.34455990117164176,96.0,100.0,99.97341307814992,0.6657356737030327,83.33,100.0,110.11323763955343,55.29992229609926,33,264,-70.38755980861244,9.104717641589906,-94,-60,1.0159170653907497,0.04146956402298068,1.0,1.46,3.0925039872408293,1.000506875324671,2,6,2.090909090909091,0.9966542927526431,1,4,4.545454545454546,1.7782204486465951,1,7,103592.9696969697,84886.74754448535,25560,341752,59896407.03030303,84886.7475444856,59658248,59974440,0.1726549494949495,0.1414779125741423,0.0426,0.5695866666666666,99.82734505050504,0.14147791257414144,99.43041333333333,99.95739999999999,90.0,0.0,90.0,90.0,0.0,0.0,0.0,0.0,5.407553018181818,4.4310882218221375,1.3342319999999999,17.8394544,3378.1573565090916,4.787612561508974,3364.7251872,3382.5584160000008,3473.564909527273,0.35652433968685093,3472.5646416,3473.892648000001
run_0768_cfg_077_seed_8_of0,8,12,18,10,50.0,12,10,OF0,627,11,99.9839393939394,0.20001106078428266,95.83,100.0,100.0,0.0,100.0,100.0,110.22328548644339,54.595912321560114,32,262,-69.49601275917065,10.901588537401988,-94,-52,1.0111802232854865,0.032419145793922036,1.0,1.31,3.090909090909091,0.9966542927526431,2,5,2.090909090909091,0.9966542927526431,1,4,4.545454545454546,1.7782204486465942,1,7,103332.37639553429,94167.49035891882,25560,393528,59896667.62360447,94165.32753480287,59606472,59974440,0.1722206194774503,0.15694578070033433,0.0426,0.65588,99.82777938052254,0.15694578070033346,99.34412,99.95739999999999,90.0,0.000600400505306854,89.99301600000001,90.006984,0.0,0.0,0.0,0.0,5.39395004784689,4.915542996735563,1.3342319999999999,20.542161599999996,3378.1720539712924,5.310924472962886,3361.8050208000004,3382.5584160000008,3473.566004019139,0.39600766779201385,3472.3471824000003,3473.892648000001
run_0769_cfg_077_seed_9_of0,9,12,18,10,50.0,12,10,OF0,627,11,99.99208931419457,0.11875796928635018,97.29,100.0,100.0,0.0,100.0,100.0,110.67464114832536,54.66733005836005,29,243,-68.88676236044657,10.165009215165309,-94,-52,1.016762360446571,0.0442929470962422,1.0,1.46,3.094098883572568,1.0043421430798187,2,6,2.090909090909091,0.9966542927526431,1,4,4.545454545454546,1.7782204486465958,1,7,103775.87240829346,76941.65758968431,25560,296728,59896224.12759171,76941.65758968446,59703272,59974440,0.17295978734715575,0.1282360959828072,0.0426,0.49454666666666663,99.82704021265285,0.12823609598280708,99.50545333333334,99.95739999999999,90.0,0.0,90.0,90.0,0.0,0.0,0.0,0.0,5.417100539712918,4.016354526181524,1.3342319999999999,15.4892016,3378.147040796173,4.33950948805821,3367.2645408000003,3382.5584160000008,3473.5641413358853,0.3231549618767239,3472.7537424,3473.892648000001
run_0770_cfg_077_seed_10_of0,10,12,18,10,50.0,12,10,OF0,627,11,99.99773524720894,0.0330065355866441,99.44,100.0,100.0,0.0,100.0,100.0,111.23285486443382,55.99811731188567,28,275,-71.50877192982456,10.064068067204204,-94,-52,1.0157735247208932,0.03792753811915743,1.0,1.29,3.090909090909091,0.9966542927526434,2,5,2.090909090909091,0.9966542927526434,1,4,4.545454545454546,1.7782204486465951,1,7,103824.91866028708,97678.47583738755,25560,449192,59896175.08133971,97677.88644725745,59550808,59974440,0.1730415293076554,0.162797453695975,0.0426,0.7486533333333333,99.82695847069235,0.1627974536959738,99.25134666666666,99.95739999999999,90.0,0.0001790659471208407,89.99683200000001,90.00316799999999,0.0,0.0,0.0,0.0,5.419660754066985,5.098816438711629,1.3342319999999999,23.4478224,3378.14427458756,5.509032795625322,3358.6655712000006,3382.5584160000008,3473.563935341627,0.41026947548634507,3472.1133936000006,3473.892648000001
run_0771_cfg_078_seed_1_of0,1,12,18,10,50.0,12,20,OF0,627,11,99.99478468899522,0.07632164505052105,98.71,100.0,100.0,0.0,100.0,100.0,109.06698564593302,54.17837045578431,22,274,-68.03030303030303,10.52218288453635,-94,-52,1.0139553429027113,0.04507343581286541,1.0,1.45,3.1004784688995217,1.0163753932631776,2,6,2.0972886762360448,1.011961520715243,1,5,4.545454545454546,1.7782204486465953,1,7,56578.22009569378,34071.93079067454,10224,154832,59943421.779904306,34071.38175946791,59845168,59989776,0.09429703190685826,0.056786549368225823,0.01704,0.25805333333333336,99.90570296809314,0.05678654936822567,99.74194666666666,99.98295999999999,90.0,0.0004164639830781493,89.992632,90.007368,0.0,0.0,0.0,0.0,2.9533830889952153,1.778554787273211,0.5336928,8.0822304,3380.8089883866032,1.9216259312339505,3375.2674752000003,3383.4233664000003,3473.7623714755982,0.14390549684238543,3473.3497056,3474.0625104000005
run_0772_cfg_078_seed_2_of0,2,12,18,10,50.0,12,20,OF0,627,11,99.99023923444976,0.13321092426367553,97.43,100.0,100.0,0.0,100.0,100.0,109.40829346092504,54.31727696116628,26,256,-70.04625199362042,10.073028762689487,-94,-52,1.015470494417863,0.04153862293242971,1.0,1.31,3.090909090909091,0.9966542927526437,2,5,2.090909090909091,0.9966542927526437,1,4,4.545454545454546,1.7782204486465947,1,7,56682.11802232855,43960.90532960155,10736,179016,59943317.88197767,43960.90532960147,59820984,59989264,0.09447019670388092,0.07326817554933591,0.017893333333333334,0.29836,99.90552980329612,0.07326817554933482,99.70164,99.98210666666667,90.0,0.0,90.0,90.0,0.0,0.0,0.0,0.0,2.95880656076555,2.2947592582052003,0.5604192,9.344635199999999,3380.803128543541,2.4793950605895563,3373.9034976000007,3383.3944896000003,3473.7619351043063,0.18463580238440688,3473.248132800001,3473.9549088000003
run_0773_cfg_078_seed_3_of0,3,12,18,10,50.0,12,20,OF0,627,11,99.99199362041468,0.1307205881401581,97.22,100.0,100.0,0.0,100.0,100.0,108.00318979266348,54.22727573738538,22,280,-67.7719298245614,10.650592535145648,-94,-52,1.0107496012759172,0.03565784526236097,1.0,1.28,3.090909090909091,0.9966542927526426,2,5,2.090909090909091,0.9966542927526426,1,4,4.545454545454546,1.7782204486465953,1,7,56424.267942583734,44395.000268015574,10224,223736,59943575.732057415,44395.000268015065,59776264,59989776,0.0940404465709729,0.07399166711335928,0.01704,0.37289333333333335,99.90595955342903,0.07399166711336036,99.62710666666666,99.98295999999999,90.0,0.0,90.0,90.0,0.0,0.0,0.0,0.0,2.9453467866028706,2.3174190139904134,0.5336928,11.679019199999997,3380.8176712880386,2.5038780151160935,3371.3812896000004,3383.4233664000003,3473.7630180746414,0.18645900112566272,3473.0603088000003,3473.9570592000005
run_0774_cfg_078_seed_4_of0,4,12,18,10,50.0,12,20,OF0,627,11,99.89749601275918,0.41335216699772304,94.73,100.0,99.92025518341308,1.9968076595771789,50.0,100.0,109.66826156299841,55.64706500883591,14,293,-67.97448165869218,10.54835145323917,-94,-52,1.0183572567783095,0.045878154616951744,1.0,1.31,3.090909090909091,0.996654292752643,2,5,2.090909090909091,0.996654292752643,1,4,4.545454545454546,1.7782204486465958,1,7,56674.53907496013,38412.74545648178,10224,207832,59943325.46092504,38414.79623861047,59792168,59989776,0.09445756645431432,0.06402124600196644,0.01704,0.3463866666666667,99.90554243354568,0.06402124600196896,99.65361333333334,99.98295999999999,90.0,0.00037305405650317816,89.99340000000001,90.00659999999999,0.0,0.0,0.0,0.0,2.958410939712919,2.0051453128283487,0.5336928,10.848830399999999,3380.8035559961727,2.166594507857667,3372.2782752000003,3383.4233664000003,3473.7619669358855,0.1620467158333448,3473.1271056000005,3473.9570592000005
run_0775_cfg_078_seed_5_of0,5,12,18,10,50.0,12,20,OF0,627,11,99.9016427432217,0.44622307057482974,92.3,100.0,99.94682615629985,1.3314713474060615,66.66,100.0,108.64912280701755,54.807021410350984,29,261,-67.7384370015949,10.72433437155322,-94,-52,1.0137958532695375,0.04674664685688,1.0,1.51,3.094098883572568,1.0011560138201931,2,5,2.090909090909091,0.9966542927526436,1,4,4.545454545454546,1.7782204486465947,1,7,56302.098883572566,42988.18795912871,10736,236504,59943697.90111643,42988.18795912877,59763496,59989264,0.09383683034796071,0.07164698043102896,0.017893333333333334,0.3941733333333333,99.90616316965205,0.07164698043103067,99.60582666666666,99.98210666666667,90.0,0.0004273164647222524,89.99244,90.00756,0.0,0.0,0.0,0.0,2.938969561722488,2.243983411466517,0.5604192,12.345508799999998,3380.8245616229665,2.4245338008948334,3370.6611744,3383.3944896000003,3473.7635311846893,0.1812478235117434,3473.0066832,3474.2030112
run_0776_cfg_078_seed_6_of0,6,12,18,10,50.0,12,20,OF0,627,11,99.98432216905901,0.2510393313438146,94.11,100.0,100.0,0.0,100.0,100.0,108.68740031897927,56.15417973488096,24,284,-68.31259968102073,10.361110199815247,-94,-52,1.0144976076555023,0.03902806286190986,1.0,1.28,3.090909090909091,0.9966542927526434,2,5,2.090909090909091,0.9966542927526434,1,4,4.545454545454546,1.7782204486465951,1,7,56810.36044657097,47191.1061901979,10224,230976,59943189.63955343,47191.24698437348,59769024,59989776,0.09468393406926373,0.0786518436309836,0.01704,0.38495999999999997,99.90531606593073,0.078651843630985,99.61504,99.98295999999999,90.0,0.0001770311068122937,89.996868,90.003132,0.0,0.0,0.0,0.0,2.9655008153110045,2.4633757431283314,0.5336928,12.0569472,3380.795895670814,2.661586329918705,3370.9729536000004,3383.4233664000003,3473.761396486125,0.19832001540880498,3473.0299008000006,3473.9570592000005
run_0777_cfg_078_seed_7_of0,7,12,18,10,50.0,12,20,OF0,627,11,99.98162679425837,0.3262325868925003,93.75,100.0,100.0,0.0,100.0,100.0,108.3859649122807,54.950203953422466,23,260,-68.01275917065391,10.529882772030621,-94,-52,1.0158532695374802,0.04050832164728149,1.0,1.28,3.090909090909091,0.9966542927526431,2,5,2.090909090909091,0.9966542927526431,1,4,4.545454545454546,1.7782204486465951,1,7,56589.422647527914,46412.03216355772,10224,229240,59943410.57735247,46412.032163557815,59770760,59989776,0.09431570441254652,0.07735338693926287,0.01704,0.38206666666666667,99.90568429558745,0.07735338693926348,99.61793333333333,99.98295999999999,90.0,0.0,90.0,90.0,0.0,0.0,0.0,0.0,2.9539678622009564,2.4227080789377125,0.5336928,11.966327999999999,3380.80835656268,2.617638614024662,3371.0708640000003,3383.4233664000003,3473.7623244248807,0.19493053508698016,3473.0371920000002,3473.9570592000005
run_0778_cfg_078_seed_8_of0,8,12,18,10,50.0,12,20,OF0,627,11,99.9899043062201,0.22411556473219169,94.44,100.0,100.0,0.0,100.0,100.0,109.89952153110048,56.144448996542266,23,275,-69.90749601275917,10.827476199218017,-94,-52,1.0176555023923446,0.0511443110886834,1.0,1.56,3.0956937799043063,1.0033954918715815,2,5,2.090909090909091,0.9966542927526431,1,4,4.545454545454546,1.7782204486465942,1,7,56710.68580542265,52708.009096670234,10224,234672,59943289.314194575,52708.009096669906,59765328,59989776,0.09451780967570442,0.08784668182778373,0.01704,0.39112,99.90548219032429,0.08784668182778377,99.60888,99.98295999999999,90.0,0.0,90.0,90.0,0.0,0.0,0.0,0.0,2.9602977990430617,2.751358074846186,0.5336928,12.249878399999998,3380.801517320575,2.972731713052168,3370.7644992000005,3383.4233664000003,3473.761815119618,0.2213736382060257,3473.0143776000004,3473.9570592000005
run_0779_cfg_078_seed_9_of0,9,12,18,10,50.0,12,20,OF0,627,11,99.9983572567783,0.041134237787290445,98.97,100.0,100.0,0.0,100.0,100.0,108.68899521531101,55.158157065313844,24,277,-68.92822966507177,10.67706107142262,-94,-52,1.013237639553429,0.04557631650023145,1.0,1.48,3.0956937799043063,1.0065745324942619,2,6,2.090909090909091,0.9966542927526431,1,4,4.545454545454546,1.7782204486465958,1,7,56215.15789473684,49636.84160458062,10224,223744,59943784.84210526,49635.85866010071,59776256,59989776,0.09369192706263692,0.08272805253806773,0.01704,0.37290666666666666,99.90630807293736,0.0827280525380693,99.62709333333333,99.98295999999999,90.0,0.0004795440326319176,89.99151599999999,90.008484,0.0,0.0,0.0,0.0,2.934431242105263,2.591043131759109,0.5336928,11.6794368,3380.829465094737,2.7994624284297194,3371.3808384000004,3383.4233664000003,3473.763896336842,0.2091787899855077,3472.9451112,3473.9570592000005
run_0780_cfg_078_seed_10_of0,10,12,18,10,50.0,12,20,OF0,627,11,99.98102073365231,0.34069921227316147,91.66,100.0,100.0,0.0,100.0,100.0,108.93620414673046,53.485680030416425,26,290,-71.46570972886762,11.658753705004088,-94,-52,1.0180701754385966,0.048894567935623745,1.0,1.39,3.094098883572568,0.9979597124385875,2,5,2.090909090909091,0.9966542927526434,1,4,4.545454545454546,1.7782204486465951,1,7,56454.66028708134,59270.18172016683,10224,282760,59943545.33971292,59270.181720167246,59717240,59989776,0.0940911004784689,0.09878363620027804,0.01704,0.4712666666666667,99.90590889952153,0.09878363620027762,99.52873333333334,99.98295999999999,90.0,0.0,90.0,90.0,0.0,0.0,0.0,0.0,2.9469332669856456,3.093903485792708,0.5336928,14.760072,3380.815957159809,3.3428382490174546,3368.052336,3383.4233664000003,3473.762890426795,0.2489347632247424,3472.8124080000002,3473.9570592000005
run_0781_cfg_079_seed_1_of0,1,12,18,10,60.0,12,10,OF0,627,11,99.98741626794258,0.22523971736366197,95.45,100.0,100.0,0.0,100.0,100.0,95.1866028708134,38.377292263059324,34,200,-73.06539074960128,14.845978090448837,-93,-51,1.0074800637958534,0.024034669474264428,1.0,1.19,2.8181818181818183,0.7163904098224002,2,4,1.8181818181818181,0.7163904098224003,1,3,5.818181818181818,2.3302678229409053,1,9,85196.05741626794,85088.85092262186,25560,427648,59914803.94258373,85087.35381351973,59572352,59974440,0.14199342518462882,0.1418147301799725,0.0426,0.7127466666666668,99.85800657481536,0.14181473017997162,99.28725333333334,99.95739999999999,90.0,0.00022518899410674958,89.996016,90.003984,0.0,0.0,0.0,0.0,4.447234197129187,4.441638018160857,1.3342319999999999,22.323225599999997,3379.194942361723,4.7989267550825145,3359.8806528000005,3382.5584160000008,3473.6421765588516,0.35738453396340775,3472.2038784000006,3473.892648000001
run_0782_cfg_079_seed_2_of0,2,12,18,10,60.0,12,10,OF0,627,11,99.99397129186603,0.08487551007016153,98.3,100.0,100.0,0.0,100.0,100.0,94.69218500797449,39.07581701730052,34,217,-71.21212121212122,14.031501976969285,-93,-51,1.0106858054226475,0.03443763413531017,1.0,1.36,2.819776714513557,0.7179073786896527,2,4,1.8181818181818181,0.7163904098224001,1,3,5.818181818181818,2.3302678229409066,1,9,85244.17224880382,65242.65099144888,25560,304944,59914755.8277512,65243.1885704989,59695056,59974440,0.14207361916822406,0.10873775000368566,0.0426,0.50824,99.85792638083177,0.10873775000368444,99.49176,99.95739999999999,90.0,0.0006010503266843881,89.99113200000001,90.008868,0.0,0.0,0.0,0.0,4.44974579138756,3.405666381753632,1.3342319999999999,15.9180768,3379.192228685168,3.6797158353761583,3366.8011584000005,3382.5584160000008,3473.6419744765553,0.2749595681871467,3472.7192352000006,3473.9334600000007
run_0783_cfg_079_seed_3_of0,3,12,18,10,60.0,12,10,OF0,627,11,99.98480063795853,0.11099067456253521,98.03,100.0,99.96810207336523,0.7987230638308718,80.0,100.0,94.62838915470495,39.35279958199884,35,208,-66.16746411483254,13.381321698400136,-93,-51,1.0101116427432217,0.028264276129498816,1.0,1.22,2.8181818181818183,0.7163904098224005,2,4,1.8181818181818181,0.7163904098224004,1,3,5.818181818181818,2.330267822940906,1,9,85536.61244019138,82606.82768017128,25560,344496,59914463.38755981,82606.82768017113,59655504,59974440,0.14256102073365232,0.13767804613361875,0.0426,0.57416,99.85743897926635,0.13767804613361817,99.42584,99.95739999999999,90.0,0.0,90.0,90.0,0.0,0.0,0.0,0.0,4.46501116937799,4.312076404904937,1.3342319999999999,17.9826912,3379.1757350583734,4.659025081161663,3364.5704256000004,3382.5584160000008,3473.6407462277516,0.3469486762567343,3472.5531168,3473.892648000001
run_0784_cfg_079_seed_4_of0,4,12,18,10,60.0,12,10,OF0,627,11,99.98652312599681,0.18337979067299984,96.0,100.0,99.96810207336523,0.7987230638308717,80.0,100.0,95.02232854864434,39.503946650416815,31,215,-67.53748006379585,14.858645422767244,-93,-51,1.0100637958532697,0.02911905297689742,1.0,1.32,2.8181818181818183,0.7163904098224003,2,4,1.8181818181818181,0.7163904098224003,1,3,5.818181818181818,2.3302678229409053,1,9,85163.63636363637,96944.44196790342,25560,443576,59914836.36363637,96943.84884589657,59556424,59974440,0.14193939222385896,0.16157406598901775,0.0426,0.7392933333333334,99.85806060777614,0.16157406598901655,99.26070666666666,99.95739999999999,90.0,0.00014040398126482283,89.997516,90.002484,0.0,0.0,0.0,0.0,4.445541818181818,5.060499870724557,1.3342319999999999,23.1546672,3379.1967709090914,5.467633074908571,3358.9823136000005,3382.5584160000008,3473.642312727273,0.40716576698157503,3472.1369808000004,3473.892648000001
run_0785_cfg_079_seed_5_of0,5,12,18,10,60.0,12,10,OF0,627,11,99.93181818181819,0.2760513659913673,97.22,100.0,99.97341307814992,0.6657356737030308,83.33,100.0,95.42424242424242,39.75767556081021,30,204,-68.01116427432217,14.322446125550513,-93,-51,1.009537480063796,0.028714911056147464,1.0,1.33,2.819776714513557,0.7201290804820769,2,5,1.8181818181818181,0.716390409822401,1,3,5.818181818181818,2.3302678229409066,1,9,85272.75279106857,67827.6797899029,25560,308504,59914727.24720893,67829.20692780336,59691496,59974440,0.14212125495421038,0.1130461382430458,0.0426,0.5141733333333333,99.8578787450458,0.11304613824304495,99.48582666666667,99.95739999999999,90.0,0.0006474822212535905,89.9919,90.00810000000001,0.0,0.0,0.0,0.0,4.45123769569378,3.5406048850329284,1.3342319999999999,16.1039088,3379.1906167425836,3.8255672707281243,3366.6003744000004,3382.5584160000008,3473.6418544382777,0.2859793516274148,3472.7042832000006,3473.9097288000003
run_0786_cfg_079_seed_6_of0,6,12,18,10,60.0,12,10,OF0,627,11,99.98673046251993,0.22087756083870325,94.73,100.0,100.0,0.0,100.0,100.0,94.77830940988835,40.048217444226204,28,216,-71.32216905901116,14.88652079426064,-93,-51,1.0076076555023923,0.026596364162551782,1.0,1.26,2.8181818181818183,0.7163904098224003,2,4,1.8181818181818181,0.7163904098224004,1,3,5.818181818181818,2.3302678229409057,1,9,84956.69537480063,120155.27142566445,25560,503784,59915043.3046252,120157.88894995068,59496216,59974440,0.14159449846941374,0.20025882383934662,0.0426,0.83964,99.85840550153058,0.200258823839346,99.16036,99.95739999999999,90.0,0.0006455666060225593,89.9919,90.00810000000001,0.0,0.0,0.0,0.0,4.434739498564593,6.272105168419684,1.3342319999999999,26.297524799999998,3379.2084423808615,6.7769049367772345,3355.5865823999998,3382.5584160000008,3473.6431818794263,0.5053737784455856,3471.7069896000007,3473.9042472000006
run_0787_cfg_079_seed_7_of0,7,12,18,10,60.0,12,10,OF0,627,11,99.9945933014354,0.0736775993443979,98.64,100.0,100.0,0.0,100.0,100.0,95.26475279106857,39.884578902677426,32,215,-66.7846889952153,14.198385196755774,-93,-54,1.0079266347687401,0.025167319483151835,1.0,1.19,2.8181818181818183,0.7163904098224008,2,4,1.8181818181818181,0.7163904098224005,1,3,5.818181818181818,2.330267822940906,1,9,85247.68102073365,97833.50903314435,25560,448440,59914752.31897926,97832.90674106561,59551560,59974440,0.14207946642218447,0.1630558462890369,0.0426,0.7474,99.85792053357781,0.1630558462890365,99.2526,99.95739999999999,90.0,0.0002251889941078673,89.996016,90.003984,0.0,0.0,0.0,0.0,4.449928949282296,5.106909171530136,1.3342319999999999,23.408568,3379.192030790431,5.517775940196108,3358.7079840000006,3382.5584160000008,3473.641959739713,0.4109511325342276,3472.1165520000004,3473.892648000001
run_0788_cfg_079_seed_8_of0,8,12,18,10,60.0,12,10,OF0,627,11,99.95976076555023,0.2916890991018946,93.33,100.0,99.97341307814992,0.6657356737030333,83.33,100.0,95.48165869218501,40.33891047367058,32,201,-69.92344497607655,14.757156998618388,-93,-51,1.0079106858054228,0.026201571740441323,1.0,1.2,2.8181818181818183,0.7163904098224007,2,4,1.8181818181818181,0.7163904098224008,1,3,5.818181818181818,2.330267822940906,1,9,85160.53588516747,112306.46769704658,25560,512792,59914839.46411483,112306.16982436822,59487208,59974440,0.14193422437301925,0.1871774314152453,0.0426,0.8546533333333334,99.85806577562698,0.18717743141524446,99.14534666666667,99.95739999999999,90.0,0.00043836944460978164,89.99451599999999,90.005484,0.0,0.0,0.0,0.0,4.445379973205742,5.862397613785834,1.3342319999999999,26.7677424,3379.196945776077,6.334067978094337,3355.0785312000007,3382.5584160000008,3473.642325749283,0.4719513360465066,3471.8462736000006,3473.892648000001
run_0789_cfg_079_seed_9_of0,9,12,18,10,60.0,12,10,OF0,627,11,99.891004784689,0.5437922499991769,91.66,100.0,99.96810207336523,0.7987230638308683,80.0,100.0,95.51196172248804,39.62843922420835,34,185,-71.27591706539074,14.532065808330474,-93,-51,1.007177033492823,0.024170036280601444,1.0,1.17,2.8181818181818183,0.7163904098224003,2,4,1.8181818181818181,0.7163904098224003,1,3,5.818181818181818,2.3302678229409057,1,9,85137.70972886763,93850.73919051304,25560,445000,59914865.51834131,93838.37566470698,59557024,59974440,0.14189614298025793,0.15641774541201828,0.0426,0.7416416486217198,99.85810385701974,0.15641774541201756,99.25835835137829,99.95739999999999,90.00000484210527,0.0001212461610893762,90.0,90.003036,0.0,0.0,0.0,0.0,4.44418844784689,4.89900858574478,1.3342319999999999,23.229,3379.1984152344503,5.292484387489459,3359.0161536,3382.5584160000008,3473.6426085244025,0.3934824670805222,3472.2060624000005,3473.892648000001
run_0790_cfg_079_seed_10_of0,10,12,18,10,60.0,12,10,OF0,627,11,99.99515151515152,0.05129723890178455,99.21,100.0,100.0,0.0,100.0,100.0,95.0,38.929525905415886,33,193,-66.05582137161085,14.465285438962505,-93,-51,1.0077830940988837,0.024915784698709982,1.0,1.23,2.8181818181818183,0.7163904098224002,2,4,1.8181818181818181,0.7163904098224003,1,3,5.818181818181818,2.330267822940905,1,9,85326.02232854864,89042.8079005677,25560,391224,59914673.97767145,89041.91243704733,59608776,59974440,0.14221003415494052,0.14840465940438505,0.0426,0.65204,99.85778996584506,0.14840465940438405,99.34796,99.95739999999999,90.0,0.00037305405650275907,89.99340000000001,90.00659999999999,0.0,0.0,0.0,0.0,4.454018365550239,4.64803457240963,1.3342319999999999,20.421892800000002,3379.1876123406705,5.02196386144948,3361.9349664,3382.5584160000008,3473.6416307062204,0.37418500972494895,3472.353528,3473.892648000001
run_0791_cfg_080_seed_1_mrhof,1,12,18,10,60.0,16,5,MRHOF,855,15,99.8340350877193,0.3146508025939722,96.87,100.0,99.85005847953217,1.2080901649683424,90.0,100.0,126.3391812865497,57.68362023855137,37,256,-71.89941520467836,13.187414592666704,-93,-51,1.034093567251462,0.06221772335184336,1.0,1.45,3.2666666666666666,0.9983593098055479,2,5,2.2666666666666666,0.9983593098055479,1,4,6.133333333333334,2.2184029109721792,3,10,210592.74853801169,241651.98105856284,47104,1144832,59789407.25146199,241653.871831603,58855168,59952896,0.3509879240433887,0.4027533866147307,0.07850666666666667,1.9080533333333334,99.6490120759566,0.4027533866147311,98.09194666666666,99.92149333333333,90.0,0.0006885721709889089,89.990748,90.00925200000002,0.0,0.0,0.0,0.0,10.99294147368421,12.614233411256974,2.4588288,59.760230400000005,3372.122568982457,13.629278371302439,3319.4314752000005,3381.3433344000005,3473.1155104561403,1.0153704794252878,3469.1917056000007,3474.0276264000004
run_0792_cfg_080_seed_2_mrhof,2,12,18,10,60.0,16,5,MRHOF,855,15,99.87002339181286,0.34540747333720195,95.83,100.0,99.90486549707603,0.9813128420976451,88.88,100.0,126.5953216374269,57.24817558720867,37,270,-70.86666666666666,15.807418292305535,-94,-51,1.039204678362573,0.06808744877481769,1.0,1.44,3.2666666666666666,0.9983593098055473,2,5,2.2666666666666666,0.9983593098055473,1,4,6.133333333333334,2.218402910972179,3,10,211682.80701754385,184108.080615578,46008,698544,59788317.19298246,184107.79381141558,59301456,59953992,0.3528046736264749,0.3068468014681902,0.07668,1.1642400000000002,99.64719532637352,0.3068468014681905,98.83576,99.92332,90.0,0.0007335438091251337,89.99151599999999,90.008484,0.0,0.0,0.0,0.0,11.04984252631579,9.610441808133176,2.4016176,36.463996800000004,3372.061089684211,10.383679570963858,3344.6021184000006,3381.4051488000005,3473.1109322105267,0.7737179998607333,3470.9091192,3474.0322296000004
run_0793_cfg_080_seed_3_mrhof,3,12,18,10,60.0,16,5,MRHOF,855,15,99.96218713450293,0.11812751643345024,98.14,100.0,99.90748538011695,0.9529272622686226,90.0,100.0,126.43157894736842,56.45575817911712,41,279,-66.53333333333333,14.163928191949362,-94,-51,1.0330526315789474,0.061993924228049474,1.0,1.46,3.2666666666666666,0.9983593098055478,2,5,2.2666666666666666,0.9983593098055478,1,4,6.133333333333334,2.2184029109721783,3,10,211323.2374269006,149720.9418707316,48312,567976,59788676.7625731,149720.26536317723,59432024,59951688,0.35220538883372837,0.2495348707079564,0.08052,0.9466266666666667,99.64779461116626,0.2495348707079573,99.05337333333334,99.91948000000001,90.0,0.0008179673212549791,89.99019600000001,90.009804,0.0,0.0,0.0,0.0,11.03107299368421,7.8154331656521965,2.5218863999999996,29.6483472,3372.081369409123,8.4442229664832,3351.9661536000003,3381.2752032,3473.1124424028076,0.6295235589395384,3471.5632584,3473.7970895999997
run_0794_cfg_080_seed_4_mrhof,4,12,18,10,60.0,16,5,MRHOF,855,15,99.9331111111111,0.22720510507251573,95.23,100.0,99.90617543859649,0.967225076482387,88.88,100.0,126.55204678362573,57.92823867484413,33,266,-70.46666666666667,15.309790839536346,-94,-54,1.039111111111111,0.0724150511323234,1.0,1.55,3.2666666666666666,0.9983593098055475,2,5,2.2666666666666666,0.9983593098055475,1,4,6.133333333333334,2.218402910972179,3,10,211150.1567251462,230145.75202779475,47104,943496,59788849.843274854,230148.22309976697,59056504,59952896,0.35191694151136355,0.38357632597560715,0.07850666666666667,1.5724933333333333,99.64808305848864,0.383576325975607,98.42750666666666,99.92149333333333,90.0,0.0005968263607763055,89.992332,90.007668,0.0,0.0,0.0,0.0,11.022038181052631,12.013608255850878,2.4588288,49.2504912,3372.0911311607024,12.980359782826858,3330.7868256,3381.3433344000005,3473.113169341755,0.9670097676282059,3469.9721520000003,3473.8021632000005
run_0795_cfg_080_seed_5_mrhof,5,12,18,10,60.0,16,5,MRHOF,855,15,99.78612865497075,0.5318313614405175,93.33,100.0,99.91787134502924,0.9058082975735551,88.88,100.0,126.31929824561404,58.07981094828041,34,266,-66.53333333333333,11.419343464149978,-93,-51,1.0329122807017543,0.05892527341188881,1.0,1.38,3.2666666666666666,0.9983593098055477,2,5,2.2666666666666666,0.9983593098055477,1,4,6.133333333333334,2.218402910972178,3,10,211050.64795321636,217334.56386167076,48096,842368,59788949.35204678,217334.7630713824,59157632,59951904,0.35175108109874326,0.3622242802049136,0.08016,1.4039466666666667,99.64824891890126,0.36222428020491415,98.59605333333333,99.91984000000001,90.0,6.387927724167363e-05,89.99868,90.00132,0.0,0.0,0.0,0.0,11.016843823157894,11.344864233579214,2.5106112,43.971609599999994,3372.0967434554386,12.257680637225972,3336.4904448,3381.2873856,3473.1135872785967,0.9128197910957289,3470.4620544000004,3473.7979968
run_0796_cfg_080_seed_6_mrhof,6,12,18,10,60.0,16,5,MRHOF,855,15,99.9520701754386,0.13802231342818097,98.43,100.0,99.93890058479532,0.7982100632623811,88.88,100.0,127.42105263157895,57.94362944509137,35,274,-65.8,12.00257583595673,-93,-51,1.0318713450292398,0.06323079401225828,1.0,1.61,3.2666666666666666,0.9983593098055481,2,5,2.2666666666666666,0.9983593098055481,1,4,6.133333333333334,2.21840291097218,3,10,210888.87953216373,230890.486629998,46008,806904,59789116.631578945,230883.724053837,59193096,59953992,0.3514813880317858,0.38481735244662346,0.07668,1.34484,99.64851861196821,0.38481735244662363,98.65516,99.92332,90.00000826666667,0.0006098525824863731,89.99151599999999,90.008484,0.0,0.0,0.0,0.0,11.008399511578945,12.0524834020859,2.4016176,42.12038879999999,3372.106178021053,13.021842036636425,3338.4906144000006,3381.4051488000005,3473.1145857992983,0.9696134813681431,3470.6110032000006,3473.8067664000005
run_0797_cfg_080_seed_7_mrhof,7,12,18,10,60.0,16,5,MRHOF,855,15,99.81559064327486,0.3309454852359575,95.23,100.0,99.77962573099416,1.4640746612987479,88.88,100.0,127.10994152046784,58.13979826477076,40,280,-69.73333333333333,14.657654601180027,-94,-54,1.0326315789473683,0.0635832721009522,1.0,1.63,3.2666666666666666,0.9983593098055478,2,5,2.2666666666666666,0.9983593098055478,1,4,6.133333333333334,2.21840291097218,3,10,209765.3426900585,313927.4212265795,46008,1387400,59790234.65730994,313928.00462423987,58614000,59953992,0.3496089045282545,0.5232124021340645,0.07668,2.3122793801477965,99.65039109547175,0.5232124021340651,97.6877206198522,99.92332,90.0,0.0009137296552619276,89.99049600000001,90.009504,0.0,0.0,0.0,0.0,10.94975088842105,16.38701138802744,2.4016176,72.42227999999999,3372.1692346722807,17.705539460807135,3305.8296,3381.4051488000005,3473.1189855607017,1.3189663830223772,3468.0622296000006,3473.9779320000007
run_0798_cfg_080_seed_8_mrhof,8,12,18,10,60.0,16,5,MRHOF,855,15,99.81128654970759,0.4062419659379556,95.65,100.0,99.85964912280701,1.2726440301831106,80.0,100.0,126.74385964912281,57.91234296349321,40,282,-71.73333333333333,14.204396192530657,-93,-54,1.0305847953216374,0.05705812396964873,1.0,1.37,3.2666666666666666,0.9983593098055478,2,5,2.2666666666666666,0.9983593098055478,1,4,6.133333333333334,2.218402910972179,3,10,209397.10877192984,323250.1695051109,46472,1416104,59790602.89122807,323250.13814401184,58583896,59953528,0.3489951808234624,0.5387502826399072,0.07745333333333333,2.3601733333333335,99.65100481917653,0.5387502826399074,97.63982666666666,99.92254666666666,90.0,0.00017189332784936767,89.996448,90.003552,0.0,0.0,0.0,0.0,10.930529077894738,16.873658848166798,2.4258384,73.9206288,3372.190003065263,18.231307791322266,3304.1317344000004,3381.3789792000002,3473.1205321431585,1.3576639333654006,3468.0523632000004,3473.877144
run_0799_cfg_080_seed_9_mrhof,9,12,18,10,60.0,16,5,MRHOF,855,15,99.89693567251463,0.21245021861307786,98.36,100.0,99.93087719298245,0.8232033464082759,90.0,100.0,126.6327485380117,57.32379255820715,38,288,-66.46666666666667,13.694338049485385,-94,-51,1.0353450292397661,0.06529767199258611,1.0,1.53,3.2666666666666666,0.9983593098055473,2,5,2.2666666666666666,0.9983593098055473,1,4,6.133333333333334,2.218402910972179,3,10,210936.449122807,218664.24100342975,46376,937040,59789069.59532164,218660.75784579056,59062960,59953624,0.3515606915612699,0.36444036816985903,0.07729333333333334,1.5617333333333334,99.64843930843874,0.36444036816985986,98.43826666666666,99.92270666666667,90.00000906666668,0.00026511280617879285,90.0,90.007752,0.0,0.0,0.0,0.0,11.010882644210525,11.41427338037903,2.4208272,48.913488,3372.1035251761405,12.332466742502604,3331.150944,3381.3843936000003,3473.1144168870183,0.9182410048976274,3470.064432,3473.8052208000004
run_0800_cfg_080_seed_10_mrhof,10,12,18,10,60.0,16,5,MRHOF,855,15,99.94,0.2506179715852364,96.0,100.0,99.96491228070175,0.5916548542310709,90.0,100.0,126.85730994152047,58.2565250168668,38,277,-71.0,15.249217740139411,-94,-54,1.034982456140351,0.062107547585041716,1.0,1.42,3.2666666666666666,0.9983593098055477,2,5,2.2666666666666666,0.9983593098055477,1,4,6.133333333333334,2.2184029109721783,3,10,211093.4643274854,226306.54910323504,46008,955424,59788906.535672516,226307.3087399162,59044576,59953992,0.3518224415398336,0.3771775895482766,0.07668,1.5923733333333332,99.64817755846018,0.37717758954827696,98.40762666666667,99.92332,90.0,0.0007875690401312842,89.98903200000001,90.01096799999999,0.0,0.0,0.0,0.0,11.019078837894735,11.813201863188862,2.4016176,49.8731328,3372.09432861193,12.763732212931314,3330.1140864000004,3381.4051488000005,3473.113407449825,0.9509822511225969,3469.9872192000003,3473.8067664000005
run_0801_cfg_081_seed_1_of0,1,12,18,10,60.0,16,10,OF0,855,15,99.92334502923977,0.39419415504202365,94.11,100.0,99.9766081871345,0.6839855680567657,80.0,100.0,121.88421052631578,56.40012142306453,29,296,-72.52163742690058,14.009504539997447,-93,-51,1.0151228070175438,0.03815354939831772,1.0,1.29,3.2666666666666666,0.9983593098055479,2,5,2.2666666666666666,0.9983593098055479,1,4,6.133333333333334,2.2184029109721792,3,10,115881.48771929824,122936.85201576147,24576,630232,59884118.5122807,122927.215685356,59369768,59975424,0.19313577862787865,0.2048946322483032,0.040959999999999996,1.0503866666666668,99.80686422137212,0.20489463224830262,98.94961333333333,99.95904,90.0,0.0004733361788129926,89.99113200000001,90.008868,0.0,0.0,0.0,0.0,6.049013658947368,6.417303675222742,1.2828671999999999,32.8981104,3377.4642840926317,6.933094964654088,3348.4549152000004,3382.6139136,3473.513297751579,0.5160766038061353,3471.3530256000004,3474.0018336000003
run_0802_cfg_081_seed_2_of0,2,12,18,10,60.0,16,10,OF0,855,15,99.90666666666667,0.42716619738383294,92.85,100.0,99.98050292397662,0.5701019709753175,83.33,100.0,121.60818713450293,55.545514205460506,33,280,-69.89005847953216,13.819244019333937,-94,-51,1.0159298245614035,0.03766355106743129,1.0,1.28,3.2666666666666666,0.9983593098055473,2,5,2.2666666666666666,0.9983593098055473,1,4,6.133333333333334,2.218402910972179,3,10,116210.41403508771,124500.58655923739,25560,588744,59883789.58596491,124496.45786826193,59411256,59974440,0.1936840070587658,0.2075009259343976,0.0426,0.9812400000000001,99.80631599294122,0.2075009259343964,99.01876,99.95739999999999,90.0,0.0005815221244843346,89.990748,90.00925200000002,0.0,0.0,0.0,0.0,6.066183612631579,6.4989306183922,1.3342319999999999,30.7324368,3377.445732648421,7.021600223770001,3350.7948384000006,3382.5584160000008,3473.511916261053,0.5231102151268654,3471.5272752000005,3473.8931544
run_0803_cfg_081_seed_3_of0,3,12,18,10,60.0,16,10,OF0,855,15,99.91919298245614,0.43740257283597755,92.85,100.0,99.9766081871345,0.6839855680567659,80.0,100.0,122.08421052631579,56.05413008704276,33,253,-65.26081871345029,11.66515846637117,-93,-51,1.0176023391812865,0.04588939961324127,1.0,1.66,3.271345029239766,1.0017829265211555,2,5,2.2690058479532165,1.0012455094647728,1,4,6.133333333333334,2.2184029109721783,3,10,116035.64912280702,144152.85978312025,25560,673520,59883964.350877196,144152.8103315726,59326480,59974440,0.19339274808568152,0.24025476328090695,0.0426,1.1225333333333334,99.80660725191433,0.24025476328090611,98.87746666666666,99.95739999999999,90.0,0.00020502401755633529,89.99683200000001,90.00316799999999,0.0,0.0,0.0,0.0,6.057060884210525,7.524779280678871,1.3342319999999999,35.157744,3377.4555893894744,8.13021850270068,3346.013472,3382.5584160000008,3473.512650273685,0.6054871169979799,3471.171216,3473.892648000001
run_0804_cfg_081_seed_4_of0,4,12,18,10,60.0,16,10,OF0,855,15,99.88167251461988,0.7328705138369387,83.33,100.0,99.95711111111112,0.8899097159982872,80.0,100.0,121.32046783625731,55.732824848457426,31,275,-68.72163742690059,14.436396468064354,-94,-51,1.0178947368421052,0.04252579498663911,1.0,1.32,3.2666666666666666,0.9983593098055475,2,5,2.2666666666666666,0.9983593098055475,1,4,6.133333333333334,2.218402910972179,3,10,116017.59064327486,134706.8812044764,25560,639016,59883982.40935673,134706.83548528582,59360984,59974440,0.1933626497825072,0.22451146000790553,0.0426,1.0650266666666666,99.80663735021749,0.2245114600079048,98.93497333333333,99.95739999999999,90.0,0.0004301639358536572,89.99340000000001,90.00659999999999,0.0,0.0,0.0,0.0,6.056118231578947,7.031699198873671,1.3342319999999999,33.3566352,3377.4566078877197,7.597465521370116,3347.9594976000008,3382.5584160000008,3473.5127261192983,0.5659921894680338,3471.2131440000003,3473.892648000001
run_0805_cfg_081_seed_5_of0,5,12,18,10,60.0,16,10,OF0,855,15,99.86492397660818,0.46407946966746677,92.3,100.0,99.93761403508772,1.0560687410160665,80.0,100.0,121.19181286549707,55.969761645076034,31,268,-67.1438596491228,12.910215318062388,-93,-51,1.0179883040935673,0.039628542853769516,1.0,1.27,3.2666666666666666,0.9983593098055478,2,5,2.2666666666666666,0.9983593098055478,1,4,6.133333333333334,2.2184029109721783,3,10,115920.38362573099,125141.31946610137,25560,562120,59884079.61637427,125140.5453154117,59437880,59974440,0.19320063493927767,0.20856885602073308,0.0426,0.9368666666666667,99.80679936506073,0.20856885602073183,99.06313333333333,99.95739999999999,90.0,0.0005341579378579792,89.9919,90.00810000000001,0.0,0.0,0.0,0.0,6.051044025263157,6.5323768761304875,1.3342319999999999,29.342663999999996,3377.462090363509,7.057926755789231,3352.296432,3382.5584160000008,3473.513134388772,0.5259236998680412,3471.639096,3473.892648000001
run_0806_cfg_081_seed_6_of0,6,12,18,10,60.0,16,10,OF0,855,15,99.92694736842104,0.19893019685805866,98.55,100.0,99.89861988304095,1.3265298584698966,80.0,100.0,121.48771929824561,56.77938757763775,28,273,-72.56959064327485,14.900670707627524,-94,-51,1.0184561403508772,0.04316736810284377,1.0,1.32,3.2666666666666666,0.9983593098055481,2,5,2.2666666666666666,0.9983593098055481,1,4,6.133333333333334,2.21840291097218,3,10,116002.39532163742,158288.45636331497,25560,777912,59883997.60467836,158288.66615299584,59222088,59974440,0.19333732390555658,0.26381409147225093,0.0426,1.29652,99.80666267609443,0.2638140914722507,98.70348,99.95739999999999,90.0,0.0006451033357661036,89.990556,90.00944399999999,0.0,0.0,0.0,0.0,6.0553250357894735,8.262657422165033,1.3342319999999999,40.607006399999996,3377.45746490386,8.92748077102899,3340.1257632,3382.5584160000008,3473.5127899396493,0.6652560291556263,3470.7327696,3473.892648000001
run_0807_cfg_081_seed_7_of0,7,12,18,10,60.0,16,10,OF0,855,15,99.93277192982457,0.2204655775260731,98.31,100.0,99.95711111111112,0.8899097159982882,80.0,100.0,122.82105263157895,57.703469763769476,31,316,-68.84678362573099,14.896871426058182,-94,-51,1.019906432748538,0.045353058331531325,1.0,1.33,3.2678362573099413,0.9998041360153848,2,5,2.2666666666666666,0.9983593098055479,1,4,6.133333333333334,2.21840291097218,3,10,116366.783625731,125195.94496376935,25560,582096,59883633.21637427,125194.45435465733,59417904,59974440,0.19394463234742346,0.20865989956124467,0.0426,0.9701599999999999,99.80605536765258,0.2086598995612437,99.02984000000001,99.95739999999999,90.0,0.0005488274578178099,89.992056,90.00794400000001,0.0,0.0,0.0,0.0,6.0743461052631575,6.535228327108759,1.3342319999999999,30.385411199999997,3377.436913403509,7.06096722560267,3351.1697856,3382.5584160000008,3473.511259508772,0.5261323690181356,3471.5551968,3474.1130304000003
run_0808_cfg_081_seed_8_of0,8,12,18,10,60.0,16,10,OF0,855,15,99.96760233918128,0.32515675339785277,93.33,100.0,99.98050292397662,0.5701019709753175,83.33,100.0,121.10526315789474,55.3539232790579,29,279,-70.4187134502924,13.717802438046284,-93,-54,1.014830409356725,0.03881364848066003,1.0,1.44,3.2678362573099413,0.9998041360153848,2,5,2.2666666666666666,0.9983593098055478,1,4,6.133333333333334,2.218402910972179,3,10,115486.82105263158,177349.0393314518,24832,825040,59884513.17894737,177348.8100366847,59174960,59975168,0.1924780335090552,0.29558171934231836,0.04138666666666667,1.3750666666666667,99.80752196649094,0.295581719342318,98.62493333333333,99.95861333333333,90.0,0.00027333382837334795,89.996016,90.003984,0.0,0.0,0.0,0.0,6.028412058947367,9.25761985310177,1.2962304,43.067088,3377.4865432926317,10.002472886069032,3337.4677440000005,3382.5994752,3473.5149553515794,0.7449219894382831,3470.5348320000003,3473.8957056
run_0809_cfg_081_seed_9_of0,9,12,18,10,60.0,16,10,OF0,855,15,99.95824561403509,0.16169465694803412,97.77,100.0,99.95711111111112,0.8899097159982874,80.0,100.0,121.89707602339182,56.943446848442,28,278,-71.99883040935673,13.914467679665002,-93,-51,1.0179883040935673,0.044510608201154614,1.0,1.38,3.270175438596491,1.0015149377769719,2,5,2.2666666666666666,0.9983593098055473,1,4,6.133333333333334,2.218402910972179,3,10,116527.44795321637,121171.4122177439,25560,555424,59883472.55204678,121173.78413403778,59444576,59974440,0.19421242000568353,0.20195237610711944,0.0426,0.9257066666666666,99.8057875799943,0.2019523761071185,99.07429333333333,99.95739999999999,90.0,0.0004470648067694169,89.99224800000002,90.007752,0.0,0.0,0.0,0.0,6.082732783157894,6.325147717766234,1.3342319999999999,28.993132799999998,3377.427851935439,6.8342014251597325,3352.6740864000003,3382.5584160000008,3473.510584718597,0.5093284539063849,3471.6672192,3473.892648000001
run_0810_cfg_081_seed_10_of0,10,12,18,10,60.0,16,10,OF0,855,15,99.87138011695906,0.3050660685188993,97.22,100.0,99.89472514619884,1.3790804518776267,80.0,100.0,121.953216374269,56.83873535567552,30,293,-70.09473684210526,14.321718588235015,-94,-51,1.0140350877192983,0.03563375612215003,1.0,1.32,3.2666666666666666,0.9983593098055477,2,5,2.2666666666666666,0.9983593098055477,1,4,6.133333333333334,2.2184029109721783,3,10,115682.97543859649,162043.9148961316,25560,829448,59884317.024561405,162045.0511961405,59170552,59974440,0.19280496324848115,0.27007322570005227,0.0426,1.3824133333333333,99.80719503675152,0.2700732257000519,98.61758666666667,99.95739999999999,90.0,0.0003919864739808962,89.9919,90.00810000000001,0.0,0.0,0.0,0.0,6.038651317894737,8.45869235757807,1.3342319999999999,43.2971856,3377.475480185263,9.139340887462325,3337.2191328000004,3382.5584160000008,3473.5141315031583,0.6808061897774838,3470.5163184000003,3473.892648000001
run_0811_cfg_082_seed_1_of0,1,12,18,10,60.0,16,20,OF0,855,15,99.89162573099415,0.5389644857516519,93.75,100.0,99.96100584795322,1.140203941950634,66.66,100.0,120.17076023391813,57.40279502825653,28,315,-68.58362573099416,12.886087607090221,-94,-51,1.0196023391812865,0.05015975409917756,1.0,1.41,3.270175438596491,1.0038505921399985,2,6,2.2666666666666666,0.9983593098055479,1,4,6.133333333333334,2.2184029109721792,3,10,63465.40350877193,75722.77777277483,10224,436248,59936534.596491225,75722.80956134676,59563752,59989776,0.1057756725371578,0.12620462963199205,0.01704,0.72708,99.89422432746284,0.1262046296319915,99.27292,99.98295999999999,90.0,8.478522252096625e-05,89.998248,90.00175200000001,0.0,0.0,0.0,0.0,3.3128940631578945,3.952728999738844,0.5336928,22.772145599999998,3380.420551242106,4.270766459259947,3359.3956128,3383.4233664000003,3473.7334453052636,0.31805312398512475,3472.1677584,3473.9570592000005
run_0812_cfg_082_seed_2_of0,2,12,18,10,60.0,16,20,OF0,855,15,99.97753216374268,0.13871564121073626,98.21,100.0,99.96100584795322,1.1402039419506362,66.66,100.0,119.41169590643275,56.97257940884886,23,288,-67.59181286549708,13.936059350567895,-94,-51,1.0171461988304094,0.04370752170202264,1.0,1.38,3.2690058479532165,1.001245509464773,2,6,2.2666666666666666,0.9983593098055473,1,4,6.133333333333334,2.218402910972179,3,10,63500.15438596491,53891.157536139784,10736,323248,59936499.84561404,53891.15695208484,59676752,59989264,0.10583359064148508,0.08981859589461758,0.017893333333333334,0.5387466666666667,99.8941664093585,0.08981859589461685,99.46125333333333,99.98210666666667,90.0,1.2195134745251812e-05,89.99974800000001,90.000252,0.0,0.0,0.0,0.0,3.3147080589473683,2.813118423386498,0.5604192,16.873545599999996,3380.4185912926323,3.0394612520976008,3365.7688128000004,3383.3944896000003,3473.7332993515793,0.22634328182513333,3472.6423584000004,3473.9549088000003
run_0813_cfg_082_seed_3_of0,3,12,18,10,60.0,16,20,OF0,855,15,99.99685380116959,0.055562239350327274,98.71,100.0,100.0,0.0,100.0,100.0,119.07251461988304,57.07217896095068,27,290,-72.21520467836257,14.651390193056944,-94,-51,1.0192514619883042,0.046913155798455695,1.0,1.31,3.271345029239766,1.0041179575222752,2,5,2.271345029239766,1.0041179575222752,1,4,6.133333333333334,2.2184029109721783,3,10,63348.42573099415,74136.47283205336,10736,400088,59936651.574269004,74136.47283205357,59599912,59989264,0.10558070955165692,0.12356078805342229,0.017893333333333334,0.6668133333333334,99.89441929044834,0.12356078805342223,99.33318666666666,99.98210666666667,90.0,0.0,90.0,90.0,0.0,0.0,0.0,0.0,3.3067878231578947,3.869923881833188,0.5604192,20.8845936,3380.4271487887727,4.181297067727823,3361.4350368000005,3383.3944896000003,3473.73393661193,0.3113731858946858,3472.3196304000003,3473.9549088000003
run_0814_cfg_082_seed_4_of0,4,12,18,10,60.0,16,20,OF0,855,15,99.98614035087719,0.2196597943262144,94.73,100.0,100.0,0.0,100.0,100.0,119.72046783625731,56.82868161100553,26,290,-74.2,14.803189731591912,-94,-54,1.021122807017544,0.059152109178071566,1.0,1.61,3.2748538011695905,1.0037455362549281,2,5,2.2666666666666666,0.9983593098055475,1,4,6.133333333333334,2.218402910972179,3,10,63525.94152046784,62397.22320092674,10736,354880,59936474.05847953,62396.991991026036,59645120,59989264,0.10587656793520277,0.10399536990152194,0.017893333333333334,0.5914666666666667,99.89412343206479,0.10399536990152249,99.40853333333334,99.98210666666667,90.0,0.0003751455736171351,89.99224800000002,90.007752,0.0,0.0,0.0,0.0,3.316054147368421,3.2571350510883743,0.5604192,18.524735999999997,3380.4171368982456,3.5191903482938813,3363.9847680000003,3383.3944896000003,3473.7331910456146,0.26242575071112667,3472.509504,3473.9549088000003
run_0815_cfg_082_seed_5_of0,5,12,18,10,60.0,16,20,OF0,855,15,99.83207017543859,0.5085713053124471,94.73,100.0,99.8635321637427,2.3477499649598434,50.0,100.0,120.13801169590643,57.59339949882494,28,300,-66.35438596491228,11.828181578447733,-93,-51,1.0177894736842106,0.05117726580657659,1.0,1.53,3.271345029239766,1.0006133676373627,2,6,2.2666666666666666,0.9983593098055479,1,4,6.133333333333334,2.218402910972178,3,10,63408.29941520468,63914.937558848236,10224,291528,59936591.70058479,63914.93755884791,59708472,59989776,0.10568049902534113,0.10652489593141373,0.01704,0.48588,99.89431950097466,0.10652489593141383,99.51411999999999,99.98295999999999,90.0,0.0,90.0,90.0,0.0,0.0,0.0,0.0,3.309913229473684,3.336359740571875,0.5336928,15.2177616,3380.4237719129824,3.6048024783190233,3367.5578208000006,3383.4233664000003,3473.7336851424566,0.26844273774717214,3472.7755824000005,3473.9570592000005
run_0816_cfg_082_seed_6_of0,6,12,18,10,60.0,16,20,OF0,855,15,99.99239766081871,0.18261688950301927,94.73,100.0,100.0,0.0,100.0,100.0,119.39883040935672,55.49235657254719,29,306,-69.13684210526316,15.915577535326916,-94,-51,1.01553216374269,0.04905109969352453,1.0,1.5,3.271345029239766,1.0017829265211555,2,5,2.2666666666666666,0.9983593098055481,1,4,6.133333333333334,2.21840291097218,3,10,63387.49005847953,66362.88678576748,10736,296904,59936612.50994152,66363.11856526085,59703096,59989264,0.10564581700098047,0.11060481284162647,0.017893333333333334,0.49484000000000006,99.89435418299901,0.11060481284162606,99.50516,99.98210666666667,90.0,0.0001762523207283856,89.99640000000001,90.0036,0.0,0.0,0.0,0.0,3.308826981052631,3.464142690217061,0.5604192,15.498388799999999,3380.4249455607023,3.7428798870807296,3367.2546144000007,3383.3944896000003,3473.7337725417547,0.2788145378246239,3472.753003200001,3473.9549088000003
run_0817_cfg_082_seed_7_of0,7,12,18,10,60.0,16,20,OF0,855,15,99.98188304093567,0.24037701725901264,94.73,100.0,100.0,0.0,100.0,100.0,119.78479532163743,57.220642047039135,20,268,-70.74970760233919,15.012580104359584,-94,-51,1.0169824561403509,0.04340882847699144,1.0,1.35,3.2678362573099413,0.9998041360153846,2,5,2.2666666666666666,0.9983593098055478,1,4,6.133333333333334,2.21840291097218,3,10,63213.9134502924,83262.69728752709,10224,483272,59936786.08654971,83262.83848527385,59516728,59989776,0.1053565208735093,0.1387711815675066,0.01704,0.8054533333333334,99.89464347912649,0.1387711815675071,99.19454666666667,99.98295999999999,90.0,0.0005516256749333802,89.99194800000001,90.00805199999999,0.0,0.0,0.0,0.0,3.2997662821052627,4.346312798408915,0.5336928,25.226798399999996,3380.434735281404,4.696024090569456,3356.7434592000004,3383.4233664000003,3473.734501563509,0.35031218852118146,3471.9702576000004,3474.2040936000003
run_0818_cfg_082_seed_8_of0,8,12,18,10,60.0,16,20,OF0,855,15,99.99078362573098,0.16582055907273555,95.45,100.0,100.0,0.0,100.0,100.0,120.84795321637426,58.01421365366087,20,294,-71.11111111111111,14.01297677457683,-93,-51,1.0174035087719298,0.04570596112420898,1.0,1.31,3.2666666666666666,0.9983593098055478,2,5,2.2666666666666666,0.9983593098055478,1,4,6.133333333333334,2.218402910972179,3,10,63314.357894736844,92350.32971759788,10224,471392,59936685.64210527,92350.18266802674,59528608,59989776,0.10552392895506064,0.15391721460565627,0.01704,0.7856533333333334,99.89447607104495,0.1539172146056568,99.21434666666667,99.98295999999999,90.0,0.0002833595708109163,89.99451599999999,90.005484,0.0,0.0,0.0,0.0,3.305009482105263,4.820687211258612,0.5336928,24.606662399999998,3380.4290702147373,5.208550302476739,3357.4134912000004,3383.4233664000003,3473.7340796968424,0.38800587773764617,3472.0201536000004,3473.9570592000005
run_0819_cfg_082_seed_9_of0,9,12,18,10,60.0,16,20,OF0,855,15,99.98545029239766,0.2168051004152684,94.73,100.0,100.0,0.0,100.0,100.0,120.4233918128655,57.96135282873752,27,303,-69.02923976608187,14.129307036690037,-93,-51,1.0255906432748538,0.05899704995151441,1.0,1.42,3.270175438596491,1.003850592139999,2,6,2.2666666666666666,0.9983593098055473,1,4,6.133333333333334,2.218402910972179,3,10,63896.88888888889,74331.33065007842,10224,422952,59936103.11111111,74331.55009331227,59577048,59989776,0.10649481489911711,0.1238855510601243,0.01704,0.70492,99.89350518510088,0.12388555106012396,99.29508,99.98295999999999,90.0,0.00024448341562371804,89.99494800000001,90.005052,0.0,0.0,0.0,0.0,3.3354175999999995,3.8800954599340964,0.5336928,22.078094399999998,3380.396215466667,4.192299425262816,3360.1455072000003,3383.4233664000003,3473.731633066667,0.312336548095219,3472.2236016,3474.1055304
run_0820_cfg_082_seed_10_of0,10,12,18,10,60.0,16,20,OF0,855,15,99.83609356725147,0.8674463535266145,85.71,100.0,99.96100584795322,1.1402039419506336,66.66,100.0,120.73918128654971,57.2595556942112,26,285,-71.16491228070176,14.868972904418884,-94,-54,1.0201169590643275,0.050512459381847286,1.0,1.36,3.271345029239766,1.0017829265211566,2,5,2.2666666666666666,0.9983593098055477,1,4,6.133333333333334,2.2184029109721783,3,10,63557.922807017545,88528.98864057113,10224,454448,59936442.077192985,88528.35150168157,59545552,59989776,0.105929867843403,0.1475483100157125,0.01704,0.7574133333333334,99.8940701321566,0.14754831001571198,99.24258666666667,99.98295999999999,90.0,0.000562458204536978,89.99151599999999,90.008484,0.0,0.0,0.0,0.0,3.3177235705263155,4.621213207037813,0.5336928,23.7221856,3380.4153331536845,4.992999024694871,3358.3691328000004,3383.4233664000003,3473.733056724211,0.3723723308831647,3472.0913184000005,3473.9570592000005
run_0821_cfg_083_seed_1_of0,1,12,20,0,40.0,12,10,OF0,627,11,99.98867623604465,0.13669887895610103,97.14,100.0,100.0,0.0,100.0,100.0,134.80861244019138,53.77858157529369,38,249,-73.36204146730462,10.234691411362519,-84,-51,1.0171451355661882,0.04779130939256665,1.0,1.58,3.5486443381180224,0.9946071419976729,2,6,2.5454545454545454,0.9883139428379533,1,4,3.272727272727273,1.4211791645789371,1,5,131278.3668261563,111681.10134203837,25952,474896,59868721.633173846,111679.01145505234,59525104,59974048,0.2187972698973431,0.18613514683845464,0.04325333333333334,0.7914933333333334,99.78120273010265,0.18613514683845345,99.20850666666666,99.95674666666666,90.0,0.0005229539592078946,89.990748,90.00925200000002,0.0,0.0,0.0,0.0,6.852730748325358,5.8297534900544035,1.3546943999999999,24.789571199999997,3376.595900111005,6.298696246064925,3357.2158656,3382.5363072000005,3473.4486308593305,0.4693423829578126,3472.0054368,3473.8910016000004
run_0822_cfg_083_seed_2_of0,2,12,20,0,40.0,12,10,OF0,627,11,99.9843062200957,0.1649037535427691,96.42,100.0,100.0,0.0,100.0,100.0,136.37001594896333,56.332453324913686,33,311,-73.42424242424242,10.237526620339459,-84,-51,1.0247049441786285,0.05327636689420338,1.0,1.32,3.5454545454545454,0.9883139428379525,2,5,2.5454545454545454,0.9883139428379525,1,4,3.272727272727273,1.4211791645789371,1,5,131874.05422647527,121623.00508453393,25560,626544,59868125.94577353,121620.38214991312,59373456,59974440,0.21979007972675488,0.20270499432854486,0.0426,1.0442399999999998,99.78020992027325,0.20270499432854433,98.95576,99.95739999999999,90.0,0.0005416405325061805,89.99194800000001,90.00805199999999,0.0,0.0,0.0,0.0,6.88382563062201,6.3487208654126785,1.3342319999999999,32.7055968,3376.5623033416273,6.859389553255112,3348.6629184,3382.5584160000008,3473.446128972249,0.5110615200965014,3471.3685152,3474.1536936
run_0823_cfg_083_seed_3_of0,3,12,20,0,40.0,12,10,OF0,627,11,99.88534290271133,0.5137349941465258,92.3,100.0,99.93620414673046,1.1286624203968174,80.0,100.0,136.1196172248804,56.327034984461825,29,277,-73.58692185007975,10.245548613346747,-84,-51,1.0191068580542264,0.047676020598539974,1.0,1.39,3.555023923444976,1.008630231311858,2,7,2.553429027113238,1.0071312242514143,1,6,3.272727272727273,1.4211791645789364,1,5,131677.47368421053,142645.84799749276,25560,652496,59868322.526315786,142647.50997110238,59347504,59974440,0.21946245844199833,0.23774307288512186,0.0426,1.0874933333333332,99.780537541558,0.2377430728851213,98.91250666666667,99.95739999999999,90.0,0.00083514929889064,89.98869599999999,90.011304,0.0,0.0,0.0,0.0,6.87356412631579,7.446113265469123,1.3342319999999999,34.060291199999995,3376.5733904842114,8.045319562370176,3347.1992256000003,3382.5584160000008,3473.4469546105265,0.6000124924664999,3471.2595168000003,3473.9380920000003
run_0824_cfg_083_seed_4_of0,4,12,20,0,40.0,12,10,OF0,627,11,99.9465231259968,0.20585992172271314,96.66,100.0,99.94151515151515,1.0389724130551088,80.0,100.0,136.52950558213715,55.11684080940663,33,277,-73.69059011164275,10.234313523308959,-84,-51,1.0251834130781499,0.0535877934740604,1.0,1.44,3.547049441786284,0.9898543164724517,2,5,2.5454545454545454,0.9883139428379518,1,4,3.272727272727273,1.421179164578937,1,5,131795.2408293461,158792.59939881237,25560,667480,59868204.75917065,158793.16424688342,59332520,59975256,0.21965873408531017,0.26465433245191244,0.0426,1.1124666666666667,99.78034126591469,0.26465433245191156,98.88753333333334,99.95739999999999,90.0,0.000713420093656976,89.990448,90.00955200000001,0.0,0.0,0.0,0.0,6.879711571291866,8.288973688618004,1.3342319999999999,34.84245599999999,3376.5667484172254,8.955934463524233,3346.354128000001,3382.6044384000006,3473.446459988517,0.667488679667675,3471.1965840000007,3474.238036800001
run_0825_cfg_083_seed_5_of0,5,12,20,0,40.0,12,10,OF0,627,11,99.987990430622,0.18867821696434203,95.45,100.0,100.0,0.0,100.0,100.0,134.59968102073364,54.62688602889958,37,262,-73.36363636363636,10.235337124533855,-84,-51,1.0188516746411485,0.04937910343270018,1.0,1.39,3.5518341307814993,0.9976533094207048,2,6,2.5486443381180224,0.9946071419976729,1,5,3.272727272727273,1.4211791645789376,1,5,131409.70972886763,111779.64037785176,25952,457664,59868590.29027113,111778.8207686644,59542336,59974048,0.21901617959011835,0.1862993803960261,0.04325333333333334,0.7627733333333333,99.78098382040989,0.18629938039602517,99.23722666666667,99.95674666666666,90.0,0.0003513739713352793,89.99413200000001,90.005868,0.0,0.0,0.0,0.0,6.85958684784689,5.834897227723863,1.3546943999999999,23.890060799999997,3376.588492371292,6.304325491352661,3358.1877504000004,3382.5363072000005,3473.4480792191393,0.4696087204646428,3472.0778112000003,3473.8910016000004
run_0826_cfg_083_seed_6_of0,6,12,20,0,40.0,12,10,OF0,627,11,99.98783094098884,0.17404807311998755,96.0,100.0,100.0,0.0,100.0,100.0,135.92185007974481,55.534912178675,37,268,-73.63636363636364,10.208614018282137,-84,-51,1.0182456140350877,0.042645544348469885,1.0,1.32,3.5486443381180224,0.994607141997673,2,6,2.5486443381180224,0.994607141997673,1,5,3.272727272727273,1.4211791645789364,1,5,130939.45773524721,158582.2363467631,25472,668144,59869060.54226475,158582.23634676312,59331856,59974528,0.21823242955874536,0.26430372724460505,0.04245333333333333,1.1135733333333333,99.78176757044126,0.2643037272446049,98.88642666666667,99.95754666666666,90.0,0.0,90.0,90.0,0.0,0.0,0.0,0.0,6.835039693779905,8.27799273730103,1.3296384,34.877116799999996,3376.6150145837323,8.944038129957432,3346.3166784000005,3382.5633792000003,3473.450054277512,0.6660453926564226,3471.1937952000003,3473.8930176000003
run_0827_cfg_083_seed_7_of0,7,12,20,0,40.0,12,10,OF0,627,11,99.91634768740032,0.24917992076804946,97.05,100.0,99.90430622009569,1.3812172094069368,80.0,100.0,135.55502392344496,53.914007552238935,33,279,-73.72727272727273,10.251499043844671,-84,-51,1.0229984051036682,0.05437949420897065,1.0,1.42,3.550239234449761,0.9929201970729181,2,5,2.5454545454545454,0.9883139428379527,1,4,3.272727272727273,1.421179164578937,1,5,131485.30781499203,158661.64602861812,24832,682056,59868514.69218501,158660.83364654888,59317944,59975168,0.21914217363188962,0.2644360580214684,0.04138666666666667,1.13676,99.7808578263681,0.26443605802146786,98.86323999999999,99.95861333333333,90.0,0.0006388084354893592,89.992332,90.007668,0.0,0.0,0.0,0.0,6.863533067942584,8.282137922693865,1.2962304,35.6033232,3376.584228639235,8.948471017665375,3345.5320416000004,3382.5994752,3473.447761707177,0.6667548873579843,3471.1353648000004,3474.0229704000003
run_0828_cfg_083_seed_8_of0,8,12,20,0,40.0,12,10,OF0,627,11,99.87748006379586,0.33642553140359,95.65,100.0,99.85644338118021,1.60905245107782,80.0,100.0,136.34928229665073,56.1538351882851,30,274,-73.72248803827752,10.24926654577265,-84,-51,1.024114832535885,0.0528936441469676,1.0,1.42,3.5486443381180224,0.9946071419976735,2,6,2.5454545454545454,0.9883139428379527,1,4,3.272727272727273,1.421179164578937,1,5,131082.78149920254,156820.58446231077,25560,662672,59868917.2185008,156819.1725189931,59337328,59974440,0.21847129450615002,0.26136763658931506,0.0426,1.1044533333333333,99.78152870549386,0.2613676365893147,98.89554666666666,99.95739999999999,90.0,0.0005494395401735298,89.99194800000001,90.00805199999999,0.0,0.0,0.0,0.0,6.842521194258372,8.186034508932622,1.3342319999999999,34.5914784,3376.606931123445,8.84460133007122,3346.6252992000004,3382.5584160000008,3473.4494523177036,0.6588813469286707,3471.2167776000006,3473.892648000001
run_0829_cfg_083_seed_9_of0,9,12,20,0,40.0,12,10,OF0,627,11,99.92681020733653,0.23569494964596577,97.14,100.0,99.94682615629985,0.9407401274007477,83.33,100.0,136.55342902711322,55.66127246659017,29,286,-73.70175438596492,10.244240029705605,-84,-51,1.0207974481658693,0.054023442963623484,1.0,1.39,3.553429027113238,0.9943612006865716,2,5,2.5454545454545454,0.988313942837953,1,4,3.272727272727273,1.4211791645789367,1,5,131486.5582137161,157505.4326134859,25560,695368,59868513.44178628,157504.05332536026,59304632,59974440,0.21914425426943104,0.26250904517374785,0.0426,1.1589466666666666,99.78085574573056,0.2625090451737473,98.84105333333333,99.95739999999999,90.0,0.0007434822479622543,89.990748,90.00925200000002,0.0,0.0,0.0,0.0,6.86359833875598,8.22178358242397,1.3342319999999999,36.2982096,3376.5841581167465,8.883228607550322,3344.7812448,3382.5584160000008,3473.4477564555027,0.662020116356588,3471.0794544,3474.1801367999997
run_0830_cfg_083_seed_10_of0,10,12,20,0,40.0,12,10,OF0,627,11,99.78208931419458,0.6084361179138728,91.66,100.0,99.85644338118021,1.6090524510778208,80.0,100.0,136.08771929824562,55.25066572450465,34,276,-73.68102073365232,10.249616539755504,-84,-51,1.0230143540669856,0.052237520802332474,1.0,1.42,3.550239234449761,0.9945277300981794,2,6,2.5454545454545454,0.9883139428379527,1,4,3.272727272727273,1.4211791645789371,1,5,131377.54385964913,153422.77828164058,25560,665864,59868622.456140354,153423.61955150063,59334136,59974440,0.21896257437124492,0.2557046312629786,0.0426,1.1097733333333333,99.78103742562875,0.2557046312629779,98.89022666666666,99.95739999999999,90.0,0.0006126735628124018,89.99194800000001,90.00805199999999,0.0,0.0,0.0,0.0,6.857907789473684,8.008669026301638,1.3342319999999999,34.758100799999994,3376.590306526316,8.65309214270464,3346.4452704000005,3382.5584160000008,3473.44821431579,0.6448267146489427,3471.2033712000007,3474.1755336
run_0831_cfg_084_seed_1_of0,1,12,20,0,40.0,16,5,OF0,855,15,99.66454970760235,0.44432935233443005,97.22,100.0,99.67436257309942,1.8995316899753314,80.0,100.0,192.23976608187135,86.19360219003052,40,470,-77.25146198830409,9.580115510768437,-93,-51,1.108187134502924,0.17688658580315084,1.0,3.47,4.545029239766082,1.8497472370744086,2,13,3.4456140350877194,1.7599569708891303,1,8,3.2,1.2761549390929887,1,5,341414.18479532166,385981.0775546113,46008,1749928,59658590.87719298,385969.73316136893,58250072,59953992,0.5690234670961501,0.6433014607257671,0.07668,2.9165466666666666,99.43097653290386,0.6433014607257664,97.08345333333334,99.92332,90.00000759298246,0.0008867721763171821,89.990364,90.009636,0.0,0.0,0.0,0.0,17.821820446315787,20.148212248350706,2.4016176,91.34624159999998,3364.7445254736845,21.768692950301215,3285.3040608000006,3381.4051488000005,3472.566353512983,1.6207988207508386,3466.6503024000003,3473.8404120000005
run_0832_cfg_084_seed_2_of0,2,12,20,0,40.0,16,5,OF0,855,15,99.87749707602339,0.36357457018165174,95.45,100.0,99.88409356725145,1.0664808247449802,90.0,100.0,187.2888888888889,82.28561417578558,36,391,-76.62923976608187,10.608614601064568,-93,-51,1.0876374269005848,0.11177316651215365,1.0,1.72,4.4713450292397665,1.794816878324099,2,9,3.423391812865497,1.7644459505973147,1,7,3.2,1.2761549390929887,1,5,334845.76374269003,335664.6254354021,48312,1693832,59665150.25964912,335676.426858095,58306168,59951688,0.558076415905979,0.5594414041632234,0.08052,2.823053333333333,99.44192358409401,0.5594414041632224,97.17694666666667,99.91948000000001,89.99999403508772,0.0007997797317861485,89.989776,90.010224,0.0,0.0,0.0,0.0,17.47894886736842,17.521693447728,2.5218863999999996,88.4180304,3365.1144746442105,18.932150474796586,3288.4678752000004,3381.2752032,3472.5934175466673,1.4107878809154386,3466.8859056000006,3474.0141120000003
run_0833_cfg_084_seed_3_of0,3,12,20,0,40.0,16,5,OF0,855,15,99.81615204678363,0.3698876977394785,95.45,100.0,99.84954385964912,1.2142759921595117,88.88,100.0,195.7122807017544,92.32570908804131,42,471,-76.76725146198831,10.711496758688767,-93,-51,1.1004444444444443,0.13851094661257585,1.0,2.95,4.470175438596491,1.7889163943965525,2,12,3.3976608187134505,1.7316435457676798,1,8,3.2,1.2761549390929878,1,5,350212.14502923976,346227.1100378331,48312,1695272,59649787.85497076,346227.60810586053,58304728,59951688,0.5836869085556633,0.5770451724002653,0.08052,2.8254533333333334,99.41631309144434,0.5770451724002621,97.17454666666666,99.91948000000001,90.0,0.0008723979067653337,89.98920000000001,90.0108,0.0,0.0,0.0,0.0,18.281073970526315,18.0730551439749,2.5218863999999996,88.49319839999998,3364.2480350203514,19.52723709717055,3288.3866592000004,3381.2752032,3472.5291089908774,1.4545442735404728,3466.8798576000004,3473.7970895999997
run_0834_cfg_084_seed_4_of0,4,12,20,0,40.0,16,5,OF0,855,15,99.40143859649122,0.6105736260608637,95.23,100.0,99.5353216374269,2.208089578373981,80.0,100.0,196.82573099415205,94.83232481039337,40,678,-77.23391812865498,10.493960367055276,-93,-51,1.1148888888888888,0.17162252450815785,1.0,3.21,4.6608187134502925,1.9596746811283459,2,11,3.5649122807017544,1.884904711380614,1,8,3.2,1.2761549390929885,1,5,355252.3602339181,392540.4312272152,46008,1744888,59644747.63976608,392541.99559779314,58255112,59953992,0.5920872807569448,0.6542341399211339,0.07668,2.9081466666666667,99.40791271924306,0.6542341399211402,97.09185333333333,99.92332,90.0,0.000744720584793026,89.99113200000001,90.008868,0.0,0.0,0.0,0.0,18.544173204210523,20.490610510060648,2.4016176,91.08315359999999,3363.9637668828072,22.139368551715606,3285.5883168,3381.4051488000005,3472.507940087018,1.6489927873895074,3466.6714704,3473.9834088000002
run_0835_cfg_084_seed_5_of0,5,12,20,0,40.0,16,5,OF0,855,15,99.57966081871345,0.5242034233803122,95.45,100.0,99.6060350877193,1.9392004614481582,88.88,100.0,189.0,83.08721187714485,34,430,-76.81754385964912,10.508139860507757,-93,-51,1.0961169590643276,0.11962229934790812,1.0,1.83,4.253801169590643,1.446924035382386,2,8,3.191812865497076,1.3969449311206577,1,6,3.2,1.276154939092988,1,5,333927.05497076025,410953.4338074241,46008,1735376,59666072.94502924,410953.5777636285,58264624,59953992,0.5565450906055464,0.684922398108365,0.07668,2.8922933333333334,99.44345490939446,0.6849223981083653,97.10770666666667,99.92332,90.0,0.0006607853960089757,89.990364,90.009636,0.0,0.0,0.0,0.0,17.43099226947368,21.45176924474754,2.4016176,90.5866272,3365.1665140996497,23.177781785868646,3286.1247936,3381.4051488000005,3472.597506369123,1.7261875384384897,3466.7114208,3474.0141120000003
run_0836_cfg_084_seed_6_of0,6,12,20,0,40.0,16,5,OF0,855,15,99.6682456140351,0.4502218662284973,95.83,100.0,99.74690058479533,1.6326833441555773,80.0,100.0,194.2409356725146,97.16168932588502,35,684,-76.64327485380117,10.383410861219522,-93,-51,1.1024912280701755,0.14353023853046387,1.0,2.53,4.612865497076023,2.0194773129993715,2,12,3.5391812865497077,1.977163957508806,1,10,3.2,1.2761549390929883,1,5,349497.46900584793,375504.50373219285,46008,1776816,59650502.530994155,375500.5043768547,58223184,59953992,0.5824957348918435,0.6258406113496161,0.07668,2.96136,99.41750426510815,0.6258406113496139,97.03864,99.92332,90.0,0.000925048160022091,89.988228,90.01177200000001,0.0,0.0,0.0,0.0,18.24376788210526,19.60133509482046,2.4016176,92.74979519999998,3364.2883427480706,21.178228446854597,3283.7875776000005,3381.4051488000005,3472.532110630176,1.5772622383488892,3466.5373728000004,3473.8067664000005
run_0837_cfg_084_seed_7_of0,7,12,20,0,40.0,16,5,OF0,855,15,99.64957894736843,0.5727938518751412,90.0,100.0,99.68659649122806,1.8054833199143212,80.0,100.0,192.90409356725146,90.68035928102348,40,725,-77.11461988304093,10.36594853610774,-93,-51,1.104736842105263,0.1378392803259971,1.0,2.65,4.734502923976608,2.072099751805333,2,11,3.665497076023392,2.028581536167337,1,9,3.2,1.2761549390929894,1,5,350360.4865497076,391682.6457527275,48312,1776392,59649639.513450295,391687.13168482034,58223608,59951688,0.5839341869341746,0.6528047111811974,0.08052,2.9606533333333336,99.41606581306583,0.652804711181198,97.03934666666667,99.91948000000001,90.0,0.0010119124472687058,89.990364,90.009636,0.0,0.0,0.0,0.0,18.288817397894736,20.445834108292367,2.5218863999999996,92.7276624,3364.239668558597,22.091154227023882,3283.8114912,3381.2752032,3472.5284859564917,1.645756777961097,3466.5391536,3473.7970895999997
run_0838_cfg_084_seed_8_of0,8,12,20,0,40.0,16,5,OF0,855,15,99.4945730994152,0.6406956289620269,90.9,100.0,99.56727485380118,2.0384385671509526,88.88,100.0,188.15438596491228,83.9254270648899,40,487,-76.8093567251462,10.48171850832776,-93,-51,1.1047836257309942,0.13217127031409115,1.0,1.95,4.465497076023392,1.7907948870732107,2,12,3.3953216374269006,1.7436338829409408,1,10,3.2,1.2761549390929887,1,5,337157.3052631579,403286.8794632,47104,1725752,59662844.33216374,403279.6052227655,58274248,59952896,0.5619287435275404,0.6721444995499751,0.07850666666666667,2.876253333333333,99.43807125647245,0.6721444995499747,97.12374666666666,99.92149333333333,90.00000245614035,0.0005534733186062424,89.99151599999999,90.008484,0.0,0.0,0.0,0.0,17.59961133473684,21.051575107979026,2.4588288,90.08425439999999,3364.9844203340353,22.744969734564,3286.6675872,3381.3433344000005,3472.5840341249127,1.6935086529199064,3466.7518416000003,3473.8021632000005
run_0839_cfg_084_seed_9_of0,9,12,20,0,40.0,16,5,OF0,855,15,99.7372865497076,0.3954239191965261,96.77,100.0,99.74743859649122,1.6312380502945314,80.0,100.0,189.0140350877193,87.22186193019614,34,729,-76.96842105263158,10.554206425171436,-93,-51,1.1065730994152048,0.14565952400578153,1.0,2.64,4.546198830409357,1.8804818837167574,2,12,3.454970760233918,1.8255333102481421,1,11,3.2,1.2761549390929887,1,5,340690.9754385965,386507.0911918209,47104,1745496,59659309.024561405,386509.42025763745,58252656,59952896,0.5678183129187675,0.6441785970151023,0.07850666666666667,2.9092496048878305,99.43218168708124,0.6441785970151028,97.09075039511217,99.92149333333333,90.0,0.0008576678579545592,89.990364,90.009636,0.0,0.0,0.0,0.0,17.784068917894736,20.175670160213063,2.4588288,91.11489119999999,3364.7850289852636,21.799131302530785,3285.4497984000004,3381.3433344000005,3472.5690979031583,1.6237776664479897,3466.5619176000005,3473.9690208000006
run_0840_cfg_084_seed_10_of0,10,12,20,0,40.0,16,5,OF0,855,15,99.66320467836256,0.620451240171277,88.88,100.0,99.61861988304094,1.9385516852465796,87.5,100.0,190.8654970760234,86.72835415659422,43,684,-76.56842105263158,10.284122238705333,-93,-51,1.1048304093567252,0.14624716178257097,1.0,2.8,4.326315789473684,1.5470595720152411,2,9,3.257309941520468,1.492130729334948,1,7,3.2,1.2761549390929887,1,5,338315.3964912281,389879.53387216345,47008,1709520,59661684.60350877,389879.32420378807,58290480,59952992,0.563858985532607,0.6497991856539526,0.07834666666666666,2.8492,99.4361410144674,0.6497991856539522,97.1508,99.92165333333334,90.0,0.0010281088889747048,89.98998,90.01002000000001,0.0,0.0,0.0,0.0,17.660063696842105,20.351711668126924,2.4538176,89.23694399999998,3364.9190116378954,21.98919388509363,3287.5830720000004,3381.3487488,3472.5790753347374,1.6379278490888,3466.7967072000006,3474.0674088
run_0841_cfg_085_seed_1_mrhof,1,12,20,0,60.0,16,10,MRHOF,855,15,99.9798947368421,0.2856179678646172,92.85,100.0,100.0,0.0,100.0,100.0,121.45380116959065,55.570259820499274,26,263,-71.66666666666667,14.43372968754814,-93,-51,1.018888888888889,0.06576735347208255,1.0,2.22,3.2678362573099413,0.9998041360153843,2,5,2.2666666666666666,0.9983593098055479,1,4,6.133333333333334,2.2184029109721792,3,10,115430.94269005848,106613.69342794023,25560,422056,59884569.05730994,106618.14154493963,59577944,59974440,0.19238491424913148,0.17768954329872594,0.0426,0.7034266666666666,99.80761508575087,0.17768954329872583,99.29657333333334,99.95739999999999,90.0,0.0007455067465377545,89.990556,90.00944399999999,0.0,0.0,0.0,0.0,6.025495208421052,5.5652347969384826,1.3342319999999999,22.0313232,3377.489694832281,6.013263183134591,3360.1960416000006,3382.5584160000008,3473.515190040702,0.44889127158503916,3472.0971048000006,3473.892648000001
run_0842_cfg_085_seed_2_mrhof,2,12,20,0,60.0,16,10,MRHOF,855,15,99.98488888888889,0.11177493091408307,98.61,100.0,99.98050292397662,0.5701019709753176,83.33,100.0,121.10526315789474,55.80967286994141,31,270,-65.94502923976609,14.151009611960056,-94,-51,1.019438596491228,0.043188635397938366,1.0,1.28,3.2666666666666666,0.9983593098055473,2,5,2.2666666666666666,0.9983593098055473,1,4,6.133333333333334,2.218402910972179,3,10,115665.91812865497,94533.51238680028,26840,417512,59884334.081871346,94533.94218956277,59582488,59973160,0.19277653040671644,0.15755585389235366,0.04473333333333333,0.6958533333333333,99.80722346959328,0.15755585389235272,99.30414666666667,99.95526666666666,90.0,0.00038966359117207364,89.99194800000001,90.00805199999999,0.0,0.0,0.0,0.0,6.037760926315789,4.934649346590978,1.4010479999999998,21.7941264,3377.476442217544,5.3317143394913495,3360.4523232,3382.486224,3473.51420314386,0.3973297641664537,3472.2464496000002,3474.1582968000002
run_0843_cfg_085_seed_3_mrhof,3,12,20,0,60.0,16,10,MRHOF,855,15,99.91708771929825,0.28089112215783774,95.83,100.0,99.95711111111112,0.8899097159982873,80.0,100.0,121.31228070175439,56.07689206122822,33,280,-65.4,11.564157660147963,-93,-51,1.0158245614035086,0.0356668438749905,1.0,1.23,3.2666666666666666,0.9983593098055478,2,5,2.2666666666666666,0.9983593098055478,1,4,6.133333333333334,2.2184029109721783,3,10,115150.94269005848,144970.809393257,25560,601168,59884849.05730994,144970.4402607673,59398832,59974440,0.1919182344213046,0.24161800854064203,0.0426,1.0019466666666668,99.8080817655787,0.24161800854064117,98.99805333333333,99.95739999999999,90.0,0.0005593320204787675,89.99113200000001,90.008868,0.0,0.0,0.0,0.0,6.010879208421052,7.567476250328021,1.3342319999999999,31.380969600000004,3377.505486832281,8.176332830707283,3350.0941248000004,3382.5584160000008,3473.5163660407025,0.6092109529141101,3471.4750944,3473.892648000001
run_0844_cfg_085_seed_4_mrhof,4,12,20,0,60.0,16,10,MRHOF,855,15,99.861216374269,0.5009019206968555,92.3,100.0,99.95711111111112,0.889909715998289,80.0,100.0,121.8374269005848,55.753623319724504,34,283,-68.26666666666667,14.469753643092998,-94,-54,1.015625730994152,0.04280887531254167,1.0,1.6,3.2666666666666666,0.9983593098055475,2,5,2.2666666666666666,0.9983593098055475,1,4,6.133333333333334,2.218402910972179,3,10,115275.77076023392,138952.29969673275,25560,613024,59884724.22923977,138952.25054953602,59386976,59974440,0.1921262844065916,0.23158716485101882,0.0426,1.0217066666666668,99.80787371559342,0.23158716485101843,98.97829333333334,99.95739999999999,90.0,2.671315230096976e-05,89.999448,90.000552,0.0,0.0,0.0,0.0,6.01739523368421,7.253310044169443,1.3342319999999999,31.9998528,3377.498446529123,7.836906930993842,3349.4254464,3382.5584160000008,3473.5158417628077,0.5835976579428932,3471.4252992,3473.892648000001
run_0845_cfg_085_seed_5_mrhof,5,12,20,0,60.0,16,10,MRHOF,855,15,99.96771929824561,0.1568380951592578,97.77,100.0,99.98050292397662,0.5701019709753189,83.33,100.0,121.4233918128655,55.93087834476201,33,259,-66.46666666666667,14.257862780019451,-94,-51,1.018093567251462,0.04761762847632657,1.0,1.62,3.2666666666666666,0.9983593098055479,2,5,2.2666666666666666,0.9983593098055479,1,4,6.133333333333334,2.2184029109721783,3,10,115747.63040935673,88253.31775984223,26840,346336,59884252.36959064,88254.54802371525,59653664,59973160,0.19291271987681272,0.14708886950575178,0.04473333333333333,0.5772266666666667,99.8070872801232,0.1470888695057504,99.42277333333334,99.95526666666666,90.0,0.0002811324039874726,89.99494800000001,90.005052,0.0,0.0,0.0,0.0,6.04202630736842,4.606823187063761,1.4010479999999998,18.078739199999998,3377.4718336449123,4.97755650853756,3364.4666496,3382.486224,3473.513859952281,0.3708824297886359,3472.5453888,3473.8872720000004
run_0846_cfg_085_seed_6_mrhof,6,12,20,0,60.0,16,10,MRHOF,855,15,99.99534502923977,0.06594541437623505,98.63,100.0,100.0,0.0,100.0,100.0,120.32982456140351,54.930006447141444,30,266,-70.4,15.261468218293613,-94,-51,1.0127836257309941,0.03490326160517714,1.0,1.4,3.2666666666666666,0.9983593098055481,2,5,2.2666666666666666,0.9983593098055481,1,4,6.133333333333334,2.21840291097218,3,10,115183.08304093567,137179.78361014725,25560,592976,59884816.91695906,137179.10891419696,59407024,59974440,0.1919718016285076,0.2286329474795896,0.0426,0.9882933333333334,99.8080281983715,0.22863294747958868,99.01170666666667,99.95739999999999,90.0,0.0003795173071377608,89.99151599999999,90.006984,0.0,0.0,0.0,0.0,6.012556934736841,7.160784704449681,1.3342319999999999,30.953347199999996,3377.5036741164918,7.736901742760716,3350.5561536000005,3382.5584160000008,3473.5162310512283,0.5762887394027948,3471.4063992,3473.892648000001
run_0847_cfg_085_seed_7_mrhof,7,12,20,0,60.0,16,10,MRHOF,855,15,99.9526783625731,0.19068275746021873,96.55,100.0,99.95711111111112,0.8899097159982888,80.0,100.0,121.57426900584795,55.932053898457156,30,277,-67.8,14.42694590514164,-94,-54,1.016280701754386,0.03878380344090848,1.0,1.44,3.2666666666666666,0.9983593098055478,2,5,2.2666666666666666,0.9983593098055478,1,4,6.133333333333334,2.21840291097218,3,10,115164.16374269006,121793.35482828751,25560,505832,59884835.83625731,121792.41169407417,59494168,59974440,0.19194026660771935,0.20298892139624786,0.0426,0.8430533333333333,99.80805973339228,0.20298892139624714,99.15694666666667,99.95739999999999,90.0,0.0007118089104942479,89.990748,90.00925200000002,0.0,0.0,0.0,0.0,6.01156934736842,6.357613122036606,1.3342319999999999,26.404430399999995,3377.504741164913,6.869092019545781,3355.4710752000005,3382.5584160000008,3473.516310512281,0.5121614710749242,3471.8755056000005,3474.1060824
run_0848_cfg_085_seed_8_mrhof,8,12,20,0,60.0,16,10,MRHOF,855,15,99.92383625730994,0.21941485168101177,97.95,100.0,99.93371929824562,1.1215019896029355,80.0,100.0,121.65146198830409,56.73028896276835,29,268,-72.26666666666667,14.091171850551671,-93,-54,1.0142105263157895,0.041163438810278466,1.0,1.53,3.2666666666666666,0.9983593098055478,2,5,2.2666666666666666,0.9983593098055478,1,4,6.133333333333334,2.218402910972179,3,10,115001.08538011696,171100.15146286247,25560,797016,59884998.914619885,171100.15146286256,59202984,59974440,0.19166847563352826,0.28516691910477093,0.0426,1.32836,99.80833152436647,0.28516691910477,98.67164000000001,99.95739999999999,90.0,0.0,90.0,90.0,0.0,0.0,0.0,0.0,6.003056656842105,8.93142790636142,1.3342319999999999,41.60423519999999,3377.5139387845616,9.650048542505443,3339.0482976000003,3382.5584160000008,3473.5169954414037,0.7186206361440505,3470.6525328000002,3473.892648000001
run_0849_cfg_085_seed_9_mrhof,9,12,20,0,60.0,16,10,MRHOF,855,15,99.96249122807016,0.15839059450130055,98.5,100.0,99.9766081871345,0.6839855680567678,80.0,100.0,121.52748538011696,55.9075967331355,33,276,-68.6,14.88060208799265,-94,-51,1.0193099415204678,0.04586270195185238,1.0,1.4,3.2666666666666666,0.9983593098055473,2,5,2.2666666666666666,0.9983593098055473,1,4,6.133333333333334,2.218402910972179,3,10,115702.35321637426,107243.04717641638,25560,472160,59884297.64678363,107242.85114743595,59527840,59974440,0.19283725445554706,0.17873840584352912,0.0426,0.7869333333333334,99.80716274554446,0.17873840584352732,99.21306666666668,99.95739999999999,90.0,0.0002298839947753746,89.99563199999999,90.004368,0.0,0.0,0.0,0.0,6.039662837894737,5.598087062608926,1.3342319999999999,24.646752,3377.4743872785966,6.048496804715397,3357.3701760000004,3382.5584160000008,3473.514050116492,0.4504905087958266,3472.0169280000005,3473.892648000001
run_0850_cfg_085_seed_10_mrhof,10,12,20,0,60.0,16,10,MRHOF,855,15,99.988,0.26728288481536217,92.3,100.0,100.0,0.0,100.0,100.0,121.67953216374269,56.70293384861869,23,271,-69.86666666666666,14.613874899507463,-94,-54,1.0183859649122808,0.04377359024861956,1.0,1.38,3.2666666666666666,0.9983593098055477,2,5,2.2666666666666666,0.9983593098055477,1,4,6.133333333333334,2.2184029109721783,3,10,115353.53450292398,118540.04893479907,25560,525680,59884646.46549708,118540.14968273012,59474320,59974440,0.19225588828998666,0.19756676095429873,0.0426,0.8761333333333333,99.80774411171001,0.197566760954298,99.12386666666667,99.95739999999999,90.0,0.0006874722664196664,89.99113200000001,90.008868,0.0,0.0,0.0,0.0,6.021454501052632,6.187790554396511,1.3342319999999999,27.440496000000003,3377.4940606540354,6.68566444210598,3354.3516480000003,3382.5584160000008,3473.515515155088,0.49852949765724114,3471.6659616000006,3473.892648000001
run_0851_cfg_086_seed_1_of0,1,12,20,0,60.0,16,10,OF0,855,15,99.99098245614034,0.08766670126978053,98.5,100.0,99.9766081871345,0.6839855680567695,80.0,100.0,121.59298245614035,55.79800427351487,35,262,-72.88654970760234,14.1928832036304,-94,-51,1.014187134502924,0.03585702251712156,1.0,1.25,3.2666666666666666,0.9983593098055479,2,5,2.2666666666666666,0.9983593098055479,1,4,6.133333333333334,2.2184029109721792,3,10,115233.55321637428,120952.94784647036,25560,651376,59884766.446783625,120953.10634785684,59348624,59974440,0.19205592253233517,0.20158824737524375,0.0426,1.0856266666666665,99.80794407746767,0.2015882473752426,98.91437333333334,99.95739999999999,90.0,6.620216004962633e-05,89.99863200000001,90.001368,0.0,0.0,0.0,0.0,6.015191477894737,6.3137438775857495,1.3342319999999999,34.001827199999994,3377.500827598597,6.821755198019139,3347.2623936000005,3382.5584160000008,3473.516019076492,0.5080175189630184,3471.2642208000007,3473.892648000001
run_0852_cfg_086_seed_2_of0,2,12,20,0,60.0,16,10,OF0,855,15,99.96190643274853,0.1755793105107022,97.56,100.0,99.95711111111112,0.8899097159982882,80.0,100.0,121.27953216374269,56.20673399083696,36,273,-71.11695906432749,14.39344699051669,-94,-51,1.0166900584795322,0.041005124279895694,1.0,1.36,3.2678362573099413,0.9998041360153848,2,5,2.2666666666666666,0.9983593098055473,1,4,6.133333333333334,2.218402910972179,3,10,115375.01754385965,113675.54931424552,25560,499960,59884625.22573099,113675.05900655864,59500040,59974440,0.19229169317253336,0.18945924922071028,0.0426,0.8332666666666667,99.80770830682746,0.18945924922070892,99.16673333333334,99.95739999999999,90.00000036491228,0.00025746735803554023,89.996448,90.003552,0.0,0.0,0.0,0.0,6.022575915789473,5.9338636742036215,1.3342319999999999,26.097911999999997,3377.4928627312283,6.411273327969897,3355.802256,3382.5584160000008,3473.51543901193,0.4775048466575356,3471.900168,3473.953984800001
run_0853_cfg_086_seed_3_of0,3,12,20,0,60.0,16,10,OF0,855,15,99.95021052631579,0.26981466903556733,95.0,100.0,99.95711111111112,0.8899097159982876,80.0,100.0,122.42456140350878,56.499558393027954,33,277,-65.40584795321638,11.727296106013496,-93,-51,1.0177543859649123,0.04389801387126183,1.0,1.42,3.270175438596491,1.001514937776971,2,5,2.2690058479532165,1.0012455094647728,1,4,6.133333333333334,2.2184029109721783,3,10,115667.2,143146.997296137,25560,660464,59884332.8,143146.61973933355,59339536,59974440,0.1927786650227192,0.23857832269292645,0.0426,1.1007733333333334,99.80722133497729,0.23857832269292514,98.89922666666666,99.95739999999999,90.0,0.00015377260500955658,89.99713200000001,90.002868,0.0,0.0,0.0,0.0,6.037827839999999,7.472273258858351,1.3342319999999999,34.4762208,3377.4763699200003,8.073469353298398,3346.7498304,3382.5584160000008,3473.51419776,0.6012227029345847,3471.2260512000003,3473.892648000001
run_0854_cfg_086_seed_4_of0,4,12,20,0,60.0,16,10,OF0,855,15,99.92541520467836,0.23747014505399922,97.29,100.0,99.96100584795322,0.8057737600746071,83.33,100.0,121.87836257309941,57.560449333952114,31,306,-68.48421052631579,13.471608485185023,-94,-51,1.0207602339181288,0.052356705839034984,1.0,1.54,3.270175438596491,1.0026834450439073,2,5,2.2666666666666666,0.9983593098055475,1,4,6.133333333333334,2.218402910972179,3,10,115611.9298245614,145488.66215276736,25560,739720,59884388.07017544,145495.11807487,59260280,59974440,0.19268657418068588,0.24248115537381063,0.0426,1.2328666666666666,99.8073134258193,0.24248115537381026,98.76713333333333,99.95739999999999,90.0,0.0005108197021945189,89.9919,90.00810000000001,0.0,0.0,0.0,0.0,6.034942736842105,7.594508164374458,1.3342319999999999,38.613384,3377.479487157895,8.205924659422676,3342.2797920000003,3382.5584160000008,3473.514429894737,0.6117208726162874,3470.8931760000005,3473.9321352
run_0855_cfg_086_seed_5_of0,5,12,20,0,60.0,16,10,OF0,855,15,99.96094736842106,0.4401329539275561,92.85,100.0,100.0,0.0,100.0,100.0,122.01754385964912,55.568687972214015,33,283,-68.97894736842105,12.841568418722458,-93,-51,1.0193567251461988,0.04146252221036461,1.0,1.32,3.2666666666666666,0.9983593098055479,2,5,2.2666666666666666,0.9983593098055479,1,4,6.133333333333334,2.2184029109721783,3,10,115757.78245614035,129077.50698515581,25120,686312,59884242.21754386,129078.09409826885,59313688,59974880,0.1929296376719876,0.21512919438977507,0.04186666666666667,1.1438533333333334,99.807070362328,0.2151291943897744,98.85614666666666,99.95813333333334,90.0,0.0005520959085804124,89.99113200000001,90.008868,0.0,0.0,0.0,0.0,6.042556244210526,6.737845864625136,1.311264,35.8254864,3377.4712610694737,7.280004507142389,3345.2920032000006,3382.5832320000004,3473.5138173136843,0.5425478395537676,3471.1174896000007,3473.8944960000003
run_0856_cfg_086_seed_6_of0,6,12,20,0,60.0,16,10,OF0,855,15,99.99291228070176,0.1412857006387399,96.0,100.0,100.0,0.0,100.0,100.0,120.68654970760234,55.137001981392295,33,275,-71.11345029239766,14.63994068889225,-94,-51,1.015497076023392,0.042467286523812944,1.0,1.53,3.2678362573099413,0.9974590064980392,2,5,2.2666666666666666,0.9983593098055481,1,4,6.133333333333334,2.21840291097218,3,10,114930.23625730994,151004.08045585663,25560,799584,59885069.76374269,151004.50353299495,59200416,59974440,0.191550394478431,0.2516734672867603,0.0426,1.33264,99.80844960552157,0.25167346728675943,98.66736,99.95739999999999,90.0,0.00041542641956144867,89.99194800000001,90.00805199999999,0.0,0.0,0.0,0.0,5.999358332631578,7.88241299979572,1.3342319999999999,41.738284799999995,3377.5179346750883,8.516653999260908,3338.9034624,3382.5584160000008,3473.5172930077197,0.6344296126961282,3470.6417472000003,3473.892648000001
run_0857_cfg_086_seed_7_of0,7,12,20,0,60.0,16,10,OF0,855,15,99.98447953216373,0.23873825091390707,95.0,100.0,100.0,0.0,100.0,100.0,120.60818713450293,55.64867360813133,33,284,-68.60350877192982,14.59807298059243,-94,-51,1.0151461988304094,0.037506544708300574,1.0,1.29,3.2666666666666666,0.9983593098055478,2,5,2.2666666666666666,0.9983593098055478,1,4,6.133333333333334,2.21840291097218,3,10,115164.95906432749,133638.78312659415,25376,608176,59884835.04093567,133639.30652605672,59391824,59974624,0.19194159975697114,0.22273130850834927,0.042293333333333336,1.0136266666666667,99.80805840024303,0.22273130850834857,98.98637333333333,99.95770666666667,90.0,0.0003193963862069627,89.99340000000001,90.00659999999999,0.0,0.0,0.0,0.0,6.011610863157895,6.9759444792082155,1.3246272,31.7467872,3377.5046963087725,7.537256888069584,3349.6988736000003,3382.5687936000004,3473.5163071719303,0.561438751815392,3471.4456608000005,3473.8934208000005
run_0858_cfg_086_seed_8_of0,8,12,20,0,60.0,16,10,OF0,855,15,99.87747368421053,0.44231234944392966,93.33,100.0,99.93371929824562,1.1215019896029355,80.0,100.0,121.5812865497076,56.150205262635176,31,257,-70.87836257309941,13.960522699276158,-93,-51,1.0153333333333334,0.0365855322629067,1.0,1.24,3.2666666666666666,0.9983593098055478,2,5,2.2666666666666666,0.9983593098055478,1,4,6.133333333333334,2.218402910972179,3,10,115174.47485380116,169027.20420794704,25560,806296,59884825.5251462,169027.08078279116,59193704,59974440,0.19195745707859754,0.28171200573069666,0.0426,1.3438266666666667,99.80804254292141,0.28171200573069677,98.65617333333333,99.95739999999999,90.0,0.00026551386261538346,89.99451599999999,90.005484,0.0,0.0,0.0,0.0,6.012107587368421,8.82322005965484,1.3342319999999999,42.0886512,3377.504159618246,9.533127356149441,3338.5249056000002,3382.5584160000008,3473.5162672056144,0.709975722082613,3470.6135568000004,3473.892648000001
run_0859_cfg_086_seed_9_of0,9,12,20,0,60.0,16,10,OF0,855,15,99.97388304093568,0.32195267137317735,91.66,100.0,99.9766081871345,0.6839855680567695,80.0,100.0,121.98947368421052,56.622345880415025,31,290,-69.75555555555556,13.03094457526196,-93,-51,1.0185263157894737,0.044817391105955645,1.0,1.39,3.2678362573099413,0.9998041360153845,2,5,2.2666666666666666,0.9983593098055473,1,4,6.133333333333334,2.218402910972179,3,10,115658.77894736842,151233.50322836114,25560,680072,59884341.22105263,151234.2816767186,59319928,59974440,0.19276463270543712,0.2520558572492411,0.0426,1.1334533333333334,99.80723536729455,0.25205585724923957,98.86654666666666,99.95739999999999,90.0,0.000593918594947175,89.99113200000001,90.008868,0.0,0.0,0.0,0.0,6.037388261052631,7.894388868520456,1.3342319999999999,35.4997584,3377.476844867369,8.529613486566925,3345.6439392,3382.5584160000008,3473.5142331284214,0.6356093456979319,3471.1179384,3473.892648000001
run_0860_cfg_086_seed_10_of0,10,12,20,0,60.0,16,10,OF0,855,15,99.98994152046782,0.14000542426771173,97.14,100.0,100.0,0.0,100.0,100.0,122.08888888888889,56.24277465376884,33,292,-70.02573099415204,14.303887956669886,-94,-51,1.0161052631578946,0.035875313058157915,1.0,1.26,3.2666666666666666,0.9983593098055477,2,5,2.2666666666666666,0.9983593098055477,1,4,6.133333333333334,2.2184029109721783,3,10,115752.56140350878,152612.4357664221,24632,773520,59884247.438596494,152612.43576642196,59226480,59975368,0.19292093567251462,0.25435405961070373,0.04105333333333334,1.2892000000000001,99.80707906432748,0.25435405961070245,98.71079999999999,99.95894666666668,90.0,0.0,90.0,90.0,0.0,0.0,0.0,0.0,6.0422837052631575,7.966369147007242,1.2857904,40.37774399999999,3377.4715555368425,8.607341377226215,3340.3734720000007,3382.6107552000003,3473.513839242106,0.6409722302189916,3470.7512160000006,3473.8965456000005
run_0861_cfg_087_seed_1_mrhof,1,12,20,5,40.0,12,5,MRHOF,627,11,99.94162679425837,0.2055070121929517,96.96,100.0,99.93763955342902,0.7795014653016811,90.0,100.0,141.5438596491228,56.2083860106547,37,272,-73.36363636363636,10.235337124533853,-84,-51,1.044768740031898,0.07329577555728661,1.0,1.5,3.5454545454545454,0.9883139428379533,2,5,2.5454545454545454,0.9883139428379533,1,4,3.272727272727273,1.4211791645789371,1,5,243541.63955342904,205879.36248292253,48312,782064,59756458.36044657,205878.59325431255,59217936,59951688,0.40590272678834377,0.34313226734209806,0.08052,1.30344,99.59409727321164,0.3431322673420978,98.69656,99.91948000000001,90.0,0.0004795440326320897,89.99151599999999,90.008484,0.0,0.0,0.0,0.0,12.712873584688994,10.746902721608562,2.5218863999999996,40.823740799999996,3370.2642515291873,11.611552659543246,3339.8915904000005,3381.2752032,3472.977125113876,0.8648325262976466,3470.7153312000005,3473.7970895999997
run_0862_cfg_087_seed_2_mrhof,2,12,20,5,40.0,12,5,MRHOF,627,11,99.9332216905901,0.1739335014174923,98.0,100.0,99.95358851674641,0.6705338889465272,90.0,100.0,141.24242424242425,56.75147816564662,37,268,-73.36363636363636,10.235337124533856,-84,-51,1.0457894736842106,0.08618729336498498,1.0,1.71,3.5454545454545454,0.9883139428379525,2,5,2.5454545454545454,0.9883139428379525,1,4,3.272727272727273,1.4211791645789371,1,5,244073.36523125996,206141.61752527102,48312,793768,59755923.99362042,206149.07288258983,59206232,59951688,0.4067889997627952,0.34356949925638697,0.08052,1.3229466666666667,99.5932110002372,0.3435694992563871,98.67705333333333,99.91948000000001,89.99999603827752,0.0006822507749629312,89.99151599999999,90.008484,0.0,0.0,0.0,0.0,12.74062966507177,10.760592434819142,2.5218863999999996,41.4346896,3370.234113240192,11.626807710578092,3339.2314848000005,3381.2752032,3472.9747389435415,0.8665975556276769,3470.6149632,3473.8597992000005
run_0863_cfg_087_seed_3_mrhof,3,12,20,5,40.0,12,5,MRHOF,627,11,99.96814992025519,0.21480526104292655,95.45,100.0,99.98405103668262,0.39936153191543566,90.0,100.0,142.14354066985646,57.102383825562335,40,280,-73.27272727272727,10.189135010517905,-84,-51,1.053907496012759,0.10043457198808238,1.0,2.25,3.5518341307814993,0.9992532281544043,2,6,2.547049441786284,0.9914668204322613,1,5,3.272727272727273,1.4211791645789364,1,5,244167.77033492824,205844.62145643105,48312,809400,59755832.22966507,205848.0940652251,59190600,59952784,0.406946298286137,0.3430744559251649,0.08052,1.349,99.59305370171386,0.3430744559251649,98.651,99.91948000000001,90.0,0.0009426251156358338,89.990964,90.009036,0.0,0.0,0.0,0.0,12.745557611483253,10.7450892400257,2.5218863999999996,42.250679999999996,3370.22893775311,11.609832505278687,3338.3498400000008,3381.3370176000003,3472.9744953645936,0.8654581125898344,3470.4318792000004,3474.0899544000004
run_0864_cfg_087_seed_4_mrhof,4,12,20,5,40.0,12,5,MRHOF,627,11,99.8970653907496,0.36844548740196625,95.23,100.0,99.92169059011165,0.8747112786774265,90.0,100.0,141.7384370015949,56.76701309588072,40,273,-73.63636363636364,10.208614018282137,-84,-51,1.042360446570973,0.07093968255372039,1.0,1.39,3.5454545454545454,0.9883139428379518,2,5,2.5454545454545454,0.9883139428379518,1,4,3.272727272727273,1.421179164578937,1,5,242383.23444976076,292662.73288384784,46008,1189128,59757616.76555024,292663.68061026285,58810872,59953992,0.4039720629295407,0.4877712235433972,0.07668,1.98188,99.59602793707046,0.4877712235433982,98.01812,99.92332,90.0,0.0005972844619064009,89.992632,90.007368,0.0,0.0,0.0,0.0,12.65240483827751,15.276994656536848,2.4016176,62.072481599999996,3370.329585577034,16.506231586418846,3316.9331808000006,3381.4051488000005,3472.981990415311,1.2294388581254472,3469.005662400001,3474.032054400001
run_0865_cfg_087_seed_5_mrhof,5,12,20,5,40.0,12,5,MRHOF,627,11,99.78478468899522,0.3509540760146101,96.0,100.0,99.83658692185008,1.287088683026795,88.88,100.0,141.3604465709729,57.34736010473687,35,273,-73.63636363636364,10.208614018282141,-84,-51,1.0461562998405105,0.07999038163640712,1.0,1.6,3.5454545454545454,0.9883139428379533,2,5,2.5454545454545454,0.9883139428379533,1,4,3.272727272727273,1.4211791645789376,1,5,241457.17384370015,291311.111924404,46008,1168440,59758542.8261563,291313.1113259673,58831560,59953992,0.40242863340639873,0.485518494299069,0.07668,1.9474000000000002,99.5975713665936,0.4855184942990689,98.0526,99.92332,90.0,0.0009827026435413541,89.99113200000001,90.008868,0.0,0.0,0.0,0.0,12.604064474641149,15.206440042453886,2.4016176,60.99256799999999,3370.3818153952157,16.43005947878457,3318.099984000001,3381.4051488000005,3472.985879869857,1.2241676109831072,3469.092552000001,3473.8067664000005
run_0866_cfg_087_seed_6_mrhof,6,12,20,5,40.0,12,5,MRHOF,627,11,99.7549601275917,0.4393283321067205,95.45,100.0,99.85610845295055,1.1946917368286472,88.88,100.0,141.6108452950558,56.89799524607482,37,265,-73.72727272727273,10.251499043844676,-84,-51,1.0461244019138756,0.07885646661446406,1.0,1.66,3.5454545454545454,0.9883139428379524,2,5,2.5454545454545454,0.9883139428379524,1,4,3.272727272727273,1.4211791645789364,1,5,241894.02232854866,291766.87694995536,46008,1180616,59758105.97767145,291767.38341469516,58819384,59953992,0.40315670289364874,0.4862781245453143,0.07668,1.9676933333333333,99.59684329710635,0.48627812454531505,98.03230666666667,99.92332,90.0,0.0009134446268177686,89.99151599999999,90.008484,0.0,0.0,0.0,0.0,12.626867965550238,15.230230976787677,2.4016176,61.6281552,3370.35717714067,16.455680424588795,3317.4132576,3381.4051488000005,3472.98404510622,1.2259205621880214,3469.0414128,3473.8067664000005
run_0867_cfg_087_seed_7_mrhof,7,12,20,5,40.0,12,5,MRHOF,627,11,99.93768740031898,0.23020183785299903,96.15,100.0,99.93620414673046,0.7968068921848351,90.0,100.0,141.140350877193,56.56441448312869,37,279,-73.72727272727273,10.251499043844671,-84,-51,1.0528867623604465,0.0928917312693815,1.0,1.72,3.550239234449761,0.9977350260926315,2,6,2.5454545454545454,0.9883139428379527,1,4,3.272727272727273,1.421179164578937,1,5,242631.82137161086,292135.6849078767,46008,1160208,59757368.17862839,292136.61720895907,58839792,59953992,0.4043863747108514,0.4868928254379662,0.07668,1.93368,99.59561362528915,0.48689282543796714,98.06631999999999,99.92332,90.0,0.0005448835617334198,89.99151599999999,90.008484,0.0,0.0,0.0,0.0,12.665381075598084,15.24948275219115,2.4016176,60.562857599999994,3370.3155652746414,16.4765052105853,3318.5642688000003,3381.4051488000005,3472.9809463502397,1.2271910283679615,3469.0888224000005,3473.8067664000005
run_0868_cfg_087_seed_8_mrhof,8,12,20,5,40.0,12,5,MRHOF,627,11,99.89859649122806,0.18585595487394924,98.98,100.0,99.88800637958532,1.0563970717122297,88.88,100.0,141.46570972886764,56.6757778098379,41,252,-73.63636363636364,10.208614018282141,-84,-51,1.045901116427432,0.07668205247171965,1.0,1.56,3.5645933014354068,1.033105349616164,2,7,2.5566188197767143,1.0101244916617138,1,5,3.272727272727273,1.4211791645789371,1,5,241845.21850079746,291511.33702460665,46008,1154224,59758154.7814992,291513.12756305275,58845776,59953992,0.4030753766522998,0.4858522745705025,0.07668,1.9237066666666667,99.5969246233477,0.4858522745705024,98.07629333333333,99.92332,90.0,0.0005730294808671412,89.99113200000001,90.008868,0.0,0.0,0.0,0.0,12.624320405741626,15.21689179268447,2.4016176,60.25049279999999,3370.3599296765556,16.441340394556196,3318.9017664000003,3381.4051488000005,3472.9842500822974,1.2246365599221858,3469.1522592,3473.8067664000005
run_0869_cfg_087_seed_9_mrhof,9,12,20,5,40.0,12,5,MRHOF,627,11,99.90263157894736,0.45866830068742476,90.9,100.0,99.9503668261563,0.7173230939640499,88.88,100.0,141.58373205741626,57.803959122216284,40,270,-73.27272727272727,10.18913501051791,-84,-51,1.0466028708133972,0.08445336458938336,1.0,1.8,3.547049441786284,0.9898543164724518,2,5,2.5454545454545454,0.988313942837953,1,4,3.272727272727273,1.4211791645789367,1,5,243949.5374800638,205648.94448353376,48312,812816,59756050.462519936,205650.1176979918,59187184,59951688,0.40658256430773015,0.34274825335604886,0.08052,1.3546933333333333,99.59341743569227,0.3427482533560491,98.64530666666667,99.91948000000001,90.0,0.0008983617037682904,89.98458,90.01541999999999,0.0,0.0,0.0,0.0,12.73416585645933,10.734874902040454,2.5218863999999996,42.428995199999996,3370.241246086125,11.598666638166746,3338.1571776000005,3381.2752032,3472.9754119425843,0.8644388068565104,3470.249412,3473.8048032000006
run_0870_cfg_087_seed_10_mrhof,10,12,20,5,40.0,12,5,MRHOF,627,11,99.7370653907496,0.41551577002821555,95.65,100.0,99.7745773524721,1.4945361419350713,88.88,100.0,142.87081339712918,58.73494009799417,38,278,-73.63636363636364,10.208614018282146,-84,-51,1.0497607655502392,0.0828608298072491,1.0,1.5,3.5454545454545454,0.9883139428379527,2,5,2.5454545454545454,0.9883139428379527,1,4,3.272727272727273,1.4211791645789371,1,5,243113.97767145134,292625.2616461462,45920,1170528,59756886.02232855,292628.0800687043,58829472,59954080,0.40518998077517493,0.48770891565747887,0.07653333333333334,1.95088,99.59481001922482,0.4877089156574787,98.04912,99.92346666666667,90.0,0.0009016909354829561,89.990832,90.009168,0.0,0.0,0.0,0.0,12.690549634449761,15.275038657928826,2.3970239999999996,61.1015616,3370.2883716593306,16.504223715874918,3317.9822208,3381.410112,3472.97892129378,1.2296462124705896,3468.884815200001,3473.9743968000002
run_0871_cfg_088_seed_1_mrhof,1,12,20,5,40.0,12,20,MRHOF,627,11,99.97051036682616,0.24976038575346188,94.73,100.0,99.94682615629985,1.3314713474060633,66.66,100.0,135.4274322169059,57.451068889611626,27,314,-73.27272727272727,10.189135010517907,-84,-51,1.0325518341307816,0.07231141679587512,1.0,1.53,3.5645933014354068,1.0253449285537861,2,6,2.5645933014354068,1.0253449285537861,1,5,3.272727272727273,1.4211791645789371,1,5,70840.663476874,59777.223839746934,10736,281080,59929159.33652312,59777.22867644895,59718920,59989264,0.1180677710545198,0.09962870577103088,0.017893333333333334,0.4684666666666667,99.88193222894549,0.09962870577103139,99.53153333333333,99.98210666666667,90.0,0.000479544032632098,89.99151599999999,90.008484,0.0,0.0,0.0,0.0,3.6978826334928225,3.12037108443479,0.5604192,14.672376,3380.0045865799048,3.37143569735178,3368.147088,3383.3944896000003,3473.7024692133978,0.25169669058777366,3472.819464,3474.1109976000002
run_0872_cfg_088_seed_2_mrhof,2,12,20,5,40.0,12,20,MRHOF,627,11,99.98271132376397,0.20462070712736688,96.96,100.0,100.0,0.0,100.0,100.0,134.45295055821373,57.34174446433601,26,296,-73.27272727272727,10.189135010517909,-84,-51,1.0210685805422648,0.05964999151113975,1.0,1.63,3.5677830940988837,1.0282504904387522,2,6,2.5454545454545454,0.9883139428379525,1,4,3.272727272727273,1.4211791645789371,1,5,70406.04784688995,59669.494433475695,10736,280624,59929593.95215311,59669.49443347601,59719376,59989264,0.11734341307814992,0.0994491573891261,0.017893333333333334,0.4677066666666667,99.88265658692185,0.09944915738912587,99.53229333333333,99.98210666666667,90.0,0.0,90.0,90.0,0.0,0.0,0.0,0.0,3.675195697607655,3.1147476094274316,0.5604192,14.648572799999998,3380.0290989014356,3.365359486048007,3368.1728064,3383.3944896000003,3473.704294599043,0.250611876620621,3472.8213791999997,3473.9549088000003
run_0873_cfg_088_seed_3_mrhof,3,12,20,5,40.0,12,20,MRHOF,627,11,99.91462519936205,0.30324861667834085,97.14,100.0,99.89365231259968,1.8814802548014962,66.66,100.0,133.89473684210526,55.445092037446024,29,265,-73.63636363636364,10.208614018282137,-84,-51,1.025438596491228,0.05989280074778279,1.0,1.41,3.5454545454545454,0.9883139428379524,2,5,2.5454545454545454,0.9883139428379524,1,4,3.272727272727273,1.4211791645789364,1,5,70240.58692185007,83838.3642858174,10224,388688,59929759.41307815,83838.36428581775,59611312,59989776,0.11706764486975015,0.13973060714302904,0.01704,0.6478133333333334,99.88293235513025,0.13973060714302907,99.35218666666667,99.98295999999999,90.0,0.0,90.0,90.0,0.0,0.0,0.0,0.0,3.666558637320574,4.3763626157196684,0.5336928,20.289513599999996,3380.038430897608,4.728483745720105,3362.0779968,3383.4233664000003,3473.7049895349282,0.352121130000453,3472.3675104000004,3473.9570592000005
run_0874_cfg_088_seed_4_mrhof,4,12,20,5,40.0,12,20,MRHOF,627,11,99.79746411483254,0.9751536848996897,85.71,100.0,100.0,0.0,100.0,100.0,134.95693779904306,57.023113935283426,33,287,-73.63636363636364,10.208614018282137,-84,-51,1.0330781499202553,0.07036598949125147,1.0,1.5,3.617224880382775,1.119200687000564,2,6,2.6140350877192984,1.1138085449507122,1,5,3.272727272727273,1.421179164578937,1,5,70266.96012759171,83932.66673496572,10224,399504,59929733.03987241,83933.33034781116,59600496,59989776,0.11711160167478339,0.13988778060962995,0.01704,0.66584,99.8828883983252,0.13988778060963075,99.33416000000001,99.98295999999999,90.0,0.00011598589756763166,89.99794800000001,90.00205199999999,0.0,0.0,0.0,0.0,3.6679353186602865,4.381285203565211,0.5336928,20.8541088,3380.036943448804,4.7338398316165256,3361.4679744000005,3383.4233664000003,3473.7048787674644,0.35258198525709694,3472.3220832000006,3473.9570592000005
run_0875_cfg_088_seed_5_mrhof,5,12,20,5,40.0,12,20,MRHOF,627,11,99.9922966507177,0.11339442333887328,97.5,100.0,100.0,0.0,100.0,100.0,133.5438596491228,55.28181566795509,28,312,-73.36363636363636,10.235337124533855,-84,-51,1.0184848484848485,0.04944194333235893,1.0,1.35,3.6363636363636362,1.150837248419469,2,6,2.6363636363636362,1.150837248419469,1,5,3.272727272727273,1.4211791645789376,1,5,70165.71610845295,59462.20555376864,10392,291168,59929834.283891544,59465.0962288833,59708832,59989608,0.1169428644373922,0.09910368488948287,0.017320000000000002,0.48528,99.88305713556261,0.09910368488948465,99.51472,99.98268,90.0,0.00028826904366226306,89.9949,90.0051,0.0,0.0,0.0,0.0,3.6626503808612436,3.103927129906725,0.5424624,15.198969599999998,3380.0426536114837,3.3538314273090144,3367.5781248000003,3383.4138912,3473.7053039923444,0.2501382257435588,3472.7770944000004,3473.9563536
run_0876_cfg_088_seed_6_mrhof,6,12,20,5,40.0,12,20,MRHOF,627,11,99.99748006379585,0.04471097278673152,99.15,100.0,100.0,0.0,100.0,100.0,134.39872408293462,56.55338057622612,27,293,-73.72727272727273,10.251499043844676,-84,-51,1.0237958532695375,0.05946198975470537,1.0,1.49,3.5454545454545454,0.9883139428379524,2,5,2.5454545454545454,0.9883139428379524,1,4,3.272727272727273,1.4211791645789364,1,5,70087.69377990431,83754.79726363656,10224,420040,59929921.480063796,83760.33762273732,59579960,59989776,0.11681281716189756,0.1395913324372377,0.01704,0.7000666666666666,99.8831871828381,0.13959133243723829,99.29993333333333,99.98295999999999,90.00001376076555,0.0003635665188128025,89.99794800000001,90.008628,0.0,0.0,0.0,0.0,3.658577615311004,4.372000417161824,0.5336928,21.926088,3380.0475714755985,4.7240830419223805,3360.309744,3383.4233664000003,3473.7061628516753,0.35235009440410936,3472.2358320000003,3474.2226312000003
run_0877_cfg_088_seed_7_mrhof,7,12,20,5,40.0,12,20,MRHOF,627,11,99.98778309409887,0.24056050928502648,94.11,100.0,100.0,0.0,100.0,100.0,132.67145135566187,55.02788022632984,21,278,-73.72727272727273,10.251499043844671,-84,-51,1.0164114832535884,0.04393987027965147,1.0,1.3,3.639553429027113,1.1559949830750875,2,6,2.6363636363636362,1.1508372484194693,1,5,3.272727272727273,1.421179164578937,1,5,69668.38915470494,83517.94153098813,10224,388664,59930331.6108453,83517.02038634128,59611336,59989776,0.11611397694963584,0.13919653813516097,0.01704,0.6477733333333333,99.88388602305037,0.13919653813516214,99.35222666666667,99.98295999999999,90.0,0.0006823497833508857,89.987928,90.012072,0.0,0.0,0.0,0.0,3.6366899138755975,4.3596365479175825,0.5336928,20.2882608,3380.070702851675,4.710359949789624,3362.0793504000007,3383.4233664000003,3473.7073927655506,0.3516380778681574,3472.3248576000005,3473.9570592000005
run_0878_cfg_088_seed_8_mrhof,8,12,20,5,40.0,12,20,MRHOF,627,11,99.97307814992025,0.3043522403648486,94.73,100.0,100.0,0.0,100.0,100.0,133.47368421052633,56.19742577912653,21,268,-73.63636363636364,10.208614018282141,-84,-51,1.0129984051036682,0.040031197865715636,1.0,1.29,3.639553429027113,1.1559949830750875,2,6,2.6363636363636362,1.1508372484194702,1,5,3.272727272727273,1.4211791645789371,1,5,69778.59011164274,83861.1442969185,10224,403176,59930221.40988836,83861.14429691844,59596824,59989776,0.11629765018607124,0.1397685738281975,0.01704,0.67196,99.88370234981393,0.13976857382819877,99.32804,99.98295999999999,90.0,0.0,90.0,90.0,0.0,0.0,0.0,0.0,3.642442403827751,4.377551732299148,0.5336928,21.0457872,3380.0644875177036,4.729768538346218,3361.2608736,3383.4233664000003,3473.7069299215314,0.35221680604710615,3472.3066608000004,3473.9570592000005
run_0879_cfg_088_seed_9_mrhof,9,12,20,5,40.0,12,20,MRHOF,627,11,99.96677830940989,0.41653962486356955,91.66,100.0,99.94682615629985,1.3314713474060635,66.66,100.0,134.5518341307815,57.543580725679796,23,321,-73.36363636363636,10.23533712453385,-84,-51,1.02207336523126,0.06750582302654341,1.0,1.51,3.56140350877193,1.006675772075357,2,6,2.5454545454545454,0.988313942837953,1,4,3.272727272727273,1.4211791645789367,1,5,70292.79744816587,59435.938698727085,10736,286216,59929707.202551834,59435.93054883967,59713784,59989264,0.11715466239418536,0.09905989782407915,0.017893333333333334,0.47702666666666665,99.88284533760581,0.09905989782407962,99.52297333333333,99.98210666666667,90.0,3.120088472556507e-05,89.999448,90.000552,0.0,0.0,0.0,0.0,3.6692840267942577,3.102556000073556,0.5604192,14.940475200000002,3380.035486223924,3.3521864829545858,3367.8574176,3383.3944896000003,3473.7047702507184,0.24963316513114434,3472.7978928,3473.9549088000003
run_0880_cfg_088_seed_10_mrhof,10,12,20,5,40.0,12,20,MRHOF,627,11,100.0,0.0,100.0,100.0,100.0,0.0,100.0,100.0,132.72567783094098,55.19811568684633,31,261,-73.3237639553429,10.215198530507191,-84,-51,1.0158373205741626,0.04618402222050556,1.0,1.44,3.558213716108453,1.013191900114157,2,6,2.5454545454545454,0.9883139428379527,1,4,3.272727272727273,1.4211791645789371,1,5,69929.14832535885,59034.414621973825,10736,253928,59930070.85167464,59035.898983156905,59746072,59989264,0.1165485827130895,0.09839070401076615,0.017893333333333334,0.42321333333333333,99.8834514172869,0.09839070401076835,99.57678666666666,99.98210666666667,90.0,0.00020586220149996717,89.99640000000001,90.0036,0.0,0.0,0.0,0.0,3.6503015425837315,3.0815964432670335,0.5604192,13.255041599999998,3380.0559960344503,3.3296247026500545,3369.6784608000003,3383.3944896000003,3473.706297577034,0.2481485001565258,3472.9335024,3473.9549088000003
run_0881_cfg_089_seed_1_mrhof,1,12,20,5,40.0,16,5,MRHOF,855,15,99.69483040935673,0.45218717810112635,93.75,100.0,99.66661988304094,1.7829409339844282,88.88,100.0,187.45847953216375,81.65742311291672,42,391,-76.8514619883041,10.639402247240621,-93,-51,1.100187134502924,0.1317339330176164,1.0,2.03,4.2,1.4383506036486358,2,8,3.1847953216374267,1.4178530208511986,1,7,3.2,1.2761549390929887,1,5,331902.8771929825,365918.12990443804,46008,1755216,59668097.12280702,365918.4983972202,58244784,59953992,0.5531714640048134,0.6098635397542495,0.07668,2.92536,99.44682853599518,0.6098635397542497,97.07464,99.92332,90.0,0.0005373285991084747,89.9919,90.00810000000001,0.0,0.0,0.0,0.0,17.325330189473682,19.10092638101166,2.4016176,91.6222752,3365.2806777263163,20.637803309603242,3285.0058176000007,3381.4051488000005,3472.6060079157896,1.5370072775979384,3466.6280928000006,3474.0095088000007
run_0882_cfg_089_seed_2_mrhof,2,12,20,5,40.0,16,5,MRHOF,855,15,99.82590643274852,0.26522994423560237,97.5,100.0,99.7294269005848,1.6294725584413665,88.88,100.0,186.71812865497077,80.84730648604813,39,361,-76.76725146198831,10.661641010693824,-93,-51,1.0898947368421052,0.10999303004485982,1.0,1.64,4.150877192982456,1.3374172224183267,2,7,3.1333333333333333,1.3105588131824926,1,5,3.2,1.2761549390929887,1,5,330663.8128654971,340541.18338716147,47008,1691800,59669336.187134504,340539.3248687077,58308200,59952992,0.5511063319148903,0.5675685174128259,0.07834666666666666,2.8196666666666665,99.4488936680851,0.5675685174128261,97.18033333333334,99.92165333333334,90.0,0.0009406696702724395,89.98753200000002,90.012468,0.0,0.0,0.0,0.0,17.260651031578945,17.776249772809834,2.4538176,88.31196,3365.3505609543863,19.206417922595122,3288.58248,3381.3487488,3472.611211985965,1.4305927867474735,3466.89444,3473.8537512000003
run_0883_cfg_089_seed_3_mrhof,3,12,20,5,40.0,16,5,MRHOF,855,15,99.81378947368421,0.4246146098145844,95.0,100.0,99.86385964912282,1.1428390544605758,90.0,100.0,185.3345029239766,79.43567303217519,39,375,-76.6,10.675827935468435,-93,-51,1.1003274853801168,0.14974415458204476,1.0,2.78,4.24327485380117,1.466007830239926,2,8,3.208187134502924,1.4154313027844905,1,6,3.2,1.2761549390929878,1,5,330166.334502924,335883.6534445177,47936,1370072,59669833.66549708,335884.97690698836,58629928,59952064,0.5502772341347831,0.5598061407125914,0.07989333333333333,2.2834533333333336,99.44972276586522,0.5598061407125918,97.71654666666667,99.92010666666667,90.0,0.0006266121689719484,89.99151599999999,90.008484,0.0,0.0,0.0,0.0,17.23468266105263,17.533126709803824,2.5022591999999997,71.51775839999999,3365.378618734035,18.94391269755416,3306.7279392000005,3381.2964096000005,3472.613301395088,1.4109802565607412,3468.2456976000003,3473.7986688000005
run_0884_cfg_089_seed_4_mrhof,4,12,20,5,40.0,16,5,MRHOF,855,15,99.63480701754385,0.6429953536185556,90.9,100.0,99.64306432748539,1.9380202999996556,80.0,100.0,187.41169590643275,82.3467356654482,40,388,-77.2,10.746863820073886,-93,-51,1.091859649122807,0.12209405882876492,1.0,2.01,4.150877192982456,1.3382924744598463,2,7,3.1333333333333333,1.3105588131824928,1,5,3.2,1.2761549390929883,1,5,328495.95321637427,421060.82802814216,48312,1746432,59671504.046783626,421060.11009709426,58253568,59951688,0.5474932437456563,0.7017679781477254,0.08052,2.91072,99.45250675625434,0.7017679781477255,97.08928,99.91948000000001,90.0,0.0007331177399358738,89.990748,90.00925200000002,0.0,0.0,0.0,0.0,17.147488757894735,21.979375223069027,2.5218863999999996,91.1637504,3365.472828238597,23.747790209476115,3285.5012352000003,3381.2752032,3472.6203169964915,1.768623889132996,3466.6649856000004,3473.9348040000004
run_0885_cfg_089_seed_5_mrhof,5,12,20,5,40.0,16,5,MRHOF,855,15,99.73405847953215,0.35247505114763295,97.56,100.0,99.71155555555556,1.6646793022342208,88.88,100.0,187.62105263157895,82.60514711022216,39,393,-77.2,10.746863820073889,-93,-51,1.0924093567251463,0.11567152842623622,1.0,1.75,4.135672514619883,1.3147790743724217,2,7,3.1333333333333333,1.3105588131824932,1,5,3.2,1.2761549390929883,1,5,329153.8900584795,422489.9612553173,46008,1758632,59670846.10994152,422489.04746111674,58241368,59953992,0.5485898046837572,0.7041498551177271,0.07668,2.9310533333333333,99.45141019531624,0.7041498551177274,97.06894666666666,99.92332,90.0,0.0004836699282895972,89.99169599999999,90.008304,0.0,0.0,0.0,0.0,17.181833061052632,22.053975977527553,2.4016176,91.80059039999999,3365.435720600702,23.82838227680699,3284.8131552000004,3381.4051488000005,3472.6175536617548,1.7744960186795786,3466.6137456000006,3473.8067664000005
run_0886_cfg_089_seed_6_mrhof,6,12,20,5,40.0,16,5,MRHOF,855,15,99.51680701754385,0.6319796997802175,94.11,100.0,99.55401169590642,2.0726619512756677,88.88,100.0,185.97543859649122,81.58295216867097,39,401,-77.15789473684211,10.710895556342763,-93,-51,1.0978479532163743,0.13431777585603163,1.0,2.93,4.141520467836258,1.3190533221728165,2,7,3.136842105263158,1.314212292763195,1,5,3.2,1.2761549390929883,1,5,328574.4,395942.7209645354,46008,1780184,59671423.36374269,395941.6129373449,58219816,59953992,0.5476240019099357,0.6599044334444054,0.07668,2.9669733333333332,99.45237599809006,0.6599044334444051,97.03302666666667,99.92332,89.99999664561403,0.0010251658297469363,89.990448,90.00955200000001,0.0,0.0,0.0,0.0,17.151583679999998,20.668210034348757,2.4016176,92.92560479999999,3365.4682777150883,22.331106969666255,3283.5976224,3381.4051488000005,3472.619858040702,1.6633318951890432,3466.5232272000003,3474.0674088
run_0887_cfg_089_seed_7_mrhof,7,12,20,5,40.0,16,5,MRHOF,855,15,99.48532163742689,0.6604002109197072,92.59,100.0,99.5589941520468,2.0486894008340735,88.88,100.0,187.49941520467837,81.82050204375884,42,422,-77.03625730994152,10.671915693572378,-93,-51,1.086654970760234,0.10495473104879503,1.0,1.62,4.266666666666667,1.4425777084666436,2,8,3.2362573099415206,1.406024184946874,1,7,3.2,1.2761549390929894,1,5,328078.2970760234,405943.72147916816,46008,1713792,59671921.702923976,405942.59121785423,58286208,59953992,0.5467971481336379,0.6765727738363663,0.07668,2.85632,99.45320285186637,0.6765727738363666,97.14368,99.92332,90.0,0.0003985834401745049,89.99340000000001,90.00659999999999,0.0,0.0,0.0,0.0,17.12568710736842,21.190262261212588,2.4016176,89.45994239999999,3365.4963840449127,22.895162144686953,3287.3421312000005,3381.4051488000005,3472.622071152281,1.7049625700627415,3466.8020736000003,3473.8067664000005
run_0888_cfg_089_seed_8_mrhof,8,12,20,5,40.0,16,5,MRHOF,855,15,99.77506432748537,0.34330289140673126,97.43,100.0,99.72760233918129,1.6422625995547013,88.88,100.0,187.68187134502924,82.64409365849733,35,375,-77.12982456140351,10.718048724947854,-93,-51,1.0850643274853802,0.11051281073804436,1.0,1.75,4.2596491228070175,1.5220309888676995,2,8,3.2140350877192985,1.4741454790423492,1,7,3.2,1.2761549390929887,1,5,328738.816374269,419105.1154286216,48312,1688600,59671261.18362573,419104.21557472844,58311400,59951688,0.5478980126173632,0.6985083994116081,0.08052,2.8143333333333334,99.45210198738265,0.6985083994116082,97.18566666666668,99.91948000000001,90.0,0.00083672684470262,89.99016,90.00984000000001,0.0,0.0,0.0,0.0,17.16016621473684,21.87728702537405,2.5218863999999996,88.14492,3365.4591307564915,23.637477758414686,3288.76296,3381.2752032,3472.6192969712283,1.7604641810995405,3466.90788,3473.7970895999997
run_0889_cfg_089_seed_9_mrhof,9,12,20,5,40.0,16,5,MRHOF,855,15,99.82180116959064,0.32184339180895233,96.77,100.0,99.882783625731,1.079246948281809,88.88,100.0,186.67368421052632,81.26483981139869,38,416,-76.93216374269007,10.824665297467483,-93,-51,1.090643274853801,0.11578338309925626,1.0,2.19,4.2444444444444445,1.4469183562448502,2,7,3.1953216374269005,1.3732051460029644,1,6,3.2,1.2761549390929887,1,5,330797.249122807,350714.60224599205,47216,1453600,59669202.750877194,350715.56247373286,58546400,59952784,0.5513287552542433,0.5845243476461488,0.07869333333333334,2.4226666666666667,99.44867124474577,0.5845243476461492,97.57733333333334,99.92130666666667,90.0,0.0006593351558769707,89.99151599999999,90.008484,0.0,0.0,0.0,0.0,17.267616404210525,18.307302237240766,2.4646752,75.87792,3365.343035149474,19.78035772351853,3302.0169600000004,3381.3370176000003,3472.610651553685,1.473260819068833,3467.8948800000003,3473.9730528000005
run_0890_cfg_089_seed_10_mrhof,10,12,20,5,40.0,16,5,MRHOF,855,15,99.62990643274854,0.3811510247226145,97.67,100.0,99.58107602339182,2.0600576974191998,80.0,100.0,187.50058479532163,82.2534478517367,40,380,-76.96959064327486,10.639681445457017,-93,-51,1.1000584795321637,0.14428981811364466,1.0,3.18,4.1988304093567255,1.428301602905848,2,8,3.175438596491228,1.392386545954944,1,7,3.2,1.2761549390929887,1,5,329519.33567251463,399060.54120961303,47008,1740768,59670480.66432749,399060.98418230645,58258232,59952992,0.5491988961613229,0.6651009294974365,0.07834666666666666,2.9013283554725913,99.45080110383867,0.6651009294974364,97.09867164452741,99.92165333333334,90.0,0.0005038885791856464,89.99194800000001,90.00805199999999,0.0,0.0,0.0,0.0,17.20090932210526,20.83096025114179,2.4538176,90.86808959999999,3365.4151094680706,22.507039507882105,3285.7642848000005,3381.3487488,3472.616018790176,1.6761845859220799,3466.6308744000007,3473.8025664
run_0891_cfg_090_seed_1_of0,1,12,20,5,40.0,16,20,OF0,855,15,99.9521052631579,0.3773527451776513,92.85,100.0,99.96100584795322,1.1402039419506362,66.66,100.0,171.91461988304093,78.14457542857802,25,468,-76.7859649122807,10.690659517172756,-93,-51,1.0493567251461988,0.09296536963725824,1.0,1.63,4.2140350877192985,1.4314269501170889,2,9,3.1871345029239766,1.4017630582888578,1,7,3.2,1.2761549390929887,1,5,93695.24210526315,102189.6621828067,10736,519984,59906304.75789474,102191.50613166319,59480016,59989264,0.15615874161138135,0.17031614771204634,0.017893333333333334,0.86664,99.84384125838862,0.17031614771204742,99.13336000000001,99.98210666666667,90.0,0.00027452431074448765,89.9949,90.0051,0.0,0.0,0.0,0.0,4.890891637894737,5.334300365942512,0.5604192,27.143164799999997,3378.7155883452638,5.763600945825818,3354.6729024000006,3383.3944896000003,3473.606479983158,0.4294246099102016,3471.8160672000004,3473.9549088000003
run_0892_cfg_090_seed_2_of0,2,12,20,5,40.0,16,20,OF0,855,15,99.98382456140351,0.16468120392943286,97.05,100.0,100.0,0.0,100.0,100.0,175.39415204678363,81.67825559160408,18,476,-77.12163742690059,10.675287715443408,-93,-51,1.044982456140351,0.10282641939490185,1.0,2.4,4.314619883040936,1.5801636485752588,2,9,3.285380116959064,1.5457001064379035,1,8,3.2,1.2761549390929887,1,5,95436.95906432749,98658.53003972354,10736,501728,59904563.04093567,98650.11034622585,59498272,59989264,0.15906157326052625,0.16443081387433295,0.017893333333333334,0.8362133333333334,99.84093842673948,0.1644308138743303,99.16378666666667,99.98210666666667,90.0,0.0005895453573198189,89.99151599999999,90.008484,0.0,0.0,0.0,0.0,4.981809263157894,5.149975268073562,0.5604192,26.190201599999998,3378.617355508772,5.563866223527254,3355.7025408000004,3383.3944896000003,3473.59916477193,0.41445788641136827,3471.8927424000003,3474.0124824
run_0893_cfg_090_seed_3_of0,3,12,20,5,40.0,16,20,OF0,855,15,99.90152046783626,0.4653338850552126,92.85,100.0,99.96100584795322,1.1402039419506331,66.66,100.0,168.57543859649124,76.33336909098449,20,430,-77.06198830409356,10.690105441754776,-93,-51,1.031204678362573,0.07814790502665124,1.0,1.73,4.192982456140351,1.4088869386913336,2,9,3.176608187134503,1.3765909100588118,1,7,3.2,1.2761549390929878,1,5,93047.99064327485,117964.53547767492,10104,555640,59906952.00935672,117964.53547767468,59444360,59989896,0.1550799844054581,0.19660755912945801,0.01684,0.9260666666666667,99.84492001559455,0.19660755912945843,99.07393333333333,99.98316,90.0,0.0,90.0,90.0,0.0,0.0,0.0,0.0,4.857105111578947,6.157748751934629,0.5274288,29.004407999999998,3378.7520933277196,6.653199800940854,3352.6619040000005,3383.4301344000005,3473.609198439299,0.49545104900632375,3471.6663120000003,3473.9575632000005
run_0894_cfg_090_seed_4_of0,4,12,20,5,40.0,16,20,OF0,855,15,99.402783625731,2.090411077243592,71.42,100.0,99.88301754385965,1.9725772840063964,66.66,100.0,169.54736842105262,76.09284843298441,23,444,-77.03742690058479,10.673941344057093,-93,-51,1.035812865497076,0.07795400417149502,1.0,1.64,4.161403508771929,1.3488334433254179,2,9,3.143859649122807,1.3294120406108814,1,7,3.2,1.2761549390929885,1,5,92484.49122807017,115451.55417468789,10224,540864,59907515.508771926,115453.77142462863,59459136,59989776,0.1541408238723733,0.1924193000070267,0.01704,0.90144,99.84585917612763,0.19241930000702842,99.09856,99.98295999999999,90.0,0.0005638809979591667,89.9919,90.00810000000001,0.0,0.0,0.0,0.0,4.827690442105262,6.026571127918711,0.5336928,28.2331008,3378.7838746947373,6.5115927083490925,3353.4952704,3383.4233664000003,3473.6115651368423,0.48547763025217805,3471.7283712000003,3474.0273312000004
run_0895_cfg_090_seed_5_of0,5,12,20,5,40.0,16,20,OF0,854,15,99.97724824355973,0.2233235929446911,96.42,100.0,99.76580796252928,4.836501694720211,0.0,100.0,169.21662763466043,77.36015953688819,0,497,-76.68384074941451,11.38274938624602,-93,0,1.030632318501171,0.06983533259598454,1.0,1.76,4.1756440281030445,1.3847492041814982,2,8,3.1639344262295084,1.3657376641670917,1,6,3.201405152224824,1.2762407767743813,1,5,94874.58548009368,97365.74281432752,10736,854112,59905125.414519906,97368.98034697387,59145888,59989264,0.1581243165926888,0.16227626259081554,0.017893333333333334,1.42352,99.84187568340731,0.16227626259081732,98.57648,99.98210666666667,90.0,0.00045845713017794715,89.990532,90.00946800000001,0.0,0.0,0.0,0.0,4.95245336206089,5.082491774907897,0.5604192,44.5846464,3378.649073378923,5.491610491569316,3335.8280832000005,3383.3944896000003,3473.6015267409844,0.4094783424840874,3470.4127296000006,3473.9549088000003
run_0896_cfg_090_seed_6_of0,6,12,20,5,40.0,16,20,OF0,855,15,99.91652631578948,0.3660092126499138,96.55,100.0,99.96100584795322,1.1402039419506333,66.66,100.0,170.68304093567252,76.77964381935871,19,477,-76.87368421052632,10.644805986504604,-93,-51,1.0487368421052632,0.1120024035240683,1.0,2.53,4.469005847953216,1.7009876780159272,2,9,3.43859649122807,1.6653678327891537,1,7,3.2,1.2761549390929883,1,5,93642.03976608187,105744.71045256259,10040,562448,59906357.96023392,105747.97127966206,59437552,59989960,0.15607007406353787,0.17624119990632134,0.016733333333333333,0.9374133333333333,99.84392992593646,0.1762411999063232,99.06258666666666,99.98326666666667,90.0,0.0005382839242802934,89.991684,90.00831600000001,0.0,0.0,0.0,0.0,4.888114475789473,5.519873885623773,0.524088,29.3597856,3378.7185889571933,5.964185580172941,3352.2779328,3383.4337440000004,3473.6067034329826,0.4447668990622521,3471.6377184000003,3474.090871200001
run_0897_cfg_090_seed_7_of0,7,12,20,5,40.0,16,20,OF0,855,15,99.96838596491229,0.18085981422726302,97.05,100.0,99.96100584795322,1.1402039419506367,66.66,100.0,171.66081871345028,79.71760489970116,26,482,-76.79649122807018,10.661965355341668,-93,-51,1.0442690058479533,0.104922845126018,1.0,2.76,4.24327485380117,1.4180993111263545,2,10,3.215204678362573,1.3817149592262197,1,9,3.2,1.2761549390929894,1,5,93742.23157894737,102103.7419664801,10224,515168,59906257.768421054,102103.51425091349,59484832,59989776,0.156237051942288,0.17017290276692668,0.01704,0.8586133333333335,99.84376294805772,0.17017290276692726,99.14138666666666,99.98295999999999,90.0,8.478522252034049e-05,89.998248,90.00175200000001,0.0,0.0,0.0,0.0,4.893344488421053,5.329815330650259,0.5336928,26.891769599999996,3378.7129381389477,5.758638203751567,3354.9445248,3383.4233664000003,3473.606282627369,0.42883411370380486,3471.8362944,3473.9570592000005
run_0898_cfg_090_seed_8_of0,8,12,20,5,40.0,16,20,OF0,855,15,99.69720467836257,1.261001246724356,80.0,100.0,99.92201169590643,1.6115475201492238,66.66,100.0,171.94970760233917,77.59604487122259,24,424,-76.82923976608187,10.623262718189801,-93,-51,1.0375789473684212,0.07382878176989019,1.0,1.62,4.166081871345029,1.3577845530814732,2,9,3.1497076023391815,1.337986457269562,1,7,3.2,1.2761549390929887,1,5,92977.34736842105,110973.85092411276,10224,546720,59907022.65263158,110973.85092411288,59453280,59989776,0.15496224561403507,0.1849564182068547,0.01704,0.9112,99.84503775438597,0.1849564182068553,99.08879999999999,99.98295999999999,90.0,0.0,90.0,90.0,0.0,0.0,0.0,0.0,4.853417532631579,5.792835018238688,0.5336928,28.538783999999996,3378.7560776084215,6.258925192119955,3353.1649920000004,3383.4233664000003,3473.6094951410532,0.46609017388130913,3471.7037760000003,3473.9570592000005
run_0899_cfg_090_seed_9_of0,9,12,20,5,40.0,16,20,OF0,855,15,99.98623391812865,0.23228846541900117,94.44,100.0,100.0,0.0,100.0,100.0,172.45497076023392,79.12193785302902,24,462,-76.67719298245613,10.672301323080685,-93,-51,1.051719298245614,0.14900675303205432,1.0,3.3,4.426900584795321,1.7317740381310869,2,11,3.3730994152046785,1.640379406671937,1,8,3.2,1.2761549390929887,1,5,93639.41988304093,94520.31070423749,10224,485240,59906360.58011696,94520.31070423804,59514760,59989776,0.1560656998050682,0.15753385117372926,0.01704,0.8087333333333333,99.84393430019493,0.15753385117372623,99.19126666666666,99.98295999999999,90.0,0.0,90.0,90.0,0.0,0.0,0.0,0.0,4.887977717894737,4.933960218761201,0.5336928,25.329527999999996,3378.7187367185966,5.3309455237189445,3356.6324640000003,3383.4233664000003,3473.6067144364915,0.39698530495787276,3471.9619920000005,3473.9570592000005
run_0900_cfg_090_seed_10_of0,10,12,20,5,40.0,16,20,OF0,855,15,99.99099415204678,0.1324832850168384,96.96,100.0,100.0,0.0,100.0,100.0,169.4608187134503,76.63721555022373,22,353,-76.8327485380117,10.708785327295875,-93,-51,1.0301052631578949,0.07008601712626196,1.0,1.63,4.307602339181287,1.5250064632240372,2,10,3.295906432748538,1.4994673810497205,1,8,3.2,1.2761549390929887,1,5,92123.03157894737,94574.36183617172,10224,489072,59907876.96842105,94573.19989944466,59510928,59989776,0.1535383825374205,0.15762392662953587,0.01704,0.8151200000000001,99.84646161746258,0.15762392662953725,99.18487999999999,99.98295999999999,90.0,0.0002485484605391641,89.99486399999999,90.005136,0.0,0.0,0.0,0.0,4.808822248421053,4.9367816878481685,0.5336928,25.5295584,3378.804261018948,5.333928474328653,3356.4163392000005,3383.4233664000003,3473.613083267369,0.39725250021071196,3471.9458976000005,3473.9570592000005
run_0901_cfg_091_seed_1_mrhof,1,12,20,5,50.0,16,5,MRHOF,855,15,99.90202339181286,0.2353018877418927,97.5,100.0,99.92956725146199,0.8397494188828626,88.88,100.0,158.47836257309942,84.51176317183139,37,367,-71.43976608187134,11.11735609318129,-94,-52,1.057672514619883,0.08486570396639288,1.0,1.77,3.7976608187134504,1.4994125788263393,2,8,2.7964912280701753,1.4980820969443756,1,7,4.8,1.3767898718715414,3,7,278543.9438596491,273207.76553684595,45080,1353600,59721456.05614035,273205.9226108667,58646400,59954920,0.4642398894959963,0.4553461569762738,0.07513333333333333,2.2560000000000002,99.535760110504,0.4553461569762733,97.744,99.92486666666667,90.0,0.0007011812315217899,89.990916,90.009084,0.0,0.0,0.0,0.0,14.539993869473683,14.261445361023354,2.353176,70.65791999999999,3368.2901215663164,15.408814035252874,3307.6569600000007,3381.4574880000005,3472.83011543579,1.147661940155106,3468.314880000001,3473.8106640000005
run_0902_cfg_091_seed_2_mrhof,2,12,20,5,50.0,16,5,MRHOF,855,15,99.93363742690057,0.20544117035250462,95.83,100.0,99.94126315789474,0.7678512826448456,88.88,100.0,159.94619883040934,84.18886655566536,34,378,-70.8233918128655,8.485994258328947,-94,-60,1.0629707602339182,0.0940056694501221,1.0,2.0,3.7777777777777777,1.4322227602117603,2,7,2.776608187134503,1.4308135301333011,1,6,4.8,1.3767898718715412,3,7,279826.8070175439,271607.4848792202,47008,988752,59720173.19298246,271607.0331654116,59011248,59952992,0.4663780039661425,0.45267913807517374,0.07834666666666666,1.64792,99.53362199603386,0.4526791380751742,98.35208,99.92165333333334,90.0,0.0008456509818696874,89.98861199999999,90.01138800000001,0.0,0.0,0.0,0.0,14.606959326315788,14.177910710695292,2.4538176,51.61285439999999,3368.217768084211,15.31863667052923,3328.2343872000006,3381.3487488,3472.824727410527,1.1411583530346934,3469.8389400000005,3473.906652
run_0903_cfg_091_seed_3_mrhof,3,12,20,5,50.0,16,5,MRHOF,855,15,99.94180116959065,0.16143104979953046,98.64,100.0,99.94152046783626,0.7629260996190098,90.0,100.0,156.459649122807,80.20541804757252,38,329,-73.26783625730994,10.690869481833868,-94,-59,1.0552748538011696,0.08753928799710832,1.0,1.78,3.7649122807017545,1.4395498289725548,2,7,2.7637426900584794,1.4389512930060593,1,6,4.8,1.3767898718715428,3,7,274738.816374269,261039.05138588508,47104,1292744,59725261.18362573,261040.49441718246,58707256,59952896,0.4578980332192729,0.4350651289529701,0.07850666666666667,2.1545733333333335,99.54210196678072,0.4350651289529705,97.84542666666667,99.92149333333333,90.0,0.0008644388034811504,89.99059199999999,90.009408,0.0,0.0,0.0,0.0,14.341366214736842,13.626238482343203,2.4588288,67.48123679999998,3368.5047307564914,14.722683885129065,3311.089238400001,3381.3433344000005,3472.8460969712287,1.0969183549416859,3468.5704752000006,3473.8021632000005
run_0904_cfg_091_seed_4_mrhof,4,12,20,5,50.0,16,5,MRHOF,855,15,99.93912280701754,0.2387728240013367,94.44,100.0,99.95190643274854,0.7026853748055366,88.88,100.0,158.8,82.5544373659322,37,351,-72.77777777777777,11.903091217664404,-94,-52,1.0701169590643276,0.09848969741346897,1.0,1.55,3.7333333333333334,1.3896573466087259,2,6,2.7333333333333334,1.3896573466087259,1,5,4.8,1.3767898718715423,3,7,280085.05263157893,241343.57446116442,48312,897400,59719914.94736842,241344.35302249412,59102600,59951688,0.4668084249034024,0.40223930933384555,0.08052,1.4956666666666667,99.5331915750966,0.4022393093338454,98.50433333333334,99.91948000000001,90.0,0.00047490386060248125,89.99151599999999,90.008484,0.0,0.0,0.0,0.0,14.620439747368419,12.59813458687278,2.5218863999999996,46.84428,3368.203203031579,13.611821510468653,3333.3866400000006,3381.2752032,3472.823642778948,1.0138418048766358,3470.2309200000004,3473.7970895999997
run_0905_cfg_091_seed_5_mrhof,5,12,20,5,50.0,16,5,MRHOF,855,15,99.91249122807017,0.19314964191928527,98.03,100.0,99.91787134502924,0.9058082975735576,88.88,100.0,159.7590643274854,83.71356292376082,37,365,-71.1953216374269,10.581034538485588,-94,-52,1.0674502923976608,0.0941823038952139,1.0,1.67,3.808187134502924,1.47680849716712,2,7,2.7976608187134504,1.4622475248504991,1,6,4.8,1.3767898718715421,3,7,281120.0,245248.71969026528,46008,976568,59718880.0,245247.3446378869,59023432,59953992,0.46853332056701763,0.4087478364339334,0.07668,1.6276133333333336,99.53146667943298,0.40874783643393336,98.37238666666667,99.92332,90.0,0.0007483827246648726,89.99151599999999,90.008484,0.0,0.0,0.0,0.0,14.674463999999999,12.801983167831846,2.4016176,50.9768496,3368.1448320000004,13.831950237576859,3328.9215648000004,3381.4051488000005,3472.819296,1.030340656725827,3469.8984144000005,3473.8067664000005
run_0906_cfg_091_seed_6_mrhof,6,12,20,5,50.0,16,5,MRHOF,855,15,99.93432748538012,0.20306315945071093,97.5,100.0,99.94152046783626,0.7629260996190075,90.0,100.0,158.1263157894737,83.22085087857504,38,363,-70.85730994152047,11.02831101343157,-94,-52,1.0653801169590642,0.09151631496059906,1.0,1.77,3.7473684210526317,1.412320983639448,2,7,2.7333333333333334,1.389657346608726,1,5,4.8,1.376789871871541,3,7,277846.72748538014,265299.9552437164,47104,1068048,59722153.27251462,265300.50850888283,58931952,59952896,0.46307787810155504,0.4421666008757924,0.07850666666666667,1.7800799999999999,99.53692212189846,0.4421666008757932,98.21992,99.92149333333333,90.0,0.0009182511021781369,89.989728,90.010272,0.0,0.0,0.0,0.0,14.503599174736841,13.848657663721994,2.4588288,55.75210560000001,3368.329444569825,14.962948679900999,3323.7620928000006,3381.3433344000005,3472.8330437445616,1.1148145576233284,3469.5141984000006,3474.0141120000003
run_0907_cfg_091_seed_7_mrhof,7,12,20,5,50.0,16,5,MRHOF,855,15,99.93542690058479,0.2045335676752276,97.72,100.0,99.95426900584795,0.6679532144078415,90.0,100.0,159.63859649122807,85.17944501362278,39,366,-71.01988304093567,8.597740974768229,-94,-63,1.0583508771929824,0.09381315038947256,1.0,2.05,3.7824561403508774,1.4572506443314035,2,7,2.7812865497076023,1.456673484441709,1,6,4.8,1.3767898718715426,3,7,280466.0959064328,292240.45285862096,46008,1086680,59719531.66783626,292244.3993245447,58913320,59953992,0.4674435376285318,0.4870674876931442,0.07668,1.8111333333333333,99.53255646237147,0.4870674876931441,98.18886666666667,99.92332,89.99999664561403,0.0009071153107024852,89.985024,90.014976,0.0,0.0,0.0,0.0,14.640330206315788,15.254951639220021,2.4016176,56.724696,3368.1815860659653,16.48258412190433,3322.711248,3381.4051488000005,3472.821912917895,1.228101416761778,3469.435944,3473.8067664000005
run_0908_cfg_091_seed_8_mrhof,8,12,20,5,50.0,16,5,MRHOF,855,15,99.91647953216373,0.24335935252930174,95.45,100.0,99.93061988304093,0.8277666486774823,88.88,100.0,158.26198830409356,83.47318150861882,35,368,-71.81754385964912,11.088505813382854,-94,-52,1.0610526315789475,0.09520256126616612,1.0,1.6,3.76140350877193,1.4434404303954091,2,7,2.7567251461988302,1.435334798604806,1,6,4.8,1.376789871871542,3,7,276230.1754385965,265076.51264333015,46008,1168848,59723769.8245614,265076.75102339056,58831152,59953992,0.4603836271725908,0.4417941795964125,0.07668,1.94808,99.53961637282741,0.44179417959641293,98.05192000000001,99.92332,90.0,0.00022757065454526558,89.99640000000001,90.0036,0.0,0.0,0.0,0.0,14.419215157894737,13.83699395998183,2.4016176,61.0138656,3368.4206181052637,14.950328757719243,3318.0769728000005,3381.4051488000005,3472.839833263158,1.1133672948425055,3469.0908384000004,3473.8067664000005
run_0909_cfg_091_seed_9_mrhof,9,12,20,5,50.0,16,5,MRHOF,855,15,99.92846783625731,0.30272898675375676,95.23,100.0,99.95295906432749,0.6882864150837344,88.88,100.0,156.82456140350877,81.61562166938822,37,339,-70.5953216374269,11.737067789218054,-94,-52,1.0605029239766082,0.08287065443296322,1.0,1.6,3.7356725146198833,1.392629472663586,2,6,2.7333333333333334,1.3896573466087265,1,5,4.8,1.3767898718715417,3,7,276791.7192982456,230394.7762380997,47384,863992,59723208.28070176,230392.5809514831,59136008,59952616,0.4613195163168336,0.38399126247704773,0.07897333333333333,1.4399866666666667,99.53868048368317,0.3839912624770479,98.56001333333333,99.92102666666666,90.0,0.000545836684533935,89.990364,90.009636,0.0,0.0,0.0,0.0,14.44852774736842,12.026607319628813,2.4734447999999998,45.100382399999994,3368.3889470315794,12.99414156566364,3335.2708512000004,3381.3275424000003,3472.8374747789476,0.9677436873271832,3470.3712336000003,3473.8009872000002
run_0910_cfg_091_seed_10_mrhof,10,12,20,5,50.0,16,5,MRHOF,855,15,99.85023391812865,0.2938821021241616,96.72,100.0,99.84507602339181,1.2494738799387808,88.88,100.0,159.31812865497076,84.25111253691006,36,399,-75.18713450292398,9.643411462571462,-94,-63,1.0632748538011696,0.10971770467074257,1.0,2.89,3.783625730994152,1.4769781956541685,2,8,2.778947368421053,1.4699253006524962,1,7,4.8,1.3767898718715428,3,7,276840.94502923975,326496.47448390943,45024,1415416,59723164.8,326477.7408536959,58584584,59954976,0.4614013592588072,0.5441600892994746,0.07504,2.3590266666666664,99.5385986407412,0.5441600892994748,97.64097333333333,99.92496,90.00000861754387,0.0005686535413091579,89.99113200000001,90.008868,0.0,0.0,0.0,0.0,14.451097330526316,17.043115968060068,2.3502528,73.88471519999999,3368.38649472,18.413344584148454,3304.1705376,3381.4606464000003,3472.8376006680705,1.3703631694081606,3468.0552528,3473.8108992
run_0911_cfg_092_seed_1_of0,1,12,20,5,60.0,12,10,OF0,627,11,99.93706539074961,0.4619150308414084,91.66,100.0,99.96810207336523,0.7987230638308708,80.0,100.0,94.2280701754386,38.494769280056495,33,210,-72.73205741626795,14.86429485092476,-93,-51,1.0078947368421054,0.026554574963424758,1.0,1.24,2.8181818181818183,0.7163904098224002,2,4,1.8181818181818181,0.7163904098224003,1,3,5.818181818181818,2.3302678229409053,1,9,84058.4370015949,89659.12875941957,25560,482664,59915941.56299841,89657.4523409091,59517336,59974440,0.1400973902474864,0.14943185629362032,0.0426,0.80444,99.85990260975251,0.14943185629361985,99.19556,99.95739999999999,90.0,0.0003099740069484065,89.99451599999999,90.005484,0.0,0.0,0.0,0.0,4.387850411483253,4.680206521241704,1.3342319999999999,25.1950608,3379.25910415311,5.0566803120273,3356.7777504000005,3382.5584160000008,3473.6469545645937,0.3766475666094021,3471.9728112000007,3473.892648000001
run_0912_cfg_092_seed_2_of0,2,12,20,5,60.0,12,10,OF0,627,11,99.77864433811803,0.6665553859715911,93.33,100.0,99.94682615629985,0.9407401274007461,83.33,100.0,95.11323763955343,39.762975058555845,31,217,-68.62360446570973,14.35643762790998,-93,-51,1.0116108452950558,0.0375927616548325,1.0,1.39,2.819776714513557,0.7179073786896524,2,4,1.8181818181818181,0.7163904098224001,1,3,5.818181818181818,2.3302678229409066,1,9,84427.62360446571,65227.83320249569,25560,299256,59915572.37639553,65228.90365071881,59700744,59974440,0.1407127065315038,0.10871305631253395,0.0426,0.49876,99.8592872934685,0.10871305631253281,99.50124,99.95739999999999,90.0,0.0004795440326332367,89.99151599999999,90.008484,0.0,0.0,0.0,0.0,4.407121952153109,3.404892893170278,1.3342319999999999,15.6211632,3379.238282028708,3.678910165900491,3367.1219616000008,3382.5584160000008,3473.645403980862,0.27459811126278766,3472.7431248000007,3473.8990824
run_0913_cfg_092_seed_3_of0,3,12,20,5,60.0,12,10,OF0,627,11,99.98531100478469,0.12697396247684778,98.27,100.0,100.0,0.0,100.0,100.0,94.51196172248804,39.092105955837575,32,197,-68.55023923444976,13.882963993319299,-93,-51,1.006475279106858,0.02385092033194453,1.0,1.25,2.819776714513557,0.7201290804820767,2,5,1.8197767145135566,0.7201290804820767,1,4,5.818181818181818,2.330267822940906,1,9,84252.55502392344,82327.12935886331,25560,309568,59915747.44497608,82327.12935886318,59690432,59974440,0.1404209250398724,0.13721188226477216,0.0426,0.5159466666666667,99.85957907496012,0.137211882264771,99.48405333333334,99.95739999999999,90.0,0.0,90.0,90.0,0.0,0.0,0.0,0.0,4.397983372248803,4.297476152532662,1.3342319999999999,16.159449600000002,3379.2481558966515,4.643250095839917,3366.5403648000006,3382.5584160000008,3473.6461392689002,0.3457739433072958,3472.6998144000004,3473.892648000001
run_0914_cfg_092_seed_4_of0,4,12,20,5,60.0,12,10,OF0,627,11,99.98076555023924,0.13876009899570638,97.29,100.0,99.96810207336523,0.7987230638308714,80.0,100.0,95.6762360446571,39.33771361337082,33,202,-68.95693779904306,14.930394269277057,-93,-54,1.009585326953748,0.02986904819288419,1.0,1.31,2.8181818181818183,0.7163904098224003,2,4,1.8181818181818181,0.7163904098224003,1,3,5.818181818181818,2.3302678229409053,1,9,84276.65709728867,103927.0035582797,25560,453320,59915723.34290271,103926.77591237958,59546680,59974440,0.14046109386121328,0.17321167469603188,0.0426,0.7555333333333333,99.85953890613878,0.17321167469603085,99.24446666666667,99.95739999999999,90.0,0.00032402910767386867,89.995056,90.00494400000001,0.0,0.0,0.0,0.0,4.399241500478468,5.424989585742195,1.3342319999999999,23.663304,3379.2467965397136,5.861470161458196,3358.4327520000006,3382.5584160000008,3473.646038040192,0.4366464073230401,3472.0960560000008,3474.0086592000002
run_0915_cfg_092_seed_5_of0,5,12,20,5,60.0,12,10,OF0,627,11,99.99657097288676,0.05447876145811805,98.82,100.0,100.0,0.0,100.0,100.0,94.12759170653908,39.60088005007436,27,211,-66.45933014354067,14.5504362943414,-93,-51,1.0059968102073364,0.022247949024918244,1.0,1.2,2.8181818181818183,0.7163904098224008,2,4,1.8181818181818181,0.716390409822401,1,3,5.818181818181818,2.3302678229409066,1,9,84171.86602870813,81788.10960149707,25560,376184,59915828.13397129,81787.93995168933,59623816,59974440,0.1402864418448404,0.1363135143854505,0.0426,0.6269733333333334,99.85971355815516,0.13631351438544967,99.37302666666666,99.95739999999999,90.0,0.0004329212753734653,89.99246400000001,90.007536,0.0,0.0,0.0,0.0,4.393771406698565,4.269339321198147,1.3342319999999999,19.6368048,3379.2527067559813,4.612839813275271,3362.7832224,3382.5584160000008,3473.6464781626796,0.34387702197288433,3472.4200272,3473.9175312
run_0916_cfg_092_seed_6_of0,6,12,20,5,60.0,12,10,OF0,627,11,99.97108452950559,0.14530931270130062,98.03,100.0,99.96810207336523,0.7987230638308711,80.0,100.0,95.36682615629984,39.92680263512991,28,213,-68.89473684210526,14.878048061084952,-93,-54,1.0073205741626794,0.02283775825744988,1.0,1.16,2.8181818181818183,0.7163904098224003,2,4,1.8181818181818181,0.7163904098224004,1,3,5.818181818181818,2.3302678229409057,1,9,84080.31897926635,121434.08547308295,25560,516096,59915919.68102074,121435.95873595981,59483904,59974440,0.1401338700021034,0.20239014766205457,0.0426,0.8601599999999999,99.8598661299979,0.20239014766205374,99.13984,99.95739999999999,90.0,0.00045512594893343944,89.99194800000001,90.00805199999999,0.0,0.0,0.0,0.0,4.388992650717703,6.338859261694931,1.3342319999999999,26.940211199999997,3379.25787000957,6.848988072708155,3354.8921856000006,3382.5584160000008,3473.6468626602873,0.5104120902273064,3471.8323968000004,3473.9153688000006
run_0917_cfg_092_seed_7_of0,7,12,20,5,60.0,12,10,OF0,627,11,99.9879744816587,0.10020528124459202,98.27,100.0,99.96810207336523,0.7987230638308715,80.0,100.0,94.3987240829346,39.34683003131517,29,214,-70.22647527910686,14.726139010085292,-93,-54,1.006267942583732,0.024691935330405253,1.0,1.36,2.819776714513557,0.7201290804820767,2,5,1.8181818181818181,0.7163904098224005,1,3,5.818181818181818,2.330267822940906,1,9,84011.75119617225,117038.0716614826,25560,521312,59915988.248803824,117038.13604159706,59478688,59974440,0.1400195854532835,0.1950634528887656,0.0426,0.8688533333333334,99.85998041454671,0.19506345288876475,99.13114666666667,99.95739999999999,90.0,0.00011598589756693958,89.99794800000001,90.00205199999999,0.0,0.0,0.0,0.0,4.385413412440191,6.109387340729384,1.3342319999999999,27.2124864,3379.2617372325362,6.600950872746046,3354.5980032000007,3382.5584160000008,3473.647150644977,0.49158253731490376,3471.810489600001,3473.892648000001
run_0918_cfg_092_seed_8_of0,8,12,20,5,60.0,12,10,OF0,627,11,99.97387559808612,0.32414518277372767,93.33,100.0,100.0,0.0,100.0,100.0,94.58532695374801,39.411164815992365,31,203,-70.49122807017544,14.84793537536986,-93,-51,1.0106858054226475,0.03283721841459915,1.0,1.25,2.8181818181818183,0.7163904098224007,2,4,1.8181818181818181,0.7163904098224008,1,3,5.818181818181818,2.330267822940906,1,9,84438.81339712918,115166.71720273282,25560,517832,59915561.18660287,115166.63193756298,59482168,59974440,0.14073135528010494,0.19194452874131143,0.0426,0.8630533333333335,99.85926864471989,0.19194452874131124,99.13694666666667,99.95739999999999,90.0,0.00013333337593155067,89.998332,90.00166800000001,0.0,0.0,0.0,0.0,4.407706059330143,6.011702637982658,1.3342319999999999,27.030830399999996,3379.2376509244023,6.49539804127857,3354.794275200001,3382.5584160000008,3473.645356983732,0.4837206695926653,3471.825105600001,3473.9183256
run_0919_cfg_092_seed_9_of0,9,12,20,5,60.0,12,10,OF0,627,11,99.95417862838914,0.1437563833483151,98.94,100.0,99.94151515151515,1.0389724130551077,80.0,100.0,97.34130781499202,43.585378738981184,29,243,-67.00478468899522,13.092994105324632,-93,-51,1.0067304625199363,0.0272134342459723,1.0,1.34,2.993620414673046,0.9525268913201388,2,5,1.9920255183413078,0.9499959034649412,1,4,5.818181818181818,2.3302678229409057,1,9,88322.02870813398,60035.93244703639,25560,298816,59911677.97129186,60035.93244703607,59701184,59974440,0.14720338118022328,0.10005988741172733,0.0426,0.4980266666666667,99.85279661881977,0.10005988741172542,99.50197333333334,99.95739999999999,90.0,0.0,90.0,90.0,0.0,0.0,0.0,0.0,4.610409898564593,3.133875673735301,1.3342319999999999,15.5981952,3379.0186375808617,3.3860265900129414,3367.1467776000004,3382.5584160000008,3473.6290474794264,0.2521509162775276,3472.7449728000006,3473.892648000001
run_0920_cfg_092_seed_10_of0,10,12,20,5,60.0,12,10,OF0,627,11,99.9852312599681,0.16279135329664982,97.14,100.0,100.0,0.0,100.0,100.0,95.39234449760765,39.56935681569323,34,202,-66.1866028708134,14.441529541630313,-93,-54,1.0092344497607655,0.029625795466198968,1.0,1.28,2.8181818181818183,0.7163904098224002,2,4,1.8181818181818181,0.7163904098224003,1,3,5.818181818181818,2.330267822940905,1,9,84293.88197767145,89804.90173152249,25560,397952,59915706.11802233,89804.90173152262,59602048,59974440,0.1404898032961191,0.14967483621920427,0.0426,0.6632533333333334,99.85951019670388,0.1496748362192034,99.33674666666667,99.95739999999999,90.0,0.0,90.0,90.0,0.0,0.0,0.0,0.0,4.400140639234449,4.687815870385475,1.3342319999999999,20.773094399999998,3379.2458250564596,5.064996457657858,3361.5555072000006,3382.5584160000008,3473.645965695694,0.37718058727241743,3472.3286016000006,3473.892648000001
run_0921_cfg_093_seed_1_mrhof,1,12,20,5,60.0,16,10,MRHOF,855,15,99.99459649122808,0.07747203007762621,98.07,100.0,100.0,0.0,100.0,100.0,120.98830409356725,56.05999925473936,32,265,-71.94385964912281,14.612212388739339,-94,-51,1.0229707602339182,0.052332640226037896,1.0,1.44,3.270175438596491,1.0061808247473414,2,6,2.2678362573099413,1.0009746404221118,1,5,6.133333333333334,2.2184029109721792,3,10,115009.95555555556,103382.91291696654,25560,442640,59884990.04444444,103383.34254582085,59557360,59974440,0.19168325889196408,0.17230485590712116,0.0426,0.7377333333333334,99.80831674110803,0.17230485590711972,99.26226666666666,99.95739999999999,90.0,0.0005102545996270296,89.992056,90.00794400000001,0.0,0.0,0.0,0.0,6.003519679999999,5.396588054265652,1.3342319999999999,23.105808,3377.5134385066667,5.830820519584275,3359.0351040000005,3382.5584160000008,3473.516958186667,0.43464718908541755,3472.1409120000003,3473.892648000001
run_0922_cfg_093_seed_2_mrhof,2,12,20,5,60.0,16,10,MRHOF,855,15,99.94989473684211,0.16646655228144563,98.38,100.0,99.953216374269,0.9667351650565232,80.0,100.0,121.35204678362572,55.920768576781406,28,297,-65.94385964912281,14.154604073141648,-94,-51,1.0205380116959064,0.04686360340297004,1.0,1.53,3.271345029239766,1.0087718047792251,2,6,2.271345029239766,1.0087718047792251,1,5,6.133333333333334,2.218402910972179,3,10,115562.50760233919,94496.87168681556,26656,391240,59884437.49239766,94499.43486144814,59608760,59973344,0.19260418498632603,0.15749482348953717,0.04442666666666666,0.6520666666666667,99.80739581501366,0.15749482348953592,99.34793333333334,99.95557333333333,90.0,0.00041923248707623206,89.99151599999999,90.008484,0.0,0.0,0.0,0.0,6.032362896842105,4.932736702051778,1.3914431999999999,20.422728,3377.482274571228,5.32976812618569,3361.934064,3382.4966016000003,3473.5146374680708,0.39734098436107423,3472.1339400000006,3473.8880448000004
run_0923_cfg_093_seed_3_mrhof,3,12,20,5,60.0,16,10,MRHOF,855,15,99.9893567251462,0.14473648104318898,97.14,100.0,100.0,0.0,100.0,100.0,122.73333333333333,57.74004167107946,30,310,-66.43391812865497,11.878286744670095,-93,-51,1.0260701754385964,0.06357053459139833,1.0,1.64,3.2842105263157895,1.0344968128810084,2,6,2.2818713450292396,1.0317381515700081,1,5,6.133333333333334,2.2184029109721783,3,10,115379.52748538012,128651.76105742564,25560,566840,59884620.47251462,128651.46574928433,59433160,59974440,0.1922992102898603,0.21441960025739687,0.0426,0.9447333333333333,99.80770078971014,0.21441960025739662,99.05526666666667,99.95739999999999,90.0,0.00042915259892255535,89.99113200000001,90.008868,0.0,0.0,0.0,0.0,6.022811334736842,6.715621927197616,1.3342319999999999,29.589048,3377.492594649825,7.255942668259637,3352.0302240000005,3382.5584160000008,3473.5154059845618,0.5405557582767802,3471.6192720000004,3473.892648000001
run_0924_cfg_093_seed_4_mrhof,4,12,20,5,60.0,16,10,MRHOF,855,15,99.91046783625731,0.44506928238067417,93.33,100.0,100.0,0.0,100.0,100.0,121.93099415204678,55.406407029124516,31,267,-68.49824561403508,14.536868551026178,-94,-51,1.0182456140350877,0.046290605582202236,1.0,1.5,3.2666666666666666,0.9983593098055475,2,5,2.2666666666666666,0.9983593098055475,1,4,6.133333333333334,2.218402910972179,3,10,115238.25029239766,132376.85852739256,25560,608472,59884761.7497076,132379.45202405937,59391528,59974440,0.1920637562398853,0.22062813276138968,0.0426,1.01412,99.80793624376011,0.22062813276138907,98.98588000000001,99.95739999999999,90.0,0.0007859425582825214,89.990748,90.00925200000002,0.0,0.0,0.0,0.0,6.015436665263158,6.910072015129894,1.3342319999999999,31.762238399999998,3377.500562683509,7.466201094156941,3349.6821792,3382.5584160000008,3473.515999348772,0.5568998597212331,3471.4444176,3473.892648000001
run_0925_cfg_093_seed_5_mrhof,5,12,20,5,60.0,16,10,MRHOF,855,15,99.9630760233918,0.32032771944315624,92.3,100.0,99.98050292397662,0.5701019709753172,83.33,100.0,121.49707602339181,56.93461205618565,30,295,-66.46666666666667,14.257862780019456,-94,-51,1.0234736842105263,0.054291079029356454,1.0,1.4,3.272514619883041,1.011354792868295,2,6,2.272514619883041,1.011354792868295,1,5,6.133333333333334,2.2184029109721783,3,10,115776.93567251462,88248.41752717663,26840,329096,59884223.064327486,88247.63326113281,59670904,59973160,0.19296155516145788,0.14708068458268775,0.04473333333333333,0.5484933333333333,99.80703844483854,0.14708068458268714,99.45150666666666,99.95526666666666,90.0,0.0006223361893325934,89.990556,90.00944399999999,0.0,0.0,0.0,0.0,6.043556042105263,4.606567394918622,1.4010479999999998,17.1788112,3377.47018082807,4.977166515927884,3365.4389856000003,3382.486224,3473.5137368701758,0.37131932347271307,3472.5054264000005,3473.9220936000006
run_0926_cfg_093_seed_6_mrhof,6,12,20,5,60.0,16,10,MRHOF,855,15,99.9926783625731,0.12995570561234443,96.66,100.0,100.0,0.0,100.0,100.0,120.89590643274853,55.6174384189977,33,291,-69.2,14.300341457740172,-94,-51,1.0228421052631578,0.05760230369826547,1.0,1.53,3.2982456140350878,1.0651754747749884,2,6,2.297076023391813,1.0638529078007728,1,5,6.133333333333334,2.21840291097218,3,10,115457.67485380117,126410.85110258393,25560,571864,59884545.43157895,126410.89212893561,59428136,59974440,0.19242944589794778,0.21068474418802013,0.0426,0.9531066666666665,99.80757055410206,0.21068474418801955,99.04689333333333,99.95739999999999,90.00000465964912,0.0006225741793958505,89.990748,90.00925200000002,0.0,0.0,0.0,0.0,6.02689062736842,6.59864642755488,1.3342319999999999,29.8513008,3377.488362341053,7.129574316071991,3351.7468704000003,3382.5584160000008,3473.5152576280702,0.5314321244634567,3471.5981712000003,3473.892648000001
run_0927_cfg_093_seed_7_mrhof,7,12,20,5,60.0,16,10,MRHOF,855,15,99.9399298245614,0.26804478065674664,96.77,100.0,99.95711111111112,0.8899097159982903,80.0,100.0,121.31461988304093,55.93610824156868,33,275,-68.08304093567251,14.397709293371944,-94,-54,1.016748538011696,0.04156145721232408,1.0,1.5,3.280701754385965,1.0292169660330235,2,6,2.280701754385965,1.0292169660330235,1,5,6.133333333333334,2.21840291097218,3,10,114779.78947368421,121702.34420936184,25560,510560,59885220.21052632,121702.34420936194,59489440,59974440,0.19129964869189633,0.20283723911517618,0.0426,0.8509333333333334,99.8087003513081,0.20283723911517548,99.14906666666667,99.95739999999999,90.0,0.00026538936090324673,89.99451599999999,90.005484,0.0,0.0,0.0,0.0,5.991505010526316,6.352862367728686,1.3342319999999999,26.651232,3377.5264198736845,6.864012213408,3355.2044160000005,3382.5584160000008,3473.517924884211,0.5112450416747708,3471.8556480000007,3473.892648000001
run_0928_cfg_093_seed_8_mrhof,8,12,20,5,60.0,16,10,MRHOF,855,15,99.98412865497075,0.1999857308959993,95.83,100.0,100.0,0.0,100.0,100.0,121.86666666666666,56.52860667277532,33,304,-71.30994152046783,14.427435543664695,-94,-51,1.0151228070175438,0.03652598615017227,1.0,1.28,3.272514619883041,1.0113547928682947,2,6,2.272514619883041,1.0113547928682947,1,5,6.133333333333334,2.218402910972179,3,10,114802.46081871344,151680.6609838711,25560,795520,59885197.539181285,151680.880567435,59204480,59974440,0.19133743504288447,0.2528011021559887,0.0426,1.3258666666666667,99.80866256495712,0.25280110215598806,98.67413333333333,99.95739999999999,90.0,0.0003072127778371571,89.99494800000001,90.005052,0.0,0.0,0.0,0.0,5.992688454736842,7.91773050335807,1.3342319999999999,41.526143999999995,3377.5251412098246,8.55480166400334,3339.132672,3382.5584160000008,3473.5178296645618,0.6371738417844998,3470.658816,3474.0424968
run_0929_cfg_093_seed_9_mrhof,9,12,20,5,60.0,16,10,MRHOF,855,15,99.93076023391814,0.38416186004935277,92.3,100.0,99.9766081871345,0.683985568056766,80.0,100.0,121.62573099415205,55.34759476080035,25,283,-69.49473684210527,14.782804045638434,-94,-51,1.0187836257309941,0.04567647879572064,1.0,1.5,3.2923976608187133,1.0540990496874085,2,6,2.2923976608187133,1.0540990496874085,1,5,6.133333333333334,2.218402910972179,3,10,114932.28538011695,101315.23250669499,26656,428944,59885067.71461988,101315.10690572712,59571056,59973344,0.19155380855307153,0.16885872100537186,0.04442666666666666,0.7149066666666666,99.80844619144692,0.16885872100537117,99.28509333333334,99.95557333333333,90.0,9.930324007528464e-05,89.99794800000001,90.00205199999999,0.0,0.0,0.0,0.0,5.9994652968421045,5.288655136849481,1.3914431999999999,22.390876799999997,3377.5178191045616,5.714172029483007,3359.8075584000003,3382.4966016000003,3473.5172844014037,0.4255327160567767,3472.1984352000004,3473.9009256000004
run_0930_cfg_093_seed_10_mrhof,10,12,20,5,60.0,16,10,MRHOF,855,15,99.94745029239768,0.1957099657047163,97.22,100.0,99.91811695906433,1.199108796848422,80.0,100.0,121.81052631578947,55.901566480453546,31,284,-70.51812865497077,14.689505765414317,-94,-54,1.0199766081871346,0.047252368590667206,1.0,1.46,3.2666666666666666,0.9983593098055477,2,5,2.2666666666666666,0.9983593098055477,1,4,6.133333333333334,2.2184029109721783,3,10,115244.16374269006,118593.24247937473,25560,551424,59884762.750877194,118566.67751848683,59454488,59974440,0.19207349486342554,0.19765500566049585,0.0426,0.9189494528472462,99.80792650513658,0.19765500566049513,99.08105054715276,99.95739999999999,90.00001037192983,0.0005482702005349442,89.992056,90.008868,0.0,0.0,0.0,0.0,6.015745347368421,6.190567257423357,1.3342319999999999,28.784332799999998,3377.500619149474,6.687160612042629,3353.2331232,3382.5584160000008,3473.5163748687723,0.4969694002029272,3471.8378736000004,3474.1249296000005
run_0931_cfg_094_seed_1_of0,1,12,20,10,40.0,16,20,OF0,855,15,99.98629239766082,0.15208060116684924,97.36,100.0,100.0,0.0,100.0,100.0,168.906432748538,74.83581180867289,28,364,-76.92865497076023,10.819827836813584,-93,-51,1.0272865497076025,0.06723986908465714,1.0,1.63,4.146198830409356,1.322975297288337,2,7,3.1333333333333333,1.3105588131824928,1,5,3.2,1.2761549390929887,1,5,92311.56023391814,98141.53245402609,10736,453120,59907688.43976608,98140.93332014533,59546880,59989264,0.1538525985162628,0.16356921814335923,0.017893333333333334,0.7552,99.84614740148375,0.16356921814336142,99.2448,99.98210666666667,90.0,0.00019851561562917195,89.996448,90.003552,0.0,0.0,0.0,0.0,4.818663444210526,5.122987994100161,0.5604192,23.652863999999997,3378.793628002807,5.535148639256196,3358.4440320000003,3383.3944896000003,3473.6122914470175,0.41222580369297757,3472.0968960000005,3474.0115704000004
run_0932_cfg_094_seed_2_of0,2,12,20,10,40.0,16,20,OF0,855,15,99.98788304093567,0.15826736155357696,97.05,100.0,100.0,0.0,100.0,100.0,170.61169590643274,76.81922484423113,28,399,-76.67485380116959,10.683306231389045,-93,-51,1.045157894736842,0.12024152939540986,1.0,2.89,4.167251461988304,1.359795342491279,2,10,3.1333333333333333,1.3105588131824926,1,5,3.2,1.2761549390929887,1,5,93216.21520467836,97752.38880377071,10224,517288,59906787.83625731,97735.44660799394,59486176,59989776,0.1553603019753726,0.16292040317017467,0.01704,0.8620968949392654,99.84463969802462,0.1629204031701756,99.13790310506073,99.98295999999999,90.00000607719298,0.00020772182044768173,89.998248,90.00519600000001,0.0,0.0,0.0,0.0,4.865886433684211,5.102674695556832,0.5336928,27.002433599999996,3378.7428339649127,5.512279188690889,3355.0203264000006,3383.4233664000003,3473.60872647579,0.4096507732497048,3471.9802032,3473.9570592000005
run_0933_cfg_094_seed_3_of0,3,12,20,10,40.0,16,20,OF0,855,15,99.7191111111111,1.0863378333226956,83.33,100.0,99.88301754385965,1.9725772840063927,66.66,100.0,168.79766081871344,74.920254210787,25,382,-77.2,10.746863820073886,-93,-51,1.0355906432748538,0.07933178722959912,1.0,1.73,4.153216374269006,1.3336434989911494,2,8,3.135672514619883,1.3129966388602021,1,5,3.2,1.2761549390929878,1,5,92509.50175438597,118405.64292193233,10224,566728,59907490.49824561,118406.1360963371,59433272,59989776,0.154182503433782,0.19734274177899203,0.01704,0.9445466666666666,99.84581749656621,0.1973427417789934,99.05545333333333,99.98295999999999,90.0,0.00042605471825895864,89.99151599999999,90.008484,0.0,0.0,0.0,0.0,4.828995991578947,6.180774560524864,0.5336928,29.5832016,3378.782464101053,6.678106075833388,3352.0365408000002,3383.4233664000003,3473.611460092632,0.4975843784316502,3471.6197424,3473.9570592000005
run_0934_cfg_094_seed_4_of0,4,12,20,10,40.0,16,20,OF0,855,15,99.84854970760233,0.8436472908342061,85.71,100.0,100.0,0.0,100.0,100.0,170.3812865497076,77.53752359398374,31,412,-76.91345029239766,10.624063277161897,-93,-51,1.035438596491228,0.0764861387567411,1.0,1.56,4.181286549707602,1.3751306451859087,2,9,3.1649122807017545,1.3479741797422593,1,7,3.2,1.2761549390929885,1,5,92897.80584795322,107772.45006914361,10224,593664,59907102.19415205,107773.1396544778,59406336,59989776,0.15482967719026403,0.1796207507118008,0.01704,0.98944,99.84517032280975,0.17962075071180042,99.01056,99.98295999999999,90.0,0.0004571898687768034,89.990556,90.00944399999999,0.0,0.0,0.0,0.0,4.849265465263158,5.625721893609299,0.5336928,30.989260799999997,3378.7605637501756,6.07840507651246,3350.5173504000004,3383.4233664000003,3473.6098292154393,0.4530031381949607,3471.5066112000004,3474.0034392000002
run_0935_cfg_094_seed_5_of0,5,12,20,10,40.0,16,20,OF0,855,15,99.98597660818713,0.23245950903280216,93.75,100.0,100.0,0.0,100.0,100.0,168.77309941520468,76.22022189898718,25,372,-77.27251461988304,10.755941884551497,-93,-51,1.0347251461988305,0.09020475283954799,1.0,2.05,4.157894736842105,1.3488151668209662,2,9,3.135672514619883,1.3129966388602021,1,5,3.2,1.2761549390929883,1,5,92764.49122807017,113207.80516467661,9904,562920,59907235.508771926,113208.38172775281,59437080,59990096,0.15460748473775535,0.18867967876943362,0.016506666666666666,0.9381999999999999,99.84539251526223,0.18867967876943476,99.0618,99.98349333333333,90.0,0.0006341252028050954,89.990364,90.009636,0.0,0.0,0.0,0.0,4.842306442105262,5.909447429596119,0.5169887999999999,29.384423999999996,3378.768082694737,6.384952729445282,3352.2513120000003,3383.4414144000007,3473.6103891368425,0.47609010280667163,3471.635736,3473.9584032000007
run_0936_cfg_094_seed_6_of0,6,12,20,10,40.0,16,20,OF0,855,15,99.92585964912281,0.4659649693312859,90.9,100.0,99.96100584795322,1.140203941950634,66.66,100.0,169.9766081871345,77.94416073208565,22,402,-77.18713450292398,10.746278615148292,-93,-51,1.0364561403508772,0.08234674293338284,1.0,1.63,4.160233918128655,1.3380785768298245,2,7,3.141520467836257,1.319940751363428,1,6,3.2,1.2761549390929883,1,5,93182.98947368421,110760.51849754108,10224,586888,59906817.010526314,110761.5040302076,59413112,59989776,0.15530498460127973,0.18460086784246127,0.01704,0.9781466666666667,99.84469501539873,0.18460086784246357,99.02185333333333,99.98295999999999,90.0,0.0003789690934238676,89.99494800000001,90.005052,0.0,0.0,0.0,0.0,4.8641520505263145,5.781699065571651,0.5336928,30.635553599999998,3378.7444793936847,6.246948827303731,3350.8995168,3383.4233664000003,3473.608631444211,0.46546447295514276,3471.5350704,3474.1273704000005
run_0937_cfg_094_seed_7_of0,7,12,20,10,40.0,16,20,OF0,855,15,99.5808888888889,1.390470715558169,80.0,100.0,99.8635321637427,2.3477499649598492,50.0,100.0,170.97426900584796,79.53333911228107,29,480,-77.26081871345029,10.752421296235267,-93,-51,1.0401403508771931,0.1058896909457604,1.0,2.63,4.161403508771929,1.362652701104879,2,10,3.1333333333333333,1.3105588131824928,1,5,3.2,1.2761549390929894,1,5,92419.72397660819,113086.50056749866,10136,553840,59907580.276023395,113086.50056749916,59446160,59989864,0.15403287329434698,0.18847750094583118,0.016893333333333333,0.9230666666666667,99.84596712670566,0.18847750094583254,99.07693333333333,99.98310666666667,90.0,0.0,90.0,90.0,0.0,0.0,0.0,0.0,4.824309591578947,5.903115329623426,0.5290992,28.910448,3378.7875275677197,6.3780786320069005,3352.763424,3383.4283296,3473.611837159299,0.4749633023835281,3471.6738720000003,3473.9574288
run_0938_cfg_094_seed_8_of0,8,12,20,10,40.0,16,20,OF0,855,15,99.95957894736843,0.416395889500372,90.9,100.0,100.0,0.0,100.0,100.0,169.70994152046782,76.32619865606195,32,434,-76.96023391812865,10.701323428914282,-93,-51,1.0401403508771931,0.09534470408505365,1.0,1.91,4.187134502923977,1.4034327601751155,2,8,3.160233918128655,1.352873580250925,1,6,3.2,1.2761549390929887,1,5,92672.15906432748,108571.28011293359,10224,540464,59907327.84093567,108571.07464843769,59459536,59989776,0.15445359584261079,0.18095213140858785,0.01704,0.9007733333333333,99.84554640415739,0.1809521314085886,99.09922666666667,99.98295999999999,90.0,0.0005683570800929463,89.99151599999999,90.008484,0.0,0.0,0.0,0.0,4.837486703157895,5.667420821895134,0.5336928,28.2122208,3378.7732902287726,6.123408610171863,3353.5178304000005,3383.4233664000003,3473.61077693193,0.4564766918888154,3471.7300512000006,3474.0740736000002
run_0939_cfg_094_seed_9_of0,9,12,20,10,40.0,16,20,OF0,855,15,99.62581286549708,1.1081314367433728,83.33,100.0,99.84402339181287,2.276398959821527,66.66,100.0,175.96842105263158,84.9027832768735,15,453,-76.96842105263158,10.67971809794373,-93,-51,1.060877192982456,0.14018322781200693,1.0,2.75,4.311111111111111,1.5656008133760064,2,9,3.250292397660819,1.5205221535122497,1,7,3.2,1.2761549390929887,1,5,96451.3029239766,106608.31051409838,10224,528016,59903548.69707602,106608.31051409761,59471984,59989776,0.16075217153996102,0.17768051752349742,0.01704,0.8800266666666667,99.83924782846005,0.17768051752349776,99.11997333333333,99.98295999999999,90.0,0.0,90.0,90.0,0.0,0.0,0.0,0.0,5.0347580126315785,5.564953808835937,0.5336928,27.5624352,3378.5601465150885,6.012708712995278,3354.2198976,3383.4233664000003,3473.5949045277193,0.44775490415926905,3471.7823328,3473.9570592000005
run_0940_cfg_094_seed_10_of0,10,12,20,10,40.0,16,20,OF0,855,15,99.99040935672515,0.12350917403820579,97.14,100.0,100.0,0.0,100.0,100.0,171.52163742690058,78.48097779421352,24,513,-76.73216374269006,10.718216753326242,-93,-51,1.0340350877192983,0.06994794775434794,1.0,1.49,4.15906432748538,1.349979291827464,2,7,3.1485380116959063,1.3350506628084806,1,6,3.2,1.2761549390929887,1,5,93289.91812865497,89583.77134472837,10736,462736,59906710.081871346,89584.0685409223,59537264,59989264,0.1554831973449916,0.14930628588625747,0.017893333333333334,0.7712266666666667,99.84451680265501,0.14930628588625874,99.22877333333334,99.98210666666667,90.0,0.00021138233559931985,89.99563199999999,90.004368,0.0,0.0,0.0,0.0,4.869733726315789,4.676272864194819,0.5604192,24.154819199999995,3378.7384486175442,5.052541465708018,3357.9016896000003,3383.3944896000003,3473.6081823438603,0.37635108811959406,3472.0565088000003,3473.9549088000003
run_0941_cfg_095_seed_1_mrhof,1,12,20,10,50.0,16,5,MRHOF,855,15,99.87914619883041,0.2131998785242303,97.91,100.0,99.89473684210526,1.0211615257050084,90.0,100.0,162.38713450292397,87.53875594347116,36,388,-72.8233918128655,10.768173036454439,-94,-52,1.0655789473684212,0.10844271532513093,1.0,2.55,3.8,1.4761174467594502,2,8,2.794152046783626,1.4653574829942064,1,6,4.8,1.3767898718715414,3,7,284866.13333333336,292664.56814284035,47104,1102104,59715133.86666667,292666.1369632296,58897896,59952896,0.4747768983253521,0.4877743235654441,0.07850666666666667,1.83684,99.52522310167464,0.4877743235654443,98.16316,99.92149333333333,90.0,0.000738306842019911,89.99194800000001,90.00805199999999,0.0,0.0,0.0,0.0,14.870012159999998,15.277090457056257,2.4588288,57.5298288,3367.9335500800003,16.506370124726143,3321.8413344000005,3381.3433344000005,3472.8035622400002,1.2295883611556202,3469.3711632000004,3473.8021632000005
run_0942_cfg_095_seed_2_mrhof,2,12,20,10,50.0,16,5,MRHOF,855,15,99.94251461988304,0.14094567511638215,99.04,100.0,99.94362573099416,0.7362341358902236,90.0,100.0,157.7029239766082,82.71716533518943,36,350,-71.14502923976609,8.567271773284503,-94,-60,1.0571461988304094,0.08803765378392216,1.0,2.23,3.7403508771929825,1.3968674785459259,2,7,2.736842105263158,1.3932714999949365,1,5,4.8,1.3767898718715412,3,7,275654.3532163743,261947.04668340148,48200,962280,59724345.64678363,261945.92161672696,59037720,59951800,0.4594239116890708,0.4365783946808336,0.08033333333333333,1.6038000000000001,99.54057608831093,0.4365783946808342,98.3962,99.91966666666666,90.0,0.0005965720342395152,89.992332,90.007668,0.0,0.0,0.0,0.0,14.389157237894736,13.673635836873565,2.51604,50.231016,3368.453094478597,14.773749979183318,3329.7274080000007,3381.2815200000005,3472.8422517164913,1.1003359567266822,3469.9161360000003,3473.7975600000004
run_0943_cfg_095_seed_3_mrhof,3,12,20,10,50.0,16,5,MRHOF,855,15,99.91166081871346,0.30661909796717185,94.44,100.0,99.9425730994152,0.7496996581936347,90.0,100.0,158.76374269005848,83.11966399927825,36,375,-73.05730994152047,10.59341140145381,-94,-59,1.0673216374269006,0.0999412388814838,1.0,1.64,3.7333333333333334,1.389657346608726,2,6,2.7333333333333334,1.389657346608726,1,5,4.8,1.3767898718715428,3,7,277386.1239766082,242118.81196687638,46008,871064,59722613.87602339,242119.32222814029,59128936,59953992,0.46231020750890595,0.4035313589960067,0.07668,1.4517733333333334,99.5376897924911,0.4035313589960071,98.54822666666666,99.92332,90.0,0.0006493719538331349,89.992332,90.007752,0.0,0.0,0.0,0.0,14.479555671578947,12.63860198467094,2.4016176,45.46954079999999,3368.3554226077194,13.655529773667118,3334.8719904000004,3381.4051488000005,3472.834978279299,1.0172150217704932,3470.3415312000006,3473.810071200001
run_0944_cfg_095_seed_4_mrhof,4,12,20,10,50.0,16,5,MRHOF,855,15,99.90141520467837,0.2406664916229379,95.0,100.0,99.87083040935673,1.1342358642696433,88.88,100.0,158.54269005847954,83.29353438878218,40,360,-70.73333333333333,10.692486801707254,-94,-52,1.0656257309941521,0.09829483104522131,1.0,1.81,3.7461988304093565,1.4133543182104935,2,7,2.745029239766082,1.4127291732468152,1,6,4.8,1.3767898718715423,3,7,278886.0070175439,244256.91294438206,45568,1192528,59721113.992982455,244256.7923955791,58807472,59954432,0.46481000629849256,0.4070947819278337,0.07594666666666666,1.9875466666666668,99.53518999370151,0.40709478192783416,98.01245333333334,99.92405333333333,90.0,0.0008702535203574952,89.9898,90.0102,0.0,0.0,0.0,0.0,14.55784956631579,12.750210855696734,2.3786495999999997,62.2499616,3368.2708292042107,13.776083091110676,3316.7414208,3381.4299648,3472.8286787705265,1.02638200831278,3468.9913824,3473.809029600001
run_0945_cfg_095_seed_5_mrhof,5,12,20,10,50.0,16,5,MRHOF,855,15,99.84575438596491,0.2914754689005354,97.7,100.0,99.8745029239766,1.1008641292550283,90.0,100.0,157.81637426900585,82.85456185445648,39,345,-71.7345029239766,9.803976405180126,-94,-59,1.0623859649122807,0.0932708568106143,1.0,1.74,3.789473684210526,1.4821756206477363,2,8,2.784795321637427,1.4743721480316405,1,6,4.8,1.3767898718715421,3,7,279427.97660818713,264014.17276097107,46008,1024552,59720572.02339181,264014.89968879713,58975448,59953992,0.4657132985166522,0.44002365126951876,0.07668,1.7075866666666668,99.53428670148335,0.4400236512695181,98.29241333333333,99.92332,90.0,0.00043449397200616055,89.99244,90.00756,0.0,0.0,0.0,0.0,14.586140378947366,13.781539818122685,2.4016176,53.48161439999999,3368.2402621192987,14.890440342448157,3326.2152672,3381.4051488000005,3472.826402498246,1.1090192368536091,3469.6968816000003,3473.9427792000006
run_0946_cfg_095_seed_6_mrhof,6,12,20,10,50.0,16,5,MRHOF,855,15,99.93162573099414,0.23125166050145074,95.45,100.0,99.89316959064328,1.0381261889028215,88.88,100.0,157.48538011695908,82.8090235897168,32,350,-72.6,11.769507698940085,-94,-52,1.0564444444444445,0.08829235495077167,1.0,1.96,3.734502923976608,1.3911446956019753,2,6,2.7333333333333334,1.389657346608726,1,5,4.8,1.376789871871541,3,7,276289.51578947366,262046.50036066756,46008,1218368,59723710.48421053,262048.2475023597,58781632,59953992,0.46048253660918725,0.43674420202876896,0.07668,2.030613333333333,99.53951746339081,0.4367442020287695,97.96938666666667,99.92332,90.0,0.0006302920032551606,89.990532,90.00946800000001,0.0,0.0,0.0,0.0,14.422312724210526,13.678827318826858,2.4016176,63.59880959999999,3368.417271309474,14.77952115913311,3315.2840448,3381.4051488000005,3472.839584033685,1.1009458054441483,3468.8828544000003,3473.8067664000005
run_0947_cfg_095_seed_7_mrhof,7,12,20,10,50.0,16,5,MRHOF,855,15,99.98283040935674,0.19833661451513682,94.73,100.0,100.0,0.0,100.0,100.0,158.6748538011696,83.86890077264134,41,370,-70.53801169590643,8.161751389105651,-94,-59,1.0569122807017544,0.07726932445934515,1.0,1.58,3.768421052631579,1.415102287090454,2,6,2.767251461988304,1.4136682402060599,1,5,4.8,1.3767898718715426,3,7,276955.26549707603,280991.5472820425,46008,1311080,59723046.4,280993.6678049137,58688920,59953992,0.46159210948534185,0.46831926954827874,0.07668,2.1851333333333334,99.53840789051465,0.4683192695482793,97.81486666666666,99.92332,90.0000024982456,0.0007447723130583317,89.99113200000001,90.008868,0.0,0.0,0.0,0.0,14.457064858947367,14.667758768122614,2.4016176,68.43837599999999,3368.3798169600004,15.848042864197113,3310.0550880000005,3381.4051488000005,3472.836884317193,1.1806119392690684,3468.4934640000006,3474.0899544000004
run_0948_cfg_095_seed_8_mrhof,8,12,20,10,50.0,16,5,MRHOF,855,15,99.84679532163742,0.2921093824459964,95.83,100.0,99.87345029239766,1.1098490949795656,90.0,100.0,159.2327485380117,85.13627788154314,34,388,-70.84795321637426,10.11712636106574,-94,-52,1.0605614035087718,0.09281399978130937,1.0,1.67,3.7356725146198833,1.393470045787122,2,7,2.7356725146198833,1.393470045787122,1,6,4.8,1.376789871871542,3,7,277004.416374269,297502.7622321056,45920,1253560,59722995.583625734,297503.6247800665,58746440,59954080,0.46167403116929345,0.49583796267752545,0.07653333333333334,2.0892666666666666,99.53832596883072,0.4958379626775267,97.91073333333333,99.92346666666667,90.0,0.0007307144237570916,89.990448,90.00955200000001,0.0,0.0,0.0,0.0,14.459630534736842,15.529644188515913,2.3970239999999996,65.435832,3368.3769509164918,16.779204437595734,3313.2992160000003,3381.410112,3472.8365814512285,1.24985674904169,3468.7350480000005,3473.807136
run_0949_cfg_095_seed_9_mrhof,9,12,20,10,50.0,16,5,MRHOF,855,15,99.94002339181287,0.18960762990014737,97.22,100.0,99.94152046783626,0.7629260996190109,90.0,100.0,157.66666666666666,82.72763641430764,38,344,-70.01169590643275,10.947601570280634,-94,-52,1.0670292397660819,0.11665645568176533,1.0,2.96,3.7356725146198833,1.39178839187448,2,6,2.7333333333333334,1.3896573466087265,1,5,4.8,1.3767898718715417,3,7,276472.70175438595,258599.09587420107,46008,849064,59723527.298245616,258597.5571038126,59150936,59953992,0.46078782288984366,0.4309984399954869,0.07668,1.4151066666666667,99.53921217711014,0.43099843999548704,98.58489333333334,99.92332,90.0,0.0006198270666123608,89.99113200000001,90.008868,0.0,0.0,0.0,0.0,14.431875031578947,13.498872804633288,2.4016176,44.3211408,3368.406939621053,14.584902220655048,3336.1127904000004,3381.4051488000005,3472.8388146526318,1.0862714992323947,3470.4339312000006,3473.8203744
run_0950_cfg_095_seed_10_mrhof,10,12,20,10,50.0,16,5,MRHOF,855,15,99.79890058479532,0.3688118884670071,96.15,100.0,99.86387134502924,1.2245785423480733,81.81,100.0,158.66666666666666,82.31528181698036,39,342,-74.16140350877193,9.346299241050774,-94,-52,1.0636959064327485,0.0919991404582119,1.0,1.71,3.7567251461988302,1.4434698430632245,2,8,2.7567251461988302,1.4434698430632245,1,7,4.8,1.3767898718715428,3,7,276464.70175438595,295821.9190399859,46008,1331280,59723535.298245616,295822.6896792119,58668720,59953992,0.46077450881688575,0.49303654442464745,0.07668,2.2188,99.53922549118312,0.4930365444246478,97.7812,99.92332,90.0,0.00026673039831742826,89.99451599999999,90.005484,0.0,0.0,0.0,0.0,14.431457431578947,15.44190417388726,2.4016176,69.492816,3368.407390821053,16.684399697907544,3308.9158080000007,3381.4051488000005,3472.838848252632,1.242536241689056,3468.4086240000006,3473.8067664000005
run_0951_cfg_096_seed_1_of0,1,12,20,10,50.0,16,10,OF0,855,15,99.98650292397662,0.19130344148619247,95.23,100.0,100.0,0.0,100.0,100.0,149.47134502923976,78.97743020876797,34,342,-70.6374269005848,10.644214398581795,-94,-52,1.0260350877192983,0.053063734240365375,1.0,1.53,3.7356725146198833,1.3917883918744798,2,6,2.7333333333333334,1.389657346608726,1,5,4.8,1.3767898718715414,3,7,148994.61988304093,135909.1036887675,25560,581712,59851005.38011696,135908.9467506139,59418288,59974440,0.2483243652852313,0.2265151732102774,0.0426,0.9695199999999999,99.75167563471477,0.22651517321027767,99.03048,99.95739999999999,90.0,0.000311141676502589,89.993748,90.00625199999999,0.0,0.0,0.0,0.0,7.777519157894736,7.094455212553659,1.3342319999999999,30.3653664,3375.596703438597,7.665264596734643,3351.1914432000003,3382.5584160000008,3473.374222596492,0.5709263199972392,3471.5568096,3473.892648000001
run_0952_cfg_096_seed_2_of0,2,12,20,10,50.0,16,10,OF0,855,15,99.96920467836257,0.4296987932325281,90.9,100.0,99.98050292397662,0.5701019709753177,83.33,100.0,150.81052631578947,80.30609842410509,27,355,-71.40233918128655,11.479928279568009,-94,-52,1.0258128654970762,0.05268004766614383,1.0,1.5,3.7356725146198833,1.3917883918744798,2,6,2.7333333333333334,1.3896573466087272,1,5,4.8,1.3767898718715412,3,7,149529.64678362574,149499.0929937058,25560,713328,59850470.35321637,149496.96717496307,59286672,59974440,0.24921606753186135,0.24916508623588712,0.0426,1.18888,99.75078393246814,0.2491650862358868,98.81112,99.95739999999999,90.0,0.0005184017954694573,89.99151599999999,90.008484,0.0,0.0,0.0,0.0,7.805447562105263,7.803852654271442,1.3342319999999999,37.23572159999999,3375.5665279214036,8.431628948667933,3343.7683008000004,3382.5584160000008,3473.371975483509,0.6280688060741253,3470.8814328000003,3473.892648000001
run_0953_cfg_096_seed_3_of0,3,12,20,10,50.0,16,10,OF0,855,15,99.99456140350878,0.06666012334871727,98.75,100.0,100.0,0.0,100.0,100.0,150.72865497076023,80.30643191532658,25,360,-69.74502923976608,10.35564403771741,-94,-52,1.0289005847953216,0.057693433418464266,1.0,1.39,3.736842105263158,1.3924308070146363,2,6,2.7333333333333334,1.389657346608726,1,5,4.8,1.3767898718715428,3,7,149986.84444444443,121945.60260228941,25560,568464,59850013.155555554,121942.95243450147,59431536,59974440,0.2499780627813792,0.20324260685246667,0.0426,0.94744,99.75002193721862,0.20324260685246592,99.05256,99.95739999999999,90.0,0.0006172957265784373,89.990556,90.00944399999999,0.0,0.0,0.0,0.0,7.829313279999999,6.365560455839506,1.3342319999999999,29.673820799999998,3375.5407419733338,6.877582517305884,3351.9386304000004,3382.5584160000008,3473.3700552533337,0.5125320182140661,3471.6061944,3473.892648000001
run_0954_cfg_096_seed_4_of0,4,12,20,10,50.0,16,10,OF0,855,15,99.97908771929824,0.24361227790287307,95.23,100.0,100.0,0.0,100.0,100.0,150.2093567251462,80.06247213248602,29,344,-71.48654970760234,9.734869080817303,-94,-52,1.027122807017544,0.05539217330368784,1.0,1.43,3.7380116959064327,1.3989434872163724,2,8,2.734502923976608,1.3919861653321912,1,6,4.8,1.3767898718715423,3,7,149037.95087719298,140861.76167742888,25560,693864,59850962.04912281,140861.88730248882,59306136,59974440,0.2483965841174459,0.23476960179168385,0.0426,1.1564400000000001,99.75160341588256,0.23476960179168394,98.84356,99.95739999999999,90.0,0.0004367019680511601,89.990976,90.00902400000001,0.0,0.0,0.0,0.0,7.779781035789473,7.35298395956179,1.3342319999999999,36.2197008,3375.5942595705264,7.944610443860382,3344.866070400001,3382.5584160000008,3473.374040606316,0.5918493526703406,3471.0857712000006,3473.892648000001
run_0955_cfg_096_seed_5_of0,5,12,20,10,50.0,16,10,OF0,855,15,99.99087719298245,0.09262653289596155,98.21,100.0,100.0,0.0,100.0,100.0,149.25380116959064,79.50059229115382,31,371,-70.49707602339181,10.512496338280634,-94,-52,1.0261169590643275,0.05242936928454896,1.0,1.36,3.7356725146198833,1.394310112163242,2,7,2.7333333333333334,1.3896573466087263,1,5,4.8,1.3767898718715421,3,7,148911.8970760234,148416.52467024402,25560,705584,59851088.102923974,148416.5246702437,59294416,59974440,0.24818649512670565,0.24736087445040653,0.0426,1.1759733333333333,99.7518135048733,0.2473608744504059,98.82402666666667,99.95739999999999,90.0,0.0,90.0,90.0,0.0,0.0,0.0,0.0,7.773201027368421,7.747342587786742,1.3342319999999999,36.83148479999999,3375.6013690049126,8.370691991401761,3344.2050624000003,3382.5584160000008,3473.374570032281,0.6233494036150666,3471.0365472000003,3473.892648000001
run_0956_cfg_096_seed_6_of0,6,12,20,10,50.0,16,10,OF0,855,15,99.93657309941521,0.3145385437882596,92.85,100.0,99.95711111111112,0.8899097159982884,80.0,100.0,149.52748538011696,78.0896253240322,35,347,-71.3906432748538,10.788770570774236,-94,-52,1.030327485380117,0.06010245257666421,1.0,1.42,3.7415204678362572,1.3941480335081629,2,6,2.7356725146198833,1.3909468024988731,1,5,4.8,1.376789871871541,3,7,149324.96842105262,160650.9894710891,25560,773464,59850675.03157895,160652.0282874708,59226560,59974440,0.24887495027085763,0.26775165540158946,0.0426,1.2891061510242063,99.75112504972914,0.2677516554015885,98.71089384897579,99.95739999999999,90.0,0.0005317898900130791,89.99151599999999,90.008484,0.0,0.0,0.0,0.0,7.794763351578947,8.385981650390853,1.3342319999999999,40.3748208,3375.578071781053,9.06077439541339,3340.377984,3382.5584160000008,3473.372835132632,0.6750838056690514,3470.7528408000003,3473.892648000001
run_0957_cfg_096_seed_7_of0,7,12,20,10,50.0,16,10,OF0,855,15,99.98804678362573,0.1648299035556119,96.55,100.0,100.0,0.0,100.0,100.0,149.81988304093568,79.21556471549475,34,379,-73.20350877192982,10.028448379548529,-94,-52,1.0340701754385966,0.06376585342183973,1.0,1.42,3.736842105263158,1.3915896061514417,2,6,2.7333333333333334,1.3896573466087265,1,5,4.8,1.3767898718715426,3,7,149624.59883040935,142212.5047988346,25560,702832,59850375.40116959,142210.20222369005,59297168,59974440,0.24937432195368645,0.2370207918443907,0.0426,1.1713866666666666,99.7506256780463,0.23702079184438807,98.82861333333334,99.95739999999999,90.0,0.0002383340304492134,89.99640000000001,90.0036,0.0,0.0,0.0,0.0,7.810404058947368,7.423492750499162,1.3342319999999999,36.687830399999996,3375.5611726259654,8.020655405416104,3344.3602752,3382.5584160000008,3473.3715766849127,0.5972249073848785,3471.0481056000003,3473.892648000001
run_0958_cfg_096_seed_8_of0,8,12,20,10,50.0,16,10,OF0,855,15,99.80287719298246,0.66634319816029,90.9,100.0,99.93371929824562,1.1215019896029341,80.0,100.0,150.13099415204678,79.8915492115866,34,407,-71.8561403508772,9.64518695804744,-94,-52,1.0319181286549708,0.06299189819105139,1.0,1.5,3.7403508771929825,1.3968674785459259,2,6,2.7333333333333334,1.3896573466087274,1,5,4.8,1.376789871871542,3,7,149382.14736842105,154042.22775870102,25560,641512,59850617.85263158,154041.88256168918,59358488,59974440,0.24897024328746448,0.2567370223347975,0.0426,1.0691866666666665,99.75102975671253,0.2567370223347971,98.93081333333333,99.95739999999999,90.0,0.0003735952800232993,89.99413200000001,90.005868,0.0,0.0,0.0,0.0,7.797748092631578,8.041004289004196,1.3342319999999999,33.4869264,3375.5748468884212,8.687962176479264,3347.8187232000005,3382.5584160000008,3473.3725949810528,0.647106414392741,3471.3056496000004,3474.0390984000005
run_0959_cfg_096_seed_9_of0,9,12,20,10,50.0,16,10,OF0,855,15,99.97661988304093,0.32942276436796,90.9,100.0,100.0,0.0,100.0,100.0,148.9204678362573,78.63980220972172,34,355,-70.9812865497076,10.70159985986442,-94,-52,1.0349473684210526,0.06416252628572577,1.0,1.5,3.7380116959064327,1.393071942794828,2,6,2.7333333333333334,1.3896573466087265,1,5,4.8,1.3767898718715417,3,7,149330.18011695906,147268.27160984525,25560,711424,59850669.81988304,147267.0327865725,59288576,59974440,0.24888362766155667,0.24544709356305516,0.0426,1.1857066666666667,99.75111637233844,0.2454470935630548,98.81429333333334,99.95739999999999,90.0,0.0003636039742866424,89.99451599999999,90.005484,0.0,0.0,0.0,0.0,7.795035402105262,7.68740377803392,1.3342319999999999,37.1363328,3375.577777841404,8.305860649162685,3343.8756864,3382.5584160000008,3473.3728132435094,0.6186026944540768,3471.0120192000004,3473.892648000001
run_0960_cfg_096_seed_10_of0,10,12,20,10,50.0,16,10,OF0,855,15,99.97973099415205,0.16461451004938948,96.96,100.0,99.98050292397662,0.5701019709753175,83.33,100.0,149.7391812865497,78.18947171101982,31,358,-73.68538011695907,10.860428526931944,-94,-52,1.0324912280701755,0.06104854370720989,1.0,1.48,3.7403508771929825,1.400216566863171,2,7,2.7333333333333334,1.3896573466087259,1,5,4.8,1.3767898718715428,3,7,149025.32865497077,150402.2844338981,25560,706552,59850974.67134503,150402.97048399874,59293448,59974440,0.24837555019331536,0.25067047502506973,0.0426,1.1775866666666668,99.75162444980668,0.2506704750250693,98.82241333333333,99.95739999999999,90.0,0.0002638811740239654,89.99494800000001,90.005052,0.0,0.0,0.0,0.0,7.779122155789474,7.850999247449485,1.3342319999999999,36.882014399999996,3375.5949714638596,8.48272753529753,3344.1504672000005,3382.5584160000008,3473.3740936196496,0.6318054710316788,3471.0324816000007,3473.892648000001
run_0961_cfg_097_seed_1_of0,1,12,20,10,60.0,12,10,OF0,627,11,99.98429027113238,0.2284912284676758,95.45,100.0,100.0,0.0,100.0,100.0,95.2535885167464,38.640736492136035,33,195,-72.20414673046253,15.032545588376394,-93,-51,1.0057256778309411,0.021580698414753994,1.0,1.18,2.8181818181818183,0.7163904098224002,2,4,1.8181818181818181,0.7163904098224003,1,3,5.818181818181818,2.3302678229409053,1,9,84272.8038277512,87971.7939093048,25560,457704,59915727.19617225,87971.79390930467,59542296,59974440,0.14045467304625198,0.14661965651550804,0.0426,0.76284,99.85954532695375,0.14661965651550732,99.23716,99.95739999999999,90.0,0.0,90.0,90.0,0.0,0.0,0.0,0.0,4.3990403598086125,4.59212764206571,1.3342319999999999,23.892148799999998,3379.2470138641147,4.961609176484813,3358.1854944,3382.5584160000008,3473.646054223924,0.3694815344191163,3472.0776432000002,3473.892648000001
run_0962_cfg_097_seed_2_of0,2,12,20,10,60.0,12,10,OF0,627,11,99.99424242424243,0.08350656792974014,98.3,100.0,100.0,0.0,100.0,100.0,94.15470494417863,39.221416071157584,34,215,-69.73684210526316,14.21545636258067,-93,-51,1.0113875598086124,0.03421630179100611,1.0,1.36,2.819776714513557,0.7179073786896527,2,4,1.8181818181818181,0.7163904098224001,1,3,5.818181818181818,2.3302678229409066,1,9,84762.81977671452,59650.646290062105,25560,313504,59915237.180223286,59649.261298268546,59686496,59974440,0.14127136324048842,0.09941772939721752,0.0426,0.5225066666666667,99.85872863675952,0.09941772939721635,99.47749333333333,99.95739999999999,90.0,0.0003528523661993252,89.9949,90.0051,0.0,0.0,0.0,0.0,4.424619192344497,3.113763736341242,1.3342319999999999,16.3649088,3379.2193769645933,3.364218337222371,3366.3183744,3382.5584160000008,3473.6439961569386,0.2507957559298964,3472.6832832,3473.892648000001
run_0963_cfg_097_seed_3_of0,3,12,20,10,60.0,12,10,OF0,627,11,99.9940350877193,0.0864298199862738,98.03,100.0,100.0,0.0,100.0,100.0,95.2280701754386,40.04602755115236,30,202,-66.07814992025519,13.505126860707893,-93,-51,1.0100637958532697,0.03067393832356295,1.0,1.25,2.8181818181818183,0.7163904098224005,2,4,1.8181818181818181,0.7163904098224004,1,3,5.818181818181818,2.330267822940906,1,9,84827.2663476874,84591.15718918062,25560,383416,59915172.733652316,84591.15718918065,59616584,59974440,0.14137877724614567,0.14098526198196765,0.0426,0.6390266666666666,99.85862122275385,0.14098526198196648,99.36097333333333,99.95739999999999,90.0,0.0,90.0,90.0,0.0,0.0,0.0,0.0,4.427983303349282,4.415658405275227,1.3342319999999999,20.0143152,3379.215742177991,4.770941265469786,3362.3753376000004,3382.5584160000008,3473.6437254813404,0.3552828601945904,3472.3896528000005,3473.892648000001
run_0964_cfg_097_seed_4_of0,4,12,20,10,60.0,12,10,OF0,627,11,99.98371610845295,0.1939469043448699,96.0,100.0,100.0,0.0,100.0,100.0,95.23444976076556,39.73310591794768,33,215,-68.29346092503987,15.16680434294925,-93,-51,1.0103030303030303,0.03309011860463866,1.0,1.35,2.819776714513557,0.7201290804820766,2,5,1.8181818181818181,0.7163904098224003,1,3,5.818181818181818,2.3302678229409053,1,9,84636.15948963318,92183.53326760572,25560,448080,59915363.84051037,92181.67665763196,59551920,59974440,0.14106025924626628,0.15363920089836827,0.0426,0.7468,99.85893974075373,0.15363920089836725,99.25319999999999,99.95739999999999,90.0,0.0005457698142032947,89.992332,90.007668,0.0,0.0,0.0,0.0,4.418007525358852,4.811980436569015,1.3342319999999999,23.389775999999998,3379.226520604785,5.199046563490448,3358.7282880000002,3382.5584160000008,3473.6445281301435,0.38759467651875323,3472.1180640000002,3473.892648000001
run_0965_cfg_097_seed_5_of0,5,12,20,10,60.0,12,10,OF0,627,11,99.93031897926635,0.2763446249953358,97.22,100.0,99.97341307814992,0.6657356737030308,83.33,100.0,95.30940988835725,40.149400993420116,34,206,-68.88676236044657,14.667505549808427,-93,-51,1.0064752791068579,0.024815947632737916,1.0,1.33,2.819776714513557,0.7201290804820769,2,5,1.8181818181818181,0.716390409822401,1,3,5.818181818181818,2.3302678229409066,1,9,84340.77192982456,69377.7776178073,25560,464656,59915659.22807018,69378.8026007721,59535344,59974440,0.14056795202800518,0.11562963213108346,0.0426,0.7744266666666667,99.85943204797199,0.11562963213108304,99.22557333333333,99.95739999999999,90.0,0.0007178559129964307,89.9919,90.00810000000001,0.0,0.0,0.0,0.0,4.402588294736842,3.6215199916495413,1.3342319999999999,24.2550432,3379.2431804631583,3.9129644666835333,3357.7934016000004,3382.5584160000008,3473.6457687578954,0.29266513518193077,3472.0484448,3473.9097288000003
run_0966_cfg_097_seed_6_of0,6,12,20,10,60.0,12,10,OF0,627,11,99.99004784688995,0.2122919901475799,94.73,100.0,100.0,0.0,100.0,100.0,95.33811802232854,39.82177384912481,33,216,-71.03668261562999,14.74079321151129,-93,-54,1.0061403508771931,0.022505223004815864,1.0,1.26,2.8181818181818183,0.7163904098224003,2,4,1.8181818181818181,0.7163904098224004,1,3,5.818181818181818,2.3302678229409057,1,9,84249.1355661882,121852.39802595795,25560,529120,59915750.86443381,121852.39802595784,59470880,59974440,0.140415225943647,0.2030873300432632,0.0426,0.8818666666666667,99.85958477405634,0.20308733004326265,99.11813333333333,99.95739999999999,90.0,0.0,90.0,90.0,0.0,0.0,0.0,0.0,4.397804876555024,6.360695176955005,1.3342319999999999,27.620064,3379.248348754067,6.872475248664029,3354.157632000001,3382.5584160000008,3473.646153630623,0.5117800717090534,3471.777696000001,3473.892648000001
run_0967_cfg_097_seed_7_of0,7,12,20,10,60.0,12,10,OF0,627,11,99.9979744816587,0.03592518832352347,99.32,100.0,100.0,0.0,100.0,100.0,95.32057416267942,40.79334196350674,31,194,-66.70972886762361,14.234748615175208,-93,-51,1.0067304625199363,0.022764155732367074,1.0,1.16,2.8181818181818183,0.7163904098224008,2,4,1.8181818181818181,0.7163904098224005,1,3,5.818181818181818,2.330267822940906,1,9,84481.09728867623,94892.65527300871,25560,420792,59915518.902711324,94892.65527300883,59579208,59974440,0.1408018288144604,0.15815442545501457,0.0426,0.7013199999999999,99.85919817118554,0.15815442545501412,99.29867999999999,99.95739999999999,90.0,0.0,90.0,90.0,0.0,0.0,0.0,0.0,4.409913278468899,4.95339660525106,1.3342319999999999,21.965342399999997,3379.2352661129194,5.351945757397708,3360.2673312,3382.5584160000008,3473.645179391388,0.39854915214666436,3472.2326736,3473.892648000001
run_0968_cfg_097_seed_8_of0,8,12,20,10,60.0,12,10,OF0,627,11,99.98271132376397,0.27301005478798224,93.33,100.0,99.97341307814992,0.6657356737030318,83.33,100.0,95.4401913875598,40.81886480446232,31,210,-69.89314194577352,14.96715469503548,-93,-54,1.008468899521531,0.027769307060164613,1.0,1.19,2.8181818181818183,0.7163904098224007,2,4,1.8181818181818181,0.7163904098224008,1,3,5.818181818181818,2.330267822940906,1,9,84485.7033492823,112372.36114122979,25560,482040,59915514.296650715,112370.77650609509,59517960,59974440,0.1408094990250123,0.1872872194673449,0.0426,0.8033999999999999,99.85919050097499,0.18728721946734397,99.1966,99.95739999999999,90.0,0.0005151420164612954,89.99301600000001,90.006984,0.0,0.0,0.0,0.0,4.410153714832536,5.865837251572198,1.3342319999999999,25.162488,3379.2350063311005,6.3377117949437505,3356.8129440000007,3382.5584160000008,3473.6451600459336,0.4722605688827148,3471.8674656000003,3473.9485368
run_0969_cfg_097_seed_9_of0,9,12,20,10,60.0,12,10,OF0,627,11,99.87052631578948,0.5521742188083342,91.66,100.0,99.94151515151515,1.0389724130551066,80.0,100.0,95.09888357256779,39.47017050601584,33,192,-70.99681020733652,14.620546268712078,-93,-51,1.0083094098883574,0.024482111043633778,1.0,1.19,2.8181818181818183,0.7163904098224003,2,4,1.8181818181818181,0.7163904098224003,1,3,5.818181818181818,2.3302678229409057,1,9,84636.60606060606,85937.28433137684,25560,399872,59915363.39393939,85937.66518335066,59600128,59974440,0.14106100952197706,0.14322880184408804,0.0426,0.6664533333333333,99.85893899047802,0.14322880184408637,99.33354666666668,99.95739999999999,90.0,0.0004933712675738786,89.99151599999999,90.008484,0.0,0.0,0.0,0.0,4.418030836363636,4.485926242097873,1.3342319999999999,20.8733184,3379.2264954181824,4.846884316340936,3361.4472192000003,3382.5584160000008,3473.6445262545462,0.3614242852003561,3472.3205376,3473.892648000001
run_0970_cfg_097_seed_10_of0,10,12,20,10,60.0,12,10,OF0,627,11,99.97776714513556,0.10723711450398728,98.64,100.0,99.97341307814992,0.6657356737030319,83.33,100.0,95.06060606060606,39.72018135231581,36,203,-66.09888357256779,14.507895240547617,-93,-54,1.0061244019138758,0.019842925387665127,1.0,1.14,2.8181818181818183,0.7163904098224002,2,4,1.8181818181818181,0.7163904098224003,1,3,5.818181818181818,2.330267822940905,1,9,84362.85805422647,89890.00774470117,25560,408848,59915645.03987241,89867.54696303542,59591152,59974440,0.14060468839257995,0.14981646416629046,0.0426,0.6814133333333333,99.85939531160741,0.1498164641662897,99.31858666666666,99.95739999999999,90.00001184688995,0.00029664574590702826,90.0,90.007428,0.0,0.0,0.0,0.0,4.403741190430622,4.692258404273399,1.3342319999999999,21.3418656,3379.2423802488047,5.068529648715171,3360.9409728000005,3382.5584160000008,3473.6461332861245,0.3763970397949861,3472.2828384000004,3473.892648000001
run_0971_cfg_098_seed_1_mrhof,1,12,20,10,60.0,12,20,MRHOF,627,11,99.9954226475279,0.08812714999443966,97.95,100.0,100.0,0.0,100.0,100.0,93.30940988835725,39.79239203702396,27,204,-69.63636363636364,14.67937910067368,-93,-51,1.010494417862839,0.032042970611275576,1.0,1.28,2.8181818181818183,0.7163904098224002,2,4,1.8181818181818181,0.7163904098224003,1,3,5.818181818181818,2.3302678229409053,1,9,46466.832535885165,55177.279472238704,10224,255208,59953533.167464115,55177.27947223902,59744792,59989776,0.07744472089314194,0.09196213245373118,0.01704,0.42534666666666665,99.92255527910686,0.09196213245373135,99.57465333333333,99.98295999999999,90.0,0.0,90.0,90.0,0.0,0.0,0.0,0.0,2.4255686583732055,2.88025398845086,0.5336928,13.3218576,3381.3792706449767,3.111998562234268,3369.6062688,3383.4233664000003,3473.8048393033496,0.23174457378344684,3472.9281264,3473.9570592000005
run_0972_cfg_098_seed_2_mrhof,2,12,20,10,60.0,12,20,MRHOF,627,11,99.99556618819777,0.11102250587249127,97.22,100.0,100.0,0.0,100.0,100.0,93.1116427432217,39.26757934419532,23,238,-67.27272727272727,14.037738025621513,-93,-51,1.0152631578947369,0.04191562304424782,1.0,1.32,2.8181818181818183,0.7163904098224001,2,4,1.8181818181818181,0.7163904098224001,1,3,5.818181818181818,2.3302678229409066,1,9,46684.05741626794,27728.712808031825,10736,110432,59953315.94258373,27728.712808031654,59889568,59989264,0.07780676236044658,0.046214521346719724,0.017893333333333334,0.18405333333333332,99.92219323763955,0.04621452134672093,99.81594666666666,99.98210666666667,90.0,0.0,90.0,90.0,0.0,0.0,0.0,0.0,2.4369077971291864,1.4474388085792618,0.5604192,5.764550399999999,3381.367019161723,1.5638994023730586,3377.7716352,3383.3944896000003,3473.8039269588517,0.11646059379386685,3473.5361856000004,3473.9549088000003
run_0973_cfg_098_seed_3_mrhof,3,12,20,10,60.0,12,20,MRHOF,627,11,99.99133971291866,0.13174592306650695,97.43,100.0,100.0,0.0,100.0,100.0,93.19617224880383,40.79722455818281,20,198,-64.9090909090909,13.538244147729912,-93,-51,1.010829346092504,0.03505743211327422,1.0,1.35,2.8181818181818183,0.7163904098224005,2,4,1.8181818181818181,0.7163904098224004,1,3,5.818181818181818,2.330267822940906,1,9,46531.508771929824,43746.049065393236,10736,176768,59953468.491228074,43746.04906539245,59823232,59989264,0.07755251461988305,0.07291008177565542,0.017893333333333334,0.29461333333333334,99.92244748538012,0.07291008177565673,99.70538666666667,99.98210666666667,90.0,0.0,90.0,90.0,0.0,0.0,0.0,0.0,2.4289447578947367,2.2835437612135276,0.5604192,9.227289599999999,3381.3756229052633,2.467277167288196,3374.0302848,3383.3944896000003,3473.8045676631577,0.1837334060746669,3473.2575744,3473.9549088000003
run_0974_cfg_098_seed_4_mrhof,4,12,20,10,60.0,12,20,MRHOF,627,11,99.99778309409888,0.05551125293624615,98.61,100.0,100.0,0.0,100.0,100.0,92.41786283891547,38.63254682284736,26,191,-70.0909090909091,14.53715182001097,-93,-54,1.0092503987240828,0.032581862675419127,1.0,1.31,2.8181818181818183,0.7163904098224003,2,4,1.8181818181818181,0.7163904098224003,1,3,5.818181818181818,2.3302678229409053,1,9,46380.70813397129,43498.744945604965,10736,178504,59953619.29186603,43498.744945605235,59821496,59989264,0.07730118022328548,0.07249790824267492,0.017893333333333334,0.29750666666666664,99.92269881977671,0.07249790824267625,99.70249333333334,99.98210666666667,90.0,0.0,90.0,90.0,0.0,0.0,0.0,0.0,2.4210729645933013,2.2706344861605796,0.5604192,9.317908799999998,3381.384128061244,2.453329214932148,3373.9323744000008,3383.3944896000003,3473.805201025838,0.18269472877156925,3473.250283200001,3473.9549088000003
run_0975_cfg_098_seed_5_mrhof,5,12,20,10,60.0,12,20,MRHOF,627,11,99.92594896331738,0.35246124652001787,93.75,100.0,99.94682615629985,1.3314713474060613,66.66,100.0,94.56140350877193,40.053765502563735,24,226,-68.0,13.331842302147487,-93,-51,1.010542264752791,0.039042363122451816,1.0,1.38,2.8181818181818183,0.7163904098224008,2,4,1.8181818181818181,0.716390409822401,1,3,5.818181818181818,2.3302678229409066,1,9,46749.37161084529,39249.54320916943,10224,177800,59953250.62838916,39249.54320916981,59822200,59989776,0.07791561935140882,0.06541590534861573,0.01704,0.29633333333333334,99.9220843806486,0.0654159053486172,99.70366666666666,99.98295999999999,90.0,0.0,90.0,90.0,0.0,0.0,0.0,0.0,2.4403171980861242,2.048826155518644,0.5336928,9.28116,3381.363335441149,2.2136742369971087,3373.9720800000005,3383.4233664000003,3473.8036526392348,0.1648480814785184,3473.2532400000005,3473.9570592000005
run_0976_cfg_098_seed_6_mrhof,6,12,20,10,60.0,12,20,MRHOF,627,11,99.99827751196172,0.0431310454468676,98.92,100.0,100.0,0.0,100.0,100.0,92.85007974481658,39.39871366139439,28,253,-64.9090909090909,13.538244147729928,-93,-51,1.0074162679425838,0.027072685091476936,1.0,1.26,2.8181818181818183,0.7163904098224003,2,4,1.8181818181818181,0.7163904098224004,1,3,5.818181818181818,2.3302678229409057,1,9,46487.196172248805,43749.33143709837,10224,187208,59953512.80382775,43749.331437098655,59812792,59989776,0.07747866028708135,0.072915552395164,0.01704,0.3120133333333333,99.92252133971292,0.07291555239516588,99.68798666666666,99.98295999999999,90.0,0.0,90.0,90.0,0.0,0.0,0.0,0.0,2.4266316401913874,2.283715101016534,0.5336928,9.7722576,3381.3781221358854,2.4674622930522983,3373.4414688,3383.4233664000003,3473.8047537760767,0.1837471920358223,3473.2137264000003,3473.9570592000005
run_0977_cfg_098_seed_7_mrhof,7,12,20,10,60.0,12,20,MRHOF,627,11,99.80011164274322,0.9775236792152596,85.71,100.0,99.94682615629985,1.3314713474060615,66.66,100.0,94.2153110047847,40.615313945111765,24,197,-68.9090909090909,14.89600897413589,-93,-54,1.0097767145135566,0.03236100135960947,1.0,1.31,2.8181818181818183,0.7163904098224008,2,4,1.8181818181818181,0.7163904098224005,1,3,5.818181818181818,2.330267822940906,1,9,46387.89154704944,64348.21324121179,10224,299312,59953612.10845295,64347.11942911909,59700688,59989776,0.07731314935060767,0.10724702252822292,0.01704,0.4988533333333333,99.9226868506494,0.10724702252822362,99.50114666666666,99.98295999999999,90.0,0.0004551259489334725,89.99194800000001,90.00805199999999,0.0,0.0,0.0,0.0,2.4214479387559806,3.358976731191254,0.5336928,15.624086400000001,3381.3837229167466,3.6291775358023313,3367.1188032000005,3383.4233664000003,3473.8051708555026,0.2707283261122516,3472.7428896000006,3474.2040936000003
run_0978_cfg_098_seed_8_mrhof,8,12,20,10,60.0,12,20,MRHOF,627,11,99.62030303030303,1.270552094044509,85.71,100.0,99.81390749601276,2.740478120709503,50.0,100.0,95.78309409888357,41.590244094376146,23,247,-71.45454545454545,14.864857378962371,-93,-54,1.0204784688995217,0.05645061257658569,1.0,1.4,2.8181818181818183,0.7163904098224007,2,4,1.8181818181818181,0.7163904098224008,1,3,5.818181818181818,2.330267822940906,1,9,46648.06379585327,64551.45957657017,10224,316248,59953351.93620415,64551.899989477504,59683752,59989776,0.07774677369540531,0.10758577075157107,0.01704,0.52708,99.92225322630459,0.10758577075157243,99.47292,99.98295999999999,90.0,0.0001186990179779869,89.9979,90.0021,0.0,0.0,0.0,0.0,2.4350289301435404,3.3695861898969617,0.5336928,16.508145599999995,3381.369049201914,3.6407271594065542,3366.1636128000005,3383.4233664000003,3473.8040781320574,0.27117753027226377,3472.6717584000003,3473.9570592000005
run_0979_cfg_098_seed_9_mrhof,9,12,20,10,60.0,12,20,MRHOF,627,11,99.99508771929824,0.07109672769684164,98.87,100.0,100.0,0.0,100.0,100.0,94.2280701754386,41.36740984625502,26,246,-69.0909090909091,14.674303145785373,-93,-51,1.012153110047847,0.035979966502394364,1.0,1.26,2.8181818181818183,0.7163904098224003,2,4,1.8181818181818181,0.7163904098224003,1,3,5.818181818181818,2.3302678229409057,1,9,46614.62200956938,39387.12344153945,10736,202512,59953385.37799043,39387.123441539894,59797488,59989264,0.07769103668261564,0.0656452057358991,0.017893333333333334,0.33752,99.92230896331739,0.06564520573589981,99.66248,99.98210666666667,90.0,0.0,90.0,90.0,0.0,0.0,0.0,0.0,2.433283268899521,2.05600784364836,0.5604192,10.571126399999999,3381.3709353186605,2.2214337621028335,3372.5783232000003,3383.3944896000003,3473.8042185875597,0.1654259184544556,3473.1494496000005,3473.9549088000003
run_0980_cfg_098_seed_10_mrhof,10,12,20,10,60.0,12,20,MRHOF,627,11,99.93901116427432,0.3295834017741174,93.75,100.0,99.94682615629985,1.331471347406061,66.66,100.0,94.26634768740031,40.017897751795616,18,207,-66.45454545454545,13.402437343629973,-93,-51,1.0117065390749602,0.043725728149684465,1.0,1.47,2.8181818181818183,0.7163904098224002,2,4,1.8181818181818181,0.7163904098224003,1,3,5.818181818181818,2.330267822940905,1,9,46404.03189792664,30923.409030940104,10736,145240,59953595.968102075,30923.40903094078,59854760,59989264,0.07734005316321106,0.0515390150515668,0.017893333333333334,0.24206666666666665,99.92265994683679,0.05153901505156887,99.75793333333334,99.98210666666667,90.0,0.0,90.0,90.0,0.0,0.0,0.0,0.0,2.4222904650717703,1.6142019514150736,0.5604192,7.581528,3381.382812600957,1.7440802693450426,3375.808464,3383.3944896000003,3473.805103066029,0.12987831793001445,3473.3899920000003,3473.9549088000003
run_0981_cfg_099_seed_1_of0,1,12,20,10,60.0,16,5,OF0,855,15,99.92347368421053,0.19059927419343198,97.77,100.0,99.91787134502924,0.9058082975735574,88.88,100.0,126.83157894736843,57.84777475198971,35,267,-70.41286549707603,12.933592704026365,-93,-51,1.035450292397661,0.06341013332817241,1.0,1.56,3.272514619883041,1.0055490615500249,2,5,2.2666666666666666,0.9983593098055479,1,4,6.133333333333334,2.2184029109721792,3,10,210731.4807017544,233681.44819355637,46008,1092944,59789268.51929825,233681.78290930987,58907056,59953992,0.3512191356385294,0.3894690801619901,0.07668,1.8215733333333335,99.64878086436147,0.3894690801619904,98.17842666666667,99.92332,90.0,0.00041083106495793965,89.99151599999999,90.008484,0.0,0.0,0.0,0.0,11.000183292631577,12.19817159570363,2.4016176,57.051676799999996,3372.114744488422,13.17965255608509,3322.3579584,3381.4051488000005,3473.114927781053,0.9816002737832126,3469.4096351999997,3473.8067664000005
run_0982_cfg_099_seed_2_of0,2,12,20,10,60.0,16,5,OF0,855,15,99.93771929824561,0.19072354722359014,98.07,100.0,99.91787134502924,0.905808297573555,88.88,100.0,126.74736842105263,57.70657254359717,38,290,-70.48304093567252,14.709979410412597,-94,-51,1.032233918128655,0.061478973542113506,1.0,1.46,3.287719298245614,1.019264700661,2,5,2.27953216374269,1.0140649139603468,1,4,6.133333333333334,2.218402910972179,3,10,212063.05497076025,224082.56902243872,46008,1211576,59787936.94502924,224087.32773767872,58788424,59953992,0.3534384520505113,0.3734711030707943,0.07668,2.019293333333333,99.6465615479495,0.37347110307079323,97.98070666666666,99.92332,90.0,0.0006396376901866383,89.9919,90.00810000000001,0.0,0.0,0.0,0.0,11.069691469473684,11.697110102971303,2.4016176,63.244267199999996,3372.03964369965,12.638525284405091,3315.6671136000004,3381.4051488000005,3473.1093351691234,0.9417225125423736,3468.9113808000006,3474.0674088
run_0983_cfg_099_seed_3_of0,3,12,20,10,60.0,16,5,OF0,855,15,99.89571929824561,0.2981094462732686,95.45,100.0,99.90748538011695,0.95292726226862,90.0,100.0,128.83391812865497,59.94789322467973,38,299,-69.12397660818714,13.398454002166224,-94,-51,1.039216374269006,0.06818640048912274,1.0,1.39,3.294736842105263,1.0298395294549323,2,6,2.285380116959064,1.0210703225466238,1,4,6.133333333333334,2.2184029109721783,3,10,213588.50994152046,205124.52346034994,47104,1018232,59786411.49005848,205124.1842570072,58981768,59952896,0.35598084737130353,0.3418741898745014,0.07850666666666667,1.6970533333333333,99.64401915262869,0.341874189874502,98.30294666666667,99.92149333333333,90.0,0.0003139008927861845,89.99494800000001,90.005052,0.0,0.0,0.0,0.0,11.149320218947366,10.707500124630265,2.4588288,53.1517104,3371.9536080392986,11.569003992095215,3326.5717152000007,3381.3433344000005,3473.1029282582463,0.8615823805483412,3469.7234256000006,3473.956212
run_0984_cfg_099_seed_4_of0,4,12,20,10,60.0,16,5,OF0,855,15,99.88473684210526,0.22170701331595663,97.67,100.0,99.90748538011695,0.9529272622686201,90.0,100.0,125.53567251461989,57.42379801476594,39,267,-68.49707602339181,13.734166642382213,-94,-51,1.0354035087719298,0.06736627650506245,1.0,1.7,3.2760233918128656,1.010980973473876,2,6,2.2666666666666666,0.9983593098055475,1,4,6.133333333333334,2.218402910972179,3,10,210882.73216374268,226599.10831208798,46008,1113424,59789117.26783626,226595.7528290647,58886576,59953992,0.3514711978688754,0.377665125073248,0.07668,1.8557066666666666,99.64852880213112,0.3776651250732486,98.14429333333334,99.92332,90.0,0.00046359192262956526,89.990748,90.00925200000002,0.0,0.0,0.0,0.0,11.008078618947367,11.82847345389099,2.4016176,58.12073279999999,3372.106213905965,12.780000459559274,3321.2028864,3381.4051488000005,3473.1142925249123,0.9516780018419777,3469.3236192,3473.8067664000005
run_0985_cfg_099_seed_5_of0,5,12,20,10,60.0,16,5,OF0,855,15,99.9147485380117,0.35907786030433764,92.3,100.0,99.96491228070175,0.5916548542310716,90.0,100.0,126.53567251461989,57.4923135274656,37,281,-67.5578947368421,13.1714902275051,-94,-51,1.0337894736842106,0.05792389929215271,1.0,1.33,3.2678362573099413,0.9998041360153846,2,5,2.2666666666666666,0.9983593098055479,1,4,6.133333333333334,2.2184029109721783,3,10,211253.04327485382,198217.82816306694,47968,891352,59788746.95672514,198217.76975594996,59108648,59952032,0.35208840303568406,0.3303630449552042,0.07994666666666667,1.4855866666666666,99.64791159696432,0.33036304495520497,98.51441333333332,99.92005333333334,90.0,0.0005850526908356553,89.99113200000001,90.008868,0.0,0.0,0.0,0.0,11.027408858947368,10.346970630112091,2.5039295999999998,46.528574400000004,3372.0853283592983,11.179482214235591,3333.7277472000005,3381.2946048000003,3473.112737218246,0.832795527661345,3470.2563216000003,3474.0025920000003
run_0986_cfg_099_seed_6_of0,6,12,20,10,60.0,16,5,OF0,855,15,99.89726315789474,0.18852936269074774,98.97,100.0,99.88252631578948,1.082720218529912,88.88,100.0,126.50760233918129,57.42978301600632,37,280,-68.48654970760234,13.067362642047522,-94,-51,1.0308187134502924,0.05681049170617943,1.0,1.42,3.270175438596491,1.001514937776971,2,5,2.2666666666666666,0.9983593098055481,1,4,6.133333333333334,2.21840291097218,3,10,209944.68304093566,258951.6125805404,46008,1362856,59790055.31695906,258948.95034529243,58637144,59953992,0.34990778419829144,0.43158589262466485,0.07668,2.2714266666666667,99.6500922158017,0.4315858926246655,97.72857333333333,99.92332,90.0,0.0005397495125499774,89.99224800000002,90.007752,0.0,0.0,0.0,0.0,10.959112454736841,13.517274176704202,2.4016176,71.1410832,3372.159119876492,14.604720799474478,3307.1349216000003,3381.4051488000005,3473.1182323312282,1.0876277086840018,3468.2760048000005,3473.8274088
run_0987_cfg_099_seed_7_of0,7,12,20,10,60.0,16,5,OF0,855,15,99.86680701754385,0.2659827413311994,96.0,100.0,99.83469005847954,1.283453466998405,88.88,100.0,126.49356725146198,57.189869423354025,37,263,-71.15321637426901,14.980038578123663,-94,-51,1.0265029239766081,0.05387821011687556,1.0,1.48,3.270175438596491,1.0026834450439064,2,5,2.2666666666666666,0.9983593098055478,1,4,6.133333333333334,2.21840291097218,3,10,209197.71695906433,272949.78145064943,46008,1357840,59790802.28304093,272948.8201084659,58642160,59953992,0.34866285208765624,0.4549162926857518,0.07668,2.2630666666666666,99.65133714791234,0.4549162926857521,97.73693333333333,99.92332,90.0,0.0006039916869007987,89.99151599999999,90.008484,0.0,0.0,0.0,0.0,10.920120825263158,14.247978591723893,2.4016176,70.87924799999999,3372.2012487635093,15.3943134541175,3307.417824,3381.4051488000005,3473.1213695887723,1.1465532808659051,3468.2970720000003,3473.8093656000005
run_0988_cfg_099_seed_8_of0,8,12,20,10,60.0,16,5,OF0,855,15,99.8212865497076,0.2828981511585813,95.83,100.0,99.81787134502923,1.3218366532954287,88.88,100.0,127.58245614035087,58.86212144125053,37,274,-71.4046783625731,14.305711232645448,-94,-51,1.030795321637427,0.056713867277354134,1.0,1.42,3.2690058479532165,1.001245509464773,2,6,2.2666666666666666,0.9983593098055478,1,4,6.133333333333334,2.218402910972179,3,10,209497.95555555556,295115.2743459629,46008,1471856,59790502.04444444,295115.11449932755,58528144,59953992,0.3491632574863714,0.49185877085568813,0.07668,2.4530933333333333,99.65083674251363,0.4918587708556884,97.54690666666667,99.92332,90.0,0.0002777363162399544,89.995464,90.00453600000002,0.0,0.0,0.0,0.0,10.935793279999999,15.405017320859276,2.4016176,76.83088319999999,3372.184315306667,16.6444924577621,3300.9873216,3381.4051488000005,3473.120108586667,1.2395178963041118,3467.8182048,3473.8067664000005
run_0989_cfg_099_seed_9_of0,9,12,20,10,60.0,16,5,OF0,855,15,99.91412865497077,0.23232438621647536,96.15,100.0,99.953216374269,0.6827831313201955,90.0,100.0,127.52397660818714,58.48820672655678,40,329,-70.11461988304093,13.075477487865202,-94,-51,1.0316023391812865,0.061464416271447164,1.0,1.5,3.278362573099415,1.0114969704918615,2,5,2.272514619883041,1.0055490615500244,1,4,6.133333333333334,2.218402910972179,3,10,212405.88538011696,197191.1887162705,46008,974728,59787594.11461988,197191.14090513022,59025272,59953992,0.35400980563709905,0.3286519782297749,0.07668,1.6245466666666666,99.64599019436291,0.3286519782297756,98.37545333333333,99.92332,90.0,0.0007077579866604721,89.99059199999999,90.009408,0.0,0.0,0.0,0.0,11.087587216842106,10.293380050989317,2.4016176,50.8808016,3372.0203080645615,11.121580347049358,3329.0253408000003,3381.4051488000005,3473.1078952814037,0.8286180210536058,3469.9061424,3473.9695512000003
run_0990_cfg_099_seed_10_of0,10,12,20,10,60.0,16,5,OF0,855,15,99.92915789473683,0.16809789192482155,98.07,100.0,99.91630409356725,0.9249304809218131,88.88,100.0,127.82456140350877,58.301542756897454,40,266,-68.34853801169591,14.16224719167714,-94,-51,1.040608187134503,0.07033945580513533,1.0,1.52,3.2736842105263158,1.0058132521928225,2,5,2.2666666666666666,0.9983593098055477,1,4,6.133333333333334,2.2184029109721783,3,10,211507.40584795323,252901.58301298856,48008,1170392,59788492.59415205,252902.26438088052,58829608,59951992,0.3525123442049402,0.42150263593961196,0.08001333333333334,1.9506533333333334,99.64748765579506,0.42150263593961185,98.04934666666666,99.91998666666667,90.0,0.0007780218475833531,89.990748,90.00925200000002,0.0,0.0,0.0,0.0,11.040686585263156,13.201462633278007,2.5060176,61.0944624,3372.070982310176,14.263687711081653,3317.9898912000003,3381.2923488,3473.111668895439,1.0626197638864137,3469.0843536,3473.9876400000003
run_0991_cfg_100_seed_1_mrhof,1,12,20,10,60.0,16,10,MRHOF,855,15,99.86787134502924,0.5061943303279378,92.85,100.0,99.96100584795322,0.805773760074608,83.33,100.0,121.91929824561403,56.148905319637485,33,310,-71.66666666666667,14.43372968754814,-93,-51,1.0178947368421052,0.04595347568759345,1.0,1.59,3.2666666666666666,0.9983593098055479,2,5,2.2666666666666666,0.9983593098055479,1,4,6.133333333333334,2.2184029109721792,3,10,115103.22339181286,106230.15579901195,25560,397368,59884896.776608184,106232.38273704973,59602632,59974440,0.1918387098775105,0.17705028539828846,0.0426,0.66228,99.80816129012248,0.17705028539828702,99.33771999999999,99.95739999999999,90.0,0.0006182161237335899,89.9919,90.00810000000001,0.0,0.0,0.0,0.0,6.008388261052631,5.545214132708425,1.3342319999999999,20.742609599999998,3377.5081782007023,5.991506386369628,3361.5884448,3382.5584160000008,3473.516566461755,0.44688688077307265,3472.1928120000007,3473.9174904000006
run_0992_cfg_100_seed_2_mrhof,2,12,20,10,60.0,16,10,MRHOF,855,15,99.99345029239765,0.0796208935825228,98.33,100.0,100.0,0.0,100.0,100.0,121.8327485380117,56.894774098506325,30,285,-66.00233918128654,14.086633728153242,-94,-51,1.0189473684210526,0.04471419297461534,1.0,1.32,3.2666666666666666,0.9983593098055473,2,5,2.2666666666666666,0.9983593098055473,1,4,6.133333333333334,2.218402910972179,3,10,115613.69824561404,96708.41247921893,25560,425520,59884386.301754385,96705.09108200148,59574480,59974440,0.19268948657550114,0.16118064963621334,0.0426,0.7092,99.80731051342451,0.1611806496362118,99.2908,99.95739999999999,90.0,0.000509446317438307,89.99151599999999,90.008484,0.0,0.0,0.0,0.0,6.035035048421053,5.048179131415231,1.3342319999999999,22.212144,3377.4793874189477,5.454167137024865,3360.0006720000006,3382.5584160000008,3473.514422467369,0.4064244432459049,3472.2128160000007,3473.892648000001
run_0993_cfg_100_seed_3_mrhof,3,12,20,10,60.0,16,10,MRHOF,855,15,99.95152046783626,0.27474540778779727,95.83,100.0,99.95711111111112,0.8899097159982876,80.0,100.0,120.89941520467836,55.89318758901982,26,259,-65.4,11.564157660147963,-93,-51,1.0196842105263157,0.044572057503772,1.0,1.42,3.2666666666666666,0.9983593098055478,2,5,2.2666666666666666,0.9983593098055478,1,4,6.133333333333334,2.2184029109721783,3,10,115075.29356725146,144844.09574418294,25560,611376,59884924.706432745,144845.41068033114,59388624,59974440,0.19179216071122948,0.24140685807152876,0.0426,1.01896,99.80820783928877,0.2414068580715275,98.98104,99.95739999999999,90.0,0.00029271203807901264,89.9949,90.0051,0.0,0.0,0.0,0.0,6.0069303242105265,7.560861797846347,1.3342319999999999,31.9138272,3377.5097534428073,8.169281162370691,3349.5183936000003,3382.5584160000008,3473.516683767018,0.6085186256790517,3471.4174056,3473.892648000001
run_0994_cfg_100_seed_4_mrhof,4,12,20,10,60.0,16,10,MRHOF,855,15,99.94211695906432,0.26666486502534065,96.77,100.0,99.98050292397662,0.5701019709753182,83.33,100.0,121.3672514619883,55.76971178852669,31,292,-68.66666666666667,14.41676424635203,-94,-54,1.0162105263157895,0.04104778310659711,1.0,1.44,3.2666666666666666,0.9983593098055475,2,5,2.2666666666666666,0.9983593098055475,1,4,6.133333333333334,2.218402910972179,3,10,115219.8081871345,137287.83608901882,25560,578728,59884786.17076024,137280.0623057259,59421272,59974440,0.19203296313595983,0.22881299688294632,0.0426,0.9645466666666667,99.80796703686403,0.2288129968829446,99.03545333333334,99.95739999999999,90.00000896842106,0.000537577929808332,89.99301600000001,90.007668,0.0,0.0,0.0,0.0,6.014473987368421,7.166425043846784,1.3342319999999999,30.2096016,3377.5019400308774,7.742595514042953,3351.3597408000005,3382.5584160000008,3473.5164229866673,0.5765051044321898,3471.565557600001,3473.892648000001
run_0995_cfg_100_seed_5_mrhof,5,12,20,10,60.0,16,10,MRHOF,855,15,99.93950877192982,0.29034541668250036,95.83,100.0,99.98050292397662,0.5701019709753182,83.33,100.0,121.99181286549708,56.47878861014038,32,276,-66.46666666666667,14.257862780019456,-94,-51,1.0168070175438597,0.03883223928437898,1.0,1.29,3.2666666666666666,0.9983593098055479,2,5,2.2666666666666666,0.9983593098055479,1,4,6.133333333333334,2.218402910972178,3,10,115626.27368421052,88477.2592644352,26208,345376,59884373.72631579,88478.34367589578,59654624,59973792,0.19271045836675,0.14746211017201216,0.04368,0.5756266666666666,99.80728954163324,0.1474621101720116,99.42437333333334,99.95632,90.0,0.0002670930159270054,89.9949,90.0051,0.0,0.0,0.0,0.0,6.0356914863157884,4.6185129336035144,1.3680575999999998,18.028627200000003,3377.4786781642106,4.990178583320554,3364.5207936,3382.5218688000004,3473.5143696505265,0.3717998683907712,3472.5494208,3473.8899264000006
run_0996_cfg_100_seed_6_mrhof,6,12,20,10,60.0,16,10,MRHOF,855,15,99.97548538011695,0.11388793110590763,98.59,100.0,99.9766081871345,0.6839855680567684,80.0,100.0,120.60584795321637,55.17621516432384,30,288,-70.35321637426901,15.25525703741118,-94,-51,1.0195087719298246,0.04739827865986961,1.0,1.39,3.2666666666666666,0.9983593098055481,2,5,2.2666666666666666,0.9983593098055481,1,4,6.133333333333334,2.21840291097218,3,10,115331.6865497076,137213.9088022136,25560,613728,59884668.31345029,137213.4521877455,59386272,59974440,0.19221947489338334,0.2286898437427418,0.0426,1.02288,99.80778052510662,0.22868984374274082,98.97712,99.95739999999999,90.0,0.00039393457534015526,89.99224800000002,90.007752,0.0,0.0,0.0,0.0,6.020314037894736,7.162566039475552,1.3342319999999999,32.0366016,3377.495292878597,7.738838703388855,3349.3857408000003,3382.5584160000008,3473.5156069164914,0.5764580118360407,3471.4223424,3473.892648000001
run_0997_cfg_100_seed_7_mrhof,7,12,20,10,60.0,16,10,MRHOF,855,15,99.96428070175439,0.16461769147364197,98.03,100.0,99.9766081871345,0.6839855680567685,80.0,100.0,121.17777777777778,56.214179099441616,32,254,-67.8,14.42694590514164,-94,-54,1.0143859649122806,0.03639576614687453,1.0,1.33,3.2666666666666666,0.9983593098055478,2,5,2.2666666666666666,0.9983593098055478,1,4,6.133333333333334,2.21840291097218,3,10,114919.59766081872,121793.72758439234,25560,535264,59885080.40233918,121792.0853307978,59464736,59974440,0.19153265699975133,0.20298952288550412,0.0426,0.8921066666666666,99.80846734300026,0.20298952288550332,99.10789333333334,99.95739999999999,90.0,0.00018941111748902223,89.99640000000001,90.0036,0.0,0.0,0.0,0.0,5.998802997894737,6.357632579905276,1.3342319999999999,27.940780799999995,3377.51853469193,6.869073612657017,3353.8111104000004,3382.5584160000008,3473.5173376898247,0.5114870271781794,3471.7518912000005,3473.892648000001
run_0998_cfg_100_seed_8_mrhof,8,12,20,10,60.0,16,10,MRHOF,855,15,99.90479532163744,0.27734932019267916,98.36,100.0,99.89083040935672,1.4296901575569338,80.0,100.0,122.07134502923977,57.63480936492023,30,289,-72.27719298245614,14.086854422519675,-93,-54,1.0182923976608187,0.04476724741332431,1.0,1.32,3.2678362573099413,1.0009746404221123,2,6,2.2666666666666666,0.9983593098055478,1,4,6.133333333333334,2.218402910972179,3,10,115226.26432748538,171440.06300464144,25560,829856,59884777.6748538,171440.56707940422,59170144,59974440,0.19204376268510562,0.28573339358594546,0.0426,1.3830933333333333,99.80795623731488,0.28573339358594496,98.61690666666667,99.95739999999999,90.00000590877193,0.00040189852274072915,89.99413200000001,90.005868,0.0,0.0,0.0,0.0,6.014810997894736,8.949171288842278,1.3342319999999999,43.3184832,3377.5014608617544,9.669247983278417,3337.1961216000004,3382.5584160000008,3473.5162777684213,0.7202324198502799,3470.5146048000006,3474.0643368000005
run_0999_cfg_100_seed_9_mrhof,9,12,20,10,60.0,16,10,MRHOF,855,15,99.98939181286549,0.10715767750648128,97.77,100.0,100.0,0.0,100.0,100.0,121.61052631578947,55.63191703974059,33,271,-68.6,14.88060208799265,-94,-51,1.0184795321637425,0.042310652622097406,1.0,1.39,3.2666666666666666,0.9983593098055473,2,5,2.2666666666666666,0.9983593098055473,1,4,6.133333333333334,2.218402910972179,3,10,115554.64795321638,107221.55303880245,24632,469240,59884445.35204678,107220.29618601447,59530760,59975368,0.19259107539693304,0.17870255691967676,0.04105333333333334,0.7820666666666667,99.80740892460307,0.1787025569196754,99.21793333333333,99.95894666666668,90.0,0.0003592333757691214,89.99340000000001,90.00659999999999,0.0,0.0,0.0,0.0,6.031952623157894,5.596965068625489,1.2857904,24.494328,3377.482717855439,6.047224704891214,3357.534864,3382.6107552000003,3473.5146704785966,0.4504557326935954,3472.029192,3473.8965456000005
run_1000_cfg_100_seed_10_mrhof,10,12,20,10,60.0,16,10,MRHOF,855,15,99.93108771929825,0.4476894734764921,92.3,100.0,99.9766081871345,0.6839855680567684,80.0,100.0,121.293567251462,56.862475480952064,30,282,-69.86666666666666,14.613874899507463,-94,-54,1.0200116959064327,0.04664505319074433,1.0,1.45,3.2666666666666666,0.9983593098055477,2,5,2.2666666666666666,0.9983593098055477,1,4,6.133333333333334,2.2184029109721783,3,10,115414.87719298246,118791.04093491474,25560,536568,59884585.12280702,118789.3731659304,59463432,59974440,0.1923581212318399,0.19798501476539407,0.0426,0.8942800000000001,99.80764187876817,0.19798501476539365,99.10571999999999,99.95739999999999,90.0,0.0005622573106432223,89.990748,90.00925200000002,0.0,0.0,0.0,0.0,6.024656589473684,6.200892336802551,1.3342319999999999,28.0088496,3377.4906009263163,6.699720646558481,3353.7375648,3382.5584160000008,3473.51525751579,0.4992634940014745,3471.7464144,3473.9485368
