run_name,config_id,seed,imin,imax,k,tx_range,nb_nodes,send_interval,objective_function,status,rows_added,error
run_0001_cfg_001_seed_1_mrhof,1,1,8,16,0,40.0,12,5,MRHOF,SUCCESS,627,
run_0002_cfg_001_seed_2_mrhof,1,2,8,16,0,40.0,12,5,MRHOF,SUCCESS,627,
run_0003_cfg_001_seed_3_mrhof,1,3,8,16,0,40.0,12,5,MRHOF,SUCCESS,627,
run_0004_cfg_001_seed_4_mrhof,1,4,8,16,0,40.0,12,5,MRHOF,SUCCESS,627,
run_0005_cfg_001_seed_5_mrhof,1,5,8,16,0,40.0,12,5,MRHOF,SUCCESS,627,
run_0006_cfg_002_seed_1_of0,2,1,8,16,0,40.0,12,5,OF0,SUCCESS,627,
run_0007_cfg_002_seed_2_of0,2,2,8,16,0,40.0,12,5,OF0,SUCCESS,627,
run_0008_cfg_002_seed_3_of0,2,3,8,16,0,40.0,12,5,OF0,SUCCESS,627,
run_0009_cfg_002_seed_4_of0,2,4,8,16,0,40.0,12,5,OF0,SUCCESS,627,
run_0010_cfg_002_seed_5_of0,2,5,8,16,0,40.0,12,5,OF0,SUCCESS,627,
run_0011_cfg_003_seed_1_mrhof,3,1,8,16,0,40.0,12,10,MRHOF,SUCCESS,627,
run_0012_cfg_003_seed_2_mrhof,3,2,8,16,0,40.0,12,10,MRHOF,SUCCESS,627,
run_0013_cfg_003_seed_3_mrhof,3,3,8,16,0,40.0,12,10,MRHOF,SUCCESS,627,
run_0014_cfg_003_seed_4_mrhof,3,4,8,16,0,40.0,12,10,MRHOF,SUCCESS,627,
run_0015_cfg_003_seed_5_mrhof,3,5,8,16,0,40.0,12,10,MRHOF,SUCCESS,627,
run_0016_cfg_004_seed_1_of0,4,1,8,16,0,40.0,12,10,OF0,SUCCESS,627,
run_0017_cfg_004_seed_2_of0,4,2,8,16,0,40.0,12,10,OF0,SUCCESS,627,
run_0018_cfg_004_seed_3_of0,4,3,8,16,0,40.0,12,10,OF0,SUCCESS,627,
run_0019_cfg_004_seed_4_of0,4,4,8,16,0,40.0,12,10,OF0,SUCCESS,627,
run_0020_cfg_004_seed_5_of0,4,5,8,16,0,40.0,12,10,OF0,SUCCESS,627,
run_0021_cfg_005_seed_1_mrhof,5,1,8,16,0,40.0,12,20,MRHOF,SUCCESS,627,
run_0022_cfg_005_seed_2_mrhof,5,2,8,16,0,40.0,12,20,MRHOF,SUCCESS,627,
run_0023_cfg_005_seed_3_mrhof,5,3,8,16,0,40.0,12,20,MRHOF,SUCCESS,627,
run_0024_cfg_005_seed_4_mrhof,5,4,8,16,0,40.0,12,20,MRHOF,SUCCESS,627,
run_0025_cfg_005_seed_5_mrhof,5,5,8,16,0,40.0,12,20,MRHOF,SUCCESS,627,
run_0026_cfg_006_seed_1_of0,6,1,8,16,0,40.0,12,20,OF0,SUCCESS,627,
run_0027_cfg_006_seed_2_of0,6,2,8,16,0,40.0,12,20,OF0,SUCCESS,627,
run_0028_cfg_006_seed_3_of0,6,3,8,16,0,40.0,12,20,OF0,SUCCESS,627,
run_0029_cfg_006_seed_4_of0,6,4,8,16,0,40.0,12,20,OF0,SUCCESS,627,
run_0030_cfg_006_seed_5_of0,6,5,8,16,0,40.0,12,20,OF0,SUCCESS,627,
run_0031_cfg_007_seed_1_mrhof,7,1,8,16,0,40.0,16,5,MRHOF,SUCCESS,855,
run_0032_cfg_007_seed_2_mrhof,7,2,8,16,0,40.0,16,5,MRHOF,SUCCESS,855,
run_0033_cfg_007_seed_3_mrhof,7,3,8,16,0,40.0,16,5,MRHOF,SUCCESS,855,
run_0034_cfg_007_seed_4_mrhof,7,4,8,16,0,40.0,16,5,MRHOF,SUCCESS,855,
run_0035_cfg_007_seed_5_mrhof,7,5,8,16,0,40.0,16,5,MRHOF,SUCCESS,855,
run_0036_cfg_008_seed_1_of0,8,1,8,16,0,40.0,16,5,OF0,SUCCESS,855,
run_0037_cfg_008_seed_2_of0,8,2,8,16,0,40.0,16,5,OF0,SUCCESS,855,
run_0038_cfg_008_seed_3_of0,8,3,8,16,0,40.0,16,5,OF0,SUCCESS,855,
run_0039_cfg_008_seed_4_of0,8,4,8,16,0,40.0,16,5,OF0,SUCCESS,855,
run_0040_cfg_008_seed_5_of0,8,5,8,16,0,40.0,16,5,OF0,SUCCESS,855,
run_0041_cfg_009_seed_1_mrhof,9,1,8,16,0,40.0,16,10,MRHOF,SUCCESS,855,
run_0042_cfg_009_seed_2_mrhof,9,2,8,16,0,40.0,16,10,MRHOF,SUCCESS,855,
run_0043_cfg_009_seed_3_mrhof,9,3,8,16,0,40.0,16,10,MRHOF,SUCCESS,855,
run_0044_cfg_009_seed_4_mrhof,9,4,8,16,0,40.0,16,10,MRHOF,SUCCESS,855,
run_0045_cfg_009_seed_5_mrhof,9,5,8,16,0,40.0,16,10,MRHOF,SUCCESS,855,
run_0046_cfg_010_seed_1_of0,10,1,8,16,0,40.0,16,10,OF0,SUCCESS,855,
run_0047_cfg_010_seed_2_of0,10,2,8,16,0,40.0,16,10,OF0,SUCCESS,855,
run_0048_cfg_010_seed_3_of0,10,3,8,16,0,40.0,16,10,OF0,SUCCESS,855,
run_0049_cfg_010_seed_4_of0,10,4,8,16,0,40.0,16,10,OF0,SUCCESS,855,
run_0050_cfg_010_seed_5_of0,10,5,8,16,0,40.0,16,10,OF0,SUCCESS,855,
run_0051_cfg_011_seed_1_of0,11,1,8,16,0,40.0,16,20,OF0,SUCCESS,855,
run_0052_cfg_011_seed_2_of0,11,2,8,16,0,40.0,16,20,OF0,SUCCESS,855,
run_0053_cfg_011_seed_3_of0,11,3,8,16,0,40.0,16,20,OF0,SUCCESS,855,
run_0054_cfg_011_seed_4_of0,11,4,8,16,0,40.0,16,20,OF0,SUCCESS,855,
run_0055_cfg_011_seed_5_of0,11,5,8,16,0,40.0,16,20,OF0,SUCCESS,855,
run_0056_cfg_012_seed_1_mrhof,12,1,8,16,0,40.0,20,5,MRHOF,SUCCESS,1083,
run_0057_cfg_012_seed_2_mrhof,12,2,8,16,0,40.0,20,5,MRHOF,SUCCESS,1083,
run_0058_cfg_012_seed_3_mrhof,12,3,8,16,0,40.0,20,5,MRHOF,SUCCESS,1083,
run_0059_cfg_012_seed_4_mrhof,12,4,8,16,0,40.0,20,5,MRHOF,SUCCESS,1083,
run_0060_cfg_012_seed_5_mrhof,12,5,8,16,0,40.0,20,5,MRHOF,SUCCESS,1083,
run_0061_cfg_013_seed_1_mrhof,13,1,8,16,0,40.0,20,10,MRHOF,SUCCESS,1083,
run_0062_cfg_013_seed_2_mrhof,13,2,8,16,0,40.0,20,10,MRHOF,SUCCESS,1083,
run_0063_cfg_013_seed_3_mrhof,13,3,8,16,0,40.0,20,10,MRHOF,SUCCESS,1083,
run_0064_cfg_013_seed_4_mrhof,13,4,8,16,0,40.0,20,10,MRHOF,SUCCESS,1083,
run_0065_cfg_013_seed_5_mrhof,13,5,8,16,0,40.0,20,10,MRHOF,SUCCESS,1083,
run_0066_cfg_014_seed_1_of0,14,1,8,16,0,40.0,20,10,OF0,SUCCESS,1083,
run_0067_cfg_014_seed_2_of0,14,2,8,16,0,40.0,20,10,OF0,SUCCESS,1083,
run_0068_cfg_014_seed_3_of0,14,3,8,16,0,40.0,20,10,OF0,SUCCESS,1083,
run_0069_cfg_014_seed_4_of0,14,4,8,16,0,40.0,20,10,OF0,SUCCESS,1083,
run_0070_cfg_014_seed_5_of0,14,5,8,16,0,40.0,20,10,OF0,SUCCESS,1083,
run_0071_cfg_015_seed_1_of0,15,1,8,16,0,40.0,20,20,OF0,SUCCESS,1083,
run_0072_cfg_015_seed_2_of0,15,2,8,16,0,40.0,20,20,OF0,SUCCESS,1083,
run_0073_cfg_015_seed_3_of0,15,3,8,16,0,40.0,20,20,OF0,SUCCESS,1083,
run_0074_cfg_015_seed_4_of0,15,4,8,16,0,40.0,20,20,OF0,SUCCESS,1083,
run_0075_cfg_015_seed_5_of0,15,5,8,16,0,40.0,20,20,OF0,SUCCESS,1083,
run_0076_cfg_016_seed_1_mrhof,16,1,8,16,0,50.0,12,5,MRHOF,SUCCESS,627,
run_0077_cfg_016_seed_2_mrhof,16,2,8,16,0,50.0,12,5,MRHOF,SUCCESS,627,
run_0078_cfg_016_seed_3_mrhof,16,3,8,16,0,50.0,12,5,MRHOF,SUCCESS,627,
run_0079_cfg_016_seed_4_mrhof,16,4,8,16,0,50.0,12,5,MRHOF,SUCCESS,627,
run_0080_cfg_016_seed_5_mrhof,16,5,8,16,0,50.0,12,5,MRHOF,SUCCESS,627,
run_0081_cfg_017_seed_1_of0,17,1,8,16,0,50.0,12,5,OF0,SUCCESS,627,
run_0082_cfg_017_seed_2_of0,17,2,8,16,0,50.0,12,5,OF0,SUCCESS,627,
run_0083_cfg_017_seed_3_of0,17,3,8,16,0,50.0,12,5,OF0,SUCCESS,627,
run_0084_cfg_017_seed_4_of0,17,4,8,16,0,50.0,12,5,OF0,SUCCESS,627,
run_0085_cfg_017_seed_5_of0,17,5,8,16,0,50.0,12,5,OF0,SUCCESS,627,
run_0086_cfg_018_seed_1_of0,18,1,8,16,0,50.0,12,10,OF0,SUCCESS,627,
run_0087_cfg_018_seed_2_of0,18,2,8,16,0,50.0,12,10,OF0,SUCCESS,627,
run_0088_cfg_018_seed_3_of0,18,3,8,16,0,50.0,12,10,OF0,SUCCESS,627,
run_0089_cfg_018_seed_4_of0,18,4,8,16,0,50.0,12,10,OF0,SUCCESS,627,
run_0090_cfg_018_seed_5_of0,18,5,8,16,0,50.0,12,10,OF0,SUCCESS,627,
run_0091_cfg_019_seed_1_mrhof,19,1,8,16,0,50.0,16,5,MRHOF,SUCCESS,855,
run_0092_cfg_019_seed_2_mrhof,19,2,8,16,0,50.0,16,5,MRHOF,SUCCESS,855,
run_0093_cfg_019_seed_3_mrhof,19,3,8,16,0,50.0,16,5,MRHOF,SUCCESS,855,
run_0094_cfg_019_seed_4_mrhof,19,4,8,16,0,50.0,16,5,MRHOF,SUCCESS,855,
run_0095_cfg_019_seed_5_mrhof,19,5,8,16,0,50.0,16,5,MRHOF,SUCCESS,855,
run_0096_cfg_020_seed_1_of0,20,1,8,16,0,50.0,16,5,OF0,SUCCESS,855,
run_0097_cfg_020_seed_2_of0,20,2,8,16,0,50.0,16,5,OF0,SUCCESS,855,
run_0098_cfg_020_seed_3_of0,20,3,8,16,0,50.0,16,5,OF0,SUCCESS,855,
run_0099_cfg_020_seed_4_of0,20,4,8,16,0,50.0,16,5,OF0,SUCCESS,855,
run_0100_cfg_020_seed_5_of0,20,5,8,16,0,50.0,16,5,OF0,SUCCESS,855,
run_0101_cfg_021_seed_1_mrhof,21,1,8,16,0,50.0,16,10,MRHOF,SUCCESS,855,
run_0102_cfg_021_seed_2_mrhof,21,2,8,16,0,50.0,16,10,MRHOF,SUCCESS,855,
run_0103_cfg_021_seed_3_mrhof,21,3,8,16,0,50.0,16,10,MRHOF,SUCCESS,855,
run_0104_cfg_021_seed_4_mrhof,21,4,8,16,0,50.0,16,10,MRHOF,SUCCESS,855,
run_0105_cfg_021_seed_5_mrhof,21,5,8,16,0,50.0,16,10,MRHOF,SUCCESS,855,
run_0106_cfg_022_seed_1_of0,22,1,8,16,0,50.0,16,20,OF0,SUCCESS,855,
run_0107_cfg_022_seed_2_of0,22,2,8,16,0,50.0,16,20,OF0,SUCCESS,855,
run_0108_cfg_022_seed_3_of0,22,3,8,16,0,50.0,16,20,OF0,SUCCESS,855,
run_0109_cfg_022_seed_4_of0,22,4,8,16,0,50.0,16,20,OF0,SUCCESS,855,
run_0110_cfg_022_seed_5_of0,22,5,8,16,0,50.0,16,20,OF0,SUCCESS,855,
run_0111_cfg_023_seed_1_mrhof,23,1,8,16,0,50.0,20,5,MRHOF,SUCCESS,1083,
run_0112_cfg_023_seed_2_mrhof,23,2,8,16,0,50.0,20,5,MRHOF,SUCCESS,1083,
run_0113_cfg_023_seed_3_mrhof,23,3,8,16,0,50.0,20,5,MRHOF,SUCCESS,1083,
run_0114_cfg_023_seed_4_mrhof,23,4,8,16,0,50.0,20,5,MRHOF,SUCCESS,1083,
run_0115_cfg_023_seed_5_mrhof,23,5,8,16,0,50.0,20,5,MRHOF,SUCCESS,1083,
run_0116_cfg_024_seed_1_of0,24,1,8,16,0,50.0,20,5,OF0,SUCCESS,1083,
run_0117_cfg_024_seed_2_of0,24,2,8,16,0,50.0,20,5,OF0,SUCCESS,1083,
run_0118_cfg_024_seed_3_of0,24,3,8,16,0,50.0,20,5,OF0,SUCCESS,1083,
run_0119_cfg_024_seed_4_of0,24,4,8,16,0,50.0,20,5,OF0,SUCCESS,1083,
run_0120_cfg_024_seed_5_of0,24,5,8,16,0,50.0,20,5,OF0,SUCCESS,1083,
run_0121_cfg_025_seed_1_of0,25,1,8,16,0,50.0,20,20,OF0,SUCCESS,1083,
run_0122_cfg_025_seed_2_of0,25,2,8,16,0,50.0,20,20,OF0,SUCCESS,1083,
run_0123_cfg_025_seed_3_of0,25,3,8,16,0,50.0,20,20,OF0,SUCCESS,1083,
run_0124_cfg_025_seed_4_of0,25,4,8,16,0,50.0,20,20,OF0,SUCCESS,1083,
run_0125_cfg_025_seed_5_of0,25,5,8,16,0,50.0,20,20,OF0,SUCCESS,1083,
run_0126_cfg_026_seed_1_of0,26,1,8,16,0,60.0,12,5,OF0,SUCCESS,627,
run_0127_cfg_026_seed_2_of0,26,2,8,16,0,60.0,12,5,OF0,SUCCESS,627,
run_0128_cfg_026_seed_3_of0,26,3,8,16,0,60.0,12,5,OF0,SUCCESS,627,
run_0129_cfg_026_seed_4_of0,26,4,8,16,0,60.0,12,5,OF0,SUCCESS,627,
run_0130_cfg_026_seed_5_of0,26,5,8,16,0,60.0,12,5,OF0,SUCCESS,627,
run_0131_cfg_027_seed_1_mrhof,27,1,8,16,0,60.0,12,10,MRHOF,SUCCESS,627,
run_0132_cfg_027_seed_2_mrhof,27,2,8,16,0,60.0,12,10,MRHOF,SUCCESS,627,
run_0133_cfg_027_seed_3_mrhof,27,3,8,16,0,60.0,12,10,MRHOF,SUCCESS,627,
run_0134_cfg_027_seed_4_mrhof,27,4,8,16,0,60.0,12,10,MRHOF,SUCCESS,627,
run_0135_cfg_027_seed_5_mrhof,27,5,8,16,0,60.0,12,10,MRHOF,SUCCESS,627,
run_0136_cfg_028_seed_1_of0,28,1,8,16,0,60.0,12,20,OF0,SUCCESS,627,
run_0137_cfg_028_seed_2_of0,28,2,8,16,0,60.0,12,20,OF0,SUCCESS,627,
run_0138_cfg_028_seed_3_of0,28,3,8,16,0,60.0,12,20,OF0,SUCCESS,627,
run_0139_cfg_028_seed_4_of0,28,4,8,16,0,60.0,12,20,OF0,SUCCESS,627,
run_0140_cfg_028_seed_5_of0,28,5,8,16,0,60.0,12,20,OF0,SUCCESS,627,
run_0141_cfg_029_seed_1_mrhof,29,1,8,16,0,60.0,16,5,MRHOF,SUCCESS,855,
run_0142_cfg_029_seed_2_mrhof,29,2,8,16,0,60.0,16,5,MRHOF,SUCCESS,855,
run_0143_cfg_029_seed_3_mrhof,29,3,8,16,0,60.0,16,5,MRHOF,SUCCESS,855,
run_0144_cfg_029_seed_4_mrhof,29,4,8,16,0,60.0,16,5,MRHOF,SUCCESS,855,
run_0145_cfg_029_seed_5_mrhof,29,5,8,16,0,60.0,16,5,MRHOF,SUCCESS,855,
run_0146_cfg_030_seed_1_of0,30,1,8,16,0,60.0,16,5,OF0,SUCCESS,855,
run_0147_cfg_030_seed_2_of0,30,2,8,16,0,60.0,16,5,OF0,SUCCESS,855,
run_0148_cfg_030_seed_3_of0,30,3,8,16,0,60.0,16,5,OF0,SUCCESS,855,
run_0149_cfg_030_seed_4_of0,30,4,8,16,0,60.0,16,5,OF0,SUCCESS,855,
run_0150_cfg_030_seed_5_of0,30,5,8,16,0,60.0,16,5,OF0,SUCCESS,855,
run_0151_cfg_031_seed_1_of0,31,1,8,16,0,60.0,16,10,OF0,SUCCESS,855,
run_0152_cfg_031_seed_2_of0,31,2,8,16,0,60.0,16,10,OF0,SUCCESS,855,
run_0153_cfg_031_seed_3_of0,31,3,8,16,0,60.0,16,10,OF0,SUCCESS,855,
run_0154_cfg_031_seed_4_of0,31,4,8,16,0,60.0,16,10,OF0,SUCCESS,855,
run_0155_cfg_031_seed_5_of0,31,5,8,16,0,60.0,16,10,OF0,SUCCESS,855,
run_0156_cfg_032_seed_1_mrhof,32,1,8,16,0,60.0,16,20,MRHOF,SUCCESS,855,
run_0157_cfg_032_seed_2_mrhof,32,2,8,16,0,60.0,16,20,MRHOF,SUCCESS,855,
run_0158_cfg_032_seed_3_mrhof,32,3,8,16,0,60.0,16,20,MRHOF,SUCCESS,855,
run_0159_cfg_032_seed_4_mrhof,32,4,8,16,0,60.0,16,20,MRHOF,SUCCESS,855,
run_0160_cfg_032_seed_5_mrhof,32,5,8,16,0,60.0,16,20,MRHOF,SUCCESS,855,
run_0161_cfg_033_seed_1_of0,33,1,8,16,0,60.0,16,20,OF0,SUCCESS,855,
run_0162_cfg_033_seed_2_of0,33,2,8,16,0,60.0,16,20,OF0,SUCCESS,855,
run_0163_cfg_033_seed_3_of0,33,3,8,16,0,60.0,16,20,OF0,SUCCESS,855,
run_0164_cfg_033_seed_4_of0,33,4,8,16,0,60.0,16,20,OF0,SUCCESS,855,
run_0165_cfg_033_seed_5_of0,33,5,8,16,0,60.0,16,20,OF0,SUCCESS,855,
run_0166_cfg_034_seed_1_mrhof,34,1,8,16,0,60.0,20,5,MRHOF,SUCCESS,1083,
run_0167_cfg_034_seed_2_mrhof,34,2,8,16,0,60.0,20,5,MRHOF,SUCCESS,1083,
run_0168_cfg_034_seed_3_mrhof,34,3,8,16,0,60.0,20,5,MRHOF,SUCCESS,1083,
run_0169_cfg_034_seed_4_mrhof,34,4,8,16,0,60.0,20,5,MRHOF,SUCCESS,1083,
run_0170_cfg_034_seed_5_mrhof,34,5,8,16,0,60.0,20,5,MRHOF,SUCCESS,1083,
run_0171_cfg_035_seed_1_of0,35,1,8,16,0,60.0,20,5,OF0,SUCCESS,1083,
run_0172_cfg_035_seed_2_of0,35,2,8,16,0,60.0,20,5,OF0,SUCCESS,1083,
run_0173_cfg_035_seed_3_of0,35,3,8,16,0,60.0,20,5,OF0,SUCCESS,1083,
run_0174_cfg_035_seed_4_of0,35,4,8,16,0,60.0,20,5,OF0,SUCCESS,1083,
run_0175_cfg_035_seed_5_of0,35,5,8,16,0,60.0,20,5,OF0,SUCCESS,1083,
run_0176_cfg_036_seed_1_of0,36,1,8,16,0,60.0,20,10,OF0,SUCCESS,1083,
run_0177_cfg_036_seed_2_of0,36,2,8,16,0,60.0,20,10,OF0,SUCCESS,1083,
run_0178_cfg_036_seed_3_of0,36,3,8,16,0,60.0,20,10,OF0,SUCCESS,1083,
run_0179_cfg_036_seed_4_of0,36,4,8,16,0,60.0,20,10,OF0,SUCCESS,1083,
run_0180_cfg_036_seed_5_of0,36,5,8,16,0,60.0,20,10,OF0,SUCCESS,1083,
run_0181_cfg_037_seed_1_mrhof,37,1,8,16,0,60.0,20,20,MRHOF,SUCCESS,1083,
run_0182_cfg_037_seed_2_mrhof,37,2,8,16,0,60.0,20,20,MRHOF,SUCCESS,1083,
run_0183_cfg_037_seed_3_mrhof,37,3,8,16,0,60.0,20,20,MRHOF,SUCCESS,1083,
run_0184_cfg_037_seed_4_mrhof,37,4,8,16,0,60.0,20,20,MRHOF,SUCCESS,1083,
run_0185_cfg_037_seed_5_mrhof,37,5,8,16,0,60.0,20,20,MRHOF,SUCCESS,1083,
run_0186_cfg_038_seed_1_mrhof,38,1,8,16,5,40.0,12,5,MRHOF,SUCCESS,627,
run_0187_cfg_038_seed_2_mrhof,38,2,8,16,5,40.0,12,5,MRHOF,SUCCESS,627,
run_0188_cfg_038_seed_3_mrhof,38,3,8,16,5,40.0,12,5,MRHOF,SUCCESS,627,
run_0189_cfg_038_seed_4_mrhof,38,4,8,16,5,40.0,12,5,MRHOF,SUCCESS,627,
run_0190_cfg_038_seed_5_mrhof,38,5,8,16,5,40.0,12,5,MRHOF,SUCCESS,627,
run_0191_cfg_039_seed_1_of0,39,1,8,16,5,40.0,12,10,OF0,SUCCESS,627,
run_0192_cfg_039_seed_2_of0,39,2,8,16,5,40.0,12,10,OF0,SUCCESS,627,
run_0193_cfg_039_seed_3_of0,39,3,8,16,5,40.0,12,10,OF0,SUCCESS,627,
run_0194_cfg_039_seed_4_of0,39,4,8,16,5,40.0,12,10,OF0,SUCCESS,627,
run_0195_cfg_039_seed_5_of0,39,5,8,16,5,40.0,12,10,OF0,SUCCESS,627,
run_0196_cfg_040_seed_1_mrhof,40,1,8,16,5,40.0,12,20,MRHOF,SUCCESS,627,
run_0197_cfg_040_seed_2_mrhof,40,2,8,16,5,40.0,12,20,MRHOF,SUCCESS,627,
run_0198_cfg_040_seed_3_mrhof,40,3,8,16,5,40.0,12,20,MRHOF,SUCCESS,627,
run_0199_cfg_040_seed_4_mrhof,40,4,8,16,5,40.0,12,20,MRHOF,SUCCESS,627,
run_0200_cfg_040_seed_5_mrhof,40,5,8,16,5,40.0,12,20,MRHOF,SUCCESS,627,
run_0201_cfg_041_seed_1_of0,41,1,8,16,5,40.0,12,20,OF0,SUCCESS,627,
run_0202_cfg_041_seed_2_of0,41,2,8,16,5,40.0,12,20,OF0,SUCCESS,627,
run_0203_cfg_041_seed_3_of0,41,3,8,16,5,40.0,12,20,OF0,SUCCESS,627,
run_0204_cfg_041_seed_4_of0,41,4,8,16,5,40.0,12,20,OF0,SUCCESS,627,
run_0205_cfg_041_seed_5_of0,41,5,8,16,5,40.0,12,20,OF0,SUCCESS,627,
run_0206_cfg_042_seed_1_mrhof,42,1,8,16,5,40.0,16,5,MRHOF,SUCCESS,855,
run_0207_cfg_042_seed_2_mrhof,42,2,8,16,5,40.0,16,5,MRHOF,SUCCESS,855,
run_0208_cfg_042_seed_3_mrhof,42,3,8,16,5,40.0,16,5,MRHOF,SUCCESS,855,
run_0209_cfg_042_seed_4_mrhof,42,4,8,16,5,40.0,16,5,MRHOF,SUCCESS,855,
run_0210_cfg_042_seed_5_mrhof,42,5,8,16,5,40.0,16,5,MRHOF,SUCCESS,855,
run_0211_cfg_043_seed_1_mrhof,43,1,8,16,5,40.0,16,10,MRHOF,SUCCESS,855,
run_0212_cfg_043_seed_2_mrhof,43,2,8,16,5,40.0,16,10,MRHOF,SUCCESS,855,
run_0213_cfg_043_seed_3_mrhof,43,3,8,16,5,40.0,16,10,MRHOF,SUCCESS,855,
run_0214_cfg_043_seed_4_mrhof,43,4,8,16,5,40.0,16,10,MRHOF,SUCCESS,855,
run_0215_cfg_043_seed_5_mrhof,43,5,8,16,5,40.0,16,10,MRHOF,SUCCESS,855,
run_0216_cfg_044_seed_1_of0,44,1,8,16,5,40.0,16,10,OF0,SUCCESS,855,
run_0217_cfg_044_seed_2_of0,44,2,8,16,5,40.0,16,10,OF0,SUCCESS,855,
run_0218_cfg_044_seed_3_of0,44,3,8,16,5,40.0,16,10,OF0,SUCCESS,855,
run_0219_cfg_044_seed_4_of0,44,4,8,16,5,40.0,16,10,OF0,SUCCESS,855,
run_0220_cfg_044_seed_5_of0,44,5,8,16,5,40.0,16,10,OF0,SUCCESS,855,
run_0221_cfg_045_seed_1_mrhof,45,1,8,16,5,40.0,20,5,MRHOF,SUCCESS,1083,
run_0222_cfg_045_seed_2_mrhof,45,2,8,16,5,40.0,20,5,MRHOF,SUCCESS,1083,
run_0223_cfg_045_seed_3_mrhof,45,3,8,16,5,40.0,20,5,MRHOF,SUCCESS,1083,
run_0224_cfg_045_seed_4_mrhof,45,4,8,16,5,40.0,20,5,MRHOF,SUCCESS,1083,
run_0225_cfg_045_seed_5_mrhof,45,5,8,16,5,40.0,20,5,MRHOF,SUCCESS,1083,
run_0226_cfg_046_seed_1_mrhof,46,1,8,16,5,40.0,20,20,MRHOF,SUCCESS,1083,
run_0227_cfg_046_seed_2_mrhof,46,2,8,16,5,40.0,20,20,MRHOF,SUCCESS,1083,
run_0228_cfg_046_seed_3_mrhof,46,3,8,16,5,40.0,20,20,MRHOF,SUCCESS,1083,
run_0229_cfg_046_seed_4_mrhof,46,4,8,16,5,40.0,20,20,MRHOF,SUCCESS,1083,
run_0230_cfg_046_seed_5_mrhof,46,5,8,16,5,40.0,20,20,MRHOF,SUCCESS,1083,
run_0231_cfg_047_seed_1_of0,47,1,8,16,5,40.0,20,20,OF0,SUCCESS,1083,
run_0232_cfg_047_seed_2_of0,47,2,8,16,5,40.0,20,20,OF0,SUCCESS,1083,
run_0233_cfg_047_seed_3_of0,47,3,8,16,5,40.0,20,20,OF0,SUCCESS,1083,
run_0234_cfg_047_seed_4_of0,47,4,8,16,5,40.0,20,20,OF0,SUCCESS,1083,
run_0235_cfg_047_seed_5_of0,47,5,8,16,5,40.0,20,20,OF0,SUCCESS,1083,
run_0236_cfg_048_seed_1_mrhof,48,1,8,16,5,50.0,12,5,MRHOF,SUCCESS,627,
run_0237_cfg_048_seed_2_mrhof,48,2,8,16,5,50.0,12,5,MRHOF,SUCCESS,627,
run_0238_cfg_048_seed_3_mrhof,48,3,8,16,5,50.0,12,5,MRHOF,SUCCESS,627,
run_0239_cfg_048_seed_4_mrhof,48,4,8,16,5,50.0,12,5,MRHOF,SUCCESS,627,
run_0240_cfg_048_seed_5_mrhof,48,5,8,16,5,50.0,12,5,MRHOF,SUCCESS,627,
run_0241_cfg_049_seed_1_mrhof,49,1,8,16,5,50.0,12,10,MRHOF,SUCCESS,627,
run_0242_cfg_049_seed_2_mrhof,49,2,8,16,5,50.0,12,10,MRHOF,SUCCESS,627,
run_0243_cfg_049_seed_3_mrhof,49,3,8,16,5,50.0,12,10,MRHOF,SUCCESS,627,
run_0244_cfg_049_seed_4_mrhof,49,4,8,16,5,50.0,12,10,MRHOF,SUCCESS,627,
run_0245_cfg_049_seed_5_mrhof,49,5,8,16,5,50.0,12,10,MRHOF,SUCCESS,627,
run_0246_cfg_050_seed_1_of0,50,1,8,16,5,50.0,12,10,OF0,SUCCESS,627,
run_0247_cfg_050_seed_2_of0,50,2,8,16,5,50.0,12,10,OF0,SUCCESS,627,
run_0248_cfg_050_seed_3_of0,50,3,8,16,5,50.0,12,10,OF0,SUCCESS,627,
run_0249_cfg_050_seed_4_of0,50,4,8,16,5,50.0,12,10,OF0,SUCCESS,627,
run_0250_cfg_050_seed_5_of0,50,5,8,16,5,50.0,12,10,OF0,SUCCESS,627,
run_0251_cfg_051_seed_1_mrhof,51,1,8,16,5,50.0,12,20,MRHOF,SUCCESS,627,
run_0252_cfg_051_seed_2_mrhof,51,2,8,16,5,50.0,12,20,MRHOF,SUCCESS,627,
run_0253_cfg_051_seed_3_mrhof,51,3,8,16,5,50.0,12,20,MRHOF,SUCCESS,627,
run_0254_cfg_051_seed_4_mrhof,51,4,8,16,5,50.0,12,20,MRHOF,SUCCESS,627,
run_0255_cfg_051_seed_5_mrhof,51,5,8,16,5,50.0,12,20,MRHOF,SUCCESS,627,
run_0256_cfg_052_seed_1_of0,52,1,8,16,5,50.0,12,20,OF0,SUCCESS,627,
run_0257_cfg_052_seed_2_of0,52,2,8,16,5,50.0,12,20,OF0,SUCCESS,627,
run_0258_cfg_052_seed_3_of0,52,3,8,16,5,50.0,12,20,OF0,SUCCESS,627,
run_0259_cfg_052_seed_4_of0,52,4,8,16,5,50.0,12,20,OF0,SUCCESS,627,
run_0260_cfg_052_seed_5_of0,52,5,8,16,5,50.0,12,20,OF0,SUCCESS,627,
run_0261_cfg_053_seed_1_mrhof,53,1,8,16,5,50.0,16,5,MRHOF,SUCCESS,855,
run_0262_cfg_053_seed_2_mrhof,53,2,8,16,5,50.0,16,5,MRHOF,SUCCESS,855,
run_0263_cfg_053_seed_3_mrhof,53,3,8,16,5,50.0,16,5,MRHOF,SUCCESS,855,
run_0264_cfg_053_seed_4_mrhof,53,4,8,16,5,50.0,16,5,MRHOF,SUCCESS,855,
run_0265_cfg_053_seed_5_mrhof,53,5,8,16,5,50.0,16,5,MRHOF,SUCCESS,855,
run_0266_cfg_054_seed_1_of0,54,1,8,16,5,50.0,16,5,OF0,SUCCESS,855,
run_0267_cfg_054_seed_2_of0,54,2,8,16,5,50.0,16,5,OF0,SUCCESS,855,
run_0268_cfg_054_seed_3_of0,54,3,8,16,5,50.0,16,5,OF0,SUCCESS,855,
run_0269_cfg_054_seed_4_of0,54,4,8,16,5,50.0,16,5,OF0,SUCCESS,855,
run_0270_cfg_054_seed_5_of0,54,5,8,16,5,50.0,16,5,OF0,SUCCESS,855,
run_0271_cfg_055_seed_1_mrhof,55,1,8,16,5,50.0,16,10,MRHOF,SUCCESS,855,
run_0272_cfg_055_seed_2_mrhof,55,2,8,16,5,50.0,16,10,MRHOF,SUCCESS,855,
run_0273_cfg_055_seed_3_mrhof,55,3,8,16,5,50.0,16,10,MRHOF,SUCCESS,855,
run_0274_cfg_055_seed_4_mrhof,55,4,8,16,5,50.0,16,10,MRHOF,SUCCESS,855,
run_0275_cfg_055_seed_5_mrhof,55,5,8,16,5,50.0,16,10,MRHOF,SUCCESS,855,
run_0276_cfg_056_seed_1_of0,56,1,8,16,5,50.0,16,10,OF0,SUCCESS,855,
run_0277_cfg_056_seed_2_of0,56,2,8,16,5,50.0,16,10,OF0,SUCCESS,855,
run_0278_cfg_056_seed_3_of0,56,3,8,16,5,50.0,16,10,OF0,SUCCESS,855,
run_0279_cfg_056_seed_4_of0,56,4,8,16,5,50.0,16,10,OF0,SUCCESS,855,
run_0280_cfg_056_seed_5_of0,56,5,8,16,5,50.0,16,10,OF0,SUCCESS,855,
run_0281_cfg_057_seed_1_mrhof,57,1,8,16,5,50.0,16,20,MRHOF,SUCCESS,855,
run_0282_cfg_057_seed_2_mrhof,57,2,8,16,5,50.0,16,20,MRHOF,SUCCESS,855,
run_0283_cfg_057_seed_3_mrhof,57,3,8,16,5,50.0,16,20,MRHOF,SUCCESS,855,
run_0284_cfg_057_seed_4_mrhof,57,4,8,16,5,50.0,16,20,MRHOF,SUCCESS,855,
run_0285_cfg_057_seed_5_mrhof,57,5,8,16,5,50.0,16,20,MRHOF,SUCCESS,855,
run_0286_cfg_058_seed_1_of0,58,1,8,16,5,50.0,16,20,OF0,SUCCESS,855,
run_0287_cfg_058_seed_2_of0,58,2,8,16,5,50.0,16,20,OF0,SUCCESS,855,
run_0288_cfg_058_seed_3_of0,58,3,8,16,5,50.0,16,20,OF0,SUCCESS,855,
run_0289_cfg_058_seed_4_of0,58,4,8,16,5,50.0,16,20,OF0,SUCCESS,855,
run_0290_cfg_058_seed_5_of0,58,5,8,16,5,50.0,16,20,OF0,SUCCESS,855,
run_0291_cfg_059_seed_1_mrhof,59,1,8,16,5,50.0,20,10,MRHOF,SUCCESS,1083,
run_0292_cfg_059_seed_2_mrhof,59,2,8,16,5,50.0,20,10,MRHOF,SUCCESS,1083,
run_0293_cfg_059_seed_3_mrhof,59,3,8,16,5,50.0,20,10,MRHOF,SUCCESS,1083,
run_0294_cfg_059_seed_4_mrhof,59,4,8,16,5,50.0,20,10,MRHOF,SUCCESS,1083,
run_0295_cfg_059_seed_5_mrhof,59,5,8,16,5,50.0,20,10,MRHOF,SUCCESS,1083,
run_0296_cfg_060_seed_1_mrhof,60,1,8,16,5,50.0,20,20,MRHOF,SUCCESS,1083,
run_0297_cfg_060_seed_2_mrhof,60,2,8,16,5,50.0,20,20,MRHOF,SUCCESS,1083,
run_0298_cfg_060_seed_3_mrhof,60,3,8,16,5,50.0,20,20,MRHOF,SUCCESS,1083,
run_0299_cfg_060_seed_4_mrhof,60,4,8,16,5,50.0,20,20,MRHOF,SUCCESS,1083,
run_0300_cfg_060_seed_5_mrhof,60,5,8,16,5,50.0,20,20,MRHOF,SUCCESS,1083,
run_0301_cfg_061_seed_1_of0,61,1,8,16,5,50.0,20,20,OF0,SUCCESS,1083,
run_0302_cfg_061_seed_2_of0,61,2,8,16,5,50.0,20,20,OF0,SUCCESS,1083,
run_0303_cfg_061_seed_3_of0,61,3,8,16,5,50.0,20,20,OF0,SUCCESS,1083,
run_0304_cfg_061_seed_4_of0,61,4,8,16,5,50.0,20,20,OF0,SUCCESS,1083,
run_0305_cfg_061_seed_5_of0,61,5,8,16,5,50.0,20,20,OF0,SUCCESS,1083,
run_0306_cfg_062_seed_1_mrhof,62,1,8,16,5,60.0,12,5,MRHOF,SUCCESS,627,
run_0307_cfg_062_seed_2_mrhof,62,2,8,16,5,60.0,12,5,MRHOF,SUCCESS,627,
run_0308_cfg_062_seed_3_mrhof,62,3,8,16,5,60.0,12,5,MRHOF,SUCCESS,627,
run_0309_cfg_062_seed_4_mrhof,62,4,8,16,5,60.0,12,5,MRHOF,SUCCESS,627,
run_0310_cfg_062_seed_5_mrhof,62,5,8,16,5,60.0,12,5,MRHOF,SUCCESS,627,
run_0311_cfg_063_seed_1_of0,63,1,8,16,5,60.0,12,5,OF0,SUCCESS,627,
run_0312_cfg_063_seed_2_of0,63,2,8,16,5,60.0,12,5,OF0,SUCCESS,627,
run_0313_cfg_063_seed_3_of0,63,3,8,16,5,60.0,12,5,OF0,SUCCESS,627,
run_0314_cfg_063_seed_4_of0,63,4,8,16,5,60.0,12,5,OF0,SUCCESS,627,
run_0315_cfg_063_seed_5_of0,63,5,8,16,5,60.0,12,5,OF0,SUCCESS,627,
run_0316_cfg_064_seed_1_mrhof,64,1,8,16,5,60.0,12,10,MRHOF,SUCCESS,627,
run_0317_cfg_064_seed_2_mrhof,64,2,8,16,5,60.0,12,10,MRHOF,SUCCESS,627,
run_0318_cfg_064_seed_3_mrhof,64,3,8,16,5,60.0,12,10,MRHOF,SUCCESS,627,
run_0319_cfg_064_seed_4_mrhof,64,4,8,16,5,60.0,12,10,MRHOF,SUCCESS,627,
run_0320_cfg_064_seed_5_mrhof,64,5,8,16,5,60.0,12,10,MRHOF,SUCCESS,627,
run_0321_cfg_065_seed_1_of0,65,1,8,16,5,60.0,12,10,OF0,SUCCESS,627,
run_0322_cfg_065_seed_2_of0,65,2,8,16,5,60.0,12,10,OF0,SUCCESS,627,
run_0323_cfg_065_seed_3_of0,65,3,8,16,5,60.0,12,10,OF0,SUCCESS,627,
run_0324_cfg_065_seed_4_of0,65,4,8,16,5,60.0,12,10,OF0,SUCCESS,627,
run_0325_cfg_065_seed_5_of0,65,5,8,16,5,60.0,12,10,OF0,SUCCESS,627,
run_0326_cfg_066_seed_1_mrhof,66,1,8,16,5,60.0,12,20,MRHOF,SUCCESS,627,
run_0327_cfg_066_seed_2_mrhof,66,2,8,16,5,60.0,12,20,MRHOF,SUCCESS,627,
run_0328_cfg_066_seed_3_mrhof,66,3,8,16,5,60.0,12,20,MRHOF,SUCCESS,627,
run_0329_cfg_066_seed_4_mrhof,66,4,8,16,5,60.0,12,20,MRHOF,SUCCESS,627,
run_0330_cfg_066_seed_5_mrhof,66,5,8,16,5,60.0,12,20,MRHOF,SUCCESS,627,
run_0331_cfg_067_seed_1_of0,67,1,8,16,5,60.0,12,20,OF0,SUCCESS,627,
run_0332_cfg_067_seed_2_of0,67,2,8,16,5,60.0,12,20,OF0,SUCCESS,627,
run_0333_cfg_067_seed_3_of0,67,3,8,16,5,60.0,12,20,OF0,SUCCESS,627,
run_0334_cfg_067_seed_4_of0,67,4,8,16,5,60.0,12,20,OF0,SUCCESS,627,
run_0335_cfg_067_seed_5_of0,67,5,8,16,5,60.0,12,20,OF0,SUCCESS,627,
run_0336_cfg_068_seed_1_mrhof,68,1,8,16,5,60.0,16,5,MRHOF,SUCCESS,855,
run_0337_cfg_068_seed_2_mrhof,68,2,8,16,5,60.0,16,5,MRHOF,SUCCESS,855,
run_0338_cfg_068_seed_3_mrhof,68,3,8,16,5,60.0,16,5,MRHOF,SUCCESS,855,
run_0339_cfg_068_seed_4_mrhof,68,4,8,16,5,60.0,16,5,MRHOF,SUCCESS,855,
run_0340_cfg_068_seed_5_mrhof,68,5,8,16,5,60.0,16,5,MRHOF,SUCCESS,855,
run_0341_cfg_069_seed_1_mrhof,69,1,8,16,5,60.0,16,10,MRHOF,SUCCESS,855,
run_0342_cfg_069_seed_2_mrhof,69,2,8,16,5,60.0,16,10,MRHOF,SUCCESS,855,
run_0343_cfg_069_seed_3_mrhof,69,3,8,16,5,60.0,16,10,MRHOF,SUCCESS,855,
run_0344_cfg_069_seed_4_mrhof,69,4,8,16,5,60.0,16,10,MRHOF,SUCCESS,855,
run_0345_cfg_069_seed_5_mrhof,69,5,8,16,5,60.0,16,10,MRHOF,SUCCESS,855,
run_0346_cfg_070_seed_1_of0,70,1,8,16,5,60.0,16,10,OF0,SUCCESS,855,
run_0347_cfg_070_seed_2_of0,70,2,8,16,5,60.0,16,10,OF0,SUCCESS,855,
run_0348_cfg_070_seed_3_of0,70,3,8,16,5,60.0,16,10,OF0,SUCCESS,855,
run_0349_cfg_070_seed_4_of0,70,4,8,16,5,60.0,16,10,OF0,SUCCESS,855,
run_0350_cfg_070_seed_5_of0,70,5,8,16,5,60.0,16,10,OF0,SUCCESS,855,
run_0351_cfg_071_seed_1_of0,71,1,8,16,5,60.0,20,5,OF0,SUCCESS,1083,
run_0352_cfg_071_seed_2_of0,71,2,8,16,5,60.0,20,5,OF0,SUCCESS,1083,
run_0353_cfg_071_seed_3_of0,71,3,8,16,5,60.0,20,5,OF0,SUCCESS,1083,
run_0354_cfg_071_seed_4_of0,71,4,8,16,5,60.0,20,5,OF0,SUCCESS,1083,
run_0355_cfg_071_seed_5_of0,71,5,8,16,5,60.0,20,5,OF0,SUCCESS,1083,
run_0356_cfg_072_seed_1_mrhof,72,1,8,16,5,60.0,20,10,MRHOF,SUCCESS,1083,
run_0357_cfg_072_seed_2_mrhof,72,2,8,16,5,60.0,20,10,MRHOF,SUCCESS,1083,
run_0358_cfg_072_seed_3_mrhof,72,3,8,16,5,60.0,20,10,MRHOF,SUCCESS,1083,
run_0359_cfg_072_seed_4_mrhof,72,4,8,16,5,60.0,20,10,MRHOF,SUCCESS,1083,
run_0360_cfg_072_seed_5_mrhof,72,5,8,16,5,60.0,20,10,MRHOF,SUCCESS,1083,
run_0361_cfg_073_seed_1_of0,73,1,8,16,5,60.0,20,10,OF0,SUCCESS,1083,
run_0362_cfg_073_seed_2_of0,73,2,8,16,5,60.0,20,10,OF0,SUCCESS,1083,
run_0363_cfg_073_seed_3_of0,73,3,8,16,5,60.0,20,10,OF0,SUCCESS,1083,
run_0364_cfg_073_seed_4_of0,73,4,8,16,5,60.0,20,10,OF0,SUCCESS,1083,
run_0365_cfg_073_seed_5_of0,73,5,8,16,5,60.0,20,10,OF0,SUCCESS,1083,
run_0366_cfg_074_seed_1_mrhof,74,1,8,16,5,60.0,20,20,MRHOF,SUCCESS,1083,
run_0367_cfg_074_seed_2_mrhof,74,2,8,16,5,60.0,20,20,MRHOF,SUCCESS,1083,
run_0368_cfg_074_seed_3_mrhof,74,3,8,16,5,60.0,20,20,MRHOF,SUCCESS,1083,
run_0369_cfg_074_seed_4_mrhof,74,4,8,16,5,60.0,20,20,MRHOF,SUCCESS,1083,
run_0370_cfg_074_seed_5_mrhof,74,5,8,16,5,60.0,20,20,MRHOF,SUCCESS,1083,
run_0371_cfg_075_seed_1_of0,75,1,8,16,5,60.0,20,20,OF0,SUCCESS,1083,
run_0372_cfg_075_seed_2_of0,75,2,8,16,5,60.0,20,20,OF0,SUCCESS,1083,
run_0373_cfg_075_seed_3_of0,75,3,8,16,5,60.0,20,20,OF0,SUCCESS,1083,
run_0374_cfg_075_seed_4_of0,75,4,8,16,5,60.0,20,20,OF0,SUCCESS,1083,
run_0375_cfg_075_seed_5_of0,75,5,8,16,5,60.0,20,20,OF0,SUCCESS,1083,
run_0376_cfg_076_seed_1_of0,76,1,8,16,10,40.0,12,5,OF0,SUCCESS,627,
run_0377_cfg_076_seed_2_of0,76,2,8,16,10,40.0,12,5,OF0,SUCCESS,627,
run_0378_cfg_076_seed_3_of0,76,3,8,16,10,40.0,12,5,OF0,SUCCESS,627,
run_0379_cfg_076_seed_4_of0,76,4,8,16,10,40.0,12,5,OF0,SUCCESS,627,
run_0380_cfg_076_seed_5_of0,76,5,8,16,10,40.0,12,5,OF0,SUCCESS,627,
run_0381_cfg_077_seed_1_mrhof,77,1,8,16,10,40.0,12,10,MRHOF,SUCCESS,627,
run_0382_cfg_077_seed_2_mrhof,77,2,8,16,10,40.0,12,10,MRHOF,SUCCESS,627,
run_0383_cfg_077_seed_3_mrhof,77,3,8,16,10,40.0,12,10,MRHOF,SUCCESS,627,
run_0384_cfg_077_seed_4_mrhof,77,4,8,16,10,40.0,12,10,MRHOF,SUCCESS,627,
run_0385_cfg_077_seed_5_mrhof,77,5,8,16,10,40.0,12,10,MRHOF,SUCCESS,627,
run_0386_cfg_078_seed_1_mrhof,78,1,8,16,10,40.0,16,5,MRHOF,SUCCESS,855,
run_0387_cfg_078_seed_2_mrhof,78,2,8,16,10,40.0,16,5,MRHOF,SUCCESS,855,
run_0388_cfg_078_seed_3_mrhof,78,3,8,16,10,40.0,16,5,MRHOF,SUCCESS,855,
run_0389_cfg_078_seed_4_mrhof,78,4,8,16,10,40.0,16,5,MRHOF,SUCCESS,855,
run_0390_cfg_078_seed_5_mrhof,78,5,8,16,10,40.0,16,5,MRHOF,SUCCESS,855,
run_0391_cfg_079_seed_1_of0,79,1,8,16,10,40.0,16,5,OF0,SUCCESS,855,
run_0392_cfg_079_seed_2_of0,79,2,8,16,10,40.0,16,5,OF0,SUCCESS,855,
run_0393_cfg_079_seed_3_of0,79,3,8,16,10,40.0,16,5,OF0,SUCCESS,855,
run_0394_cfg_079_seed_4_of0,79,4,8,16,10,40.0,16,5,OF0,SUCCESS,855,
run_0395_cfg_079_seed_5_of0,79,5,8,16,10,40.0,16,5,OF0,SUCCESS,855,
run_0396_cfg_080_seed_1_mrhof,80,1,8,16,10,40.0,16,10,MRHOF,SUCCESS,855,
run_0397_cfg_080_seed_2_mrhof,80,2,8,16,10,40.0,16,10,MRHOF,SUCCESS,855,
run_0398_cfg_080_seed_3_mrhof,80,3,8,16,10,40.0,16,10,MRHOF,SUCCESS,855,
run_0399_cfg_080_seed_4_mrhof,80,4,8,16,10,40.0,16,10,MRHOF,SUCCESS,855,
run_0400_cfg_080_seed_5_mrhof,80,5,8,16,10,40.0,16,10,MRHOF,SUCCESS,855,
run_0401_cfg_081_seed_1_of0,81,1,8,16,10,40.0,16,10,OF0,SUCCESS,855,
run_0402_cfg_081_seed_2_of0,81,2,8,16,10,40.0,16,10,OF0,SUCCESS,855,
run_0403_cfg_081_seed_3_of0,81,3,8,16,10,40.0,16,10,OF0,SUCCESS,855,
run_0404_cfg_081_seed_4_of0,81,4,8,16,10,40.0,16,10,OF0,SUCCESS,855,
run_0405_cfg_081_seed_5_of0,81,5,8,16,10,40.0,16,10,OF0,SUCCESS,855,
run_0406_cfg_082_seed_1_mrhof,82,1,8,16,10,40.0,16,20,MRHOF,SUCCESS,855,
run_0407_cfg_082_seed_2_mrhof,82,2,8,16,10,40.0,16,20,MRHOF,SUCCESS,855,
run_0408_cfg_082_seed_3_mrhof,82,3,8,16,10,40.0,16,20,MRHOF,SUCCESS,855,
run_0409_cfg_082_seed_4_mrhof,82,4,8,16,10,40.0,16,20,MRHOF,SUCCESS,855,
run_0410_cfg_082_seed_5_mrhof,82,5,8,16,10,40.0,16,20,MRHOF,SUCCESS,855,
run_0411_cfg_083_seed_1_of0,83,1,8,16,10,40.0,16,20,OF0,SUCCESS,855,
run_0412_cfg_083_seed_2_of0,83,2,8,16,10,40.0,16,20,OF0,SUCCESS,855,
run_0413_cfg_083_seed_3_of0,83,3,8,16,10,40.0,16,20,OF0,SUCCESS,855,
run_0414_cfg_083_seed_4_of0,83,4,8,16,10,40.0,16,20,OF0,SUCCESS,855,
run_0415_cfg_083_seed_5_of0,83,5,8,16,10,40.0,16,20,OF0,SUCCESS,855,
run_0416_cfg_084_seed_1_mrhof,84,1,8,16,10,40.0,20,5,MRHOF,SUCCESS,1083,
run_0417_cfg_084_seed_2_mrhof,84,2,8,16,10,40.0,20,5,MRHOF,SUCCESS,1083,
run_0418_cfg_084_seed_3_mrhof,84,3,8,16,10,40.0,20,5,MRHOF,SUCCESS,1083,
run_0419_cfg_084_seed_4_mrhof,84,4,8,16,10,40.0,20,5,MRHOF,SUCCESS,1083,
run_0420_cfg_084_seed_5_mrhof,84,5,8,16,10,40.0,20,5,MRHOF,SUCCESS,1083,
run_0421_cfg_085_seed_1_of0,85,1,8,16,10,40.0,20,5,OF0,SUCCESS,1080,
run_0422_cfg_085_seed_2_of0,85,2,8,16,10,40.0,20,5,OF0,SUCCESS,1083,
run_0423_cfg_085_seed_3_of0,85,3,8,16,10,40.0,20,5,OF0,SUCCESS,1083,
run_0424_cfg_085_seed_4_of0,85,4,8,16,10,40.0,20,5,OF0,SUCCESS,1083,
run_0425_cfg_085_seed_5_of0,85,5,8,16,10,40.0,20,5,OF0,SUCCESS,1083,
run_0426_cfg_086_seed_1_mrhof,86,1,8,16,10,40.0,20,20,MRHOF,SUCCESS,1083,
run_0427_cfg_086_seed_2_mrhof,86,2,8,16,10,40.0,20,20,MRHOF,SUCCESS,1083,
run_0428_cfg_086_seed_3_mrhof,86,3,8,16,10,40.0,20,20,MRHOF,SUCCESS,1083,
run_0429_cfg_086_seed_4_mrhof,86,4,8,16,10,40.0,20,20,MRHOF,SUCCESS,1083,
run_0430_cfg_086_seed_5_mrhof,86,5,8,16,10,40.0,20,20,MRHOF,SUCCESS,1083,
run_0431_cfg_087_seed_1_of0,87,1,8,16,10,40.0,20,20,OF0,SUCCESS,1083,
run_0432_cfg_087_seed_2_of0,87,2,8,16,10,40.0,20,20,OF0,SUCCESS,1083,
run_0433_cfg_087_seed_3_of0,87,3,8,16,10,40.0,20,20,OF0,SUCCESS,1083,
run_0434_cfg_087_seed_4_of0,87,4,8,16,10,40.0,20,20,OF0,SUCCESS,1083,
run_0435_cfg_087_seed_5_of0,87,5,8,16,10,40.0,20,20,OF0,SUCCESS,1083,
run_0436_cfg_088_seed_1_mrhof,88,1,8,16,10,50.0,12,5,MRHOF,SUCCESS,627,
run_0437_cfg_088_seed_2_mrhof,88,2,8,16,10,50.0,12,5,MRHOF,SUCCESS,627,
run_0438_cfg_088_seed_3_mrhof,88,3,8,16,10,50.0,12,5,MRHOF,SUCCESS,627,
run_0439_cfg_088_seed_4_mrhof,88,4,8,16,10,50.0,12,5,MRHOF,SUCCESS,627,
run_0440_cfg_088_seed_5_mrhof,88,5,8,16,10,50.0,12,5,MRHOF,SUCCESS,627,
run_0441_cfg_089_seed_1_of0,89,1,8,16,10,50.0,12,5,OF0,SUCCESS,627,
run_0442_cfg_089_seed_2_of0,89,2,8,16,10,50.0,12,5,OF0,SUCCESS,627,
run_0443_cfg_089_seed_3_of0,89,3,8,16,10,50.0,12,5,OF0,SUCCESS,627,
run_0444_cfg_089_seed_4_of0,89,4,8,16,10,50.0,12,5,OF0,SUCCESS,627,
run_0445_cfg_089_seed_5_of0,89,5,8,16,10,50.0,12,5,OF0,SUCCESS,627,
run_0446_cfg_090_seed_1_mrhof,90,1,8,16,10,50.0,12,10,MRHOF,SUCCESS,627,
run_0447_cfg_090_seed_2_mrhof,90,2,8,16,10,50.0,12,10,MRHOF,SUCCESS,627,
run_0448_cfg_090_seed_3_mrhof,90,3,8,16,10,50.0,12,10,MRHOF,SUCCESS,627,
run_0449_cfg_090_seed_4_mrhof,90,4,8,16,10,50.0,12,10,MRHOF,SUCCESS,627,
run_0450_cfg_090_seed_5_mrhof,90,5,8,16,10,50.0,12,10,MRHOF,SUCCESS,627,
run_0451_cfg_091_seed_1_of0,91,1,8,16,10,50.0,12,10,OF0,SUCCESS,627,
run_0452_cfg_091_seed_2_of0,91,2,8,16,10,50.0,12,10,OF0,SUCCESS,627,
run_0453_cfg_091_seed_3_of0,91,3,8,16,10,50.0,12,10,OF0,SUCCESS,627,
run_0454_cfg_091_seed_4_of0,91,4,8,16,10,50.0,12,10,OF0,SUCCESS,627,
run_0455_cfg_091_seed_5_of0,91,5,8,16,10,50.0,12,10,OF0,SUCCESS,627,
run_0456_cfg_092_seed_1_of0,92,1,8,16,10,50.0,12,20,OF0,SUCCESS,627,
run_0457_cfg_092_seed_2_of0,92,2,8,16,10,50.0,12,20,OF0,SUCCESS,627,
run_0458_cfg_092_seed_3_of0,92,3,8,16,10,50.0,12,20,OF0,SUCCESS,627,
run_0459_cfg_092_seed_4_of0,92,4,8,16,10,50.0,12,20,OF0,SUCCESS,627,
run_0460_cfg_092_seed_5_of0,92,5,8,16,10,50.0,12,20,OF0,SUCCESS,627,
run_0461_cfg_093_seed_1_mrhof,93,1,8,16,10,50.0,16,5,MRHOF,SUCCESS,855,
run_0462_cfg_093_seed_2_mrhof,93,2,8,16,10,50.0,16,5,MRHOF,SUCCESS,855,
run_0463_cfg_093_seed_3_mrhof,93,3,8,16,10,50.0,16,5,MRHOF,SUCCESS,855,
run_0464_cfg_093_seed_4_mrhof,93,4,8,16,10,50.0,16,5,MRHOF,SUCCESS,855,
run_0465_cfg_093_seed_5_mrhof,93,5,8,16,10,50.0,16,5,MRHOF,SUCCESS,855,
run_0466_cfg_094_seed_1_mrhof,94,1,8,16,10,50.0,16,10,MRHOF,SUCCESS,855,
run_0467_cfg_094_seed_2_mrhof,94,2,8,16,10,50.0,16,10,MRHOF,SUCCESS,855,
run_0468_cfg_094_seed_3_mrhof,94,3,8,16,10,50.0,16,10,MRHOF,SUCCESS,855,
run_0469_cfg_094_seed_4_mrhof,94,4,8,16,10,50.0,16,10,MRHOF,SUCCESS,855,
run_0470_cfg_094_seed_5_mrhof,94,5,8,16,10,50.0,16,10,MRHOF,SUCCESS,855,
run_0471_cfg_095_seed_1_mrhof,95,1,8,16,10,50.0,16,20,MRHOF,SUCCESS,855,
run_0472_cfg_095_seed_2_mrhof,95,2,8,16,10,50.0,16,20,MRHOF,SUCCESS,855,
run_0473_cfg_095_seed_3_mrhof,95,3,8,16,10,50.0,16,20,MRHOF,SUCCESS,855,
run_0474_cfg_095_seed_4_mrhof,95,4,8,16,10,50.0,16,20,MRHOF,SUCCESS,855,
run_0475_cfg_095_seed_5_mrhof,95,5,8,16,10,50.0,16,20,MRHOF,SUCCESS,855,
run_0476_cfg_096_seed_1_of0,96,1,8,16,10,50.0,16,20,OF0,SUCCESS,855,
run_0477_cfg_096_seed_2_of0,96,2,8,16,10,50.0,16,20,OF0,SUCCESS,855,
run_0478_cfg_096_seed_3_of0,96,3,8,16,10,50.0,16,20,OF0,SUCCESS,855,
run_0479_cfg_096_seed_4_of0,96,4,8,16,10,50.0,16,20,OF0,SUCCESS,855,
run_0480_cfg_096_seed_5_of0,96,5,8,16,10,50.0,16,20,OF0,SUCCESS,855,
run_0481_cfg_097_seed_1_of0,97,1,8,16,10,50.0,20,5,OF0,SUCCESS,1083,
run_0482_cfg_097_seed_2_of0,97,2,8,16,10,50.0,20,5,OF0,SUCCESS,1083,
run_0483_cfg_097_seed_3_of0,97,3,8,16,10,50.0,20,5,OF0,SUCCESS,1083,
run_0484_cfg_097_seed_4_of0,97,4,8,16,10,50.0,20,5,OF0,SUCCESS,1083,
run_0485_cfg_097_seed_5_of0,97,5,8,16,10,50.0,20,5,OF0,SUCCESS,1083,
run_0486_cfg_098_seed_1_mrhof,98,1,8,16,10,50.0,20,10,MRHOF,SUCCESS,1083,
run_0487_cfg_098_seed_2_mrhof,98,2,8,16,10,50.0,20,10,MRHOF,SUCCESS,1083,
run_0488_cfg_098_seed_3_mrhof,98,3,8,16,10,50.0,20,10,MRHOF,SUCCESS,1083,
run_0489_cfg_098_seed_4_mrhof,98,4,8,16,10,50.0,20,10,MRHOF,SUCCESS,1083,
run_0490_cfg_098_seed_5_mrhof,98,5,8,16,10,50.0,20,10,MRHOF,SUCCESS,1083,
run_0491_cfg_099_seed_1_of0,99,1,8,16,10,50.0,20,10,OF0,SUCCESS,1083,
run_0492_cfg_099_seed_2_of0,99,2,8,16,10,50.0,20,10,OF0,SUCCESS,1083,
run_0493_cfg_099_seed_3_of0,99,3,8,16,10,50.0,20,10,OF0,SUCCESS,1083,
run_0494_cfg_099_seed_4_of0,99,4,8,16,10,50.0,20,10,OF0,SUCCESS,1083,
run_0495_cfg_099_seed_5_of0,99,5,8,16,10,50.0,20,10,OF0,SUCCESS,1083,
run_0496_cfg_100_seed_1_mrhof,100,1,8,16,10,50.0,20,20,MRHOF,SUCCESS,1083,
run_0497_cfg_100_seed_2_mrhof,100,2,8,16,10,50.0,20,20,MRHOF,SUCCESS,1083,
run_0498_cfg_100_seed_3_mrhof,100,3,8,16,10,50.0,20,20,MRHOF,SUCCESS,1083,
run_0499_cfg_100_seed_4_mrhof,100,4,8,16,10,50.0,20,20,MRHOF,SUCCESS,1083,
run_0500_cfg_100_seed_5_mrhof,100,5,8,16,10,50.0,20,20,MRHOF,SUCCESS,1083,
run_0501_cfg_101_seed_1_of0,101,1,8,16,10,50.0,20,20,OF0,SUCCESS,1083,
run_0502_cfg_101_seed_2_of0,101,2,8,16,10,50.0,20,20,OF0,SUCCESS,1083,
run_0503_cfg_101_seed_3_of0,101,3,8,16,10,50.0,20,20,OF0,SUCCESS,1083,
run_0504_cfg_101_seed_4_of0,101,4,8,16,10,50.0,20,20,OF0,SUCCESS,1083,
run_0505_cfg_101_seed_5_of0,101,5,8,16,10,50.0,20,20,OF0,SUCCESS,1083,
run_0506_cfg_102_seed_1_mrhof,102,1,8,16,10,60.0,12,5,MRHOF,SUCCESS,627,
run_0507_cfg_102_seed_2_mrhof,102,2,8,16,10,60.0,12,5,MRHOF,SUCCESS,627,
run_0508_cfg_102_seed_3_mrhof,102,3,8,16,10,60.0,12,5,MRHOF,SUCCESS,627,
run_0509_cfg_102_seed_4_mrhof,102,4,8,16,10,60.0,12,5,MRHOF,SUCCESS,627,
run_0510_cfg_102_seed_5_mrhof,102,5,8,16,10,60.0,12,5,MRHOF,SUCCESS,627,
run_0511_cfg_103_seed_1_of0,103,1,8,16,10,60.0,12,5,OF0,SUCCESS,627,
run_0512_cfg_103_seed_2_of0,103,2,8,16,10,60.0,12,5,OF0,SUCCESS,627,
run_0513_cfg_103_seed_3_of0,103,3,8,16,10,60.0,12,5,OF0,SUCCESS,627,
run_0514_cfg_103_seed_4_of0,103,4,8,16,10,60.0,12,5,OF0,SUCCESS,627,
run_0515_cfg_103_seed_5_of0,103,5,8,16,10,60.0,12,5,OF0,SUCCESS,627,
run_0516_cfg_104_seed_1_mrhof,104,1,8,16,10,60.0,12,10,MRHOF,SUCCESS,627,
run_0517_cfg_104_seed_2_mrhof,104,2,8,16,10,60.0,12,10,MRHOF,SUCCESS,627,
run_0518_cfg_104_seed_3_mrhof,104,3,8,16,10,60.0,12,10,MRHOF,SUCCESS,627,
run_0519_cfg_104_seed_4_mrhof,104,4,8,16,10,60.0,12,10,MRHOF,SUCCESS,627,
run_0520_cfg_104_seed_5_mrhof,104,5,8,16,10,60.0,12,10,MRHOF,SUCCESS,627,
run_0521_cfg_105_seed_1_mrhof,105,1,8,16,10,60.0,12,20,MRHOF,SUCCESS,627,
run_0522_cfg_105_seed_2_mrhof,105,2,8,16,10,60.0,12,20,MRHOF,SUCCESS,627,
run_0523_cfg_105_seed_3_mrhof,105,3,8,16,10,60.0,12,20,MRHOF,SUCCESS,627,
run_0524_cfg_105_seed_4_mrhof,105,4,8,16,10,60.0,12,20,MRHOF,SUCCESS,627,
run_0525_cfg_105_seed_5_mrhof,105,5,8,16,10,60.0,12,20,MRHOF,SUCCESS,627,
run_0526_cfg_106_seed_1_mrhof,106,1,8,16,10,60.0,16,5,MRHOF,SUCCESS,855,
run_0527_cfg_106_seed_2_mrhof,106,2,8,16,10,60.0,16,5,MRHOF,SUCCESS,855,
run_0528_cfg_106_seed_3_mrhof,106,3,8,16,10,60.0,16,5,MRHOF,SUCCESS,855,
run_0529_cfg_106_seed_4_mrhof,106,4,8,16,10,60.0,16,5,MRHOF,SUCCESS,855,
run_0530_cfg_106_seed_5_mrhof,106,5,8,16,10,60.0,16,5,MRHOF,SUCCESS,855,
run_0531_cfg_107_seed_1_of0,107,1,8,16,10,60.0,16,5,OF0,SUCCESS,855,
run_0532_cfg_107_seed_2_of0,107,2,8,16,10,60.0,16,5,OF0,SUCCESS,855,
run_0533_cfg_107_seed_3_of0,107,3,8,16,10,60.0,16,5,OF0,SUCCESS,855,
run_0534_cfg_107_seed_4_of0,107,4,8,16,10,60.0,16,5,OF0,SUCCESS,855,
run_0535_cfg_107_seed_5_of0,107,5,8,16,10,60.0,16,5,OF0,SUCCESS,855,
run_0536_cfg_108_seed_1_of0,108,1,8,16,10,60.0,16,10,OF0,SUCCESS,855,
run_0537_cfg_108_seed_2_of0,108,2,8,16,10,60.0,16,10,OF0,SUCCESS,855,
run_0538_cfg_108_seed_3_of0,108,3,8,16,10,60.0,16,10,OF0,SUCCESS,855,
run_0539_cfg_108_seed_4_of0,108,4,8,16,10,60.0,16,10,OF0,SUCCESS,855,
run_0540_cfg_108_seed_5_of0,108,5,8,16,10,60.0,16,10,OF0,SUCCESS,855,
run_0541_cfg_109_seed_1_of0,109,1,8,16,10,60.0,20,5,OF0,SUCCESS,1083,
run_0542_cfg_109_seed_2_of0,109,2,8,16,10,60.0,20,5,OF0,SUCCESS,1083,
run_0543_cfg_109_seed_3_of0,109,3,8,16,10,60.0,20,5,OF0,SUCCESS,1083,
run_0544_cfg_109_seed_4_of0,109,4,8,16,10,60.0,20,5,OF0,SUCCESS,1083,
run_0545_cfg_109_seed_5_of0,109,5,8,16,10,60.0,20,5,OF0,SUCCESS,1083,
run_0546_cfg_110_seed_1_mrhof,110,1,8,16,10,60.0,20,10,MRHOF,SUCCESS,1083,
run_0547_cfg_110_seed_2_mrhof,110,2,8,16,10,60.0,20,10,MRHOF,SUCCESS,1083,
run_0548_cfg_110_seed_3_mrhof,110,3,8,16,10,60.0,20,10,MRHOF,SUCCESS,1083,
run_0549_cfg_110_seed_4_mrhof,110,4,8,16,10,60.0,20,10,MRHOF,SUCCESS,1083,
run_0550_cfg_110_seed_5_mrhof,110,5,8,16,10,60.0,20,10,MRHOF,SUCCESS,1083,
run_0551_cfg_111_seed_1_of0,111,1,8,16,10,60.0,20,10,OF0,SUCCESS,1083,
run_0552_cfg_111_seed_2_of0,111,2,8,16,10,60.0,20,10,OF0,SUCCESS,1083,
run_0553_cfg_111_seed_3_of0,111,3,8,16,10,60.0,20,10,OF0,SUCCESS,1083,
run_0554_cfg_111_seed_4_of0,111,4,8,16,10,60.0,20,10,OF0,SUCCESS,1083,
run_0555_cfg_111_seed_5_of0,111,5,8,16,10,60.0,20,10,OF0,SUCCESS,1083,
run_0556_cfg_112_seed_1_of0,112,1,8,18,0,40.0,12,5,OF0,SUCCESS,627,
run_0557_cfg_112_seed_2_of0,112,2,8,18,0,40.0,12,5,OF0,SUCCESS,627,
run_0558_cfg_112_seed_3_of0,112,3,8,18,0,40.0,12,5,OF0,SUCCESS,627,
run_0559_cfg_112_seed_4_of0,112,4,8,18,0,40.0,12,5,OF0,SUCCESS,627,
run_0560_cfg_112_seed_5_of0,112,5,8,18,0,40.0,12,5,OF0,SUCCESS,627,
run_0561_cfg_113_seed_1_mrhof,113,1,8,18,0,40.0,12,10,MRHOF,SUCCESS,627,
run_0562_cfg_113_seed_2_mrhof,113,2,8,18,0,40.0,12,10,MRHOF,SUCCESS,627,
run_0563_cfg_113_seed_3_mrhof,113,3,8,18,0,40.0,12,10,MRHOF,SUCCESS,627,
run_0564_cfg_113_seed_4_mrhof,113,4,8,18,0,40.0,12,10,MRHOF,SUCCESS,627,
run_0565_cfg_113_seed_5_mrhof,113,5,8,18,0,40.0,12,10,MRHOF,SUCCESS,627,
run_0566_cfg_114_seed_1_of0,114,1,8,18,0,40.0,12,10,OF0,SUCCESS,627,
run_0567_cfg_114_seed_2_of0,114,2,8,18,0,40.0,12,10,OF0,SUCCESS,627,
run_0568_cfg_114_seed_3_of0,114,3,8,18,0,40.0,12,10,OF0,SUCCESS,627,
run_0569_cfg_114_seed_4_of0,114,4,8,18,0,40.0,12,10,OF0,SUCCESS,627,
run_0570_cfg_114_seed_5_of0,114,5,8,18,0,40.0,12,10,OF0,SUCCESS,627,
run_0571_cfg_115_seed_1_mrhof,115,1,8,18,0,40.0,12,20,MRHOF,SUCCESS,627,
run_0572_cfg_115_seed_2_mrhof,115,2,8,18,0,40.0,12,20,MRHOF,SUCCESS,627,
run_0573_cfg_115_seed_3_mrhof,115,3,8,18,0,40.0,12,20,MRHOF,SUCCESS,627,
run_0574_cfg_115_seed_4_mrhof,115,4,8,18,0,40.0,12,20,MRHOF,SUCCESS,627,
run_0575_cfg_115_seed_5_mrhof,115,5,8,18,0,40.0,12,20,MRHOF,SUCCESS,627,
run_0576_cfg_116_seed_1_of0,116,1,8,18,0,40.0,12,20,OF0,SUCCESS,627,
run_0577_cfg_116_seed_2_of0,116,2,8,18,0,40.0,12,20,OF0,SUCCESS,627,
run_0578_cfg_116_seed_3_of0,116,3,8,18,0,40.0,12,20,OF0,SUCCESS,627,
run_0579_cfg_116_seed_4_of0,116,4,8,18,0,40.0,12,20,OF0,SUCCESS,627,
run_0580_cfg_116_seed_5_of0,116,5,8,18,0,40.0,12,20,OF0,SUCCESS,627,
run_0581_cfg_117_seed_1_mrhof,117,1,8,18,0,40.0,16,5,MRHOF,SUCCESS,855,
run_0582_cfg_117_seed_2_mrhof,117,2,8,18,0,40.0,16,5,MRHOF,SUCCESS,855,
run_0583_cfg_117_seed_3_mrhof,117,3,8,18,0,40.0,16,5,MRHOF,SUCCESS,855,
run_0584_cfg_117_seed_4_mrhof,117,4,8,18,0,40.0,16,5,MRHOF,SUCCESS,855,
run_0585_cfg_117_seed_5_mrhof,117,5,8,18,0,40.0,16,5,MRHOF,SUCCESS,855,
run_0586_cfg_118_seed_1_of0,118,1,8,18,0,40.0,16,5,OF0,SUCCESS,855,
run_0587_cfg_118_seed_2_of0,118,2,8,18,0,40.0,16,5,OF0,SUCCESS,855,
run_0588_cfg_118_seed_3_of0,118,3,8,18,0,40.0,16,5,OF0,SUCCESS,855,
run_0589_cfg_118_seed_4_of0,118,4,8,18,0,40.0,16,5,OF0,SUCCESS,855,
run_0590_cfg_118_seed_5_of0,118,5,8,18,0,40.0,16,5,OF0,SUCCESS,855,
run_0591_cfg_119_seed_1_mrhof,119,1,8,18,0,40.0,16,10,MRHOF,SUCCESS,855,
run_0592_cfg_119_seed_2_mrhof,119,2,8,18,0,40.0,16,10,MRHOF,SUCCESS,855,
run_0593_cfg_119_seed_3_mrhof,119,3,8,18,0,40.0,16,10,MRHOF,SUCCESS,855,
run_0594_cfg_119_seed_4_mrhof,119,4,8,18,0,40.0,16,10,MRHOF,SUCCESS,855,
run_0595_cfg_119_seed_5_mrhof,119,5,8,18,0,40.0,16,10,MRHOF,SUCCESS,855,
run_0596_cfg_120_seed_1_of0,120,1,8,18,0,40.0,16,10,OF0,SUCCESS,855,
run_0597_cfg_120_seed_2_of0,120,2,8,18,0,40.0,16,10,OF0,SUCCESS,855,
run_0598_cfg_120_seed_3_of0,120,3,8,18,0,40.0,16,10,OF0,SUCCESS,855,
run_0599_cfg_120_seed_4_of0,120,4,8,18,0,40.0,16,10,OF0,SUCCESS,855,
run_0600_cfg_120_seed_5_of0,120,5,8,18,0,40.0,16,10,OF0,SUCCESS,855,
run_0601_cfg_121_seed_1_of0,121,1,8,18,0,40.0,16,20,OF0,SUCCESS,855,
run_0602_cfg_121_seed_2_of0,121,2,8,18,0,40.0,16,20,OF0,SUCCESS,855,
run_0603_cfg_121_seed_3_of0,121,3,8,18,0,40.0,16,20,OF0,SUCCESS,855,
run_0604_cfg_121_seed_4_of0,121,4,8,18,0,40.0,16,20,OF0,SUCCESS,855,
run_0605_cfg_121_seed_5_of0,121,5,8,18,0,40.0,16,20,OF0,SUCCESS,855,
run_0606_cfg_122_seed_1_mrhof,122,1,8,18,0,40.0,20,5,MRHOF,SUCCESS,1083,
run_0607_cfg_122_seed_2_mrhof,122,2,8,18,0,40.0,20,5,MRHOF,SUCCESS,1083,
run_0608_cfg_122_seed_3_mrhof,122,3,8,18,0,40.0,20,5,MRHOF,SUCCESS,1083,
run_0609_cfg_122_seed_4_mrhof,122,4,8,18,0,40.0,20,5,MRHOF,SUCCESS,1083,
run_0610_cfg_122_seed_5_mrhof,122,5,8,18,0,40.0,20,5,MRHOF,SUCCESS,1083,
run_0611_cfg_123_seed_1_mrhof,123,1,8,18,0,40.0,20,10,MRHOF,SUCCESS,1083,
run_0612_cfg_123_seed_2_mrhof,123,2,8,18,0,40.0,20,10,MRHOF,SUCCESS,1083,
run_0613_cfg_123_seed_3_mrhof,123,3,8,18,0,40.0,20,10,MRHOF,SUCCESS,1083,
run_0614_cfg_123_seed_4_mrhof,123,4,8,18,0,40.0,20,10,MRHOF,SUCCESS,1083,
run_0615_cfg_123_seed_5_mrhof,123,5,8,18,0,40.0,20,10,MRHOF,SUCCESS,1083,
run_0616_cfg_124_seed_1_of0,124,1,8,18,0,40.0,20,10,OF0,SUCCESS,1083,
run_0617_cfg_124_seed_2_of0,124,2,8,18,0,40.0,20,10,OF0,SUCCESS,1083,
run_0618_cfg_124_seed_3_of0,124,3,8,18,0,40.0,20,10,OF0,SUCCESS,1083,
run_0619_cfg_124_seed_4_of0,124,4,8,18,0,40.0,20,10,OF0,SUCCESS,1083,
run_0620_cfg_124_seed_5_of0,124,5,8,18,0,40.0,20,10,OF0,SUCCESS,1083,
run_0621_cfg_125_seed_1_of0,125,1,8,18,0,40.0,20,20,OF0,SUCCESS,1083,
run_0622_cfg_125_seed_2_of0,125,2,8,18,0,40.0,20,20,OF0,SUCCESS,1083,
run_0623_cfg_125_seed_3_of0,125,3,8,18,0,40.0,20,20,OF0,SUCCESS,1083,
run_0624_cfg_125_seed_4_of0,125,4,8,18,0,40.0,20,20,OF0,SUCCESS,1083,
run_0625_cfg_125_seed_5_of0,125,5,8,18,0,40.0,20,20,OF0,SUCCESS,1083,
run_0626_cfg_126_seed_1_mrhof,126,1,8,18,0,50.0,12,5,MRHOF,SUCCESS,627,
run_0627_cfg_126_seed_2_mrhof,126,2,8,18,0,50.0,12,5,MRHOF,SUCCESS,627,
run_0628_cfg_126_seed_3_mrhof,126,3,8,18,0,50.0,12,5,MRHOF,SUCCESS,627,
run_0629_cfg_126_seed_4_mrhof,126,4,8,18,0,50.0,12,5,MRHOF,SUCCESS,627,
run_0630_cfg_126_seed_5_mrhof,126,5,8,18,0,50.0,12,5,MRHOF,SUCCESS,627,
run_0631_cfg_127_seed_1_mrhof,127,1,8,18,0,50.0,12,10,MRHOF,SUCCESS,627,
run_0632_cfg_127_seed_2_mrhof,127,2,8,18,0,50.0,12,10,MRHOF,SUCCESS,627,
run_0633_cfg_127_seed_3_mrhof,127,3,8,18,0,50.0,12,10,MRHOF,SUCCESS,627,
run_0634_cfg_127_seed_4_mrhof,127,4,8,18,0,50.0,12,10,MRHOF,SUCCESS,627,
run_0635_cfg_127_seed_5_mrhof,127,5,8,18,0,50.0,12,10,MRHOF,SUCCESS,627,
run_0636_cfg_128_seed_1_mrhof,128,1,8,18,0,50.0,12,20,MRHOF,SUCCESS,627,
run_0637_cfg_128_seed_2_mrhof,128,2,8,18,0,50.0,12,20,MRHOF,SUCCESS,627,
run_0638_cfg_128_seed_3_mrhof,128,3,8,18,0,50.0,12,20,MRHOF,SUCCESS,627,
run_0639_cfg_128_seed_4_mrhof,128,4,8,18,0,50.0,12,20,MRHOF,SUCCESS,627,
run_0640_cfg_128_seed_5_mrhof,128,5,8,18,0,50.0,12,20,MRHOF,SUCCESS,627,
run_0641_cfg_129_seed_1_of0,129,1,8,18,0,50.0,12,20,OF0,SUCCESS,627,
run_0642_cfg_129_seed_2_of0,129,2,8,18,0,50.0,12,20,OF0,SUCCESS,627,
run_0643_cfg_129_seed_3_of0,129,3,8,18,0,50.0,12,20,OF0,SUCCESS,627,
run_0644_cfg_129_seed_4_of0,129,4,8,18,0,50.0,12,20,OF0,SUCCESS,627,
run_0645_cfg_129_seed_5_of0,129,5,8,18,0,50.0,12,20,OF0,SUCCESS,627,
run_0646_cfg_130_seed_1_mrhof,130,1,8,18,0,50.0,16,5,MRHOF,SUCCESS,855,
run_0647_cfg_130_seed_2_mrhof,130,2,8,18,0,50.0,16,5,MRHOF,SUCCESS,855,
run_0648_cfg_130_seed_3_mrhof,130,3,8,18,0,50.0,16,5,MRHOF,SUCCESS,855,
run_0649_cfg_130_seed_4_mrhof,130,4,8,18,0,50.0,16,5,MRHOF,SUCCESS,855,
run_0650_cfg_130_seed_5_mrhof,130,5,8,18,0,50.0,16,5,MRHOF,SUCCESS,855,
run_0651_cfg_131_seed_1_of0,131,1,8,18,0,50.0,16,5,OF0,SUCCESS,855,
run_0652_cfg_131_seed_2_of0,131,2,8,18,0,50.0,16,5,OF0,SUCCESS,855,
run_0653_cfg_131_seed_3_of0,131,3,8,18,0,50.0,16,5,OF0,SUCCESS,855,
run_0654_cfg_131_seed_4_of0,131,4,8,18,0,50.0,16,5,OF0,SUCCESS,855,
run_0655_cfg_131_seed_5_of0,131,5,8,18,0,50.0,16,5,OF0,SUCCESS,855,
run_0656_cfg_132_seed_1_mrhof,132,1,8,18,0,50.0,16,10,MRHOF,SUCCESS,855,
run_0657_cfg_132_seed_2_mrhof,132,2,8,18,0,50.0,16,10,MRHOF,SUCCESS,855,
run_0658_cfg_132_seed_3_mrhof,132,3,8,18,0,50.0,16,10,MRHOF,SUCCESS,855,
run_0659_cfg_132_seed_4_mrhof,132,4,8,18,0,50.0,16,10,MRHOF,SUCCESS,855,
run_0660_cfg_132_seed_5_mrhof,132,5,8,18,0,50.0,16,10,MRHOF,SUCCESS,855,
run_0661_cfg_133_seed_1_of0,133,1,8,18,0,50.0,16,10,OF0,SUCCESS,855,
run_0662_cfg_133_seed_2_of0,133,2,8,18,0,50.0,16,10,OF0,SUCCESS,855,
run_0663_cfg_133_seed_3_of0,133,3,8,18,0,50.0,16,10,OF0,SUCCESS,855,
run_0664_cfg_133_seed_4_of0,133,4,8,18,0,50.0,16,10,OF0,SUCCESS,855,
run_0665_cfg_133_seed_5_of0,133,5,8,18,0,50.0,16,10,OF0,SUCCESS,855,
run_0666_cfg_134_seed_1_mrhof,134,1,8,18,0,50.0,16,20,MRHOF,SUCCESS,855,
run_0667_cfg_134_seed_2_mrhof,134,2,8,18,0,50.0,16,20,MRHOF,SUCCESS,855,
run_0668_cfg_134_seed_3_mrhof,134,3,8,18,0,50.0,16,20,MRHOF,SUCCESS,855,
run_0669_cfg_134_seed_4_mrhof,134,4,8,18,0,50.0,16,20,MRHOF,SUCCESS,855,
run_0670_cfg_134_seed_5_mrhof,134,5,8,18,0,50.0,16,20,MRHOF,SUCCESS,855,
run_0671_cfg_135_seed_1_mrhof,135,1,8,18,0,50.0,20,5,MRHOF,SUCCESS,1083,
run_0672_cfg_135_seed_2_mrhof,135,2,8,18,0,50.0,20,5,MRHOF,SUCCESS,1083,
run_0673_cfg_135_seed_3_mrhof,135,3,8,18,0,50.0,20,5,MRHOF,SUCCESS,1083,
run_0674_cfg_135_seed_4_mrhof,135,4,8,18,0,50.0,20,5,MRHOF,SUCCESS,1083,
run_0675_cfg_135_seed_5_mrhof,135,5,8,18,0,50.0,20,5,MRHOF,SUCCESS,1083,
run_0676_cfg_136_seed_1_of0,136,1,8,18,0,50.0,20,5,OF0,SUCCESS,1083,
run_0677_cfg_136_seed_2_of0,136,2,8,18,0,50.0,20,5,OF0,SUCCESS,1083,
run_0678_cfg_136_seed_3_of0,136,3,8,18,0,50.0,20,5,OF0,SUCCESS,1083,
run_0679_cfg_136_seed_4_of0,136,4,8,18,0,50.0,20,5,OF0,SUCCESS,1083,
run_0680_cfg_136_seed_5_of0,136,5,8,18,0,50.0,20,5,OF0,SUCCESS,1083,
run_0681_cfg_137_seed_1_mrhof,137,1,8,18,0,50.0,20,10,MRHOF,SUCCESS,1083,
run_0682_cfg_137_seed_2_mrhof,137,2,8,18,0,50.0,20,10,MRHOF,SUCCESS,1083,
run_0683_cfg_137_seed_3_mrhof,137,3,8,18,0,50.0,20,10,MRHOF,SUCCESS,1083,
run_0684_cfg_137_seed_4_mrhof,137,4,8,18,0,50.0,20,10,MRHOF,SUCCESS,1083,
run_0685_cfg_137_seed_5_mrhof,137,5,8,18,0,50.0,20,10,MRHOF,SUCCESS,1083,
run_0686_cfg_138_seed_1_of0,138,1,8,18,0,50.0,20,10,OF0,SUCCESS,1083,
run_0687_cfg_138_seed_2_of0,138,2,8,18,0,50.0,20,10,OF0,SUCCESS,1083,
run_0688_cfg_138_seed_3_of0,138,3,8,18,0,50.0,20,10,OF0,SUCCESS,1083,
run_0689_cfg_138_seed_4_of0,138,4,8,18,0,50.0,20,10,OF0,SUCCESS,1083,
run_0690_cfg_138_seed_5_of0,138,5,8,18,0,50.0,20,10,OF0,SUCCESS,1083,
run_0691_cfg_139_seed_1_mrhof,139,1,8,18,0,50.0,20,20,MRHOF,SUCCESS,1083,
run_0692_cfg_139_seed_2_mrhof,139,2,8,18,0,50.0,20,20,MRHOF,SUCCESS,1083,
run_0693_cfg_139_seed_3_mrhof,139,3,8,18,0,50.0,20,20,MRHOF,SUCCESS,1083,
run_0694_cfg_139_seed_4_mrhof,139,4,8,18,0,50.0,20,20,MRHOF,SUCCESS,1083,
run_0695_cfg_139_seed_5_mrhof,139,5,8,18,0,50.0,20,20,MRHOF,SUCCESS,1083,
run_0696_cfg_140_seed_1_mrhof,140,1,8,18,0,60.0,12,5,MRHOF,SUCCESS,627,
run_0697_cfg_140_seed_2_mrhof,140,2,8,18,0,60.0,12,5,MRHOF,SUCCESS,627,
run_0698_cfg_140_seed_3_mrhof,140,3,8,18,0,60.0,12,5,MRHOF,SUCCESS,627,
run_0699_cfg_140_seed_4_mrhof,140,4,8,18,0,60.0,12,5,MRHOF,SUCCESS,627,
run_0700_cfg_140_seed_5_mrhof,140,5,8,18,0,60.0,12,5,MRHOF,SUCCESS,627,
run_0701_cfg_141_seed_1_of0,141,1,8,18,0,60.0,12,10,OF0,SUCCESS,627,
run_0702_cfg_141_seed_2_of0,141,2,8,18,0,60.0,12,10,OF0,SUCCESS,627,
run_0703_cfg_141_seed_3_of0,141,3,8,18,0,60.0,12,10,OF0,SUCCESS,627,
run_0704_cfg_141_seed_4_of0,141,4,8,18,0,60.0,12,10,OF0,SUCCESS,627,
run_0705_cfg_141_seed_5_of0,141,5,8,18,0,60.0,12,10,OF0,SUCCESS,627,
run_0706_cfg_142_seed_1_mrhof,142,1,8,18,0,60.0,12,20,MRHOF,SUCCESS,627,
run_0707_cfg_142_seed_2_mrhof,142,2,8,18,0,60.0,12,20,MRHOF,SUCCESS,627,
run_0708_cfg_142_seed_3_mrhof,142,3,8,18,0,60.0,12,20,MRHOF,SUCCESS,627,
run_0709_cfg_142_seed_4_mrhof,142,4,8,18,0,60.0,12,20,MRHOF,SUCCESS,627,
run_0710_cfg_142_seed_5_mrhof,142,5,8,18,0,60.0,12,20,MRHOF,SUCCESS,627,
run_0711_cfg_143_seed_1_of0,143,1,8,18,0,60.0,12,20,OF0,SUCCESS,627,
run_0712_cfg_143_seed_2_of0,143,2,8,18,0,60.0,12,20,OF0,SUCCESS,627,
run_0713_cfg_143_seed_3_of0,143,3,8,18,0,60.0,12,20,OF0,SUCCESS,627,
run_0714_cfg_143_seed_4_of0,143,4,8,18,0,60.0,12,20,OF0,SUCCESS,627,
run_0715_cfg_143_seed_5_of0,143,5,8,18,0,60.0,12,20,OF0,SUCCESS,627,
run_0716_cfg_144_seed_1_mrhof,144,1,8,18,0,60.0,16,5,MRHOF,SUCCESS,855,
run_0717_cfg_144_seed_2_mrhof,144,2,8,18,0,60.0,16,5,MRHOF,SUCCESS,855,
run_0718_cfg_144_seed_3_mrhof,144,3,8,18,0,60.0,16,5,MRHOF,SUCCESS,855,
run_0719_cfg_144_seed_4_mrhof,144,4,8,18,0,60.0,16,5,MRHOF,SUCCESS,855,
run_0720_cfg_144_seed_5_mrhof,144,5,8,18,0,60.0,16,5,MRHOF,SUCCESS,855,
run_0721_cfg_145_seed_1_of0,145,1,8,18,0,60.0,16,5,OF0,SUCCESS,855,
run_0722_cfg_145_seed_2_of0,145,2,8,18,0,60.0,16,5,OF0,SUCCESS,855,
run_0723_cfg_145_seed_3_of0,145,3,8,18,0,60.0,16,5,OF0,SUCCESS,855,
run_0724_cfg_145_seed_4_of0,145,4,8,18,0,60.0,16,5,OF0,SUCCESS,855,
run_0725_cfg_145_seed_5_of0,145,5,8,18,0,60.0,16,5,OF0,SUCCESS,855,
run_0726_cfg_146_seed_1_mrhof,146,1,8,18,0,60.0,16,10,MRHOF,SUCCESS,855,
run_0727_cfg_146_seed_2_mrhof,146,2,8,18,0,60.0,16,10,MRHOF,SUCCESS,855,
run_0728_cfg_146_seed_3_mrhof,146,3,8,18,0,60.0,16,10,MRHOF,SUCCESS,855,
run_0729_cfg_146_seed_4_mrhof,146,4,8,18,0,60.0,16,10,MRHOF,SUCCESS,855,
run_0730_cfg_146_seed_5_mrhof,146,5,8,18,0,60.0,16,10,MRHOF,SUCCESS,855,
run_0731_cfg_147_seed_1_of0,147,1,8,18,0,60.0,16,10,OF0,SUCCESS,855,
run_0732_cfg_147_seed_2_of0,147,2,8,18,0,60.0,16,10,OF0,SUCCESS,855,
run_0733_cfg_147_seed_3_of0,147,3,8,18,0,60.0,16,10,OF0,SUCCESS,855,
run_0734_cfg_147_seed_4_of0,147,4,8,18,0,60.0,16,10,OF0,SUCCESS,855,
run_0735_cfg_147_seed_5_of0,147,5,8,18,0,60.0,16,10,OF0,SUCCESS,855,
run_0736_cfg_148_seed_1_mrhof,148,1,8,18,0,60.0,16,20,MRHOF,SUCCESS,855,
run_0737_cfg_148_seed_2_mrhof,148,2,8,18,0,60.0,16,20,MRHOF,SUCCESS,855,
run_0738_cfg_148_seed_3_mrhof,148,3,8,18,0,60.0,16,20,MRHOF,SUCCESS,855,
run_0739_cfg_148_seed_4_mrhof,148,4,8,18,0,60.0,16,20,MRHOF,SUCCESS,855,
run_0740_cfg_148_seed_5_mrhof,148,5,8,18,0,60.0,16,20,MRHOF,SUCCESS,855,
run_0741_cfg_149_seed_1_of0,149,1,8,18,0,60.0,16,20,OF0,SUCCESS,855,
run_0742_cfg_149_seed_2_of0,149,2,8,18,0,60.0,16,20,OF0,SUCCESS,855,
run_0743_cfg_149_seed_3_of0,149,3,8,18,0,60.0,16,20,OF0,SUCCESS,855,
run_0744_cfg_149_seed_4_of0,149,4,8,18,0,60.0,16,20,OF0,SUCCESS,855,
run_0745_cfg_149_seed_5_of0,149,5,8,18,0,60.0,16,20,OF0,SUCCESS,855,
run_0746_cfg_150_seed_1_mrhof,150,1,8,18,0,60.0,20,5,MRHOF,SUCCESS,1083,
run_0747_cfg_150_seed_2_mrhof,150,2,8,18,0,60.0,20,5,MRHOF,SUCCESS,1083,
run_0748_cfg_150_seed_3_mrhof,150,3,8,18,0,60.0,20,5,MRHOF,SUCCESS,1083,
run_0749_cfg_150_seed_4_mrhof,150,4,8,18,0,60.0,20,5,MRHOF,SUCCESS,1083,
run_0750_cfg_150_seed_5_mrhof,150,5,8,18,0,60.0,20,5,MRHOF,SUCCESS,1083,
run_0751_cfg_151_seed_1_of0,151,1,8,18,0,60.0,20,5,OF0,SUCCESS,1083,
run_0752_cfg_151_seed_2_of0,151,2,8,18,0,60.0,20,5,OF0,SUCCESS,1083,
run_0753_cfg_151_seed_3_of0,151,3,8,18,0,60.0,20,5,OF0,SUCCESS,1083,
run_0754_cfg_151_seed_4_of0,151,4,8,18,0,60.0,20,5,OF0,SUCCESS,1083,
run_0755_cfg_151_seed_5_of0,151,5,8,18,0,60.0,20,5,OF0,SUCCESS,1083,
run_0756_cfg_152_seed_1_of0,152,1,8,18,0,60.0,20,10,OF0,SUCCESS,1083,
run_0757_cfg_152_seed_2_of0,152,2,8,18,0,60.0,20,10,OF0,SUCCESS,1083,
run_0758_cfg_152_seed_3_of0,152,3,8,18,0,60.0,20,10,OF0,SUCCESS,1083,
run_0759_cfg_152_seed_4_of0,152,4,8,18,0,60.0,20,10,OF0,SUCCESS,1083,
run_0760_cfg_152_seed_5_of0,152,5,8,18,0,60.0,20,10,OF0,SUCCESS,1083,
run_0761_cfg_153_seed_1_mrhof,153,1,8,18,5,40.0,12,5,MRHOF,SUCCESS,627,
run_0762_cfg_153_seed_2_mrhof,153,2,8,18,5,40.0,12,5,MRHOF,SUCCESS,627,
run_0763_cfg_153_seed_3_mrhof,153,3,8,18,5,40.0,12,5,MRHOF,SUCCESS,627,
run_0764_cfg_153_seed_4_mrhof,153,4,8,18,5,40.0,12,5,MRHOF,SUCCESS,627,
run_0765_cfg_153_seed_5_mrhof,153,5,8,18,5,40.0,12,5,MRHOF,SUCCESS,627,
run_0766_cfg_154_seed_1_of0,154,1,8,18,5,40.0,12,10,OF0,SUCCESS,627,
run_0767_cfg_154_seed_2_of0,154,2,8,18,5,40.0,12,10,OF0,SUCCESS,627,
run_0768_cfg_154_seed_3_of0,154,3,8,18,5,40.0,12,10,OF0,SUCCESS,627,
run_0769_cfg_154_seed_4_of0,154,4,8,18,5,40.0,12,10,OF0,SUCCESS,627,
run_0770_cfg_154_seed_5_of0,154,5,8,18,5,40.0,12,10,OF0,SUCCESS,627,
run_0771_cfg_155_seed_1_mrhof,155,1,8,18,5,40.0,12,20,MRHOF,SUCCESS,627,
run_0772_cfg_155_seed_2_mrhof,155,2,8,18,5,40.0,12,20,MRHOF,SUCCESS,627,
run_0773_cfg_155_seed_3_mrhof,155,3,8,18,5,40.0,12,20,MRHOF,SUCCESS,627,
run_0774_cfg_155_seed_4_mrhof,155,4,8,18,5,40.0,12,20,MRHOF,SUCCESS,627,
run_0775_cfg_155_seed_5_mrhof,155,5,8,18,5,40.0,12,20,MRHOF,SUCCESS,627,
run_0776_cfg_156_seed_1_mrhof,156,1,8,18,5,40.0,16,5,MRHOF,SUCCESS,855,
run_0777_cfg_156_seed_2_mrhof,156,2,8,18,5,40.0,16,5,MRHOF,SUCCESS,855,
run_0778_cfg_156_seed_3_mrhof,156,3,8,18,5,40.0,16,5,MRHOF,SUCCESS,855,
run_0779_cfg_156_seed_4_mrhof,156,4,8,18,5,40.0,16,5,MRHOF,SUCCESS,855,
run_0780_cfg_156_seed_5_mrhof,156,5,8,18,5,40.0,16,5,MRHOF,SUCCESS,855,
run_0781_cfg_157_seed_1_of0,157,1,8,18,5,40.0,16,5,OF0,SUCCESS,855,
run_0782_cfg_157_seed_2_of0,157,2,8,18,5,40.0,16,5,OF0,SUCCESS,855,
run_0783_cfg_157_seed_3_of0,157,3,8,18,5,40.0,16,5,OF0,SUCCESS,855,
run_0784_cfg_157_seed_4_of0,157,4,8,18,5,40.0,16,5,OF0,SUCCESS,855,
run_0785_cfg_157_seed_5_of0,157,5,8,18,5,40.0,16,5,OF0,SUCCESS,855,
run_0786_cfg_158_seed_1_mrhof,158,1,8,18,5,40.0,16,10,MRHOF,SUCCESS,855,
run_0787_cfg_158_seed_2_mrhof,158,2,8,18,5,40.0,16,10,MRHOF,SUCCESS,855,
run_0788_cfg_158_seed_3_mrhof,158,3,8,18,5,40.0,16,10,MRHOF,SUCCESS,855,
run_0789_cfg_158_seed_4_mrhof,158,4,8,18,5,40.0,16,10,MRHOF,SUCCESS,855,
run_0790_cfg_158_seed_5_mrhof,158,5,8,18,5,40.0,16,10,MRHOF,SUCCESS,855,
run_0791_cfg_159_seed_1_of0,159,1,8,18,5,40.0,16,10,OF0,SUCCESS,855,
run_0792_cfg_159_seed_2_of0,159,2,8,18,5,40.0,16,10,OF0,SUCCESS,854,
run_0793_cfg_159_seed_3_of0,159,3,8,18,5,40.0,16,10,OF0,SUCCESS,855,
run_0794_cfg_159_seed_4_of0,159,4,8,18,5,40.0,16,10,OF0,SUCCESS,855,
run_0795_cfg_159_seed_5_of0,159,5,8,18,5,40.0,16,10,OF0,SUCCESS,855,
run_0796_cfg_160_seed_1_mrhof,160,1,8,18,5,40.0,16,20,MRHOF,SUCCESS,855,
run_0797_cfg_160_seed_2_mrhof,160,2,8,18,5,40.0,16,20,MRHOF,SUCCESS,855,
run_0798_cfg_160_seed_3_mrhof,160,3,8,18,5,40.0,16,20,MRHOF,SUCCESS,855,
run_0799_cfg_160_seed_4_mrhof,160,4,8,18,5,40.0,16,20,MRHOF,SUCCESS,855,
run_0800_cfg_160_seed_5_mrhof,160,5,8,18,5,40.0,16,20,MRHOF,SUCCESS,855,
run_0801_cfg_161_seed_1_mrhof,161,1,8,18,5,40.0,20,5,MRHOF,SUCCESS,1083,
run_0802_cfg_161_seed_2_mrhof,161,2,8,18,5,40.0,20,5,MRHOF,SUCCESS,1083,
run_0803_cfg_161_seed_3_mrhof,161,3,8,18,5,40.0,20,5,MRHOF,SUCCESS,1083,
run_0804_cfg_161_seed_4_mrhof,161,4,8,18,5,40.0,20,5,MRHOF,SUCCESS,1083,
run_0805_cfg_161_seed_5_mrhof,161,5,8,18,5,40.0,20,5,MRHOF,SUCCESS,1083,
run_0806_cfg_162_seed_1_of0,162,1,8,18,5,40.0,20,5,OF0,SUCCESS,1083,
run_0807_cfg_162_seed_2_of0,162,2,8,18,5,40.0,20,5,OF0,SUCCESS,1083,
run_0808_cfg_162_seed_3_of0,162,3,8,18,5,40.0,20,5,OF0,SUCCESS,1083,
run_0809_cfg_162_seed_4_of0,162,4,8,18,5,40.0,20,5,OF0,SUCCESS,1083,
run_0810_cfg_162_seed_5_of0,162,5,8,18,5,40.0,20,5,OF0,SUCCESS,1083,
run_0811_cfg_163_seed_1_of0,163,1,8,18,5,40.0,20,10,OF0,SUCCESS,1083,
run_0812_cfg_163_seed_2_of0,163,2,8,18,5,40.0,20,10,OF0,SUCCESS,1083,
run_0813_cfg_163_seed_3_of0,163,3,8,18,5,40.0,20,10,OF0,SUCCESS,1083,
run_0814_cfg_163_seed_4_of0,163,4,8,18,5,40.0,20,10,OF0,SUCCESS,1083,
run_0815_cfg_163_seed_5_of0,163,5,8,18,5,40.0,20,10,OF0,SUCCESS,1083,
run_0816_cfg_164_seed_1_of0,164,1,8,18,5,40.0,20,20,OF0,SUCCESS,1083,
run_0817_cfg_164_seed_2_of0,164,2,8,18,5,40.0,20,20,OF0,SUCCESS,1083,
run_0818_cfg_164_seed_3_of0,164,3,8,18,5,40.0,20,20,OF0,SUCCESS,1083,
run_0819_cfg_164_seed_4_of0,164,4,8,18,5,40.0,20,20,OF0,SUCCESS,1083,
run_0820_cfg_164_seed_5_of0,164,5,8,18,5,40.0,20,20,OF0,SUCCESS,1083,
run_0821_cfg_165_seed_1_of0,165,1,8,18,5,50.0,12,5,OF0,SUCCESS,627,
run_0822_cfg_165_seed_2_of0,165,2,8,18,5,50.0,12,5,OF0,SUCCESS,627,
run_0823_cfg_165_seed_3_of0,165,3,8,18,5,50.0,12,5,OF0,SUCCESS,627,
run_0824_cfg_165_seed_4_of0,165,4,8,18,5,50.0,12,5,OF0,SUCCESS,627,
run_0825_cfg_165_seed_5_of0,165,5,8,18,5,50.0,12,5,OF0,SUCCESS,627,
run_0826_cfg_166_seed_1_mrhof,166,1,8,18,5,50.0,12,10,MRHOF,SUCCESS,627,
run_0827_cfg_166_seed_2_mrhof,166,2,8,18,5,50.0,12,10,MRHOF,SUCCESS,627,
run_0828_cfg_166_seed_3_mrhof,166,3,8,18,5,50.0,12,10,MRHOF,SUCCESS,627,
run_0829_cfg_166_seed_4_mrhof,166,4,8,18,5,50.0,12,10,MRHOF,SUCCESS,627,
run_0830_cfg_166_seed_5_mrhof,166,5,8,18,5,50.0,12,10,MRHOF,SUCCESS,627,
run_0831_cfg_167_seed_1_mrhof,167,1,8,18,5,50.0,12,20,MRHOF,SUCCESS,627,
run_0832_cfg_167_seed_2_mrhof,167,2,8,18,5,50.0,12,20,MRHOF,SUCCESS,627,
run_0833_cfg_167_seed_3_mrhof,167,3,8,18,5,50.0,12,20,MRHOF,SUCCESS,627,
run_0834_cfg_167_seed_4_mrhof,167,4,8,18,5,50.0,12,20,MRHOF,SUCCESS,627,
run_0835_cfg_167_seed_5_mrhof,167,5,8,18,5,50.0,12,20,MRHOF,SUCCESS,627,
run_0836_cfg_168_seed_1_of0,168,1,8,18,5,50.0,12,20,OF0,SUCCESS,627,
run_0837_cfg_168_seed_2_of0,168,2,8,18,5,50.0,12,20,OF0,SUCCESS,627,
run_0838_cfg_168_seed_3_of0,168,3,8,18,5,50.0,12,20,OF0,SUCCESS,627,
run_0839_cfg_168_seed_4_of0,168,4,8,18,5,50.0,12,20,OF0,SUCCESS,627,
run_0840_cfg_168_seed_5_of0,168,5,8,18,5,50.0,12,20,OF0,SUCCESS,627,
run_0841_cfg_169_seed_1_mrhof,169,1,8,18,5,50.0,16,5,MRHOF,SUCCESS,855,
run_0842_cfg_169_seed_2_mrhof,169,2,8,18,5,50.0,16,5,MRHOF,SUCCESS,855,
run_0843_cfg_169_seed_3_mrhof,169,3,8,18,5,50.0,16,5,MRHOF,SUCCESS,855,
run_0844_cfg_169_seed_4_mrhof,169,4,8,18,5,50.0,16,5,MRHOF,SUCCESS,855,
run_0845_cfg_169_seed_5_mrhof,169,5,8,18,5,50.0,16,5,MRHOF,SUCCESS,855,
run_0846_cfg_170_seed_1_mrhof,170,1,8,18,5,50.0,16,10,MRHOF,SUCCESS,855,
run_0847_cfg_170_seed_2_mrhof,170,2,8,18,5,50.0,16,10,MRHOF,SUCCESS,855,
run_0848_cfg_170_seed_3_mrhof,170,3,8,18,5,50.0,16,10,MRHOF,SUCCESS,855,
run_0849_cfg_170_seed_4_mrhof,170,4,8,18,5,50.0,16,10,MRHOF,SUCCESS,855,
run_0850_cfg_170_seed_5_mrhof,170,5,8,18,5,50.0,16,10,MRHOF,SUCCESS,855,
run_0851_cfg_171_seed_1_of0,171,1,8,18,5,50.0,16,10,OF0,SUCCESS,855,
run_0852_cfg_171_seed_2_of0,171,2,8,18,5,50.0,16,10,OF0,SUCCESS,855,
run_0853_cfg_171_seed_3_of0,171,3,8,18,5,50.0,16,10,OF0,SUCCESS,855,
run_0854_cfg_171_seed_4_of0,171,4,8,18,5,50.0,16,10,OF0,SUCCESS,855,
run_0855_cfg_171_seed_5_of0,171,5,8,18,5,50.0,16,10,OF0,SUCCESS,855,
run_0856_cfg_172_seed_1_mrhof,172,1,8,18,5,50.0,16,20,MRHOF,SUCCESS,855,
run_0857_cfg_172_seed_2_mrhof,172,2,8,18,5,50.0,16,20,MRHOF,SUCCESS,855,
run_0858_cfg_172_seed_3_mrhof,172,3,8,18,5,50.0,16,20,MRHOF,SUCCESS,855,
run_0859_cfg_172_seed_4_mrhof,172,4,8,18,5,50.0,16,20,MRHOF,SUCCESS,855,
run_0860_cfg_172_seed_5_mrhof,172,5,8,18,5,50.0,16,20,MRHOF,SUCCESS,855,
run_0861_cfg_173_seed_1_mrhof,173,1,8,18,5,50.0,20,5,MRHOF,SUCCESS,1083,
run_0862_cfg_173_seed_2_mrhof,173,2,8,18,5,50.0,20,5,MRHOF,SUCCESS,1083,
run_0863_cfg_173_seed_3_mrhof,173,3,8,18,5,50.0,20,5,MRHOF,SUCCESS,1083,
run_0864_cfg_173_seed_4_mrhof,173,4,8,18,5,50.0,20,5,MRHOF,SUCCESS,1083,
run_0865_cfg_173_seed_5_mrhof,173,5,8,18,5,50.0,20,5,MRHOF,SUCCESS,1083,
run_0866_cfg_174_seed_1_of0,174,1,8,18,5,50.0,20,5,OF0,SUCCESS,1083,
run_0867_cfg_174_seed_2_of0,174,2,8,18,5,50.0,20,5,OF0,SUCCESS,1083,
run_0868_cfg_174_seed_3_of0,174,3,8,18,5,50.0,20,5,OF0,SUCCESS,1083,
run_0869_cfg_174_seed_4_of0,174,4,8,18,5,50.0,20,5,OF0,SUCCESS,1083,
run_0870_cfg_174_seed_5_of0,174,5,8,18,5,50.0,20,5,OF0,SUCCESS,1083,
run_0871_cfg_175_seed_1_mrhof,175,1,8,18,5,50.0,20,10,MRHOF,SUCCESS,1083,
run_0872_cfg_175_seed_2_mrhof,175,2,8,18,5,50.0,20,10,MRHOF,SUCCESS,1083,
run_0873_cfg_175_seed_3_mrhof,175,3,8,18,5,50.0,20,10,MRHOF,SUCCESS,1083,
run_0874_cfg_175_seed_4_mrhof,175,4,8,18,5,50.0,20,10,MRHOF,SUCCESS,1083,
run_0875_cfg_175_seed_5_mrhof,175,5,8,18,5,50.0,20,10,MRHOF,SUCCESS,1083,
run_0876_cfg_176_seed_1_of0,176,1,8,18,5,50.0,20,10,OF0,SUCCESS,1083,
run_0877_cfg_176_seed_2_of0,176,2,8,18,5,50.0,20,10,OF0,SUCCESS,1083,
run_0878_cfg_176_seed_3_of0,176,3,8,18,5,50.0,20,10,OF0,SUCCESS,1083,
run_0879_cfg_176_seed_4_of0,176,4,8,18,5,50.0,20,10,OF0,SUCCESS,1083,
run_0880_cfg_176_seed_5_of0,176,5,8,18,5,50.0,20,10,OF0,SUCCESS,1083,
run_0881_cfg_177_seed_1_mrhof,177,1,8,18,5,50.0,20,20,MRHOF,SUCCESS,1083,
run_0882_cfg_177_seed_2_mrhof,177,2,8,18,5,50.0,20,20,MRHOF,SUCCESS,1083,
run_0883_cfg_177_seed_3_mrhof,177,3,8,18,5,50.0,20,20,MRHOF,SUCCESS,1083,
run_0884_cfg_177_seed_4_mrhof,177,4,8,18,5,50.0,20,20,MRHOF,SUCCESS,1083,
run_0885_cfg_177_seed_5_mrhof,177,5,8,18,5,50.0,20,20,MRHOF,SUCCESS,1083,
run_0886_cfg_178_seed_1_mrhof,178,1,8,18,5,60.0,12,5,MRHOF,SUCCESS,627,
run_0887_cfg_178_seed_2_mrhof,178,2,8,18,5,60.0,12,5,MRHOF,SUCCESS,627,
run_0888_cfg_178_seed_3_mrhof,178,3,8,18,5,60.0,12,5,MRHOF,SUCCESS,627,
run_0889_cfg_178_seed_4_mrhof,178,4,8,18,5,60.0,12,5,MRHOF,SUCCESS,627,
run_0890_cfg_178_seed_5_mrhof,178,5,8,18,5,60.0,12,5,MRHOF,SUCCESS,627,
run_0891_cfg_179_seed_1_of0,179,1,8,18,5,60.0,12,5,OF0,SUCCESS,627,
run_0892_cfg_179_seed_2_of0,179,2,8,18,5,60.0,12,5,OF0,SUCCESS,627,
run_0893_cfg_179_seed_3_of0,179,3,8,18,5,60.0,12,5,OF0,SUCCESS,627,
run_0894_cfg_179_seed_4_of0,179,4,8,18,5,60.0,12,5,OF0,SUCCESS,627,
run_0895_cfg_179_seed_5_of0,179,5,8,18,5,60.0,12,5,OF0,SUCCESS,627,
run_0896_cfg_180_seed_1_mrhof,180,1,8,18,5,60.0,12,10,MRHOF,SUCCESS,627,
run_0897_cfg_180_seed_2_mrhof,180,2,8,18,5,60.0,12,10,MRHOF,SUCCESS,627,
run_0898_cfg_180_seed_3_mrhof,180,3,8,18,5,60.0,12,10,MRHOF,SUCCESS,627,
run_0899_cfg_180_seed_4_mrhof,180,4,8,18,5,60.0,12,10,MRHOF,SUCCESS,627,
run_0900_cfg_180_seed_5_mrhof,180,5,8,18,5,60.0,12,10,MRHOF,SUCCESS,627,
run_0901_cfg_181_seed_1_of0,181,1,8,18,5,60.0,12,10,OF0,SUCCESS,627,
run_0902_cfg_181_seed_2_of0,181,2,8,18,5,60.0,12,10,OF0,SUCCESS,627,
run_0903_cfg_181_seed_3_of0,181,3,8,18,5,60.0,12,10,OF0,SUCCESS,627,
run_0904_cfg_181_seed_4_of0,181,4,8,18,5,60.0,12,10,OF0,SUCCESS,627,
run_0905_cfg_181_seed_5_of0,181,5,8,18,5,60.0,12,10,OF0,SUCCESS,627,
run_0906_cfg_182_seed_1_of0,182,1,8,18,5,60.0,12,20,OF0,SUCCESS,627,
run_0907_cfg_182_seed_2_of0,182,2,8,18,5,60.0,12,20,OF0,SUCCESS,627,
run_0908_cfg_182_seed_3_of0,182,3,8,18,5,60.0,12,20,OF0,SUCCESS,627,
run_0909_cfg_182_seed_4_of0,182,4,8,18,5,60.0,12,20,OF0,SUCCESS,627,
run_0910_cfg_182_seed_5_of0,182,5,8,18,5,60.0,12,20,OF0,SUCCESS,627,
run_0911_cfg_183_seed_1_of0,183,1,8,18,5,60.0,16,5,OF0,SUCCESS,855,
run_0912_cfg_183_seed_2_of0,183,2,8,18,5,60.0,16,5,OF0,SUCCESS,855,
run_0913_cfg_183_seed_3_of0,183,3,8,18,5,60.0,16,5,OF0,SUCCESS,855,
run_0914_cfg_183_seed_4_of0,183,4,8,18,5,60.0,16,5,OF0,SUCCESS,855,
run_0915_cfg_183_seed_5_of0,183,5,8,18,5,60.0,16,5,OF0,SUCCESS,855,
run_0916_cfg_184_seed_1_mrhof,184,1,8,18,5,60.0,16,10,MRHOF,SUCCESS,855,
run_0917_cfg_184_seed_2_mrhof,184,2,8,18,5,60.0,16,10,MRHOF,SUCCESS,855,
run_0918_cfg_184_seed_3_mrhof,184,3,8,18,5,60.0,16,10,MRHOF,SUCCESS,855,
run_0919_cfg_184_seed_4_mrhof,184,4,8,18,5,60.0,16,10,MRHOF,SUCCESS,855,
run_0920_cfg_184_seed_5_mrhof,184,5,8,18,5,60.0,16,10,MRHOF,SUCCESS,855,
run_0921_cfg_185_seed_1_mrhof,185,1,8,18,5,60.0,16,20,MRHOF,SUCCESS,855,
run_0922_cfg_185_seed_2_mrhof,185,2,8,18,5,60.0,16,20,MRHOF,SUCCESS,855,
run_0923_cfg_185_seed_3_mrhof,185,3,8,18,5,60.0,16,20,MRHOF,SUCCESS,855,
run_0924_cfg_185_seed_4_mrhof,185,4,8,18,5,60.0,16,20,MRHOF,SUCCESS,855,
run_0925_cfg_185_seed_5_mrhof,185,5,8,18,5,60.0,16,20,MRHOF,SUCCESS,855,
run_0926_cfg_186_seed_1_mrhof,186,1,8,18,5,60.0,20,5,MRHOF,SUCCESS,1083,
run_0927_cfg_186_seed_2_mrhof,186,2,8,18,5,60.0,20,5,MRHOF,SUCCESS,1083,
run_0928_cfg_186_seed_3_mrhof,186,3,8,18,5,60.0,20,5,MRHOF,SUCCESS,1083,
run_0929_cfg_186_seed_4_mrhof,186,4,8,18,5,60.0,20,5,MRHOF,SUCCESS,1083,
run_0930_cfg_186_seed_5_mrhof,186,5,8,18,5,60.0,20,5,MRHOF,SUCCESS,1083,
run_0931_cfg_187_seed_1_of0,187,1,8,18,5,60.0,20,5,OF0,SUCCESS,1083,
run_0932_cfg_187_seed_2_of0,187,2,8,18,5,60.0,20,5,OF0,SUCCESS,1083,
run_0933_cfg_187_seed_3_of0,187,3,8,18,5,60.0,20,5,OF0,SUCCESS,1083,
run_0934_cfg_187_seed_4_of0,187,4,8,18,5,60.0,20,5,OF0,SUCCESS,1083,
run_0935_cfg_187_seed_5_of0,187,5,8,18,5,60.0,20,5,OF0,SUCCESS,1083,
run_0936_cfg_188_seed_1_mrhof,188,1,8,18,5,60.0,20,10,MRHOF,SUCCESS,1083,
run_0937_cfg_188_seed_2_mrhof,188,2,8,18,5,60.0,20,10,MRHOF,SUCCESS,1083,
run_0938_cfg_188_seed_3_mrhof,188,3,8,18,5,60.0,20,10,MRHOF,SUCCESS,1083,
run_0939_cfg_188_seed_4_mrhof,188,4,8,18,5,60.0,20,10,MRHOF,SUCCESS,1083,
run_0940_cfg_188_seed_5_mrhof,188,5,8,18,5,60.0,20,10,MRHOF,SUCCESS,1083,
run_0941_cfg_189_seed_1_of0,189,1,8,18,5,60.0,20,10,OF0,SUCCESS,1083,
run_0942_cfg_189_seed_2_of0,189,2,8,18,5,60.0,20,10,OF0,SUCCESS,1083,
run_0943_cfg_189_seed_3_of0,189,3,8,18,5,60.0,20,10,OF0,SUCCESS,1083,
run_0944_cfg_189_seed_4_of0,189,4,8,18,5,60.0,20,10,OF0,SUCCESS,1083,
run_0945_cfg_189_seed_5_of0,189,5,8,18,5,60.0,20,10,OF0,SUCCESS,1083,
run_0946_cfg_190_seed_1_mrhof,190,1,8,18,5,60.0,20,20,MRHOF,SUCCESS,1083,
run_0947_cfg_190_seed_2_mrhof,190,2,8,18,5,60.0,20,20,MRHOF,SUCCESS,1083,
run_0948_cfg_190_seed_3_mrhof,190,3,8,18,5,60.0,20,20,MRHOF,SUCCESS,1083,
run_0949_cfg_190_seed_4_mrhof,190,4,8,18,5,60.0,20,20,MRHOF,SUCCESS,1083,
run_0950_cfg_190_seed_5_mrhof,190,5,8,18,5,60.0,20,20,MRHOF,SUCCESS,1083,
run_0951_cfg_191_seed_1_of0,191,1,8,18,5,60.0,20,20,OF0,SUCCESS,1083,
run_0952_cfg_191_seed_2_of0,191,2,8,18,5,60.0,20,20,OF0,SUCCESS,1083,
run_0953_cfg_191_seed_3_of0,191,3,8,18,5,60.0,20,20,OF0,SUCCESS,1083,
run_0954_cfg_191_seed_4_of0,191,4,8,18,5,60.0,20,20,OF0,SUCCESS,1083,
run_0955_cfg_191_seed_5_of0,191,5,8,18,5,60.0,20,20,OF0,SUCCESS,1083,
run_0956_cfg_192_seed_1_mrhof,192,1,8,18,10,40.0,12,5,MRHOF,SUCCESS,627,
run_0957_cfg_192_seed_2_mrhof,192,2,8,18,10,40.0,12,5,MRHOF,SUCCESS,627,
run_0958_cfg_192_seed_3_mrhof,192,3,8,18,10,40.0,12,5,MRHOF,SUCCESS,627,
run_0959_cfg_192_seed_4_mrhof,192,4,8,18,10,40.0,12,5,MRHOF,SUCCESS,627,
run_0960_cfg_192_seed_5_mrhof,192,5,8,18,10,40.0,12,5,MRHOF,SUCCESS,627,
run_0961_cfg_193_seed_1_of0,193,1,8,18,10,40.0,12,5,OF0,SUCCESS,627,
run_0962_cfg_193_seed_2_of0,193,2,8,18,10,40.0,12,5,OF0,SUCCESS,627,
run_0963_cfg_193_seed_3_of0,193,3,8,18,10,40.0,12,5,OF0,SUCCESS,627,
run_0964_cfg_193_seed_4_of0,193,4,8,18,10,40.0,12,5,OF0,SUCCESS,627,
run_0965_cfg_193_seed_5_of0,193,5,8,18,10,40.0,12,5,OF0,SUCCESS,627,
run_0966_cfg_194_seed_1_mrhof,194,1,8,18,10,40.0,12,10,MRHOF,SUCCESS,627,
run_0967_cfg_194_seed_2_mrhof,194,2,8,18,10,40.0,12,10,MRHOF,SUCCESS,627,
run_0968_cfg_194_seed_3_mrhof,194,3,8,18,10,40.0,12,10,MRHOF,SUCCESS,627,
run_0969_cfg_194_seed_4_mrhof,194,4,8,18,10,40.0,12,10,MRHOF,SUCCESS,627,
run_0970_cfg_194_seed_5_mrhof,194,5,8,18,10,40.0,12,10,MRHOF,SUCCESS,627,
run_0971_cfg_195_seed_1_of0,195,1,8,18,10,40.0,12,10,OF0,SUCCESS,627,
run_0972_cfg_195_seed_2_of0,195,2,8,18,10,40.0,12,10,OF0,SUCCESS,627,
run_0973_cfg_195_seed_3_of0,195,3,8,18,10,40.0,12,10,OF0,SUCCESS,627,
run_0974_cfg_195_seed_4_of0,195,4,8,18,10,40.0,12,10,OF0,SUCCESS,627,
run_0975_cfg_195_seed_5_of0,195,5,8,18,10,40.0,12,10,OF0,SUCCESS,627,
run_0976_cfg_196_seed_1_mrhof,196,1,8,18,10,40.0,12,20,MRHOF,SUCCESS,627,
run_0977_cfg_196_seed_2_mrhof,196,2,8,18,10,40.0,12,20,MRHOF,SUCCESS,627,
run_0978_cfg_196_seed_3_mrhof,196,3,8,18,10,40.0,12,20,MRHOF,SUCCESS,627,
run_0979_cfg_196_seed_4_mrhof,196,4,8,18,10,40.0,12,20,MRHOF,SUCCESS,627,
run_0980_cfg_196_seed_5_mrhof,196,5,8,18,10,40.0,12,20,MRHOF,SUCCESS,627,
run_0981_cfg_197_seed_1_of0,197,1,8,18,10,40.0,12,20,OF0,SUCCESS,627,
run_0982_cfg_197_seed_2_of0,197,2,8,18,10,40.0,12,20,OF0,SUCCESS,627,
run_0983_cfg_197_seed_3_of0,197,3,8,18,10,40.0,12,20,OF0,SUCCESS,627,
run_0984_cfg_197_seed_4_of0,197,4,8,18,10,40.0,12,20,OF0,SUCCESS,627,
run_0985_cfg_197_seed_5_of0,197,5,8,18,10,40.0,12,20,OF0,SUCCESS,627,
run_0986_cfg_198_seed_1_mrhof,198,1,8,18,10,40.0,16,5,MRHOF,SUCCESS,855,
run_0987_cfg_198_seed_2_mrhof,198,2,8,18,10,40.0,16,5,MRHOF,SUCCESS,855,
run_0988_cfg_198_seed_3_mrhof,198,3,8,18,10,40.0,16,5,MRHOF,SUCCESS,855,
run_0989_cfg_198_seed_4_mrhof,198,4,8,18,10,40.0,16,5,MRHOF,SUCCESS,855,
run_0990_cfg_198_seed_5_mrhof,198,5,8,18,10,40.0,16,5,MRHOF,SUCCESS,855,
run_0991_cfg_199_seed_1_of0,199,1,8,18,10,40.0,16,5,OF0,SUCCESS,855,
run_0992_cfg_199_seed_2_of0,199,2,8,18,10,40.0,16,5,OF0,SUCCESS,855,
run_0993_cfg_199_seed_3_of0,199,3,8,18,10,40.0,16,5,OF0,SUCCESS,855,
run_0994_cfg_199_seed_4_of0,199,4,8,18,10,40.0,16,5,OF0,SUCCESS,855,
run_0995_cfg_199_seed_5_of0,199,5,8,18,10,40.0,16,5,OF0,SUCCESS,855,
run_0996_cfg_200_seed_1_of0,200,1,8,18,10,40.0,16,10,OF0,SUCCESS,855,
run_0997_cfg_200_seed_2_of0,200,2,8,18,10,40.0,16,10,OF0,SUCCESS,855,
run_0998_cfg_200_seed_3_of0,200,3,8,18,10,40.0,16,10,OF0,SUCCESS,855,
run_0999_cfg_200_seed_4_of0,200,4,8,18,10,40.0,16,10,OF0,SUCCESS,855,
run_1000_cfg_200_seed_5_of0,200,5,8,18,10,40.0,16,10,OF0,SUCCESS,855,
run_1001_cfg_201_seed_1_mrhof,201,1,8,18,10,40.0,16,20,MRHOF,SUCCESS,855,
run_1002_cfg_201_seed_2_mrhof,201,2,8,18,10,40.0,16,20,MRHOF,SUCCESS,855,
run_1003_cfg_201_seed_3_mrhof,201,3,8,18,10,40.0,16,20,MRHOF,SUCCESS,855,
run_1004_cfg_201_seed_4_mrhof,201,4,8,18,10,40.0,16,20,MRHOF,SUCCESS,855,
run_1005_cfg_201_seed_5_mrhof,201,5,8,18,10,40.0,16,20,MRHOF,SUCCESS,855,
run_1006_cfg_202_seed_1_of0,202,1,8,18,10,40.0,16,20,OF0,SUCCESS,855,
run_1007_cfg_202_seed_2_of0,202,2,8,18,10,40.0,16,20,OF0,SUCCESS,854,
run_1008_cfg_202_seed_3_of0,202,3,8,18,10,40.0,16,20,OF0,SUCCESS,855,
run_1009_cfg_202_seed_4_of0,202,4,8,18,10,40.0,16,20,OF0,SUCCESS,855,
run_1010_cfg_202_seed_5_of0,202,5,8,18,10,40.0,16,20,OF0,SUCCESS,855,
run_1011_cfg_203_seed_1_mrhof,203,1,8,18,10,40.0,20,5,MRHOF,SUCCESS,1083,
run_1012_cfg_203_seed_2_mrhof,203,2,8,18,10,40.0,20,5,MRHOF,SUCCESS,1083,
run_1013_cfg_203_seed_3_mrhof,203,3,8,18,10,40.0,20,5,MRHOF,SUCCESS,1083,
run_1014_cfg_203_seed_4_mrhof,203,4,8,18,10,40.0,20,5,MRHOF,SUCCESS,1083,
run_1015_cfg_203_seed_5_mrhof,203,5,8,18,10,40.0,20,5,MRHOF,SUCCESS,1083,
run_1016_cfg_204_seed_1_of0,204,1,8,18,10,40.0,20,5,OF0,SUCCESS,1083,
run_1017_cfg_204_seed_2_of0,204,2,8,18,10,40.0,20,5,OF0,SUCCESS,1083,
run_1018_cfg_204_seed_3_of0,204,3,8,18,10,40.0,20,5,OF0,SUCCESS,1083,
run_1019_cfg_204_seed_4_of0,204,4,8,18,10,40.0,20,5,OF0,SUCCESS,1083,
run_1020_cfg_204_seed_5_of0,204,5,8,18,10,40.0,20,5,OF0,SUCCESS,1083,
run_1021_cfg_205_seed_1_mrhof,205,1,8,18,10,40.0,20,10,MRHOF,SUCCESS,1083,
run_1022_cfg_205_seed_2_mrhof,205,2,8,18,10,40.0,20,10,MRHOF,SUCCESS,1083,
run_1023_cfg_205_seed_3_mrhof,205,3,8,18,10,40.0,20,10,MRHOF,SUCCESS,1083,
run_1024_cfg_205_seed_4_mrhof,205,4,8,18,10,40.0,20,10,MRHOF,SUCCESS,1083,
run_1025_cfg_205_seed_5_mrhof,205,5,8,18,10,40.0,20,10,MRHOF,SUCCESS,1083,
run_1026_cfg_206_seed_1_of0,206,1,8,18,10,40.0,20,10,OF0,SUCCESS,1083,
run_1027_cfg_206_seed_2_of0,206,2,8,18,10,40.0,20,10,OF0,SUCCESS,1083,
run_1028_cfg_206_seed_3_of0,206,3,8,18,10,40.0,20,10,OF0,SUCCESS,1083,
run_1029_cfg_206_seed_4_of0,206,4,8,18,10,40.0,20,10,OF0,SUCCESS,1083,
run_1030_cfg_206_seed_5_of0,206,5,8,18,10,40.0,20,10,OF0,SUCCESS,1083,
run_1031_cfg_207_seed_1_mrhof,207,1,8,18,10,40.0,20,20,MRHOF,SUCCESS,1083,
run_1032_cfg_207_seed_2_mrhof,207,2,8,18,10,40.0,20,20,MRHOF,SUCCESS,1083,
run_1033_cfg_207_seed_3_mrhof,207,3,8,18,10,40.0,20,20,MRHOF,SUCCESS,1083,
run_1034_cfg_207_seed_4_mrhof,207,4,8,18,10,40.0,20,20,MRHOF,SUCCESS,1083,
run_1035_cfg_207_seed_5_mrhof,207,5,8,18,10,40.0,20,20,MRHOF,SUCCESS,1083,
run_1036_cfg_208_seed_1_mrhof,208,1,8,18,10,50.0,12,5,MRHOF,SUCCESS,627,
run_1037_cfg_208_seed_2_mrhof,208,2,8,18,10,50.0,12,5,MRHOF,SUCCESS,627,
run_1038_cfg_208_seed_3_mrhof,208,3,8,18,10,50.0,12,5,MRHOF,SUCCESS,627,
run_1039_cfg_208_seed_4_mrhof,208,4,8,18,10,50.0,12,5,MRHOF,SUCCESS,627,
run_1040_cfg_208_seed_5_mrhof,208,5,8,18,10,50.0,12,5,MRHOF,SUCCESS,627,
run_1041_cfg_209_seed_1_of0,209,1,8,18,10,50.0,12,5,OF0,SUCCESS,627,
run_1042_cfg_209_seed_2_of0,209,2,8,18,10,50.0,12,5,OF0,SUCCESS,627,
run_1043_cfg_209_seed_3_of0,209,3,8,18,10,50.0,12,5,OF0,SUCCESS,627,
run_1044_cfg_209_seed_4_of0,209,4,8,18,10,50.0,12,5,OF0,SUCCESS,627,
run_1045_cfg_209_seed_5_of0,209,5,8,18,10,50.0,12,5,OF0,SUCCESS,627,
run_1046_cfg_210_seed_1_mrhof,210,1,8,18,10,50.0,12,10,MRHOF,SUCCESS,627,
run_1047_cfg_210_seed_2_mrhof,210,2,8,18,10,50.0,12,10,MRHOF,SUCCESS,627,
run_1048_cfg_210_seed_3_mrhof,210,3,8,18,10,50.0,12,10,MRHOF,SUCCESS,627,
run_1049_cfg_210_seed_4_mrhof,210,4,8,18,10,50.0,12,10,MRHOF,SUCCESS,627,
run_1050_cfg_210_seed_5_mrhof,210,5,8,18,10,50.0,12,10,MRHOF,SUCCESS,627,
run_1051_cfg_211_seed_1_of0,211,1,8,18,10,50.0,12,10,OF0,SUCCESS,627,
run_1052_cfg_211_seed_2_of0,211,2,8,18,10,50.0,12,10,OF0,SUCCESS,627,
run_1053_cfg_211_seed_3_of0,211,3,8,18,10,50.0,12,10,OF0,SUCCESS,627,
run_1054_cfg_211_seed_4_of0,211,4,8,18,10,50.0,12,10,OF0,SUCCESS,627,
run_1055_cfg_211_seed_5_of0,211,5,8,18,10,50.0,12,10,OF0,SUCCESS,627,
run_1056_cfg_212_seed_1_mrhof,212,1,8,18,10,50.0,12,20,MRHOF,SUCCESS,627,
run_1057_cfg_212_seed_2_mrhof,212,2,8,18,10,50.0,12,20,MRHOF,SUCCESS,627,
run_1058_cfg_212_seed_3_mrhof,212,3,8,18,10,50.0,12,20,MRHOF,SUCCESS,627,
run_1059_cfg_212_seed_4_mrhof,212,4,8,18,10,50.0,12,20,MRHOF,SUCCESS,627,
run_1060_cfg_212_seed_5_mrhof,212,5,8,18,10,50.0,12,20,MRHOF,SUCCESS,627,
run_1061_cfg_213_seed_1_of0,213,1,8,18,10,50.0,12,20,OF0,SUCCESS,627,
run_1062_cfg_213_seed_2_of0,213,2,8,18,10,50.0,12,20,OF0,SUCCESS,627,
run_1063_cfg_213_seed_3_of0,213,3,8,18,10,50.0,12,20,OF0,SUCCESS,627,
run_1064_cfg_213_seed_4_of0,213,4,8,18,10,50.0,12,20,OF0,SUCCESS,627,
run_1065_cfg_213_seed_5_of0,213,5,8,18,10,50.0,12,20,OF0,SUCCESS,627,
run_1066_cfg_214_seed_1_mrhof,214,1,8,18,10,50.0,16,5,MRHOF,SUCCESS,855,
run_1067_cfg_214_seed_2_mrhof,214,2,8,18,10,50.0,16,5,MRHOF,SUCCESS,855,
run_1068_cfg_214_seed_3_mrhof,214,3,8,18,10,50.0,16,5,MRHOF,SUCCESS,855,
run_1069_cfg_214_seed_4_mrhof,214,4,8,18,10,50.0,16,5,MRHOF,SUCCESS,855,
run_1070_cfg_214_seed_5_mrhof,214,5,8,18,10,50.0,16,5,MRHOF,SUCCESS,855,
run_1071_cfg_215_seed_1_of0,215,1,8,18,10,50.0,16,5,OF0,SUCCESS,855,
run_1072_cfg_215_seed_2_of0,215,2,8,18,10,50.0,16,5,OF0,SUCCESS,855,
run_1073_cfg_215_seed_3_of0,215,3,8,18,10,50.0,16,5,OF0,SUCCESS,855,
run_1074_cfg_215_seed_4_of0,215,4,8,18,10,50.0,16,5,OF0,SUCCESS,855,
run_1075_cfg_215_seed_5_of0,215,5,8,18,10,50.0,16,5,OF0,SUCCESS,855,
run_1076_cfg_216_seed_1_mrhof,216,1,8,18,10,50.0,16,10,MRHOF,SUCCESS,855,
run_1077_cfg_216_seed_2_mrhof,216,2,8,18,10,50.0,16,10,MRHOF,SUCCESS,855,
run_1078_cfg_216_seed_3_mrhof,216,3,8,18,10,50.0,16,10,MRHOF,SUCCESS,855,
run_1079_cfg_216_seed_4_mrhof,216,4,8,18,10,50.0,16,10,MRHOF,SUCCESS,855,
run_1080_cfg_216_seed_5_mrhof,216,5,8,18,10,50.0,16,10,MRHOF,SUCCESS,855,
run_1081_cfg_217_seed_1_of0,217,1,8,18,10,50.0,16,10,OF0,SUCCESS,855,
run_1082_cfg_217_seed_2_of0,217,2,8,18,10,50.0,16,10,OF0,SUCCESS,855,
run_1083_cfg_217_seed_3_of0,217,3,8,18,10,50.0,16,10,OF0,SUCCESS,855,
run_1084_cfg_217_seed_4_of0,217,4,8,18,10,50.0,16,10,OF0,SUCCESS,855,
run_1085_cfg_217_seed_5_of0,217,5,8,18,10,50.0,16,10,OF0,SUCCESS,855,
run_1086_cfg_218_seed_1_mrhof,218,1,8,18,10,50.0,16,20,MRHOF,SUCCESS,855,
run_1087_cfg_218_seed_2_mrhof,218,2,8,18,10,50.0,16,20,MRHOF,SUCCESS,855,
run_1088_cfg_218_seed_3_mrhof,218,3,8,18,10,50.0,16,20,MRHOF,SUCCESS,855,
run_1089_cfg_218_seed_4_mrhof,218,4,8,18,10,50.0,16,20,MRHOF,SUCCESS,855,
run_1090_cfg_218_seed_5_mrhof,218,5,8,18,10,50.0,16,20,MRHOF,SUCCESS,855,
run_1091_cfg_219_seed_1_of0,219,1,8,18,10,50.0,16,20,OF0,SUCCESS,855,
run_1092_cfg_219_seed_2_of0,219,2,8,18,10,50.0,16,20,OF0,SUCCESS,855,
run_1093_cfg_219_seed_3_of0,219,3,8,18,10,50.0,16,20,OF0,SUCCESS,855,
run_1094_cfg_219_seed_4_of0,219,4,8,18,10,50.0,16,20,OF0,SUCCESS,855,
run_1095_cfg_219_seed_5_of0,219,5,8,18,10,50.0,16,20,OF0,SUCCESS,855,
run_1096_cfg_220_seed_1_of0,220,1,8,18,10,50.0,20,5,OF0,SUCCESS,1083,
run_1097_cfg_220_seed_2_of0,220,2,8,18,10,50.0,20,5,OF0,SUCCESS,1083,
run_1098_cfg_220_seed_3_of0,220,3,8,18,10,50.0,20,5,OF0,SUCCESS,1083,
run_1099_cfg_220_seed_4_of0,220,4,8,18,10,50.0,20,5,OF0,SUCCESS,1083,
run_1100_cfg_220_seed_5_of0,220,5,8,18,10,50.0,20,5,OF0,SUCCESS,1083,
run_1101_cfg_221_seed_1_mrhof,221,1,8,18,10,50.0,20,10,MRHOF,SUCCESS,1083,
run_1102_cfg_221_seed_2_mrhof,221,2,8,18,10,50.0,20,10,MRHOF,SUCCESS,1083,
run_1103_cfg_221_seed_3_mrhof,221,3,8,18,10,50.0,20,10,MRHOF,SUCCESS,1083,
run_1104_cfg_221_seed_4_mrhof,221,4,8,18,10,50.0,20,10,MRHOF,SUCCESS,1083,
run_1105_cfg_221_seed_5_mrhof,221,5,8,18,10,50.0,20,10,MRHOF,SUCCESS,1083,
run_1106_cfg_222_seed_1_of0,222,1,8,18,10,50.0,20,10,OF0,SUCCESS,1083,
run_1107_cfg_222_seed_2_of0,222,2,8,18,10,50.0,20,10,OF0,SUCCESS,1083,
run_1108_cfg_222_seed_3_of0,222,3,8,18,10,50.0,20,10,OF0,SUCCESS,1083,
run_1109_cfg_222_seed_4_of0,222,4,8,18,10,50.0,20,10,OF0,SUCCESS,1083,
run_1110_cfg_222_seed_5_of0,222,5,8,18,10,50.0,20,10,OF0,SUCCESS,1083,
run_1111_cfg_223_seed_1_mrhof,223,1,8,18,10,50.0,20,20,MRHOF,SUCCESS,1083,
run_1112_cfg_223_seed_2_mrhof,223,2,8,18,10,50.0,20,20,MRHOF,SUCCESS,1083,
run_1113_cfg_223_seed_3_mrhof,223,3,8,18,10,50.0,20,20,MRHOF,SUCCESS,1083,
run_1114_cfg_223_seed_4_mrhof,223,4,8,18,10,50.0,20,20,MRHOF,SUCCESS,1083,
run_1115_cfg_223_seed_5_mrhof,223,5,8,18,10,50.0,20,20,MRHOF,SUCCESS,1083,
run_1116_cfg_224_seed_1_of0,224,1,8,18,10,50.0,20,20,OF0,SUCCESS,1083,
run_1117_cfg_224_seed_2_of0,224,2,8,18,10,50.0,20,20,OF0,SUCCESS,1083,
run_1118_cfg_224_seed_3_of0,224,3,8,18,10,50.0,20,20,OF0,SUCCESS,1083,
run_1119_cfg_224_seed_4_of0,224,4,8,18,10,50.0,20,20,OF0,SUCCESS,1083,
run_1120_cfg_224_seed_5_of0,224,5,8,18,10,50.0,20,20,OF0,SUCCESS,1083,
run_1121_cfg_225_seed_1_of0,225,1,8,18,10,60.0,12,5,OF0,SUCCESS,627,
run_1122_cfg_225_seed_2_of0,225,2,8,18,10,60.0,12,5,OF0,SUCCESS,627,
run_1123_cfg_225_seed_3_of0,225,3,8,18,10,60.0,12,5,OF0,SUCCESS,627,
run_1124_cfg_225_seed_4_of0,225,4,8,18,10,60.0,12,5,OF0,SUCCESS,627,
run_1125_cfg_225_seed_5_of0,225,5,8,18,10,60.0,12,5,OF0,SUCCESS,627,
run_1126_cfg_226_seed_1_mrhof,226,1,8,18,10,60.0,12,10,MRHOF,SUCCESS,627,
run_1127_cfg_226_seed_2_mrhof,226,2,8,18,10,60.0,12,10,MRHOF,SUCCESS,627,
run_1128_cfg_226_seed_3_mrhof,226,3,8,18,10,60.0,12,10,MRHOF,SUCCESS,627,
run_1129_cfg_226_seed_4_mrhof,226,4,8,18,10,60.0,12,10,MRHOF,SUCCESS,627,
run_1130_cfg_226_seed_5_mrhof,226,5,8,18,10,60.0,12,10,MRHOF,SUCCESS,627,
run_1131_cfg_227_seed_1_of0,227,1,8,18,10,60.0,12,10,OF0,SUCCESS,627,
run_1132_cfg_227_seed_2_of0,227,2,8,18,10,60.0,12,10,OF0,SUCCESS,627,
run_1133_cfg_227_seed_3_of0,227,3,8,18,10,60.0,12,10,OF0,SUCCESS,627,
run_1134_cfg_227_seed_4_of0,227,4,8,18,10,60.0,12,10,OF0,SUCCESS,627,
run_1135_cfg_227_seed_5_of0,227,5,8,18,10,60.0,12,10,OF0,SUCCESS,627,
run_1136_cfg_228_seed_1_mrhof,228,1,8,18,10,60.0,12,20,MRHOF,SUCCESS,627,
run_1137_cfg_228_seed_2_mrhof,228,2,8,18,10,60.0,12,20,MRHOF,SUCCESS,627,
run_1138_cfg_228_seed_3_mrhof,228,3,8,18,10,60.0,12,20,MRHOF,SUCCESS,627,
run_1139_cfg_228_seed_4_mrhof,228,4,8,18,10,60.0,12,20,MRHOF,SUCCESS,627,
run_1140_cfg_228_seed_5_mrhof,228,5,8,18,10,60.0,12,20,MRHOF,SUCCESS,627,
run_1141_cfg_229_seed_1_mrhof,229,1,8,18,10,60.0,16,5,MRHOF,SUCCESS,855,
run_1142_cfg_229_seed_2_mrhof,229,2,8,18,10,60.0,16,5,MRHOF,SUCCESS,855,
run_1143_cfg_229_seed_3_mrhof,229,3,8,18,10,60.0,16,5,MRHOF,SUCCESS,855,
run_1144_cfg_229_seed_4_mrhof,229,4,8,18,10,60.0,16,5,MRHOF,SUCCESS,855,
run_1145_cfg_229_seed_5_mrhof,229,5,8,18,10,60.0,16,5,MRHOF,SUCCESS,855,
run_1146_cfg_230_seed_1_of0,230,1,8,18,10,60.0,16,5,OF0,SUCCESS,855,
run_1147_cfg_230_seed_2_of0,230,2,8,18,10,60.0,16,5,OF0,SUCCESS,855,
run_1148_cfg_230_seed_3_of0,230,3,8,18,10,60.0,16,5,OF0,SUCCESS,855,
run_1149_cfg_230_seed_4_of0,230,4,8,18,10,60.0,16,5,OF0,SUCCESS,855,
run_1150_cfg_230_seed_5_of0,230,5,8,18,10,60.0,16,5,OF0,SUCCESS,855,
run_1151_cfg_231_seed_1_mrhof,231,1,8,18,10,60.0,16,10,MRHOF,SUCCESS,855,
run_1152_cfg_231_seed_2_mrhof,231,2,8,18,10,60.0,16,10,MRHOF,SUCCESS,855,
run_1153_cfg_231_seed_3_mrhof,231,3,8,18,10,60.0,16,10,MRHOF,SUCCESS,855,
run_1154_cfg_231_seed_4_mrhof,231,4,8,18,10,60.0,16,10,MRHOF,SUCCESS,855,
run_1155_cfg_231_seed_5_mrhof,231,5,8,18,10,60.0,16,10,MRHOF,SUCCESS,855,
run_1156_cfg_232_seed_1_of0,232,1,8,18,10,60.0,16,20,OF0,SUCCESS,855,
run_1157_cfg_232_seed_2_of0,232,2,8,18,10,60.0,16,20,OF0,SUCCESS,855,
run_1158_cfg_232_seed_3_of0,232,3,8,18,10,60.0,16,20,OF0,SUCCESS,855,
run_1159_cfg_232_seed_4_of0,232,4,8,18,10,60.0,16,20,OF0,SUCCESS,855,
run_1160_cfg_232_seed_5_of0,232,5,8,18,10,60.0,16,20,OF0,SUCCESS,855,
run_1161_cfg_233_seed_1_mrhof,233,1,8,18,10,60.0,20,5,MRHOF,SUCCESS,1083,
run_1162_cfg_233_seed_2_mrhof,233,2,8,18,10,60.0,20,5,MRHOF,SUCCESS,1083,
run_1163_cfg_233_seed_3_mrhof,233,3,8,18,10,60.0,20,5,MRHOF,SUCCESS,1083,
run_1164_cfg_233_seed_4_mrhof,233,4,8,18,10,60.0,20,5,MRHOF,SUCCESS,1083,
run_1165_cfg_233_seed_5_mrhof,233,5,8,18,10,60.0,20,5,MRHOF,SUCCESS,1083,
run_1166_cfg_234_seed_1_of0,234,1,8,18,10,60.0,20,10,OF0,SUCCESS,1083,
run_1167_cfg_234_seed_2_of0,234,2,8,18,10,60.0,20,10,OF0,SUCCESS,1083,
run_1168_cfg_234_seed_3_of0,234,3,8,18,10,60.0,20,10,OF0,SUCCESS,1083,
run_1169_cfg_234_seed_4_of0,234,4,8,18,10,60.0,20,10,OF0,SUCCESS,1083,
run_1170_cfg_234_seed_5_of0,234,5,8,18,10,60.0,20,10,OF0,SUCCESS,1083,
run_1171_cfg_235_seed_1_mrhof,235,1,8,18,10,60.0,20,20,MRHOF,SUCCESS,1083,
run_1172_cfg_235_seed_2_mrhof,235,2,8,18,10,60.0,20,20,MRHOF,SUCCESS,1083,
run_1173_cfg_235_seed_3_mrhof,235,3,8,18,10,60.0,20,20,MRHOF,SUCCESS,1083,
run_1174_cfg_235_seed_4_mrhof,235,4,8,18,10,60.0,20,20,MRHOF,SUCCESS,1083,
run_1175_cfg_235_seed_5_mrhof,235,5,8,18,10,60.0,20,20,MRHOF,SUCCESS,1083,
run_1176_cfg_236_seed_1_of0,236,1,8,20,0,40.0,12,10,OF0,SUCCESS,627,
run_1177_cfg_236_seed_2_of0,236,2,8,20,0,40.0,12,10,OF0,SUCCESS,627,
run_1178_cfg_236_seed_3_of0,236,3,8,20,0,40.0,12,10,OF0,SUCCESS,627,
run_1179_cfg_236_seed_4_of0,236,4,8,20,0,40.0,12,10,OF0,SUCCESS,627,
run_1180_cfg_236_seed_5_of0,236,5,8,20,0,40.0,12,10,OF0,SUCCESS,627,
run_1181_cfg_237_seed_1_of0,237,1,8,20,0,40.0,12,20,OF0,SUCCESS,627,
run_1182_cfg_237_seed_2_of0,237,2,8,20,0,40.0,12,20,OF0,SUCCESS,627,
run_1183_cfg_237_seed_3_of0,237,3,8,20,0,40.0,12,20,OF0,SUCCESS,627,
run_1184_cfg_237_seed_4_of0,237,4,8,20,0,40.0,12,20,OF0,SUCCESS,627,
run_1185_cfg_237_seed_5_of0,237,5,8,20,0,40.0,12,20,OF0,SUCCESS,627,
run_1186_cfg_238_seed_1_mrhof,238,1,8,20,0,40.0,16,5,MRHOF,SUCCESS,855,
run_1187_cfg_238_seed_2_mrhof,238,2,8,20,0,40.0,16,5,MRHOF,SUCCESS,855,
run_1188_cfg_238_seed_3_mrhof,238,3,8,20,0,40.0,16,5,MRHOF,SUCCESS,855,
run_1189_cfg_238_seed_4_mrhof,238,4,8,20,0,40.0,16,5,MRHOF,SUCCESS,855,
run_1190_cfg_238_seed_5_mrhof,238,5,8,20,0,40.0,16,5,MRHOF,SUCCESS,855,
run_1191_cfg_239_seed_1_of0,239,1,8,20,0,40.0,16,5,OF0,SUCCESS,855,
run_1192_cfg_239_seed_2_of0,239,2,8,20,0,40.0,16,5,OF0,SUCCESS,855,
run_1193_cfg_239_seed_3_of0,239,3,8,20,0,40.0,16,5,OF0,SUCCESS,855,
run_1194_cfg_239_seed_4_of0,239,4,8,20,0,40.0,16,5,OF0,SUCCESS,855,
run_1195_cfg_239_seed_5_of0,239,5,8,20,0,40.0,16,5,OF0,SUCCESS,855,
run_1196_cfg_240_seed_1_of0,240,1,8,20,0,40.0,16,10,OF0,SUCCESS,855,
run_1197_cfg_240_seed_2_of0,240,2,8,20,0,40.0,16,10,OF0,SUCCESS,855,
run_1198_cfg_240_seed_3_of0,240,3,8,20,0,40.0,16,10,OF0,SUCCESS,855,
run_1199_cfg_240_seed_4_of0,240,4,8,20,0,40.0,16,10,OF0,SUCCESS,855,
run_1200_cfg_240_seed_5_of0,240,5,8,20,0,40.0,16,10,OF0,SUCCESS,855,
run_1201_cfg_241_seed_1_mrhof,241,1,8,20,0,40.0,16,20,MRHOF,SUCCESS,855,
run_1202_cfg_241_seed_2_mrhof,241,2,8,20,0,40.0,16,20,MRHOF,SUCCESS,855,
run_1203_cfg_241_seed_3_mrhof,241,3,8,20,0,40.0,16,20,MRHOF,SUCCESS,855,
run_1204_cfg_241_seed_4_mrhof,241,4,8,20,0,40.0,16,20,MRHOF,SUCCESS,855,
run_1205_cfg_241_seed_5_mrhof,241,5,8,20,0,40.0,16,20,MRHOF,SUCCESS,855,
run_1206_cfg_242_seed_1_of0,242,1,8,20,0,40.0,16,20,OF0,SUCCESS,855,
run_1207_cfg_242_seed_2_of0,242,2,8,20,0,40.0,16,20,OF0,SUCCESS,855,
run_1208_cfg_242_seed_3_of0,242,3,8,20,0,40.0,16,20,OF0,SUCCESS,855,
run_1209_cfg_242_seed_4_of0,242,4,8,20,0,40.0,16,20,OF0,SUCCESS,855,
run_1210_cfg_242_seed_5_of0,242,5,8,20,0,40.0,16,20,OF0,SUCCESS,855,
run_1211_cfg_243_seed_1_mrhof,243,1,8,20,0,40.0,20,5,MRHOF,SUCCESS,1083,
run_1212_cfg_243_seed_2_mrhof,243,2,8,20,0,40.0,20,5,MRHOF,SUCCESS,1083,
run_1213_cfg_243_seed_3_mrhof,243,3,8,20,0,40.0,20,5,MRHOF,SUCCESS,1083,
run_1214_cfg_243_seed_4_mrhof,243,4,8,20,0,40.0,20,5,MRHOF,SUCCESS,1083,
run_1215_cfg_243_seed_5_mrhof,243,5,8,20,0,40.0,20,5,MRHOF,SUCCESS,1083,
run_1216_cfg_244_seed_1_mrhof,244,1,8,20,0,40.0,20,10,MRHOF,SUCCESS,1083,
run_1217_cfg_244_seed_2_mrhof,244,2,8,20,0,40.0,20,10,MRHOF,SUCCESS,1083,
run_1218_cfg_244_seed_3_mrhof,244,3,8,20,0,40.0,20,10,MRHOF,SUCCESS,1083,
run_1219_cfg_244_seed_4_mrhof,244,4,8,20,0,40.0,20,10,MRHOF,SUCCESS,1083,
run_1220_cfg_244_seed_5_mrhof,244,5,8,20,0,40.0,20,10,MRHOF,SUCCESS,1083,
run_1221_cfg_245_seed_1_of0,245,1,8,20,0,50.0,12,5,OF0,SUCCESS,627,
run_1222_cfg_245_seed_2_of0,245,2,8,20,0,50.0,12,5,OF0,SUCCESS,627,
run_1223_cfg_245_seed_3_of0,245,3,8,20,0,50.0,12,5,OF0,SUCCESS,627,
run_1224_cfg_245_seed_4_of0,245,4,8,20,0,50.0,12,5,OF0,SUCCESS,627,
run_1225_cfg_245_seed_5_of0,245,5,8,20,0,50.0,12,5,OF0,SUCCESS,627,
run_1226_cfg_246_seed_1_mrhof,246,1,8,20,0,50.0,12,10,MRHOF,SUCCESS,627,
run_1227_cfg_246_seed_2_mrhof,246,2,8,20,0,50.0,12,10,MRHOF,SUCCESS,627,
run_1228_cfg_246_seed_3_mrhof,246,3,8,20,0,50.0,12,10,MRHOF,SUCCESS,627,
run_1229_cfg_246_seed_4_mrhof,246,4,8,20,0,50.0,12,10,MRHOF,SUCCESS,627,
run_1230_cfg_246_seed_5_mrhof,246,5,8,20,0,50.0,12,10,MRHOF,SUCCESS,627,
run_1231_cfg_247_seed_1_of0,247,1,8,20,0,50.0,12,20,OF0,SUCCESS,627,
run_1232_cfg_247_seed_2_of0,247,2,8,20,0,50.0,12,20,OF0,SUCCESS,627,
run_1233_cfg_247_seed_3_of0,247,3,8,20,0,50.0,12,20,OF0,SUCCESS,627,
run_1234_cfg_247_seed_4_of0,247,4,8,20,0,50.0,12,20,OF0,SUCCESS,627,
run_1235_cfg_247_seed_5_of0,247,5,8,20,0,50.0,12,20,OF0,SUCCESS,627,
run_1236_cfg_248_seed_1_of0,248,1,8,20,0,50.0,16,5,OF0,SUCCESS,855,
run_1237_cfg_248_seed_2_of0,248,2,8,20,0,50.0,16,5,OF0,SUCCESS,855,
run_1238_cfg_248_seed_3_of0,248,3,8,20,0,50.0,16,5,OF0,SUCCESS,855,
run_1239_cfg_248_seed_4_of0,248,4,8,20,0,50.0,16,5,OF0,SUCCESS,855,
run_1240_cfg_248_seed_5_of0,248,5,8,20,0,50.0,16,5,OF0,SUCCESS,855,
run_1241_cfg_249_seed_1_mrhof,249,1,8,20,0,50.0,16,10,MRHOF,SUCCESS,855,
run_1242_cfg_249_seed_2_mrhof,249,2,8,20,0,50.0,16,10,MRHOF,SUCCESS,855,
run_1243_cfg_249_seed_3_mrhof,249,3,8,20,0,50.0,16,10,MRHOF,SUCCESS,855,
run_1244_cfg_249_seed_4_mrhof,249,4,8,20,0,50.0,16,10,MRHOF,SUCCESS,855,
run_1245_cfg_249_seed_5_mrhof,249,5,8,20,0,50.0,16,10,MRHOF,SUCCESS,855,
run_1246_cfg_250_seed_1_of0,250,1,8,20,0,50.0,16,10,OF0,SUCCESS,855,
run_1247_cfg_250_seed_2_of0,250,2,8,20,0,50.0,16,10,OF0,SUCCESS,855,
run_1248_cfg_250_seed_3_of0,250,3,8,20,0,50.0,16,10,OF0,SUCCESS,855,
run_1249_cfg_250_seed_4_of0,250,4,8,20,0,50.0,16,10,OF0,SUCCESS,855,
run_1250_cfg_250_seed_5_of0,250,5,8,20,0,50.0,16,10,OF0,SUCCESS,855,
run_1251_cfg_251_seed_1_mrhof,251,1,8,20,0,50.0,16,20,MRHOF,SUCCESS,855,
run_1252_cfg_251_seed_2_mrhof,251,2,8,20,0,50.0,16,20,MRHOF,SUCCESS,855,
run_1253_cfg_251_seed_3_mrhof,251,3,8,20,0,50.0,16,20,MRHOF,SUCCESS,855,
run_1254_cfg_251_seed_4_mrhof,251,4,8,20,0,50.0,16,20,MRHOF,SUCCESS,855,
run_1255_cfg_251_seed_5_mrhof,251,5,8,20,0,50.0,16,20,MRHOF,SUCCESS,855,
run_1256_cfg_252_seed_1_of0,252,1,8,20,0,50.0,16,20,OF0,SUCCESS,855,
run_1257_cfg_252_seed_2_of0,252,2,8,20,0,50.0,16,20,OF0,SUCCESS,855,
run_1258_cfg_252_seed_3_of0,252,3,8,20,0,50.0,16,20,OF0,SUCCESS,855,
run_1259_cfg_252_seed_4_of0,252,4,8,20,0,50.0,16,20,OF0,SUCCESS,855,
run_1260_cfg_252_seed_5_of0,252,5,8,20,0,50.0,16,20,OF0,SUCCESS,855,
run_1261_cfg_253_seed_1_mrhof,253,1,8,20,0,50.0,20,5,MRHOF,SUCCESS,1083,
run_1262_cfg_253_seed_2_mrhof,253,2,8,20,0,50.0,20,5,MRHOF,SUCCESS,1083,
run_1263_cfg_253_seed_3_mrhof,253,3,8,20,0,50.0,20,5,MRHOF,SUCCESS,1083,
run_1264_cfg_253_seed_4_mrhof,253,4,8,20,0,50.0,20,5,MRHOF,SUCCESS,1083,
run_1265_cfg_253_seed_5_mrhof,253,5,8,20,0,50.0,20,5,MRHOF,SUCCESS,1083,
run_1266_cfg_254_seed_1_of0,254,1,8,20,0,50.0,20,5,OF0,SUCCESS,1083,
run_1267_cfg_254_seed_2_of0,254,2,8,20,0,50.0,20,5,OF0,SUCCESS,1083,
run_1268_cfg_254_seed_3_of0,254,3,8,20,0,50.0,20,5,OF0,SUCCESS,1083,
run_1269_cfg_254_seed_4_of0,254,4,8,20,0,50.0,20,5,OF0,SUCCESS,1083,
run_1270_cfg_254_seed_5_of0,254,5,8,20,0,50.0,20,5,OF0,SUCCESS,1083,
run_1271_cfg_255_seed_1_mrhof,255,1,8,20,0,50.0,20,10,MRHOF,SUCCESS,1083,
run_1272_cfg_255_seed_2_mrhof,255,2,8,20,0,50.0,20,10,MRHOF,SUCCESS,1083,
run_1273_cfg_255_seed_3_mrhof,255,3,8,20,0,50.0,20,10,MRHOF,SUCCESS,1083,
run_1274_cfg_255_seed_4_mrhof,255,4,8,20,0,50.0,20,10,MRHOF,SUCCESS,1083,
run_1275_cfg_255_seed_5_mrhof,255,5,8,20,0,50.0,20,10,MRHOF,SUCCESS,1083,
run_1276_cfg_256_seed_1_of0,256,1,8,20,0,50.0,20,10,OF0,SUCCESS,1083,
run_1277_cfg_256_seed_2_of0,256,2,8,20,0,50.0,20,10,OF0,SUCCESS,1083,
run_1278_cfg_256_seed_3_of0,256,3,8,20,0,50.0,20,10,OF0,SUCCESS,1083,
run_1279_cfg_256_seed_4_of0,256,4,8,20,0,50.0,20,10,OF0,SUCCESS,1083,
run_1280_cfg_256_seed_5_of0,256,5,8,20,0,50.0,20,10,OF0,SUCCESS,1083,
run_1281_cfg_257_seed_1_of0,257,1,8,20,0,50.0,20,20,OF0,SUCCESS,1083,
run_1282_cfg_257_seed_2_of0,257,2,8,20,0,50.0,20,20,OF0,SUCCESS,1083,
run_1283_cfg_257_seed_3_of0,257,3,8,20,0,50.0,20,20,OF0,SUCCESS,1083,
run_1284_cfg_257_seed_4_of0,257,4,8,20,0,50.0,20,20,OF0,SUCCESS,1083,
run_1285_cfg_257_seed_5_of0,257,5,8,20,0,50.0,20,20,OF0,SUCCESS,1083,
run_1286_cfg_258_seed_1_mrhof,258,1,8,20,0,60.0,12,5,MRHOF,SUCCESS,627,
run_1287_cfg_258_seed_2_mrhof,258,2,8,20,0,60.0,12,5,MRHOF,SUCCESS,627,
run_1288_cfg_258_seed_3_mrhof,258,3,8,20,0,60.0,12,5,MRHOF,SUCCESS,627,
run_1289_cfg_258_seed_4_mrhof,258,4,8,20,0,60.0,12,5,MRHOF,SUCCESS,627,
run_1290_cfg_258_seed_5_mrhof,258,5,8,20,0,60.0,12,5,MRHOF,SUCCESS,627,
run_1291_cfg_259_seed_1_of0,259,1,8,20,0,60.0,12,5,OF0,SUCCESS,627,
run_1292_cfg_259_seed_2_of0,259,2,8,20,0,60.0,12,5,OF0,SUCCESS,627,
run_1293_cfg_259_seed_3_of0,259,3,8,20,0,60.0,12,5,OF0,SUCCESS,627,
run_1294_cfg_259_seed_4_of0,259,4,8,20,0,60.0,12,5,OF0,SUCCESS,627,
run_1295_cfg_259_seed_5_of0,259,5,8,20,0,60.0,12,5,OF0,SUCCESS,627,
run_1296_cfg_260_seed_1_of0,260,1,8,20,0,60.0,12,20,OF0,SUCCESS,627,
run_1297_cfg_260_seed_2_of0,260,2,8,20,0,60.0,12,20,OF0,SUCCESS,627,
run_1298_cfg_260_seed_3_of0,260,3,8,20,0,60.0,12,20,OF0,SUCCESS,627,
run_1299_cfg_260_seed_4_of0,260,4,8,20,0,60.0,12,20,OF0,SUCCESS,627,
run_1300_cfg_260_seed_5_of0,260,5,8,20,0,60.0,12,20,OF0,SUCCESS,627,
run_1301_cfg_261_seed_1_mrhof,261,1,8,20,0,60.0,16,5,MRHOF,SUCCESS,855,
run_1302_cfg_261_seed_2_mrhof,261,2,8,20,0,60.0,16,5,MRHOF,SUCCESS,855,
run_1303_cfg_261_seed_3_mrhof,261,3,8,20,0,60.0,16,5,MRHOF,SUCCESS,855,
run_1304_cfg_261_seed_4_mrhof,261,4,8,20,0,60.0,16,5,MRHOF,SUCCESS,855,
run_1305_cfg_261_seed_5_mrhof,261,5,8,20,0,60.0,16,5,MRHOF,SUCCESS,855,
run_1306_cfg_262_seed_1_of0,262,1,8,20,0,60.0,16,5,OF0,SUCCESS,855,
run_1307_cfg_262_seed_2_of0,262,2,8,20,0,60.0,16,5,OF0,SUCCESS,855,
run_1308_cfg_262_seed_3_of0,262,3,8,20,0,60.0,16,5,OF0,SUCCESS,855,
run_1309_cfg_262_seed_4_of0,262,4,8,20,0,60.0,16,5,OF0,SUCCESS,855,
run_1310_cfg_262_seed_5_of0,262,5,8,20,0,60.0,16,5,OF0,SUCCESS,855,
run_1311_cfg_263_seed_1_mrhof,263,1,8,20,0,60.0,16,10,MRHOF,SUCCESS,855,
run_1312_cfg_263_seed_2_mrhof,263,2,8,20,0,60.0,16,10,MRHOF,SUCCESS,855,
run_1313_cfg_263_seed_3_mrhof,263,3,8,20,0,60.0,16,10,MRHOF,SUCCESS,855,
run_1314_cfg_263_seed_4_mrhof,263,4,8,20,0,60.0,16,10,MRHOF,SUCCESS,855,
run_1315_cfg_263_seed_5_mrhof,263,5,8,20,0,60.0,16,10,MRHOF,SUCCESS,855,
run_1316_cfg_264_seed_1_mrhof,264,1,8,20,0,60.0,16,20,MRHOF,SUCCESS,855,
run_1317_cfg_264_seed_2_mrhof,264,2,8,20,0,60.0,16,20,MRHOF,SUCCESS,855,
run_1318_cfg_264_seed_3_mrhof,264,3,8,20,0,60.0,16,20,MRHOF,SUCCESS,855,
run_1319_cfg_264_seed_4_mrhof,264,4,8,20,0,60.0,16,20,MRHOF,SUCCESS,855,
run_1320_cfg_264_seed_5_mrhof,264,5,8,20,0,60.0,16,20,MRHOF,SUCCESS,855,
run_1321_cfg_265_seed_1_of0,265,1,8,20,0,60.0,16,20,OF0,SUCCESS,855,
run_1322_cfg_265_seed_2_of0,265,2,8,20,0,60.0,16,20,OF0,SUCCESS,855,
run_1323_cfg_265_seed_3_of0,265,3,8,20,0,60.0,16,20,OF0,SUCCESS,855,
run_1324_cfg_265_seed_4_of0,265,4,8,20,0,60.0,16,20,OF0,SUCCESS,855,
run_1325_cfg_265_seed_5_of0,265,5,8,20,0,60.0,16,20,OF0,SUCCESS,855,
run_1326_cfg_266_seed_1_mrhof,266,1,8,20,0,60.0,20,5,MRHOF,SUCCESS,1083,
run_1327_cfg_266_seed_2_mrhof,266,2,8,20,0,60.0,20,5,MRHOF,SUCCESS,1083,
run_1328_cfg_266_seed_3_mrhof,266,3,8,20,0,60.0,20,5,MRHOF,SUCCESS,1083,
run_1329_cfg_266_seed_4_mrhof,266,4,8,20,0,60.0,20,5,MRHOF,SUCCESS,1083,
run_1330_cfg_266_seed_5_mrhof,266,5,8,20,0,60.0,20,5,MRHOF,SUCCESS,1083,
run_1331_cfg_267_seed_1_of0,267,1,8,20,0,60.0,20,10,OF0,SUCCESS,1083,
run_1332_cfg_267_seed_2_of0,267,2,8,20,0,60.0,20,10,OF0,SUCCESS,1083,
run_1333_cfg_267_seed_3_of0,267,3,8,20,0,60.0,20,10,OF0,SUCCESS,1083,
run_1334_cfg_267_seed_4_of0,267,4,8,20,0,60.0,20,10,OF0,SUCCESS,1083,
run_1335_cfg_267_seed_5_of0,267,5,8,20,0,60.0,20,10,OF0,SUCCESS,1083,
run_1336_cfg_268_seed_1_of0,268,1,8,20,0,60.0,20,20,OF0,SUCCESS,1083,
run_1337_cfg_268_seed_2_of0,268,2,8,20,0,60.0,20,20,OF0,SUCCESS,1083,
run_1338_cfg_268_seed_3_of0,268,3,8,20,0,60.0,20,20,OF0,SUCCESS,1083,
run_1339_cfg_268_seed_4_of0,268,4,8,20,0,60.0,20,20,OF0,SUCCESS,1083,
run_1340_cfg_268_seed_5_of0,268,5,8,20,0,60.0,20,20,OF0,SUCCESS,1083,
run_1341_cfg_269_seed_1_mrhof,269,1,8,20,5,40.0,12,5,MRHOF,SUCCESS,627,
run_1342_cfg_269_seed_2_mrhof,269,2,8,20,5,40.0,12,5,MRHOF,SUCCESS,627,
run_1343_cfg_269_seed_3_mrhof,269,3,8,20,5,40.0,12,5,MRHOF,SUCCESS,627,
run_1344_cfg_269_seed_4_mrhof,269,4,8,20,5,40.0,12,5,MRHOF,SUCCESS,627,
run_1345_cfg_269_seed_5_mrhof,269,5,8,20,5,40.0,12,5,MRHOF,SUCCESS,627,
run_1346_cfg_270_seed_1_of0,270,1,8,20,5,40.0,12,5,OF0,SUCCESS,627,
run_1347_cfg_270_seed_2_of0,270,2,8,20,5,40.0,12,5,OF0,SUCCESS,627,
run_1348_cfg_270_seed_3_of0,270,3,8,20,5,40.0,12,5,OF0,SUCCESS,627,
run_1349_cfg_270_seed_4_of0,270,4,8,20,5,40.0,12,5,OF0,SUCCESS,627,
run_1350_cfg_270_seed_5_of0,270,5,8,20,5,40.0,12,5,OF0,SUCCESS,627,
run_1351_cfg_271_seed_1_of0,271,1,8,20,5,40.0,12,10,OF0,SUCCESS,627,
run_1352_cfg_271_seed_2_of0,271,2,8,20,5,40.0,12,10,OF0,SUCCESS,627,
run_1353_cfg_271_seed_3_of0,271,3,8,20,5,40.0,12,10,OF0,SUCCESS,627,
run_1354_cfg_271_seed_4_of0,271,4,8,20,5,40.0,12,10,OF0,SUCCESS,627,
run_1355_cfg_271_seed_5_of0,271,5,8,20,5,40.0,12,10,OF0,SUCCESS,627,
run_1356_cfg_272_seed_1_of0,272,1,8,20,5,40.0,12,20,OF0,SUCCESS,627,
run_1357_cfg_272_seed_2_of0,272,2,8,20,5,40.0,12,20,OF0,SUCCESS,627,
run_1358_cfg_272_seed_3_of0,272,3,8,20,5,40.0,12,20,OF0,SUCCESS,627,
run_1359_cfg_272_seed_4_of0,272,4,8,20,5,40.0,12,20,OF0,SUCCESS,627,
run_1360_cfg_272_seed_5_of0,272,5,8,20,5,40.0,12,20,OF0,SUCCESS,627,
run_1361_cfg_273_seed_1_mrhof,273,1,8,20,5,40.0,16,5,MRHOF,SUCCESS,855,
run_1362_cfg_273_seed_2_mrhof,273,2,8,20,5,40.0,16,5,MRHOF,SUCCESS,855,
run_1363_cfg_273_seed_3_mrhof,273,3,8,20,5,40.0,16,5,MRHOF,SUCCESS,855,
run_1364_cfg_273_seed_4_mrhof,273,4,8,20,5,40.0,16,5,MRHOF,SUCCESS,855,
run_1365_cfg_273_seed_5_mrhof,273,5,8,20,5,40.0,16,5,MRHOF,SUCCESS,855,
run_1366_cfg_274_seed_1_of0,274,1,8,20,5,40.0,16,5,OF0,SUCCESS,855,
run_1367_cfg_274_seed_2_of0,274,2,8,20,5,40.0,16,5,OF0,SUCCESS,855,
run_1368_cfg_274_seed_3_of0,274,3,8,20,5,40.0,16,5,OF0,SUCCESS,855,
run_1369_cfg_274_seed_4_of0,274,4,8,20,5,40.0,16,5,OF0,SUCCESS,855,
run_1370_cfg_274_seed_5_of0,274,5,8,20,5,40.0,16,5,OF0,SUCCESS,855,
run_1371_cfg_275_seed_1_mrhof,275,1,8,20,5,40.0,16,10,MRHOF,SUCCESS,855,
run_1372_cfg_275_seed_2_mrhof,275,2,8,20,5,40.0,16,10,MRHOF,SUCCESS,855,
run_1373_cfg_275_seed_3_mrhof,275,3,8,20,5,40.0,16,10,MRHOF,SUCCESS,855,
run_1374_cfg_275_seed_4_mrhof,275,4,8,20,5,40.0,16,10,MRHOF,SUCCESS,855,
run_1375_cfg_275_seed_5_mrhof,275,5,8,20,5,40.0,16,10,MRHOF,SUCCESS,855,
run_1376_cfg_276_seed_1_of0,276,1,8,20,5,40.0,16,10,OF0,SUCCESS,855,
run_1377_cfg_276_seed_2_of0,276,2,8,20,5,40.0,16,10,OF0,SUCCESS,855,
run_1378_cfg_276_seed_3_of0,276,3,8,20,5,40.0,16,10,OF0,SUCCESS,855,
run_1379_cfg_276_seed_4_of0,276,4,8,20,5,40.0,16,10,OF0,SUCCESS,855,
run_1380_cfg_276_seed_5_of0,276,5,8,20,5,40.0,16,10,OF0,SUCCESS,855,
run_1381_cfg_277_seed_1_of0,277,1,8,20,5,40.0,16,20,OF0,SUCCESS,855,
run_1382_cfg_277_seed_2_of0,277,2,8,20,5,40.0,16,20,OF0,SUCCESS,855,
run_1383_cfg_277_seed_3_of0,277,3,8,20,5,40.0,16,20,OF0,SUCCESS,855,
run_1384_cfg_277_seed_4_of0,277,4,8,20,5,40.0,16,20,OF0,SUCCESS,855,
run_1385_cfg_277_seed_5_of0,277,5,8,20,5,40.0,16,20,OF0,SUCCESS,855,
run_1386_cfg_278_seed_1_of0,278,1,8,20,5,40.0,20,5,OF0,SUCCESS,1083,
run_1387_cfg_278_seed_2_of0,278,2,8,20,5,40.0,20,5,OF0,SUCCESS,1083,
run_1388_cfg_278_seed_3_of0,278,3,8,20,5,40.0,20,5,OF0,SUCCESS,1083,
run_1389_cfg_278_seed_4_of0,278,4,8,20,5,40.0,20,5,OF0,SUCCESS,1083,
run_1390_cfg_278_seed_5_of0,278,5,8,20,5,40.0,20,5,OF0,SUCCESS,1083,
run_1391_cfg_279_seed_1_of0,279,1,8,20,5,40.0,20,10,OF0,SUCCESS,1083,
run_1392_cfg_279_seed_2_of0,279,2,8,20,5,40.0,20,10,OF0,SUCCESS,1083,
run_1393_cfg_279_seed_3_of0,279,3,8,20,5,40.0,20,10,OF0,SUCCESS,1083,
run_1394_cfg_279_seed_4_of0,279,4,8,20,5,40.0,20,10,OF0,SUCCESS,1083,
run_1395_cfg_279_seed_5_of0,279,5,8,20,5,40.0,20,10,OF0,SUCCESS,1083,
run_1396_cfg_280_seed_1_of0,280,1,8,20,5,40.0,20,20,OF0,SUCCESS,1083,
run_1397_cfg_280_seed_2_of0,280,2,8,20,5,40.0,20,20,OF0,SUCCESS,1083,
run_1398_cfg_280_seed_3_of0,280,3,8,20,5,40.0,20,20,OF0,SUCCESS,1083,
run_1399_cfg_280_seed_4_of0,280,4,8,20,5,40.0,20,20,OF0,SUCCESS,1083,
run_1400_cfg_280_seed_5_of0,280,5,8,20,5,40.0,20,20,OF0,SUCCESS,1083,
run_1401_cfg_281_seed_1_of0,281,1,8,20,5,50.0,12,5,OF0,SUCCESS,627,
run_1402_cfg_281_seed_2_of0,281,2,8,20,5,50.0,12,5,OF0,SUCCESS,627,
run_1403_cfg_281_seed_3_of0,281,3,8,20,5,50.0,12,5,OF0,SUCCESS,627,
run_1404_cfg_281_seed_4_of0,281,4,8,20,5,50.0,12,5,OF0,SUCCESS,627,
run_1405_cfg_281_seed_5_of0,281,5,8,20,5,50.0,12,5,OF0,SUCCESS,627,
run_1406_cfg_282_seed_1_mrhof,282,1,8,20,5,50.0,12,10,MRHOF,SUCCESS,627,
run_1407_cfg_282_seed_2_mrhof,282,2,8,20,5,50.0,12,10,MRHOF,SUCCESS,627,
run_1408_cfg_282_seed_3_mrhof,282,3,8,20,5,50.0,12,10,MRHOF,SUCCESS,627,
run_1409_cfg_282_seed_4_mrhof,282,4,8,20,5,50.0,12,10,MRHOF,SUCCESS,627,
run_1410_cfg_282_seed_5_mrhof,282,5,8,20,5,50.0,12,10,MRHOF,SUCCESS,627,
run_1411_cfg_283_seed_1_of0,283,1,8,20,5,50.0,12,10,OF0,SUCCESS,627,
run_1412_cfg_283_seed_2_of0,283,2,8,20,5,50.0,12,10,OF0,SUCCESS,627,
run_1413_cfg_283_seed_3_of0,283,3,8,20,5,50.0,12,10,OF0,SUCCESS,627,
run_1414_cfg_283_seed_4_of0,283,4,8,20,5,50.0,12,10,OF0,SUCCESS,627,
run_1415_cfg_283_seed_5_of0,283,5,8,20,5,50.0,12,10,OF0,SUCCESS,627,
run_1416_cfg_284_seed_1_mrhof,284,1,8,20,5,50.0,12,20,MRHOF,SUCCESS,627,
run_1417_cfg_284_seed_2_mrhof,284,2,8,20,5,50.0,12,20,MRHOF,SUCCESS,627,
run_1418_cfg_284_seed_3_mrhof,284,3,8,20,5,50.0,12,20,MRHOF,SUCCESS,627,
run_1419_cfg_284_seed_4_mrhof,284,4,8,20,5,50.0,12,20,MRHOF,SUCCESS,627,
run_1420_cfg_284_seed_5_mrhof,284,5,8,20,5,50.0,12,20,MRHOF,SUCCESS,627,
run_1421_cfg_285_seed_1_of0,285,1,8,20,5,50.0,12,20,OF0,SUCCESS,627,
run_1422_cfg_285_seed_2_of0,285,2,8,20,5,50.0,12,20,OF0,SUCCESS,627,
run_1423_cfg_285_seed_3_of0,285,3,8,20,5,50.0,12,20,OF0,SUCCESS,627,
run_1424_cfg_285_seed_4_of0,285,4,8,20,5,50.0,12,20,OF0,SUCCESS,627,
run_1425_cfg_285_seed_5_of0,285,5,8,20,5,50.0,12,20,OF0,SUCCESS,627,
run_1426_cfg_286_seed_1_mrhof,286,1,8,20,5,50.0,16,10,MRHOF,SUCCESS,855,
run_1427_cfg_286_seed_2_mrhof,286,2,8,20,5,50.0,16,10,MRHOF,SUCCESS,855,
run_1428_cfg_286_seed_3_mrhof,286,3,8,20,5,50.0,16,10,MRHOF,SUCCESS,855,
run_1429_cfg_286_seed_4_mrhof,286,4,8,20,5,50.0,16,10,MRHOF,SUCCESS,855,
run_1430_cfg_286_seed_5_mrhof,286,5,8,20,5,50.0,16,10,MRHOF,SUCCESS,855,
run_1431_cfg_287_seed_1_of0,287,1,8,20,5,50.0,16,10,OF0,SUCCESS,855,
run_1432_cfg_287_seed_2_of0,287,2,8,20,5,50.0,16,10,OF0,SUCCESS,855,
run_1433_cfg_287_seed_3_of0,287,3,8,20,5,50.0,16,10,OF0,SUCCESS,855,
run_1434_cfg_287_seed_4_of0,287,4,8,20,5,50.0,16,10,OF0,SUCCESS,855,
run_1435_cfg_287_seed_5_of0,287,5,8,20,5,50.0,16,10,OF0,SUCCESS,855,
run_1436_cfg_288_seed_1_mrhof,288,1,8,20,5,50.0,16,20,MRHOF,SUCCESS,855,
run_1437_cfg_288_seed_2_mrhof,288,2,8,20,5,50.0,16,20,MRHOF,SUCCESS,855,
run_1438_cfg_288_seed_3_mrhof,288,3,8,20,5,50.0,16,20,MRHOF,SUCCESS,855,
run_1439_cfg_288_seed_4_mrhof,288,4,8,20,5,50.0,16,20,MRHOF,SUCCESS,855,
run_1440_cfg_288_seed_5_mrhof,288,5,8,20,5,50.0,16,20,MRHOF,SUCCESS,855,
run_1441_cfg_289_seed_1_mrhof,289,1,8,20,5,50.0,20,5,MRHOF,SUCCESS,1083,
run_1442_cfg_289_seed_2_mrhof,289,2,8,20,5,50.0,20,5,MRHOF,SUCCESS,1083,
run_1443_cfg_289_seed_3_mrhof,289,3,8,20,5,50.0,20,5,MRHOF,SUCCESS,1083,
run_1444_cfg_289_seed_4_mrhof,289,4,8,20,5,50.0,20,5,MRHOF,SUCCESS,1083,
run_1445_cfg_289_seed_5_mrhof,289,5,8,20,5,50.0,20,5,MRHOF,SUCCESS,1083,
run_1446_cfg_290_seed_1_of0,290,1,8,20,5,50.0,20,10,OF0,SUCCESS,1083,
run_1447_cfg_290_seed_2_of0,290,2,8,20,5,50.0,20,10,OF0,SUCCESS,1083,
run_1448_cfg_290_seed_3_of0,290,3,8,20,5,50.0,20,10,OF0,SUCCESS,1083,
run_1449_cfg_290_seed_4_of0,290,4,8,20,5,50.0,20,10,OF0,SUCCESS,1083,
run_1450_cfg_290_seed_5_of0,290,5,8,20,5,50.0,20,10,OF0,SUCCESS,1083,
run_1451_cfg_291_seed_1_mrhof,291,1,8,20,5,50.0,20,20,MRHOF,SUCCESS,1083,
run_1452_cfg_291_seed_2_mrhof,291,2,8,20,5,50.0,20,20,MRHOF,SUCCESS,1083,
run_1453_cfg_291_seed_3_mrhof,291,3,8,20,5,50.0,20,20,MRHOF,SUCCESS,1083,
run_1454_cfg_291_seed_4_mrhof,291,4,8,20,5,50.0,20,20,MRHOF,SUCCESS,1083,
run_1455_cfg_291_seed_5_mrhof,291,5,8,20,5,50.0,20,20,MRHOF,SUCCESS,1083,
run_1456_cfg_292_seed_1_of0,292,1,8,20,5,50.0,20,20,OF0,SUCCESS,1083,
run_1457_cfg_292_seed_2_of0,292,2,8,20,5,50.0,20,20,OF0,SUCCESS,1083,
run_1458_cfg_292_seed_3_of0,292,3,8,20,5,50.0,20,20,OF0,SUCCESS,1083,
run_1459_cfg_292_seed_4_of0,292,4,8,20,5,50.0,20,20,OF0,SUCCESS,1083,
run_1460_cfg_292_seed_5_of0,292,5,8,20,5,50.0,20,20,OF0,SUCCESS,1083,
run_1461_cfg_293_seed_1_of0,293,1,8,20,5,60.0,12,5,OF0,SUCCESS,627,
run_1462_cfg_293_seed_2_of0,293,2,8,20,5,60.0,12,5,OF0,SUCCESS,627,
run_1463_cfg_293_seed_3_of0,293,3,8,20,5,60.0,12,5,OF0,SUCCESS,627,
run_1464_cfg_293_seed_4_of0,293,4,8,20,5,60.0,12,5,OF0,SUCCESS,627,
run_1465_cfg_293_seed_5_of0,293,5,8,20,5,60.0,12,5,OF0,SUCCESS,627,
run_1466_cfg_294_seed_1_mrhof,294,1,8,20,5,60.0,12,10,MRHOF,SUCCESS,627,
run_1467_cfg_294_seed_2_mrhof,294,2,8,20,5,60.0,12,10,MRHOF,SUCCESS,627,
run_1468_cfg_294_seed_3_mrhof,294,3,8,20,5,60.0,12,10,MRHOF,SUCCESS,627,
run_1469_cfg_294_seed_4_mrhof,294,4,8,20,5,60.0,12,10,MRHOF,SUCCESS,627,
run_1470_cfg_294_seed_5_mrhof,294,5,8,20,5,60.0,12,10,MRHOF,SUCCESS,627,
run_1471_cfg_295_seed_1_of0,295,1,8,20,5,60.0,12,10,OF0,SUCCESS,627,
run_1472_cfg_295_seed_2_of0,295,2,8,20,5,60.0,12,10,OF0,SUCCESS,627,
run_1473_cfg_295_seed_3_of0,295,3,8,20,5,60.0,12,10,OF0,SUCCESS,627,
run_1474_cfg_295_seed_4_of0,295,4,8,20,5,60.0,12,10,OF0,SUCCESS,627,
run_1475_cfg_295_seed_5_of0,295,5,8,20,5,60.0,12,10,OF0,SUCCESS,627,
run_1476_cfg_296_seed_1_of0,296,1,8,20,5,60.0,12,20,OF0,SUCCESS,627,
run_1477_cfg_296_seed_2_of0,296,2,8,20,5,60.0,12,20,OF0,SUCCESS,627,
run_1478_cfg_296_seed_3_of0,296,3,8,20,5,60.0,12,20,OF0,SUCCESS,627,
run_1479_cfg_296_seed_4_of0,296,4,8,20,5,60.0,12,20,OF0,SUCCESS,627,
run_1480_cfg_296_seed_5_of0,296,5,8,20,5,60.0,12,20,OF0,SUCCESS,627,
run_1481_cfg_297_seed_1_mrhof,297,1,8,20,5,60.0,16,5,MRHOF,SUCCESS,855,
run_1482_cfg_297_seed_2_mrhof,297,2,8,20,5,60.0,16,5,MRHOF,SUCCESS,855,
run_1483_cfg_297_seed_3_mrhof,297,3,8,20,5,60.0,16,5,MRHOF,SUCCESS,855,
run_1484_cfg_297_seed_4_mrhof,297,4,8,20,5,60.0,16,5,MRHOF,SUCCESS,855,
run_1485_cfg_297_seed_5_mrhof,297,5,8,20,5,60.0,16,5,MRHOF,SUCCESS,855,
run_1486_cfg_298_seed_1_mrhof,298,1,8,20,5,60.0,16,10,MRHOF,SUCCESS,855,
run_1487_cfg_298_seed_2_mrhof,298,2,8,20,5,60.0,16,10,MRHOF,SUCCESS,855,
run_1488_cfg_298_seed_3_mrhof,298,3,8,20,5,60.0,16,10,MRHOF,SUCCESS,855,
run_1489_cfg_298_seed_4_mrhof,298,4,8,20,5,60.0,16,10,MRHOF,SUCCESS,855,
run_1490_cfg_298_seed_5_mrhof,298,5,8,20,5,60.0,16,10,MRHOF,SUCCESS,855,
run_1491_cfg_299_seed_1_of0,299,1,8,20,5,60.0,16,10,OF0,SUCCESS,855,
run_1492_cfg_299_seed_2_of0,299,2,8,20,5,60.0,16,10,OF0,SUCCESS,855,
run_1493_cfg_299_seed_3_of0,299,3,8,20,5,60.0,16,10,OF0,SUCCESS,855,
run_1494_cfg_299_seed_4_of0,299,4,8,20,5,60.0,16,10,OF0,SUCCESS,855,
run_1495_cfg_299_seed_5_of0,299,5,8,20,5,60.0,16,10,OF0,SUCCESS,855,
run_1496_cfg_300_seed_1_mrhof,300,1,8,20,5,60.0,16,20,MRHOF,SUCCESS,855,
run_1497_cfg_300_seed_2_mrhof,300,2,8,20,5,60.0,16,20,MRHOF,SUCCESS,855,
run_1498_cfg_300_seed_3_mrhof,300,3,8,20,5,60.0,16,20,MRHOF,SUCCESS,855,
run_1499_cfg_300_seed_4_mrhof,300,4,8,20,5,60.0,16,20,MRHOF,SUCCESS,855,
run_1500_cfg_300_seed_5_mrhof,300,5,8,20,5,60.0,16,20,MRHOF,SUCCESS,855,
run_1501_cfg_301_seed_1_of0,301,1,8,20,5,60.0,16,20,OF0,SUCCESS,855,
run_1502_cfg_301_seed_2_of0,301,2,8,20,5,60.0,16,20,OF0,SUCCESS,855,
run_1503_cfg_301_seed_3_of0,301,3,8,20,5,60.0,16,20,OF0,SUCCESS,855,
run_1504_cfg_301_seed_4_of0,301,4,8,20,5,60.0,16,20,OF0,SUCCESS,855,
run_1505_cfg_301_seed_5_of0,301,5,8,20,5,60.0,16,20,OF0,SUCCESS,855,
run_1506_cfg_302_seed_1_mrhof,302,1,8,20,5,60.0,20,10,MRHOF,SUCCESS,1083,
run_1507_cfg_302_seed_2_mrhof,302,2,8,20,5,60.0,20,10,MRHOF,SUCCESS,1083,
run_1508_cfg_302_seed_3_mrhof,302,3,8,20,5,60.0,20,10,MRHOF,SUCCESS,1083,
run_1509_cfg_302_seed_4_mrhof,302,4,8,20,5,60.0,20,10,MRHOF,SUCCESS,1083,
run_1510_cfg_302_seed_5_mrhof,302,5,8,20,5,60.0,20,10,MRHOF,SUCCESS,1083,
run_1511_cfg_303_seed_1_of0,303,1,8,20,5,60.0,20,10,OF0,SUCCESS,1083,
run_1512_cfg_303_seed_2_of0,303,2,8,20,5,60.0,20,10,OF0,SUCCESS,1083,
run_1513_cfg_303_seed_3_of0,303,3,8,20,5,60.0,20,10,OF0,SUCCESS,1083,
run_1514_cfg_303_seed_4_of0,303,4,8,20,5,60.0,20,10,OF0,SUCCESS,1083,
run_1515_cfg_303_seed_5_of0,303,5,8,20,5,60.0,20,10,OF0,SUCCESS,1083,
run_1516_cfg_304_seed_1_mrhof,304,1,8,20,5,60.0,20,20,MRHOF,SUCCESS,1083,
run_1517_cfg_304_seed_2_mrhof,304,2,8,20,5,60.0,20,20,MRHOF,SUCCESS,1083,
run_1518_cfg_304_seed_3_mrhof,304,3,8,20,5,60.0,20,20,MRHOF,SUCCESS,1083,
run_1519_cfg_304_seed_4_mrhof,304,4,8,20,5,60.0,20,20,MRHOF,SUCCESS,1083,
run_1520_cfg_304_seed_5_mrhof,304,5,8,20,5,60.0,20,20,MRHOF,SUCCESS,1083,
run_1521_cfg_305_seed_1_of0,305,1,8,20,5,60.0,20,20,OF0,SUCCESS,1083,
run_1522_cfg_305_seed_2_of0,305,2,8,20,5,60.0,20,20,OF0,SUCCESS,1083,
run_1523_cfg_305_seed_3_of0,305,3,8,20,5,60.0,20,20,OF0,SUCCESS,1083,
run_1524_cfg_305_seed_4_of0,305,4,8,20,5,60.0,20,20,OF0,SUCCESS,1083,
run_1525_cfg_305_seed_5_of0,305,5,8,20,5,60.0,20,20,OF0,SUCCESS,1083,
run_1526_cfg_306_seed_1_of0,306,1,8,20,10,40.0,12,10,OF0,SUCCESS,627,
run_1527_cfg_306_seed_2_of0,306,2,8,20,10,40.0,12,10,OF0,SUCCESS,627,
run_1528_cfg_306_seed_3_of0,306,3,8,20,10,40.0,12,10,OF0,SUCCESS,627,
run_1529_cfg_306_seed_4_of0,306,4,8,20,10,40.0,12,10,OF0,SUCCESS,627,
run_1530_cfg_306_seed_5_of0,306,5,8,20,10,40.0,12,10,OF0,SUCCESS,627,
run_1531_cfg_307_seed_1_mrhof,307,1,8,20,10,40.0,12,20,MRHOF,SUCCESS,627,
run_1532_cfg_307_seed_2_mrhof,307,2,8,20,10,40.0,12,20,MRHOF,SUCCESS,627,
run_1533_cfg_307_seed_3_mrhof,307,3,8,20,10,40.0,12,20,MRHOF,SUCCESS,627,
run_1534_cfg_307_seed_4_mrhof,307,4,8,20,10,40.0,12,20,MRHOF,SUCCESS,627,
run_1535_cfg_307_seed_5_mrhof,307,5,8,20,10,40.0,12,20,MRHOF,SUCCESS,627,
run_1536_cfg_308_seed_1_mrhof,308,1,8,20,10,40.0,16,5,MRHOF,SUCCESS,855,
run_1537_cfg_308_seed_2_mrhof,308,2,8,20,10,40.0,16,5,MRHOF,SUCCESS,855,
run_1538_cfg_308_seed_3_mrhof,308,3,8,20,10,40.0,16,5,MRHOF,SUCCESS,855,
run_1539_cfg_308_seed_4_mrhof,308,4,8,20,10,40.0,16,5,MRHOF,SUCCESS,855,
run_1540_cfg_308_seed_5_mrhof,308,5,8,20,10,40.0,16,5,MRHOF,SUCCESS,855,
run_1541_cfg_309_seed_1_mrhof,309,1,8,20,10,40.0,16,10,MRHOF,SUCCESS,855,
run_1542_cfg_309_seed_2_mrhof,309,2,8,20,10,40.0,16,10,MRHOF,SUCCESS,855,
run_1543_cfg_309_seed_3_mrhof,309,3,8,20,10,40.0,16,10,MRHOF,SUCCESS,855,
run_1544_cfg_309_seed_4_mrhof,309,4,8,20,10,40.0,16,10,MRHOF,SUCCESS,855,
run_1545_cfg_309_seed_5_mrhof,309,5,8,20,10,40.0,16,10,MRHOF,SUCCESS,855,
run_1546_cfg_310_seed_1_mrhof,310,1,8,20,10,40.0,16,20,MRHOF,SUCCESS,855,
run_1547_cfg_310_seed_2_mrhof,310,2,8,20,10,40.0,16,20,MRHOF,SUCCESS,855,
run_1548_cfg_310_seed_3_mrhof,310,3,8,20,10,40.0,16,20,MRHOF,SUCCESS,855,
run_1549_cfg_310_seed_4_mrhof,310,4,8,20,10,40.0,16,20,MRHOF,SUCCESS,855,
run_1550_cfg_310_seed_5_mrhof,310,5,8,20,10,40.0,16,20,MRHOF,SUCCESS,855,
run_1551_cfg_311_seed_1_mrhof,311,1,8,20,10,40.0,20,5,MRHOF,SUCCESS,1083,
run_1552_cfg_311_seed_2_mrhof,311,2,8,20,10,40.0,20,5,MRHOF,SUCCESS,1083,
run_1553_cfg_311_seed_3_mrhof,311,3,8,20,10,40.0,20,5,MRHOF,SUCCESS,1083,
run_1554_cfg_311_seed_4_mrhof,311,4,8,20,10,40.0,20,5,MRHOF,SUCCESS,1083,
run_1555_cfg_311_seed_5_mrhof,311,5,8,20,10,40.0,20,5,MRHOF,SUCCESS,1083,
run_1556_cfg_312_seed_1_of0,312,1,8,20,10,40.0,20,10,OF0,SUCCESS,1083,
run_1557_cfg_312_seed_2_of0,312,2,8,20,10,40.0,20,10,OF0,SUCCESS,1083,
run_1558_cfg_312_seed_3_of0,312,3,8,20,10,40.0,20,10,OF0,SUCCESS,1083,
run_1559_cfg_312_seed_4_of0,312,4,8,20,10,40.0,20,10,OF0,SUCCESS,1083,
run_1560_cfg_312_seed_5_of0,312,5,8,20,10,40.0,20,10,OF0,SUCCESS,1083,
run_1561_cfg_313_seed_1_mrhof,313,1,8,20,10,40.0,20,20,MRHOF,SUCCESS,1083,
run_1562_cfg_313_seed_2_mrhof,313,2,8,20,10,40.0,20,20,MRHOF,SUCCESS,1083,
run_1563_cfg_313_seed_3_mrhof,313,3,8,20,10,40.0,20,20,MRHOF,SUCCESS,1083,
run_1564_cfg_313_seed_4_mrhof,313,4,8,20,10,40.0,20,20,MRHOF,SUCCESS,1083,
run_1565_cfg_313_seed_5_mrhof,313,5,8,20,10,40.0,20,20,MRHOF,SUCCESS,1083,
run_1566_cfg_314_seed_1_of0,314,1,8,20,10,40.0,20,20,OF0,SUCCESS,1083,
run_1567_cfg_314_seed_2_of0,314,2,8,20,10,40.0,20,20,OF0,SUCCESS,1083,
run_1568_cfg_314_seed_3_of0,314,3,8,20,10,40.0,20,20,OF0,SUCCESS,1083,
run_1569_cfg_314_seed_4_of0,314,4,8,20,10,40.0,20,20,OF0,SUCCESS,1083,
run_1570_cfg_314_seed_5_of0,314,5,8,20,10,40.0,20,20,OF0,SUCCESS,1083,
run_1571_cfg_315_seed_1_of0,315,1,8,20,10,50.0,12,5,OF0,SUCCESS,627,
run_1572_cfg_315_seed_2_of0,315,2,8,20,10,50.0,12,5,OF0,SUCCESS,627,
run_1573_cfg_315_seed_3_of0,315,3,8,20,10,50.0,12,5,OF0,SUCCESS,627,
run_1574_cfg_315_seed_4_of0,315,4,8,20,10,50.0,12,5,OF0,SUCCESS,627,
run_1575_cfg_315_seed_5_of0,315,5,8,20,10,50.0,12,5,OF0,SUCCESS,627,
run_1576_cfg_316_seed_1_mrhof,316,1,8,20,10,50.0,12,10,MRHOF,SUCCESS,627,
run_1577_cfg_316_seed_2_mrhof,316,2,8,20,10,50.0,12,10,MRHOF,SUCCESS,627,
run_1578_cfg_316_seed_3_mrhof,316,3,8,20,10,50.0,12,10,MRHOF,SUCCESS,627,
run_1579_cfg_316_seed_4_mrhof,316,4,8,20,10,50.0,12,10,MRHOF,SUCCESS,627,
run_1580_cfg_316_seed_5_mrhof,316,5,8,20,10,50.0,12,10,MRHOF,SUCCESS,627,
run_1581_cfg_317_seed_1_of0,317,1,8,20,10,50.0,12,10,OF0,SUCCESS,627,
run_1582_cfg_317_seed_2_of0,317,2,8,20,10,50.0,12,10,OF0,SUCCESS,627,
run_1583_cfg_317_seed_3_of0,317,3,8,20,10,50.0,12,10,OF0,SUCCESS,627,
run_1584_cfg_317_seed_4_of0,317,4,8,20,10,50.0,12,10,OF0,SUCCESS,627,
run_1585_cfg_317_seed_5_of0,317,5,8,20,10,50.0,12,10,OF0,SUCCESS,627,
run_1586_cfg_318_seed_1_mrhof,318,1,8,20,10,50.0,12,20,MRHOF,SUCCESS,627,
run_1587_cfg_318_seed_2_mrhof,318,2,8,20,10,50.0,12,20,MRHOF,SUCCESS,627,
run_1588_cfg_318_seed_3_mrhof,318,3,8,20,10,50.0,12,20,MRHOF,SUCCESS,627,
run_1589_cfg_318_seed_4_mrhof,318,4,8,20,10,50.0,12,20,MRHOF,SUCCESS,627,
run_1590_cfg_318_seed_5_mrhof,318,5,8,20,10,50.0,12,20,MRHOF,SUCCESS,627,
run_1591_cfg_319_seed_1_of0,319,1,8,20,10,50.0,12,20,OF0,SUCCESS,627,
run_1592_cfg_319_seed_2_of0,319,2,8,20,10,50.0,12,20,OF0,SUCCESS,627,
run_1593_cfg_319_seed_3_of0,319,3,8,20,10,50.0,12,20,OF0,SUCCESS,627,
run_1594_cfg_319_seed_4_of0,319,4,8,20,10,50.0,12,20,OF0,SUCCESS,627,
run_1595_cfg_319_seed_5_of0,319,5,8,20,10,50.0,12,20,OF0,SUCCESS,627,
run_1596_cfg_320_seed_1_mrhof,320,1,8,20,10,50.0,16,5,MRHOF,SUCCESS,855,
run_1597_cfg_320_seed_2_mrhof,320,2,8,20,10,50.0,16,5,MRHOF,SUCCESS,855,
run_1598_cfg_320_seed_3_mrhof,320,3,8,20,10,50.0,16,5,MRHOF,SUCCESS,855,
run_1599_cfg_320_seed_4_mrhof,320,4,8,20,10,50.0,16,5,MRHOF,SUCCESS,855,
run_1600_cfg_320_seed_5_mrhof,320,5,8,20,10,50.0,16,5,MRHOF,SUCCESS,855,
run_1601_cfg_321_seed_1_mrhof,321,1,8,20,10,50.0,16,10,MRHOF,SUCCESS,855,
run_1602_cfg_321_seed_2_mrhof,321,2,8,20,10,50.0,16,10,MRHOF,SUCCESS,855,
run_1603_cfg_321_seed_3_mrhof,321,3,8,20,10,50.0,16,10,MRHOF,SUCCESS,855,
run_1604_cfg_321_seed_4_mrhof,321,4,8,20,10,50.0,16,10,MRHOF,SUCCESS,855,
run_1605_cfg_321_seed_5_mrhof,321,5,8,20,10,50.0,16,10,MRHOF,SUCCESS,855,
run_1606_cfg_322_seed_1_of0,322,1,8,20,10,50.0,16,10,OF0,SUCCESS,855,
run_1607_cfg_322_seed_2_of0,322,2,8,20,10,50.0,16,10,OF0,SUCCESS,855,
run_1608_cfg_322_seed_3_of0,322,3,8,20,10,50.0,16,10,OF0,SUCCESS,855,
run_1609_cfg_322_seed_4_of0,322,4,8,20,10,50.0,16,10,OF0,SUCCESS,855,
run_1610_cfg_322_seed_5_of0,322,5,8,20,10,50.0,16,10,OF0,SUCCESS,855,
run_1611_cfg_323_seed_1_mrhof,323,1,8,20,10,50.0,16,20,MRHOF,SUCCESS,855,
run_1612_cfg_323_seed_2_mrhof,323,2,8,20,10,50.0,16,20,MRHOF,SUCCESS,855,
run_1613_cfg_323_seed_3_mrhof,323,3,8,20,10,50.0,16,20,MRHOF,SUCCESS,855,
run_1614_cfg_323_seed_4_mrhof,323,4,8,20,10,50.0,16,20,MRHOF,SUCCESS,855,
run_1615_cfg_323_seed_5_mrhof,323,5,8,20,10,50.0,16,20,MRHOF,SUCCESS,855,
run_1616_cfg_324_seed_1_of0,324,1,8,20,10,50.0,16,20,OF0,SUCCESS,855,
run_1617_cfg_324_seed_2_of0,324,2,8,20,10,50.0,16,20,OF0,SUCCESS,855,
run_1618_cfg_324_seed_3_of0,324,3,8,20,10,50.0,16,20,OF0,SUCCESS,855,
run_1619_cfg_324_seed_4_of0,324,4,8,20,10,50.0,16,20,OF0,SUCCESS,855,
run_1620_cfg_324_seed_5_of0,324,5,8,20,10,50.0,16,20,OF0,SUCCESS,855,
run_1621_cfg_325_seed_1_mrhof,325,1,8,20,10,50.0,20,5,MRHOF,SUCCESS,1083,
run_1622_cfg_325_seed_2_mrhof,325,2,8,20,10,50.0,20,5,MRHOF,SUCCESS,1083,
run_1623_cfg_325_seed_3_mrhof,325,3,8,20,10,50.0,20,5,MRHOF,SUCCESS,1083,
run_1624_cfg_325_seed_4_mrhof,325,4,8,20,10,50.0,20,5,MRHOF,SUCCESS,1083,
run_1625_cfg_325_seed_5_mrhof,325,5,8,20,10,50.0,20,5,MRHOF,SUCCESS,1083,
run_1626_cfg_326_seed_1_of0,326,1,8,20,10,50.0,20,5,OF0,SUCCESS,1083,
run_1627_cfg_326_seed_2_of0,326,2,8,20,10,50.0,20,5,OF0,SUCCESS,1083,
run_1628_cfg_326_seed_3_of0,326,3,8,20,10,50.0,20,5,OF0,SUCCESS,1083,
run_1629_cfg_326_seed_4_of0,326,4,8,20,10,50.0,20,5,OF0,SUCCESS,1083,
run_1630_cfg_326_seed_5_of0,326,5,8,20,10,50.0,20,5,OF0,SUCCESS,1083,
run_1631_cfg_327_seed_1_mrhof,327,1,8,20,10,50.0,20,10,MRHOF,SUCCESS,1083,
run_1632_cfg_327_seed_2_mrhof,327,2,8,20,10,50.0,20,10,MRHOF,SUCCESS,1083,
run_1633_cfg_327_seed_3_mrhof,327,3,8,20,10,50.0,20,10,MRHOF,SUCCESS,1083,
run_1634_cfg_327_seed_4_mrhof,327,4,8,20,10,50.0,20,10,MRHOF,SUCCESS,1083,
run_1635_cfg_327_seed_5_mrhof,327,5,8,20,10,50.0,20,10,MRHOF,SUCCESS,1083,
run_1636_cfg_328_seed_1_of0,328,1,8,20,10,50.0,20,10,OF0,SUCCESS,1083,
run_1637_cfg_328_seed_2_of0,328,2,8,20,10,50.0,20,10,OF0,SUCCESS,1083,
run_1638_cfg_328_seed_3_of0,328,3,8,20,10,50.0,20,10,OF0,SUCCESS,1083,
run_1639_cfg_328_seed_4_of0,328,4,8,20,10,50.0,20,10,OF0,SUCCESS,1083,
run_1640_cfg_328_seed_5_of0,328,5,8,20,10,50.0,20,10,OF0,SUCCESS,1083,
run_1641_cfg_329_seed_1_mrhof,329,1,8,20,10,50.0,20,20,MRHOF,SUCCESS,1083,
run_1642_cfg_329_seed_2_mrhof,329,2,8,20,10,50.0,20,20,MRHOF,SUCCESS,1083,
run_1643_cfg_329_seed_3_mrhof,329,3,8,20,10,50.0,20,20,MRHOF,SUCCESS,1083,
run_1644_cfg_329_seed_4_mrhof,329,4,8,20,10,50.0,20,20,MRHOF,SUCCESS,1083,
run_1645_cfg_329_seed_5_mrhof,329,5,8,20,10,50.0,20,20,MRHOF,SUCCESS,1083,
run_1646_cfg_330_seed_1_of0,330,1,8,20,10,50.0,20,20,OF0,SUCCESS,1083,
run_1647_cfg_330_seed_2_of0,330,2,8,20,10,50.0,20,20,OF0,SUCCESS,1083,
run_1648_cfg_330_seed_3_of0,330,3,8,20,10,50.0,20,20,OF0,SUCCESS,1083,
run_1649_cfg_330_seed_4_of0,330,4,8,20,10,50.0,20,20,OF0,SUCCESS,1083,
run_1650_cfg_330_seed_5_of0,330,5,8,20,10,50.0,20,20,OF0,SUCCESS,1083,
run_1651_cfg_331_seed_1_of0,331,1,8,20,10,60.0,12,5,OF0,SUCCESS,627,
run_1652_cfg_331_seed_2_of0,331,2,8,20,10,60.0,12,5,OF0,SUCCESS,627,
run_1653_cfg_331_seed_3_of0,331,3,8,20,10,60.0,12,5,OF0,SUCCESS,627,
run_1654_cfg_331_seed_4_of0,331,4,8,20,10,60.0,12,5,OF0,SUCCESS,627,
run_1655_cfg_331_seed_5_of0,331,5,8,20,10,60.0,12,5,OF0,SUCCESS,627,
run_1656_cfg_332_seed_1_of0,332,1,8,20,10,60.0,12,10,OF0,SUCCESS,627,
run_1657_cfg_332_seed_2_of0,332,2,8,20,10,60.0,12,10,OF0,SUCCESS,627,
run_1658_cfg_332_seed_3_of0,332,3,8,20,10,60.0,12,10,OF0,SUCCESS,627,
run_1659_cfg_332_seed_4_of0,332,4,8,20,10,60.0,12,10,OF0,SUCCESS,627,
run_1660_cfg_332_seed_5_of0,332,5,8,20,10,60.0,12,10,OF0,SUCCESS,627,
run_1661_cfg_333_seed_1_of0,333,1,8,20,10,60.0,12,20,OF0,SUCCESS,627,
run_1662_cfg_333_seed_2_of0,333,2,8,20,10,60.0,12,20,OF0,SUCCESS,627,
run_1663_cfg_333_seed_3_of0,333,3,8,20,10,60.0,12,20,OF0,SUCCESS,627,
run_1664_cfg_333_seed_4_of0,333,4,8,20,10,60.0,12,20,OF0,SUCCESS,627,
run_1665_cfg_333_seed_5_of0,333,5,8,20,10,60.0,12,20,OF0,SUCCESS,627,
run_1666_cfg_334_seed_1_mrhof,334,1,8,20,10,60.0,16,5,MRHOF,SUCCESS,855,
run_1667_cfg_334_seed_2_mrhof,334,2,8,20,10,60.0,16,5,MRHOF,SUCCESS,855,
run_1668_cfg_334_seed_3_mrhof,334,3,8,20,10,60.0,16,5,MRHOF,SUCCESS,855,
run_1669_cfg_334_seed_4_mrhof,334,4,8,20,10,60.0,16,5,MRHOF,SUCCESS,855,
run_1670_cfg_334_seed_5_mrhof,334,5,8,20,10,60.0,16,5,MRHOF,SUCCESS,855,
run_1671_cfg_335_seed_1_of0,335,1,8,20,10,60.0,16,5,OF0,SUCCESS,855,
run_1672_cfg_335_seed_2_of0,335,2,8,20,10,60.0,16,5,OF0,SUCCESS,855,
run_1673_cfg_335_seed_3_of0,335,3,8,20,10,60.0,16,5,OF0,SUCCESS,855,
run_1674_cfg_335_seed_4_of0,335,4,8,20,10,60.0,16,5,OF0,SUCCESS,855,
run_1675_cfg_335_seed_5_of0,335,5,8,20,10,60.0,16,5,OF0,SUCCESS,855,
run_1676_cfg_336_seed_1_mrhof,336,1,8,20,10,60.0,16,10,MRHOF,SUCCESS,855,
run_1677_cfg_336_seed_2_mrhof,336,2,8,20,10,60.0,16,10,MRHOF,SUCCESS,855,
run_1678_cfg_336_seed_3_mrhof,336,3,8,20,10,60.0,16,10,MRHOF,SUCCESS,855,
run_1679_cfg_336_seed_4_mrhof,336,4,8,20,10,60.0,16,10,MRHOF,SUCCESS,855,
run_1680_cfg_336_seed_5_mrhof,336,5,8,20,10,60.0,16,10,MRHOF,SUCCESS,855,
run_1681_cfg_337_seed_1_of0,337,1,8,20,10,60.0,16,10,OF0,SUCCESS,855,
run_1682_cfg_337_seed_2_of0,337,2,8,20,10,60.0,16,10,OF0,SUCCESS,855,
run_1683_cfg_337_seed_3_of0,337,3,8,20,10,60.0,16,10,OF0,SUCCESS,855,
run_1684_cfg_337_seed_4_of0,337,4,8,20,10,60.0,16,10,OF0,SUCCESS,855,
run_1685_cfg_337_seed_5_of0,337,5,8,20,10,60.0,16,10,OF0,SUCCESS,855,
run_1686_cfg_338_seed_1_mrhof,338,1,8,20,10,60.0,16,20,MRHOF,SUCCESS,855,
run_1687_cfg_338_seed_2_mrhof,338,2,8,20,10,60.0,16,20,MRHOF,SUCCESS,855,
run_1688_cfg_338_seed_3_mrhof,338,3,8,20,10,60.0,16,20,MRHOF,SUCCESS,855,
run_1689_cfg_338_seed_4_mrhof,338,4,8,20,10,60.0,16,20,MRHOF,SUCCESS,855,
run_1690_cfg_338_seed_5_mrhof,338,5,8,20,10,60.0,16,20,MRHOF,SUCCESS,855,
run_1691_cfg_339_seed_1_mrhof,339,1,8,20,10,60.0,20,5,MRHOF,SUCCESS,1083,
run_1692_cfg_339_seed_2_mrhof,339,2,8,20,10,60.0,20,5,MRHOF,SUCCESS,1083,
run_1693_cfg_339_seed_3_mrhof,339,3,8,20,10,60.0,20,5,MRHOF,SUCCESS,1083,
run_1694_cfg_339_seed_4_mrhof,339,4,8,20,10,60.0,20,5,MRHOF,SUCCESS,1083,
run_1695_cfg_339_seed_5_mrhof,339,5,8,20,10,60.0,20,5,MRHOF,SUCCESS,1083,
run_1696_cfg_340_seed_1_of0,340,1,8,20,10,60.0,20,5,OF0,SUCCESS,1083,
run_1697_cfg_340_seed_2_of0,340,2,8,20,10,60.0,20,5,OF0,SUCCESS,1083,
run_1698_cfg_340_seed_3_of0,340,3,8,20,10,60.0,20,5,OF0,SUCCESS,1083,
run_1699_cfg_340_seed_4_of0,340,4,8,20,10,60.0,20,5,OF0,SUCCESS,1083,
run_1700_cfg_340_seed_5_of0,340,5,8,20,10,60.0,20,5,OF0,SUCCESS,1083,
run_1701_cfg_341_seed_1_mrhof,341,1,8,20,10,60.0,20,20,MRHOF,SUCCESS,1083,
run_1702_cfg_341_seed_2_mrhof,341,2,8,20,10,60.0,20,20,MRHOF,SUCCESS,1083,
run_1703_cfg_341_seed_3_mrhof,341,3,8,20,10,60.0,20,20,MRHOF,SUCCESS,1083,
run_1704_cfg_341_seed_4_mrhof,341,4,8,20,10,60.0,20,20,MRHOF,SUCCESS,1083,
run_1705_cfg_341_seed_5_mrhof,341,5,8,20,10,60.0,20,20,MRHOF,SUCCESS,1083,
run_1706_cfg_342_seed_1_of0,342,1,8,20,10,60.0,20,20,OF0,SUCCESS,1083,
run_1707_cfg_342_seed_2_of0,342,2,8,20,10,60.0,20,20,OF0,SUCCESS,1083,
run_1708_cfg_342_seed_3_of0,342,3,8,20,10,60.0,20,20,OF0,SUCCESS,1083,
run_1709_cfg_342_seed_4_of0,342,4,8,20,10,60.0,20,20,OF0,SUCCESS,1083,
run_1710_cfg_342_seed_5_of0,342,5,8,20,10,60.0,20,20,OF0,SUCCESS,1083,
run_1711_cfg_343_seed_1_mrhof,343,1,10,16,0,40.0,12,5,MRHOF,SUCCESS,627,
run_1712_cfg_343_seed_2_mrhof,343,2,10,16,0,40.0,12,5,MRHOF,SUCCESS,627,
run_1713_cfg_343_seed_3_mrhof,343,3,10,16,0,40.0,12,5,MRHOF,SUCCESS,627,
run_1714_cfg_343_seed_4_mrhof,343,4,10,16,0,40.0,12,5,MRHOF,SUCCESS,627,
run_1715_cfg_343_seed_5_mrhof,343,5,10,16,0,40.0,12,5,MRHOF,SUCCESS,627,
run_1716_cfg_344_seed_1_of0,344,1,10,16,0,40.0,12,5,OF0,SUCCESS,627,
run_1717_cfg_344_seed_2_of0,344,2,10,16,0,40.0,12,5,OF0,SUCCESS,627,
run_1718_cfg_344_seed_3_of0,344,3,10,16,0,40.0,12,5,OF0,SUCCESS,627,
run_1719_cfg_344_seed_4_of0,344,4,10,16,0,40.0,12,5,OF0,SUCCESS,627,
run_1720_cfg_344_seed_5_of0,344,5,10,16,0,40.0,12,5,OF0,SUCCESS,627,
run_1721_cfg_345_seed_1_mrhof,345,1,10,16,0,40.0,12,10,MRHOF,SUCCESS,627,
run_1722_cfg_345_seed_2_mrhof,345,2,10,16,0,40.0,12,10,MRHOF,SUCCESS,627,
run_1723_cfg_345_seed_3_mrhof,345,3,10,16,0,40.0,12,10,MRHOF,SUCCESS,627,
run_1724_cfg_345_seed_4_mrhof,345,4,10,16,0,40.0,12,10,MRHOF,SUCCESS,627,
run_1725_cfg_345_seed_5_mrhof,345,5,10,16,0,40.0,12,10,MRHOF,SUCCESS,627,
run_1726_cfg_346_seed_1_of0,346,1,10,16,0,40.0,12,10,OF0,SUCCESS,627,
run_1727_cfg_346_seed_2_of0,346,2,10,16,0,40.0,12,10,OF0,SUCCESS,627,
run_1728_cfg_346_seed_3_of0,346,3,10,16,0,40.0,12,10,OF0,SUCCESS,627,
run_1729_cfg_346_seed_4_of0,346,4,10,16,0,40.0,12,10,OF0,SUCCESS,627,
run_1730_cfg_346_seed_5_of0,346,5,10,16,0,40.0,12,10,OF0,SUCCESS,627,
run_1731_cfg_347_seed_1_of0,347,1,10,16,0,40.0,16,5,OF0,SUCCESS,855,
run_1732_cfg_347_seed_2_of0,347,2,10,16,0,40.0,16,5,OF0,SUCCESS,855,
run_1733_cfg_347_seed_3_of0,347,3,10,16,0,40.0,16,5,OF0,SUCCESS,855,
run_1734_cfg_347_seed_4_of0,347,4,10,16,0,40.0,16,5,OF0,SUCCESS,855,
run_1735_cfg_347_seed_5_of0,347,5,10,16,0,40.0,16,5,OF0,SUCCESS,855,
run_1736_cfg_348_seed_1_mrhof,348,1,10,16,0,40.0,16,10,MRHOF,SUCCESS,855,
run_1737_cfg_348_seed_2_mrhof,348,2,10,16,0,40.0,16,10,MRHOF,SUCCESS,855,
run_1738_cfg_348_seed_3_mrhof,348,3,10,16,0,40.0,16,10,MRHOF,SUCCESS,855,
run_1739_cfg_348_seed_4_mrhof,348,4,10,16,0,40.0,16,10,MRHOF,SUCCESS,855,
run_1740_cfg_348_seed_5_mrhof,348,5,10,16,0,40.0,16,10,MRHOF,SUCCESS,855,
run_1741_cfg_349_seed_1_of0,349,1,10,16,0,40.0,16,10,OF0,SUCCESS,855,
run_1742_cfg_349_seed_2_of0,349,2,10,16,0,40.0,16,10,OF0,SUCCESS,855,
run_1743_cfg_349_seed_3_of0,349,3,10,16,0,40.0,16,10,OF0,SUCCESS,855,
run_1744_cfg_349_seed_4_of0,349,4,10,16,0,40.0,16,10,OF0,SUCCESS,855,
run_1745_cfg_349_seed_5_of0,349,5,10,16,0,40.0,16,10,OF0,SUCCESS,855,
run_1746_cfg_350_seed_1_mrhof,350,1,10,16,0,40.0,16,20,MRHOF,SUCCESS,855,
run_1747_cfg_350_seed_2_mrhof,350,2,10,16,0,40.0,16,20,MRHOF,SUCCESS,855,
run_1748_cfg_350_seed_3_mrhof,350,3,10,16,0,40.0,16,20,MRHOF,SUCCESS,855,
run_1749_cfg_350_seed_4_mrhof,350,4,10,16,0,40.0,16,20,MRHOF,SUCCESS,855,
run_1750_cfg_350_seed_5_mrhof,350,5,10,16,0,40.0,16,20,MRHOF,SUCCESS,855,
run_1751_cfg_351_seed_1_of0,351,1,10,16,0,40.0,16,20,OF0,SUCCESS,855,
run_1752_cfg_351_seed_2_of0,351,2,10,16,0,40.0,16,20,OF0,SUCCESS,855,
run_1753_cfg_351_seed_3_of0,351,3,10,16,0,40.0,16,20,OF0,SUCCESS,855,
run_1754_cfg_351_seed_4_of0,351,4,10,16,0,40.0,16,20,OF0,SUCCESS,855,
run_1755_cfg_351_seed_5_of0,351,5,10,16,0,40.0,16,20,OF0,SUCCESS,855,
run_1756_cfg_352_seed_1_mrhof,352,1,10,16,0,40.0,20,5,MRHOF,SUCCESS,1083,
run_1757_cfg_352_seed_2_mrhof,352,2,10,16,0,40.0,20,5,MRHOF,SUCCESS,1083,
run_1758_cfg_352_seed_3_mrhof,352,3,10,16,0,40.0,20,5,MRHOF,SUCCESS,1083,
run_1759_cfg_352_seed_4_mrhof,352,4,10,16,0,40.0,20,5,MRHOF,SUCCESS,1083,
run_1760_cfg_352_seed_5_mrhof,352,5,10,16,0,40.0,20,5,MRHOF,SUCCESS,1083,
run_1761_cfg_353_seed_1_of0,353,1,10,16,0,40.0,20,5,OF0,SUCCESS,1083,
run_1762_cfg_353_seed_2_of0,353,2,10,16,0,40.0,20,5,OF0,SUCCESS,1083,
run_1763_cfg_353_seed_3_of0,353,3,10,16,0,40.0,20,5,OF0,SUCCESS,1083,
run_1764_cfg_353_seed_4_of0,353,4,10,16,0,40.0,20,5,OF0,SUCCESS,1083,
run_1765_cfg_353_seed_5_of0,353,5,10,16,0,40.0,20,5,OF0,SUCCESS,1083,
run_1766_cfg_354_seed_1_of0,354,1,10,16,0,40.0,20,10,OF0,SUCCESS,1083,
run_1767_cfg_354_seed_2_of0,354,2,10,16,0,40.0,20,10,OF0,SUCCESS,1083,
run_1768_cfg_354_seed_3_of0,354,3,10,16,0,40.0,20,10,OF0,SUCCESS,1083,
run_1769_cfg_354_seed_4_of0,354,4,10,16,0,40.0,20,10,OF0,SUCCESS,1083,
run_1770_cfg_354_seed_5_of0,354,5,10,16,0,40.0,20,10,OF0,SUCCESS,1083,
run_1771_cfg_355_seed_1_mrhof,355,1,10,16,0,40.0,20,20,MRHOF,SUCCESS,1083,
run_1772_cfg_355_seed_2_mrhof,355,2,10,16,0,40.0,20,20,MRHOF,SUCCESS,1083,
run_1773_cfg_355_seed_3_mrhof,355,3,10,16,0,40.0,20,20,MRHOF,SUCCESS,1083,
run_1774_cfg_355_seed_4_mrhof,355,4,10,16,0,40.0,20,20,MRHOF,SUCCESS,1083,
run_1775_cfg_355_seed_5_mrhof,355,5,10,16,0,40.0,20,20,MRHOF,SUCCESS,1083,
run_1776_cfg_356_seed_1_mrhof,356,1,10,16,0,50.0,12,5,MRHOF,SUCCESS,627,
run_1777_cfg_356_seed_2_mrhof,356,2,10,16,0,50.0,12,5,MRHOF,SUCCESS,627,
run_1778_cfg_356_seed_3_mrhof,356,3,10,16,0,50.0,12,5,MRHOF,SUCCESS,627,
run_1779_cfg_356_seed_4_mrhof,356,4,10,16,0,50.0,12,5,MRHOF,SUCCESS,627,
run_1780_cfg_356_seed_5_mrhof,356,5,10,16,0,50.0,12,5,MRHOF,SUCCESS,627,
run_1781_cfg_357_seed_1_of0,357,1,10,16,0,50.0,12,10,OF0,SUCCESS,627,
run_1782_cfg_357_seed_2_of0,357,2,10,16,0,50.0,12,10,OF0,SUCCESS,627,
run_1783_cfg_357_seed_3_of0,357,3,10,16,0,50.0,12,10,OF0,SUCCESS,627,
run_1784_cfg_357_seed_4_of0,357,4,10,16,0,50.0,12,10,OF0,SUCCESS,627,
run_1785_cfg_357_seed_5_of0,357,5,10,16,0,50.0,12,10,OF0,SUCCESS,627,
run_1786_cfg_358_seed_1_mrhof,358,1,10,16,0,50.0,12,20,MRHOF,SUCCESS,627,
run_1787_cfg_358_seed_2_mrhof,358,2,10,16,0,50.0,12,20,MRHOF,SUCCESS,627,
run_1788_cfg_358_seed_3_mrhof,358,3,10,16,0,50.0,12,20,MRHOF,SUCCESS,627,
run_1789_cfg_358_seed_4_mrhof,358,4,10,16,0,50.0,12,20,MRHOF,SUCCESS,627,
run_1790_cfg_358_seed_5_mrhof,358,5,10,16,0,50.0,12,20,MRHOF,SUCCESS,627,
run_1791_cfg_359_seed_1_of0,359,1,10,16,0,50.0,12,20,OF0,SUCCESS,627,
run_1792_cfg_359_seed_2_of0,359,2,10,16,0,50.0,12,20,OF0,SUCCESS,627,
run_1793_cfg_359_seed_3_of0,359,3,10,16,0,50.0,12,20,OF0,SUCCESS,627,
run_1794_cfg_359_seed_4_of0,359,4,10,16,0,50.0,12,20,OF0,SUCCESS,627,
run_1795_cfg_359_seed_5_of0,359,5,10,16,0,50.0,12,20,OF0,SUCCESS,627,
run_1796_cfg_360_seed_1_mrhof,360,1,10,16,0,50.0,16,5,MRHOF,SUCCESS,855,
run_1797_cfg_360_seed_2_mrhof,360,2,10,16,0,50.0,16,5,MRHOF,SUCCESS,855,
run_1798_cfg_360_seed_3_mrhof,360,3,10,16,0,50.0,16,5,MRHOF,SUCCESS,855,
run_1799_cfg_360_seed_4_mrhof,360,4,10,16,0,50.0,16,5,MRHOF,SUCCESS,855,
run_1800_cfg_360_seed_5_mrhof,360,5,10,16,0,50.0,16,5,MRHOF,SUCCESS,855,
run_1801_cfg_361_seed_1_of0,361,1,10,16,0,50.0,16,5,OF0,SUCCESS,855,
run_1802_cfg_361_seed_2_of0,361,2,10,16,0,50.0,16,5,OF0,SUCCESS,855,
run_1803_cfg_361_seed_3_of0,361,3,10,16,0,50.0,16,5,OF0,SUCCESS,855,
run_1804_cfg_361_seed_4_of0,361,4,10,16,0,50.0,16,5,OF0,SUCCESS,855,
run_1805_cfg_361_seed_5_of0,361,5,10,16,0,50.0,16,5,OF0,SUCCESS,855,
run_1806_cfg_362_seed_1_mrhof,362,1,10,16,0,50.0,16,10,MRHOF,SUCCESS,855,
run_1807_cfg_362_seed_2_mrhof,362,2,10,16,0,50.0,16,10,MRHOF,SUCCESS,855,
run_1808_cfg_362_seed_3_mrhof,362,3,10,16,0,50.0,16,10,MRHOF,SUCCESS,855,
run_1809_cfg_362_seed_4_mrhof,362,4,10,16,0,50.0,16,10,MRHOF,SUCCESS,855,
run_1810_cfg_362_seed_5_mrhof,362,5,10,16,0,50.0,16,10,MRHOF,SUCCESS,855,
run_1811_cfg_363_seed_1_of0,363,1,10,16,0,50.0,16,10,OF0,SUCCESS,855,
run_1812_cfg_363_seed_2_of0,363,2,10,16,0,50.0,16,10,OF0,SUCCESS,855,
run_1813_cfg_363_seed_3_of0,363,3,10,16,0,50.0,16,10,OF0,SUCCESS,855,
run_1814_cfg_363_seed_4_of0,363,4,10,16,0,50.0,16,10,OF0,SUCCESS,855,
run_1815_cfg_363_seed_5_of0,363,5,10,16,0,50.0,16,10,OF0,SUCCESS,855,
run_1816_cfg_364_seed_1_mrhof,364,1,10,16,0,50.0,16,20,MRHOF,SUCCESS,855,
run_1817_cfg_364_seed_2_mrhof,364,2,10,16,0,50.0,16,20,MRHOF,SUCCESS,855,
run_1818_cfg_364_seed_3_mrhof,364,3,10,16,0,50.0,16,20,MRHOF,SUCCESS,855,
run_1819_cfg_364_seed_4_mrhof,364,4,10,16,0,50.0,16,20,MRHOF,SUCCESS,855,
run_1820_cfg_364_seed_5_mrhof,364,5,10,16,0,50.0,16,20,MRHOF,SUCCESS,855,
run_1821_cfg_365_seed_1_of0,365,1,10,16,0,50.0,16,20,OF0,SUCCESS,855,
run_1822_cfg_365_seed_2_of0,365,2,10,16,0,50.0,16,20,OF0,SUCCESS,855,
run_1823_cfg_365_seed_3_of0,365,3,10,16,0,50.0,16,20,OF0,SUCCESS,855,
run_1824_cfg_365_seed_4_of0,365,4,10,16,0,50.0,16,20,OF0,SUCCESS,855,
run_1825_cfg_365_seed_5_of0,365,5,10,16,0,50.0,16,20,OF0,SUCCESS,855,
run_1826_cfg_366_seed_1_mrhof,366,1,10,16,0,50.0,20,5,MRHOF,SUCCESS,1083,
run_1827_cfg_366_seed_2_mrhof,366,2,10,16,0,50.0,20,5,MRHOF,SUCCESS,1083,
run_1828_cfg_366_seed_3_mrhof,366,3,10,16,0,50.0,20,5,MRHOF,SUCCESS,1083,
run_1829_cfg_366_seed_4_mrhof,366,4,10,16,0,50.0,20,5,MRHOF,SUCCESS,1083,
run_1830_cfg_366_seed_5_mrhof,366,5,10,16,0,50.0,20,5,MRHOF,SUCCESS,1083,
run_1831_cfg_367_seed_1_of0,367,1,10,16,0,50.0,20,5,OF0,SUCCESS,1083,
run_1832_cfg_367_seed_2_of0,367,2,10,16,0,50.0,20,5,OF0,SUCCESS,1083,
run_1833_cfg_367_seed_3_of0,367,3,10,16,0,50.0,20,5,OF0,SUCCESS,1083,
run_1834_cfg_367_seed_4_of0,367,4,10,16,0,50.0,20,5,OF0,SUCCESS,1083,
run_1835_cfg_367_seed_5_of0,367,5,10,16,0,50.0,20,5,OF0,SUCCESS,1083,
run_1836_cfg_368_seed_1_mrhof,368,1,10,16,0,50.0,20,10,MRHOF,SUCCESS,1083,
run_1837_cfg_368_seed_2_mrhof,368,2,10,16,0,50.0,20,10,MRHOF,SUCCESS,1083,
run_1838_cfg_368_seed_3_mrhof,368,3,10,16,0,50.0,20,10,MRHOF,SUCCESS,1083,
run_1839_cfg_368_seed_4_mrhof,368,4,10,16,0,50.0,20,10,MRHOF,SUCCESS,1083,
run_1840_cfg_368_seed_5_mrhof,368,5,10,16,0,50.0,20,10,MRHOF,SUCCESS,1083,
run_1841_cfg_369_seed_1_of0,369,1,10,16,0,50.0,20,10,OF0,SUCCESS,1083,
run_1842_cfg_369_seed_2_of0,369,2,10,16,0,50.0,20,10,OF0,SUCCESS,1083,
run_1843_cfg_369_seed_3_of0,369,3,10,16,0,50.0,20,10,OF0,SUCCESS,1083,
run_1844_cfg_369_seed_4_of0,369,4,10,16,0,50.0,20,10,OF0,SUCCESS,1083,
run_1845_cfg_369_seed_5_of0,369,5,10,16,0,50.0,20,10,OF0,SUCCESS,1083,
run_1846_cfg_370_seed_1_of0,370,1,10,16,0,50.0,20,20,OF0,SUCCESS,1083,
run_1847_cfg_370_seed_2_of0,370,2,10,16,0,50.0,20,20,OF0,SUCCESS,1083,
run_1848_cfg_370_seed_3_of0,370,3,10,16,0,50.0,20,20,OF0,SUCCESS,1083,
run_1849_cfg_370_seed_4_of0,370,4,10,16,0,50.0,20,20,OF0,SUCCESS,1083,
run_1850_cfg_370_seed_5_of0,370,5,10,16,0,50.0,20,20,OF0,SUCCESS,1083,
run_1851_cfg_371_seed_1_mrhof,371,1,10,16,0,60.0,12,5,MRHOF,SUCCESS,627,
run_1852_cfg_371_seed_2_mrhof,371,2,10,16,0,60.0,12,5,MRHOF,SUCCESS,627,
run_1853_cfg_371_seed_3_mrhof,371,3,10,16,0,60.0,12,5,MRHOF,SUCCESS,627,
run_1854_cfg_371_seed_4_mrhof,371,4,10,16,0,60.0,12,5,MRHOF,SUCCESS,627,
run_1855_cfg_371_seed_5_mrhof,371,5,10,16,0,60.0,12,5,MRHOF,SUCCESS,627,
run_1856_cfg_372_seed_1_of0,372,1,10,16,0,60.0,12,5,OF0,SUCCESS,627,
run_1857_cfg_372_seed_2_of0,372,2,10,16,0,60.0,12,5,OF0,SUCCESS,627,
run_1858_cfg_372_seed_3_of0,372,3,10,16,0,60.0,12,5,OF0,SUCCESS,627,
run_1859_cfg_372_seed_4_of0,372,4,10,16,0,60.0,12,5,OF0,SUCCESS,627,
run_1860_cfg_372_seed_5_of0,372,5,10,16,0,60.0,12,5,OF0,SUCCESS,627,
run_1861_cfg_373_seed_1_mrhof,373,1,10,16,0,60.0,12,10,MRHOF,SUCCESS,627,
run_1862_cfg_373_seed_2_mrhof,373,2,10,16,0,60.0,12,10,MRHOF,SUCCESS,627,
run_1863_cfg_373_seed_3_mrhof,373,3,10,16,0,60.0,12,10,MRHOF,SUCCESS,627,
run_1864_cfg_373_seed_4_mrhof,373,4,10,16,0,60.0,12,10,MRHOF,SUCCESS,627,
run_1865_cfg_373_seed_5_mrhof,373,5,10,16,0,60.0,12,10,MRHOF,SUCCESS,627,
run_1866_cfg_374_seed_1_of0,374,1,10,16,0,60.0,12,10,OF0,SUCCESS,627,
run_1867_cfg_374_seed_2_of0,374,2,10,16,0,60.0,12,10,OF0,SUCCESS,627,
run_1868_cfg_374_seed_3_of0,374,3,10,16,0,60.0,12,10,OF0,SUCCESS,627,
run_1869_cfg_374_seed_4_of0,374,4,10,16,0,60.0,12,10,OF0,SUCCESS,627,
run_1870_cfg_374_seed_5_of0,374,5,10,16,0,60.0,12,10,OF0,SUCCESS,627,
run_1871_cfg_375_seed_1_mrhof,375,1,10,16,0,60.0,12,20,MRHOF,SUCCESS,627,
run_1872_cfg_375_seed_2_mrhof,375,2,10,16,0,60.0,12,20,MRHOF,SUCCESS,627,
run_1873_cfg_375_seed_3_mrhof,375,3,10,16,0,60.0,12,20,MRHOF,SUCCESS,627,
run_1874_cfg_375_seed_4_mrhof,375,4,10,16,0,60.0,12,20,MRHOF,SUCCESS,627,
run_1875_cfg_375_seed_5_mrhof,375,5,10,16,0,60.0,12,20,MRHOF,SUCCESS,627,
run_1876_cfg_376_seed_1_mrhof,376,1,10,16,0,60.0,16,10,MRHOF,SUCCESS,855,
run_1877_cfg_376_seed_2_mrhof,376,2,10,16,0,60.0,16,10,MRHOF,SUCCESS,855,
run_1878_cfg_376_seed_3_mrhof,376,3,10,16,0,60.0,16,10,MRHOF,SUCCESS,855,
run_1879_cfg_376_seed_4_mrhof,376,4,10,16,0,60.0,16,10,MRHOF,SUCCESS,855,
run_1880_cfg_376_seed_5_mrhof,376,5,10,16,0,60.0,16,10,MRHOF,SUCCESS,855,
run_1881_cfg_377_seed_1_of0,377,1,10,16,0,60.0,16,10,OF0,SUCCESS,855,
run_1882_cfg_377_seed_2_of0,377,2,10,16,0,60.0,16,10,OF0,SUCCESS,855,
run_1883_cfg_377_seed_3_of0,377,3,10,16,0,60.0,16,10,OF0,SUCCESS,855,
run_1884_cfg_377_seed_4_of0,377,4,10,16,0,60.0,16,10,OF0,SUCCESS,855,
run_1885_cfg_377_seed_5_of0,377,5,10,16,0,60.0,16,10,OF0,SUCCESS,855,
run_1886_cfg_378_seed_1_mrhof,378,1,10,16,0,60.0,16,20,MRHOF,SUCCESS,855,
run_1887_cfg_378_seed_2_mrhof,378,2,10,16,0,60.0,16,20,MRHOF,SUCCESS,855,
run_1888_cfg_378_seed_3_mrhof,378,3,10,16,0,60.0,16,20,MRHOF,SUCCESS,855,
run_1889_cfg_378_seed_4_mrhof,378,4,10,16,0,60.0,16,20,MRHOF,SUCCESS,855,
run_1890_cfg_378_seed_5_mrhof,378,5,10,16,0,60.0,16,20,MRHOF,SUCCESS,855,
run_1891_cfg_379_seed_1_of0,379,1,10,16,0,60.0,16,20,OF0,SUCCESS,855,
run_1892_cfg_379_seed_2_of0,379,2,10,16,0,60.0,16,20,OF0,SUCCESS,855,
run_1893_cfg_379_seed_3_of0,379,3,10,16,0,60.0,16,20,OF0,SUCCESS,855,
run_1894_cfg_379_seed_4_of0,379,4,10,16,0,60.0,16,20,OF0,SUCCESS,855,
run_1895_cfg_379_seed_5_of0,379,5,10,16,0,60.0,16,20,OF0,SUCCESS,855,
run_1896_cfg_380_seed_1_of0,380,1,10,16,0,60.0,20,5,OF0,SUCCESS,1083,
run_1897_cfg_380_seed_2_of0,380,2,10,16,0,60.0,20,5,OF0,SUCCESS,1083,
run_1898_cfg_380_seed_3_of0,380,3,10,16,0,60.0,20,5,OF0,SUCCESS,1083,
run_1899_cfg_380_seed_4_of0,380,4,10,16,0,60.0,20,5,OF0,SUCCESS,1083,
run_1900_cfg_380_seed_5_of0,380,5,10,16,0,60.0,20,5,OF0,SUCCESS,1083,
run_1901_cfg_381_seed_1_mrhof,381,1,10,16,0,60.0,20,10,MRHOF,SUCCESS,1083,
run_1902_cfg_381_seed_2_mrhof,381,2,10,16,0,60.0,20,10,MRHOF,SUCCESS,1083,
run_1903_cfg_381_seed_3_mrhof,381,3,10,16,0,60.0,20,10,MRHOF,SUCCESS,1083,
run_1904_cfg_381_seed_4_mrhof,381,4,10,16,0,60.0,20,10,MRHOF,SUCCESS,1083,
run_1905_cfg_381_seed_5_mrhof,381,5,10,16,0,60.0,20,10,MRHOF,SUCCESS,1083,
run_1906_cfg_382_seed_1_of0,382,1,10,16,0,60.0,20,10,OF0,SUCCESS,1083,
run_1907_cfg_382_seed_2_of0,382,2,10,16,0,60.0,20,10,OF0,SUCCESS,1083,
run_1908_cfg_382_seed_3_of0,382,3,10,16,0,60.0,20,10,OF0,SUCCESS,1083,
run_1909_cfg_382_seed_4_of0,382,4,10,16,0,60.0,20,10,OF0,SUCCESS,1083,
run_1910_cfg_382_seed_5_of0,382,5,10,16,0,60.0,20,10,OF0,SUCCESS,1083,
run_1911_cfg_383_seed_1_mrhof,383,1,10,16,0,60.0,20,20,MRHOF,SUCCESS,1083,
run_1912_cfg_383_seed_2_mrhof,383,2,10,16,0,60.0,20,20,MRHOF,SUCCESS,1083,
run_1913_cfg_383_seed_3_mrhof,383,3,10,16,0,60.0,20,20,MRHOF,SUCCESS,1083,
run_1914_cfg_383_seed_4_mrhof,383,4,10,16,0,60.0,20,20,MRHOF,SUCCESS,1083,
run_1915_cfg_383_seed_5_mrhof,383,5,10,16,0,60.0,20,20,MRHOF,SUCCESS,1083,
run_1916_cfg_384_seed_1_of0,384,1,10,16,0,60.0,20,20,OF0,SUCCESS,1083,
run_1917_cfg_384_seed_2_of0,384,2,10,16,0,60.0,20,20,OF0,SUCCESS,1083,
run_1918_cfg_384_seed_3_of0,384,3,10,16,0,60.0,20,20,OF0,SUCCESS,1083,
run_1919_cfg_384_seed_4_of0,384,4,10,16,0,60.0,20,20,OF0,SUCCESS,1083,
run_1920_cfg_384_seed_5_of0,384,5,10,16,0,60.0,20,20,OF0,SUCCESS,1083,
run_1921_cfg_385_seed_1_mrhof,385,1,10,16,5,40.0,12,5,MRHOF,SUCCESS,627,
run_1922_cfg_385_seed_2_mrhof,385,2,10,16,5,40.0,12,5,MRHOF,SUCCESS,627,
run_1923_cfg_385_seed_3_mrhof,385,3,10,16,5,40.0,12,5,MRHOF,SUCCESS,627,
run_1924_cfg_385_seed_4_mrhof,385,4,10,16,5,40.0,12,5,MRHOF,SUCCESS,627,
run_1925_cfg_385_seed_5_mrhof,385,5,10,16,5,40.0,12,5,MRHOF,SUCCESS,627,
run_1926_cfg_386_seed_1_of0,386,1,10,16,5,40.0,12,5,OF0,SUCCESS,627,
run_1927_cfg_386_seed_2_of0,386,2,10,16,5,40.0,12,5,OF0,SUCCESS,627,
run_1928_cfg_386_seed_3_of0,386,3,10,16,5,40.0,12,5,OF0,SUCCESS,627,
run_1929_cfg_386_seed_4_of0,386,4,10,16,5,40.0,12,5,OF0,SUCCESS,627,
run_1930_cfg_386_seed_5_of0,386,5,10,16,5,40.0,12,5,OF0,SUCCESS,627,
run_1931_cfg_387_seed_1_of0,387,1,10,16,5,40.0,12,10,OF0,SUCCESS,627,
run_1932_cfg_387_seed_2_of0,387,2,10,16,5,40.0,12,10,OF0,SUCCESS,627,
run_1933_cfg_387_seed_3_of0,387,3,10,16,5,40.0,12,10,OF0,SUCCESS,627,
run_1934_cfg_387_seed_4_of0,387,4,10,16,5,40.0,12,10,OF0,SUCCESS,627,
run_1935_cfg_387_seed_5_of0,387,5,10,16,5,40.0,12,10,OF0,SUCCESS,627,
run_1936_cfg_388_seed_1_of0,388,1,10,16,5,40.0,12,20,OF0,SUCCESS,627,
run_1937_cfg_388_seed_2_of0,388,2,10,16,5,40.0,12,20,OF0,SUCCESS,627,
run_1938_cfg_388_seed_3_of0,388,3,10,16,5,40.0,12,20,OF0,SUCCESS,627,
run_1939_cfg_388_seed_4_of0,388,4,10,16,5,40.0,12,20,OF0,SUCCESS,627,
run_1940_cfg_388_seed_5_of0,388,5,10,16,5,40.0,12,20,OF0,SUCCESS,627,
run_1941_cfg_389_seed_1_mrhof,389,1,10,16,5,40.0,16,5,MRHOF,SUCCESS,855,
run_1942_cfg_389_seed_2_mrhof,389,2,10,16,5,40.0,16,5,MRHOF,SUCCESS,855,
run_1943_cfg_389_seed_3_mrhof,389,3,10,16,5,40.0,16,5,MRHOF,SUCCESS,855,
run_1944_cfg_389_seed_4_mrhof,389,4,10,16,5,40.0,16,5,MRHOF,SUCCESS,855,
run_1945_cfg_389_seed_5_mrhof,389,5,10,16,5,40.0,16,5,MRHOF,SUCCESS,855,
run_1946_cfg_390_seed_1_of0,390,1,10,16,5,40.0,16,5,OF0,SUCCESS,855,
run_1947_cfg_390_seed_2_of0,390,2,10,16,5,40.0,16,5,OF0,SUCCESS,855,
run_1948_cfg_390_seed_3_of0,390,3,10,16,5,40.0,16,5,OF0,SUCCESS,855,
run_1949_cfg_390_seed_4_of0,390,4,10,16,5,40.0,16,5,OF0,SUCCESS,855,
run_1950_cfg_390_seed_5_of0,390,5,10,16,5,40.0,16,5,OF0,SUCCESS,855,
run_1951_cfg_391_seed_1_mrhof,391,1,10,16,5,40.0,16,10,MRHOF,SUCCESS,855,
run_1952_cfg_391_seed_2_mrhof,391,2,10,16,5,40.0,16,10,MRHOF,SUCCESS,855,
run_1953_cfg_391_seed_3_mrhof,391,3,10,16,5,40.0,16,10,MRHOF,SUCCESS,855,
run_1954_cfg_391_seed_4_mrhof,391,4,10,16,5,40.0,16,10,MRHOF,SUCCESS,855,
run_1955_cfg_391_seed_5_mrhof,391,5,10,16,5,40.0,16,10,MRHOF,SUCCESS,855,
run_1956_cfg_392_seed_1_of0,392,1,10,16,5,40.0,16,10,OF0,SUCCESS,855,
run_1957_cfg_392_seed_2_of0,392,2,10,16,5,40.0,16,10,OF0,SUCCESS,855,
run_1958_cfg_392_seed_3_of0,392,3,10,16,5,40.0,16,10,OF0,SUCCESS,855,
run_1959_cfg_392_seed_4_of0,392,4,10,16,5,40.0,16,10,OF0,SUCCESS,855,
run_1960_cfg_392_seed_5_of0,392,5,10,16,5,40.0,16,10,OF0,SUCCESS,855,
run_1961_cfg_393_seed_1_of0,393,1,10,16,5,40.0,16,20,OF0,SUCCESS,855,
run_1962_cfg_393_seed_2_of0,393,2,10,16,5,40.0,16,20,OF0,SUCCESS,855,
run_1963_cfg_393_seed_3_of0,393,3,10,16,5,40.0,16,20,OF0,SUCCESS,855,
run_1964_cfg_393_seed_4_of0,393,4,10,16,5,40.0,16,20,OF0,SUCCESS,855,
run_1965_cfg_393_seed_5_of0,393,5,10,16,5,40.0,16,20,OF0,SUCCESS,855,
run_1966_cfg_394_seed_1_of0,394,1,10,16,5,40.0,20,5,OF0,SUCCESS,1083,
run_1967_cfg_394_seed_2_of0,394,2,10,16,5,40.0,20,5,OF0,SUCCESS,1083,
run_1968_cfg_394_seed_3_of0,394,3,10,16,5,40.0,20,5,OF0,SUCCESS,1083,
run_1969_cfg_394_seed_4_of0,394,4,10,16,5,40.0,20,5,OF0,SUCCESS,1083,
run_1970_cfg_394_seed_5_of0,394,5,10,16,5,40.0,20,5,OF0,SUCCESS,1083,
run_1971_cfg_395_seed_1_of0,395,1,10,16,5,40.0,20,10,OF0,SUCCESS,1083,
run_1972_cfg_395_seed_2_of0,395,2,10,16,5,40.0,20,10,OF0,SUCCESS,1083,
run_1973_cfg_395_seed_3_of0,395,3,10,16,5,40.0,20,10,OF0,SUCCESS,1083,
run_1974_cfg_395_seed_4_of0,395,4,10,16,5,40.0,20,10,OF0,SUCCESS,1083,
run_1975_cfg_395_seed_5_of0,395,5,10,16,5,40.0,20,10,OF0,SUCCESS,1083,
run_1976_cfg_396_seed_1_mrhof,396,1,10,16,5,40.0,20,20,MRHOF,SUCCESS,1083,
run_1977_cfg_396_seed_2_mrhof,396,2,10,16,5,40.0,20,20,MRHOF,SUCCESS,1083,
run_1978_cfg_396_seed_3_mrhof,396,3,10,16,5,40.0,20,20,MRHOF,SUCCESS,1083,
run_1979_cfg_396_seed_4_mrhof,396,4,10,16,5,40.0,20,20,MRHOF,SUCCESS,1083,
run_1980_cfg_396_seed_5_mrhof,396,5,10,16,5,40.0,20,20,MRHOF,SUCCESS,1083,
run_1981_cfg_397_seed_1_of0,397,1,10,16,5,40.0,20,20,OF0,SUCCESS,1083,
run_1982_cfg_397_seed_2_of0,397,2,10,16,5,40.0,20,20,OF0,SUCCESS,1083,
run_1983_cfg_397_seed_3_of0,397,3,10,16,5,40.0,20,20,OF0,SUCCESS,1083,
run_1984_cfg_397_seed_4_of0,397,4,10,16,5,40.0,20,20,OF0,SUCCESS,1083,
run_1985_cfg_397_seed_5_of0,397,5,10,16,5,40.0,20,20,OF0,SUCCESS,1083,
run_1986_cfg_398_seed_1_mrhof,398,1,10,16,5,50.0,12,5,MRHOF,SUCCESS,627,
run_1987_cfg_398_seed_2_mrhof,398,2,10,16,5,50.0,12,5,MRHOF,SUCCESS,627,
run_1988_cfg_398_seed_3_mrhof,398,3,10,16,5,50.0,12,5,MRHOF,SUCCESS,627,
run_1989_cfg_398_seed_4_mrhof,398,4,10,16,5,50.0,12,5,MRHOF,SUCCESS,627,
run_1990_cfg_398_seed_5_mrhof,398,5,10,16,5,50.0,12,5,MRHOF,SUCCESS,627,
run_1991_cfg_399_seed_1_of0,399,1,10,16,5,50.0,12,5,OF0,SUCCESS,627,
run_1992_cfg_399_seed_2_of0,399,2,10,16,5,50.0,12,5,OF0,SUCCESS,627,
run_1993_cfg_399_seed_3_of0,399,3,10,16,5,50.0,12,5,OF0,SUCCESS,627,
run_1994_cfg_399_seed_4_of0,399,4,10,16,5,50.0,12,5,OF0,SUCCESS,627,
run_1995_cfg_399_seed_5_of0,399,5,10,16,5,50.0,12,5,OF0,SUCCESS,627,
run_1996_cfg_400_seed_1_mrhof,400,1,10,16,5,50.0,12,10,MRHOF,SUCCESS,627,
run_1997_cfg_400_seed_2_mrhof,400,2,10,16,5,50.0,12,10,MRHOF,SUCCESS,627,
run_1998_cfg_400_seed_3_mrhof,400,3,10,16,5,50.0,12,10,MRHOF,SUCCESS,627,
run_1999_cfg_400_seed_4_mrhof,400,4,10,16,5,50.0,12,10,MRHOF,SUCCESS,627,
run_2000_cfg_400_seed_5_mrhof,400,5,10,16,5,50.0,12,10,MRHOF,SUCCESS,627,
run_2001_cfg_401_seed_1_of0,401,1,10,16,5,50.0,12,10,OF0,SUCCESS,627,
run_2002_cfg_401_seed_2_of0,401,2,10,16,5,50.0,12,10,OF0,SUCCESS,627,
run_2003_cfg_401_seed_3_of0,401,3,10,16,5,50.0,12,10,OF0,SUCCESS,627,
run_2004_cfg_401_seed_4_of0,401,4,10,16,5,50.0,12,10,OF0,SUCCESS,627,
run_2005_cfg_401_seed_5_of0,401,5,10,16,5,50.0,12,10,OF0,SUCCESS,627,
run_2006_cfg_402_seed_1_mrhof,402,1,10,16,5,50.0,12,20,MRHOF,SUCCESS,627,
run_2007_cfg_402_seed_2_mrhof,402,2,10,16,5,50.0,12,20,MRHOF,SUCCESS,627,
run_2008_cfg_402_seed_3_mrhof,402,3,10,16,5,50.0,12,20,MRHOF,SUCCESS,627,
run_2009_cfg_402_seed_4_mrhof,402,4,10,16,5,50.0,12,20,MRHOF,SUCCESS,627,
run_2010_cfg_402_seed_5_mrhof,402,5,10,16,5,50.0,12,20,MRHOF,SUCCESS,627,
run_2011_cfg_403_seed_1_of0,403,1,10,16,5,50.0,12,20,OF0,SUCCESS,627,
run_2012_cfg_403_seed_2_of0,403,2,10,16,5,50.0,12,20,OF0,SUCCESS,627,
run_2013_cfg_403_seed_3_of0,403,3,10,16,5,50.0,12,20,OF0,SUCCESS,627,
run_2014_cfg_403_seed_4_of0,403,4,10,16,5,50.0,12,20,OF0,SUCCESS,627,
run_2015_cfg_403_seed_5_of0,403,5,10,16,5,50.0,12,20,OF0,SUCCESS,627,
run_2016_cfg_404_seed_1_mrhof,404,1,10,16,5,50.0,16,5,MRHOF,SUCCESS,855,
run_2017_cfg_404_seed_2_mrhof,404,2,10,16,5,50.0,16,5,MRHOF,SUCCESS,855,
run_2018_cfg_404_seed_3_mrhof,404,3,10,16,5,50.0,16,5,MRHOF,SUCCESS,855,
run_2019_cfg_404_seed_4_mrhof,404,4,10,16,5,50.0,16,5,MRHOF,SUCCESS,855,
run_2020_cfg_404_seed_5_mrhof,404,5,10,16,5,50.0,16,5,MRHOF,SUCCESS,855,
run_2021_cfg_405_seed_1_of0,405,1,10,16,5,50.0,16,5,OF0,SUCCESS,855,
run_2022_cfg_405_seed_2_of0,405,2,10,16,5,50.0,16,5,OF0,SUCCESS,855,
run_2023_cfg_405_seed_3_of0,405,3,10,16,5,50.0,16,5,OF0,SUCCESS,855,
run_2024_cfg_405_seed_4_of0,405,4,10,16,5,50.0,16,5,OF0,SUCCESS,855,
run_2025_cfg_405_seed_5_of0,405,5,10,16,5,50.0,16,5,OF0,SUCCESS,855,
run_2026_cfg_406_seed_1_mrhof,406,1,10,16,5,50.0,16,10,MRHOF,SUCCESS,855,
run_2027_cfg_406_seed_2_mrhof,406,2,10,16,5,50.0,16,10,MRHOF,SUCCESS,855,
run_2028_cfg_406_seed_3_mrhof,406,3,10,16,5,50.0,16,10,MRHOF,SUCCESS,855,
run_2029_cfg_406_seed_4_mrhof,406,4,10,16,5,50.0,16,10,MRHOF,SUCCESS,855,
run_2030_cfg_406_seed_5_mrhof,406,5,10,16,5,50.0,16,10,MRHOF,SUCCESS,855,
run_2031_cfg_407_seed_1_of0,407,1,10,16,5,50.0,16,10,OF0,SUCCESS,855,
run_2032_cfg_407_seed_2_of0,407,2,10,16,5,50.0,16,10,OF0,SUCCESS,855,
run_2033_cfg_407_seed_3_of0,407,3,10,16,5,50.0,16,10,OF0,SUCCESS,855,
run_2034_cfg_407_seed_4_of0,407,4,10,16,5,50.0,16,10,OF0,SUCCESS,855,
run_2035_cfg_407_seed_5_of0,407,5,10,16,5,50.0,16,10,OF0,SUCCESS,855,
run_2036_cfg_408_seed_1_mrhof,408,1,10,16,5,50.0,16,20,MRHOF,SUCCESS,855,
run_2037_cfg_408_seed_2_mrhof,408,2,10,16,5,50.0,16,20,MRHOF,SUCCESS,855,
run_2038_cfg_408_seed_3_mrhof,408,3,10,16,5,50.0,16,20,MRHOF,SUCCESS,855,
run_2039_cfg_408_seed_4_mrhof,408,4,10,16,5,50.0,16,20,MRHOF,SUCCESS,855,
run_2040_cfg_408_seed_5_mrhof,408,5,10,16,5,50.0,16,20,MRHOF,SUCCESS,855,
run_2041_cfg_409_seed_1_of0,409,1,10,16,5,50.0,16,20,OF0,SUCCESS,855,
run_2042_cfg_409_seed_2_of0,409,2,10,16,5,50.0,16,20,OF0,SUCCESS,855,
run_2043_cfg_409_seed_3_of0,409,3,10,16,5,50.0,16,20,OF0,SUCCESS,855,
run_2044_cfg_409_seed_4_of0,409,4,10,16,5,50.0,16,20,OF0,SUCCESS,855,
run_2045_cfg_409_seed_5_of0,409,5,10,16,5,50.0,16,20,OF0,SUCCESS,855,
run_2046_cfg_410_seed_1_mrhof,410,1,10,16,5,50.0,20,5,MRHOF,SUCCESS,1083,
run_2047_cfg_410_seed_2_mrhof,410,2,10,16,5,50.0,20,5,MRHOF,SUCCESS,1083,
run_2048_cfg_410_seed_3_mrhof,410,3,10,16,5,50.0,20,5,MRHOF,SUCCESS,1083,
run_2049_cfg_410_seed_4_mrhof,410,4,10,16,5,50.0,20,5,MRHOF,SUCCESS,1083,
run_2050_cfg_410_seed_5_mrhof,410,5,10,16,5,50.0,20,5,MRHOF,SUCCESS,1083,
run_2051_cfg_411_seed_1_of0,411,1,10,16,5,50.0,20,5,OF0,SUCCESS,1083,
run_2052_cfg_411_seed_2_of0,411,2,10,16,5,50.0,20,5,OF0,SUCCESS,1083,
run_2053_cfg_411_seed_3_of0,411,3,10,16,5,50.0,20,5,OF0,SUCCESS,1083,
run_2054_cfg_411_seed_4_of0,411,4,10,16,5,50.0,20,5,OF0,SUCCESS,1083,
run_2055_cfg_411_seed_5_of0,411,5,10,16,5,50.0,20,5,OF0,SUCCESS,1083,
run_2056_cfg_412_seed_1_of0,412,1,10,16,5,50.0,20,10,OF0,SUCCESS,1083,
run_2057_cfg_412_seed_2_of0,412,2,10,16,5,50.0,20,10,OF0,SUCCESS,1083,
run_2058_cfg_412_seed_3_of0,412,3,10,16,5,50.0,20,10,OF0,SUCCESS,1083,
run_2059_cfg_412_seed_4_of0,412,4,10,16,5,50.0,20,10,OF0,SUCCESS,1083,
run_2060_cfg_412_seed_5_of0,412,5,10,16,5,50.0,20,10,OF0,SUCCESS,1083,
run_2061_cfg_413_seed_1_mrhof,413,1,10,16,5,50.0,20,20,MRHOF,SUCCESS,1083,
run_2062_cfg_413_seed_2_mrhof,413,2,10,16,5,50.0,20,20,MRHOF,SUCCESS,1083,
run_2063_cfg_413_seed_3_mrhof,413,3,10,16,5,50.0,20,20,MRHOF,SUCCESS,1083,
run_2064_cfg_413_seed_4_mrhof,413,4,10,16,5,50.0,20,20,MRHOF,SUCCESS,1083,
run_2065_cfg_413_seed_5_mrhof,413,5,10,16,5,50.0,20,20,MRHOF,SUCCESS,1083,
run_2066_cfg_414_seed_1_of0,414,1,10,16,5,50.0,20,20,OF0,SUCCESS,1083,
run_2067_cfg_414_seed_2_of0,414,2,10,16,5,50.0,20,20,OF0,SUCCESS,1083,
run_2068_cfg_414_seed_3_of0,414,3,10,16,5,50.0,20,20,OF0,SUCCESS,1083,
run_2069_cfg_414_seed_4_of0,414,4,10,16,5,50.0,20,20,OF0,SUCCESS,1083,
run_2070_cfg_414_seed_5_of0,414,5,10,16,5,50.0,20,20,OF0,SUCCESS,1083,
run_2071_cfg_415_seed_1_mrhof,415,1,10,16,5,60.0,12,5,MRHOF,SUCCESS,627,
run_2072_cfg_415_seed_2_mrhof,415,2,10,16,5,60.0,12,5,MRHOF,SUCCESS,627,
run_2073_cfg_415_seed_3_mrhof,415,3,10,16,5,60.0,12,5,MRHOF,SUCCESS,627,
run_2074_cfg_415_seed_4_mrhof,415,4,10,16,5,60.0,12,5,MRHOF,SUCCESS,627,
run_2075_cfg_415_seed_5_mrhof,415,5,10,16,5,60.0,12,5,MRHOF,SUCCESS,627,
run_2076_cfg_416_seed_1_mrhof,416,1,10,16,5,60.0,12,10,MRHOF,SUCCESS,627,
run_2077_cfg_416_seed_2_mrhof,416,2,10,16,5,60.0,12,10,MRHOF,SUCCESS,627,
run_2078_cfg_416_seed_3_mrhof,416,3,10,16,5,60.0,12,10,MRHOF,SUCCESS,627,
run_2079_cfg_416_seed_4_mrhof,416,4,10,16,5,60.0,12,10,MRHOF,SUCCESS,627,
run_2080_cfg_416_seed_5_mrhof,416,5,10,16,5,60.0,12,10,MRHOF,SUCCESS,627,
run_2081_cfg_417_seed_1_mrhof,417,1,10,16,5,60.0,12,20,MRHOF,SUCCESS,627,
run_2082_cfg_417_seed_2_mrhof,417,2,10,16,5,60.0,12,20,MRHOF,SUCCESS,627,
run_2083_cfg_417_seed_3_mrhof,417,3,10,16,5,60.0,12,20,MRHOF,SUCCESS,627,
run_2084_cfg_417_seed_4_mrhof,417,4,10,16,5,60.0,12,20,MRHOF,SUCCESS,627,
run_2085_cfg_417_seed_5_mrhof,417,5,10,16,5,60.0,12,20,MRHOF,SUCCESS,627,
run_2086_cfg_418_seed_1_of0,418,1,10,16,5,60.0,16,5,OF0,SUCCESS,855,
run_2087_cfg_418_seed_2_of0,418,2,10,16,5,60.0,16,5,OF0,SUCCESS,855,
run_2088_cfg_418_seed_3_of0,418,3,10,16,5,60.0,16,5,OF0,SUCCESS,855,
run_2089_cfg_418_seed_4_of0,418,4,10,16,5,60.0,16,5,OF0,SUCCESS,855,
run_2090_cfg_418_seed_5_of0,418,5,10,16,5,60.0,16,5,OF0,SUCCESS,855,
run_2091_cfg_419_seed_1_mrhof,419,1,10,16,5,60.0,16,10,MRHOF,SUCCESS,855,
run_2092_cfg_419_seed_2_mrhof,419,2,10,16,5,60.0,16,10,MRHOF,SUCCESS,855,
run_2093_cfg_419_seed_3_mrhof,419,3,10,16,5,60.0,16,10,MRHOF,SUCCESS,855,
run_2094_cfg_419_seed_4_mrhof,419,4,10,16,5,60.0,16,10,MRHOF,SUCCESS,855,
run_2095_cfg_419_seed_5_mrhof,419,5,10,16,5,60.0,16,10,MRHOF,SUCCESS,855,
run_2096_cfg_420_seed_1_of0,420,1,10,16,5,60.0,16,10,OF0,SUCCESS,855,
run_2097_cfg_420_seed_2_of0,420,2,10,16,5,60.0,16,10,OF0,SUCCESS,855,
run_2098_cfg_420_seed_3_of0,420,3,10,16,5,60.0,16,10,OF0,SUCCESS,855,
run_2099_cfg_420_seed_4_of0,420,4,10,16,5,60.0,16,10,OF0,SUCCESS,855,
run_2100_cfg_420_seed_5_of0,420,5,10,16,5,60.0,16,10,OF0,SUCCESS,855,
run_2101_cfg_421_seed_1_mrhof,421,1,10,16,5,60.0,16,20,MRHOF,SUCCESS,855,
run_2102_cfg_421_seed_2_mrhof,421,2,10,16,5,60.0,16,20,MRHOF,SUCCESS,855,
run_2103_cfg_421_seed_3_mrhof,421,3,10,16,5,60.0,16,20,MRHOF,SUCCESS,855,
run_2104_cfg_421_seed_4_mrhof,421,4,10,16,5,60.0,16,20,MRHOF,SUCCESS,855,
run_2105_cfg_421_seed_5_mrhof,421,5,10,16,5,60.0,16,20,MRHOF,SUCCESS,855,
run_2106_cfg_422_seed_1_of0,422,1,10,16,5,60.0,20,5,OF0,SUCCESS,1083,
run_2107_cfg_422_seed_2_of0,422,2,10,16,5,60.0,20,5,OF0,SUCCESS,1083,
run_2108_cfg_422_seed_3_of0,422,3,10,16,5,60.0,20,5,OF0,SUCCESS,1083,
run_2109_cfg_422_seed_4_of0,422,4,10,16,5,60.0,20,5,OF0,SUCCESS,1083,
run_2110_cfg_422_seed_5_of0,422,5,10,16,5,60.0,20,5,OF0,SUCCESS,1083,
run_2111_cfg_423_seed_1_mrhof,423,1,10,16,5,60.0,20,10,MRHOF,SUCCESS,1083,
run_2112_cfg_423_seed_2_mrhof,423,2,10,16,5,60.0,20,10,MRHOF,SUCCESS,1083,
run_2113_cfg_423_seed_3_mrhof,423,3,10,16,5,60.0,20,10,MRHOF,SUCCESS,1083,
run_2114_cfg_423_seed_4_mrhof,423,4,10,16,5,60.0,20,10,MRHOF,SUCCESS,1083,
run_2115_cfg_423_seed_5_mrhof,423,5,10,16,5,60.0,20,10,MRHOF,SUCCESS,1083,
run_2116_cfg_424_seed_1_of0,424,1,10,16,5,60.0,20,10,OF0,SUCCESS,1083,
run_2117_cfg_424_seed_2_of0,424,2,10,16,5,60.0,20,10,OF0,SUCCESS,1083,
run_2118_cfg_424_seed_3_of0,424,3,10,16,5,60.0,20,10,OF0,SUCCESS,1083,
run_2119_cfg_424_seed_4_of0,424,4,10,16,5,60.0,20,10,OF0,SUCCESS,1083,
run_2120_cfg_424_seed_5_of0,424,5,10,16,5,60.0,20,10,OF0,SUCCESS,1083,
run_2121_cfg_425_seed_1_mrhof,425,1,10,16,5,60.0,20,20,MRHOF,SUCCESS,1083,
run_2122_cfg_425_seed_2_mrhof,425,2,10,16,5,60.0,20,20,MRHOF,SUCCESS,1083,
run_2123_cfg_425_seed_3_mrhof,425,3,10,16,5,60.0,20,20,MRHOF,SUCCESS,1083,
run_2124_cfg_425_seed_4_mrhof,425,4,10,16,5,60.0,20,20,MRHOF,SUCCESS,1083,
run_2125_cfg_425_seed_5_mrhof,425,5,10,16,5,60.0,20,20,MRHOF,SUCCESS,1083,
run_2126_cfg_426_seed_1_of0,426,1,10,16,5,60.0,20,20,OF0,SUCCESS,1083,
run_2127_cfg_426_seed_2_of0,426,2,10,16,5,60.0,20,20,OF0,SUCCESS,1083,
run_2128_cfg_426_seed_3_of0,426,3,10,16,5,60.0,20,20,OF0,SUCCESS,1083,
run_2129_cfg_426_seed_4_of0,426,4,10,16,5,60.0,20,20,OF0,SUCCESS,1083,
run_2130_cfg_426_seed_5_of0,426,5,10,16,5,60.0,20,20,OF0,SUCCESS,1083,
run_2131_cfg_427_seed_1_mrhof,427,1,10,16,10,40.0,12,5,MRHOF,SUCCESS,627,
run_2132_cfg_427_seed_2_mrhof,427,2,10,16,10,40.0,12,5,MRHOF,SUCCESS,627,
run_2133_cfg_427_seed_3_mrhof,427,3,10,16,10,40.0,12,5,MRHOF,SUCCESS,627,
run_2134_cfg_427_seed_4_mrhof,427,4,10,16,10,40.0,12,5,MRHOF,SUCCESS,627,
run_2135_cfg_427_seed_5_mrhof,427,5,10,16,10,40.0,12,5,MRHOF,SUCCESS,627,
run_2136_cfg_428_seed_1_of0,428,1,10,16,10,40.0,12,5,OF0,SUCCESS,627,
run_2137_cfg_428_seed_2_of0,428,2,10,16,10,40.0,12,5,OF0,SUCCESS,627,
run_2138_cfg_428_seed_3_of0,428,3,10,16,10,40.0,12,5,OF0,SUCCESS,627,
run_2139_cfg_428_seed_4_of0,428,4,10,16,10,40.0,12,5,OF0,SUCCESS,627,
run_2140_cfg_428_seed_5_of0,428,5,10,16,10,40.0,12,5,OF0,SUCCESS,627,
run_2141_cfg_429_seed_1_of0,429,1,10,16,10,40.0,12,10,OF0,SUCCESS,627,
run_2142_cfg_429_seed_2_of0,429,2,10,16,10,40.0,12,10,OF0,SUCCESS,627,
run_2143_cfg_429_seed_3_of0,429,3,10,16,10,40.0,12,10,OF0,SUCCESS,627,
run_2144_cfg_429_seed_4_of0,429,4,10,16,10,40.0,12,10,OF0,SUCCESS,627,
run_2145_cfg_429_seed_5_of0,429,5,10,16,10,40.0,12,10,OF0,SUCCESS,627,
run_2146_cfg_430_seed_1_mrhof,430,1,10,16,10,40.0,12,20,MRHOF,SUCCESS,627,
run_2147_cfg_430_seed_2_mrhof,430,2,10,16,10,40.0,12,20,MRHOF,SUCCESS,627,
run_2148_cfg_430_seed_3_mrhof,430,3,10,16,10,40.0,12,20,MRHOF,SUCCESS,627,
run_2149_cfg_430_seed_4_mrhof,430,4,10,16,10,40.0,12,20,MRHOF,SUCCESS,627,
run_2150_cfg_430_seed_5_mrhof,430,5,10,16,10,40.0,12,20,MRHOF,SUCCESS,627,
run_2151_cfg_431_seed_1_mrhof,431,1,10,16,10,40.0,16,5,MRHOF,SUCCESS,855,
run_2152_cfg_431_seed_2_mrhof,431,2,10,16,10,40.0,16,5,MRHOF,SUCCESS,855,
run_2153_cfg_431_seed_3_mrhof,431,3,10,16,10,40.0,16,5,MRHOF,SUCCESS,855,
run_2154_cfg_431_seed_4_mrhof,431,4,10,16,10,40.0,16,5,MRHOF,SUCCESS,855,
run_2155_cfg_431_seed_5_mrhof,431,5,10,16,10,40.0,16,5,MRHOF,SUCCESS,855,
run_2156_cfg_432_seed_1_of0,432,1,10,16,10,40.0,16,5,OF0,SUCCESS,855,
run_2157_cfg_432_seed_2_of0,432,2,10,16,10,40.0,16,5,OF0,SUCCESS,855,
run_2158_cfg_432_seed_3_of0,432,3,10,16,10,40.0,16,5,OF0,SUCCESS,855,
run_2159_cfg_432_seed_4_of0,432,4,10,16,10,40.0,16,5,OF0,SUCCESS,855,
run_2160_cfg_432_seed_5_of0,432,5,10,16,10,40.0,16,5,OF0,SUCCESS,855,
run_2161_cfg_433_seed_1_mrhof,433,1,10,16,10,40.0,16,10,MRHOF,SUCCESS,855,
run_2162_cfg_433_seed_2_mrhof,433,2,10,16,10,40.0,16,10,MRHOF,SUCCESS,855,
run_2163_cfg_433_seed_3_mrhof,433,3,10,16,10,40.0,16,10,MRHOF,SUCCESS,855,
run_2164_cfg_433_seed_4_mrhof,433,4,10,16,10,40.0,16,10,MRHOF,SUCCESS,855,
run_2165_cfg_433_seed_5_mrhof,433,5,10,16,10,40.0,16,10,MRHOF,SUCCESS,855,
run_2166_cfg_434_seed_1_of0,434,1,10,16,10,40.0,16,10,OF0,SUCCESS,855,
run_2167_cfg_434_seed_2_of0,434,2,10,16,10,40.0,16,10,OF0,SUCCESS,855,
run_2168_cfg_434_seed_3_of0,434,3,10,16,10,40.0,16,10,OF0,SUCCESS,855,
run_2169_cfg_434_seed_4_of0,434,4,10,16,10,40.0,16,10,OF0,SUCCESS,855,
run_2170_cfg_434_seed_5_of0,434,5,10,16,10,40.0,16,10,OF0,SUCCESS,855,
run_2171_cfg_435_seed_1_mrhof,435,1,10,16,10,40.0,16,20,MRHOF,SUCCESS,855,
run_2172_cfg_435_seed_2_mrhof,435,2,10,16,10,40.0,16,20,MRHOF,SUCCESS,855,
run_2173_cfg_435_seed_3_mrhof,435,3,10,16,10,40.0,16,20,MRHOF,SUCCESS,855,
run_2174_cfg_435_seed_4_mrhof,435,4,10,16,10,40.0,16,20,MRHOF,SUCCESS,855,
run_2175_cfg_435_seed_5_mrhof,435,5,10,16,10,40.0,16,20,MRHOF,SUCCESS,855,
run_2176_cfg_436_seed_1_mrhof,436,1,10,16,10,40.0,20,20,MRHOF,SUCCESS,1083,
run_2177_cfg_436_seed_2_mrhof,436,2,10,16,10,40.0,20,20,MRHOF,SUCCESS,1083,
run_2178_cfg_436_seed_3_mrhof,436,3,10,16,10,40.0,20,20,MRHOF,SUCCESS,1083,
run_2179_cfg_436_seed_4_mrhof,436,4,10,16,10,40.0,20,20,MRHOF,SUCCESS,1083,
run_2180_cfg_436_seed_5_mrhof,436,5,10,16,10,40.0,20,20,MRHOF,SUCCESS,1083,
run_2181_cfg_437_seed_1_mrhof,437,1,10,16,10,50.0,12,5,MRHOF,SUCCESS,627,
run_2182_cfg_437_seed_2_mrhof,437,2,10,16,10,50.0,12,5,MRHOF,SUCCESS,627,
run_2183_cfg_437_seed_3_mrhof,437,3,10,16,10,50.0,12,5,MRHOF,SUCCESS,627,
run_2184_cfg_437_seed_4_mrhof,437,4,10,16,10,50.0,12,5,MRHOF,SUCCESS,627,
run_2185_cfg_437_seed_5_mrhof,437,5,10,16,10,50.0,12,5,MRHOF,SUCCESS,627,
run_2186_cfg_438_seed_1_mrhof,438,1,10,16,10,50.0,12,10,MRHOF,SUCCESS,627,
run_2187_cfg_438_seed_2_mrhof,438,2,10,16,10,50.0,12,10,MRHOF,SUCCESS,627,
run_2188_cfg_438_seed_3_mrhof,438,3,10,16,10,50.0,12,10,MRHOF,SUCCESS,627,
run_2189_cfg_438_seed_4_mrhof,438,4,10,16,10,50.0,12,10,MRHOF,SUCCESS,627,
run_2190_cfg_438_seed_5_mrhof,438,5,10,16,10,50.0,12,10,MRHOF,SUCCESS,627,
run_2191_cfg_439_seed_1_of0,439,1,10,16,10,50.0,12,10,OF0,SUCCESS,627,
run_2192_cfg_439_seed_2_of0,439,2,10,16,10,50.0,12,10,OF0,SUCCESS,627,
run_2193_cfg_439_seed_3_of0,439,3,10,16,10,50.0,12,10,OF0,SUCCESS,627,
run_2194_cfg_439_seed_4_of0,439,4,10,16,10,50.0,12,10,OF0,SUCCESS,627,
run_2195_cfg_439_seed_5_of0,439,5,10,16,10,50.0,12,10,OF0,SUCCESS,627,
run_2196_cfg_440_seed_1_mrhof,440,1,10,16,10,50.0,16,5,MRHOF,SUCCESS,855,
run_2197_cfg_440_seed_2_mrhof,440,2,10,16,10,50.0,16,5,MRHOF,SUCCESS,855,
run_2198_cfg_440_seed_3_mrhof,440,3,10,16,10,50.0,16,5,MRHOF,SUCCESS,855,
run_2199_cfg_440_seed_4_mrhof,440,4,10,16,10,50.0,16,5,MRHOF,SUCCESS,855,
run_2200_cfg_440_seed_5_mrhof,440,5,10,16,10,50.0,16,5,MRHOF,SUCCESS,855,
run_2201_cfg_441_seed_1_of0,441,1,10,16,10,50.0,16,5,OF0,SUCCESS,855,
run_2202_cfg_441_seed_2_of0,441,2,10,16,10,50.0,16,5,OF0,SUCCESS,855,
run_2203_cfg_441_seed_3_of0,441,3,10,16,10,50.0,16,5,OF0,SUCCESS,855,
run_2204_cfg_441_seed_4_of0,441,4,10,16,10,50.0,16,5,OF0,SUCCESS,855,
run_2205_cfg_441_seed_5_of0,441,5,10,16,10,50.0,16,5,OF0,SUCCESS,855,
run_2206_cfg_442_seed_1_mrhof,442,1,10,16,10,50.0,16,10,MRHOF,SUCCESS,855,
run_2207_cfg_442_seed_2_mrhof,442,2,10,16,10,50.0,16,10,MRHOF,SUCCESS,855,
run_2208_cfg_442_seed_3_mrhof,442,3,10,16,10,50.0,16,10,MRHOF,SUCCESS,855,
run_2209_cfg_442_seed_4_mrhof,442,4,10,16,10,50.0,16,10,MRHOF,SUCCESS,855,
run_2210_cfg_442_seed_5_mrhof,442,5,10,16,10,50.0,16,10,MRHOF,SUCCESS,855,
run_2211_cfg_443_seed_1_mrhof,443,1,10,16,10,50.0,16,20,MRHOF,SUCCESS,855,
run_2212_cfg_443_seed_2_mrhof,443,2,10,16,10,50.0,16,20,MRHOF,SUCCESS,855,
run_2213_cfg_443_seed_3_mrhof,443,3,10,16,10,50.0,16,20,MRHOF,SUCCESS,855,
run_2214_cfg_443_seed_4_mrhof,443,4,10,16,10,50.0,16,20,MRHOF,SUCCESS,855,
run_2215_cfg_443_seed_5_mrhof,443,5,10,16,10,50.0,16,20,MRHOF,SUCCESS,855,
run_2216_cfg_444_seed_1_of0,444,1,10,16,10,50.0,16,20,OF0,SUCCESS,855,
run_2217_cfg_444_seed_2_of0,444,2,10,16,10,50.0,16,20,OF0,SUCCESS,855,
run_2218_cfg_444_seed_3_of0,444,3,10,16,10,50.0,16,20,OF0,SUCCESS,855,
run_2219_cfg_444_seed_4_of0,444,4,10,16,10,50.0,16,20,OF0,SUCCESS,855,
run_2220_cfg_444_seed_5_of0,444,5,10,16,10,50.0,16,20,OF0,SUCCESS,855,
run_2221_cfg_445_seed_1_of0,445,1,10,16,10,50.0,20,5,OF0,SUCCESS,1083,
run_2222_cfg_445_seed_2_of0,445,2,10,16,10,50.0,20,5,OF0,SUCCESS,1083,
run_2223_cfg_445_seed_3_of0,445,3,10,16,10,50.0,20,5,OF0,SUCCESS,1083,
run_2224_cfg_445_seed_4_of0,445,4,10,16,10,50.0,20,5,OF0,SUCCESS,1083,
run_2225_cfg_445_seed_5_of0,445,5,10,16,10,50.0,20,5,OF0,SUCCESS,1083,
run_2226_cfg_446_seed_1_mrhof,446,1,10,16,10,50.0,20,10,MRHOF,SUCCESS,1083,
run_2227_cfg_446_seed_2_mrhof,446,2,10,16,10,50.0,20,10,MRHOF,SUCCESS,1083,
run_2228_cfg_446_seed_3_mrhof,446,3,10,16,10,50.0,20,10,MRHOF,SUCCESS,1083,
run_2229_cfg_446_seed_4_mrhof,446,4,10,16,10,50.0,20,10,MRHOF,SUCCESS,1083,
run_2230_cfg_446_seed_5_mrhof,446,5,10,16,10,50.0,20,10,MRHOF,SUCCESS,1083,
run_2231_cfg_447_seed_1_of0,447,1,10,16,10,50.0,20,10,OF0,SUCCESS,1083,
run_2232_cfg_447_seed_2_of0,447,2,10,16,10,50.0,20,10,OF0,SUCCESS,1083,
run_2233_cfg_447_seed_3_of0,447,3,10,16,10,50.0,20,10,OF0,SUCCESS,1083,
run_2234_cfg_447_seed_4_of0,447,4,10,16,10,50.0,20,10,OF0,SUCCESS,1083,
run_2235_cfg_447_seed_5_of0,447,5,10,16,10,50.0,20,10,OF0,SUCCESS,1083,
run_2236_cfg_448_seed_1_mrhof,448,1,10,16,10,60.0,12,5,MRHOF,SUCCESS,627,
run_2237_cfg_448_seed_2_mrhof,448,2,10,16,10,60.0,12,5,MRHOF,SUCCESS,627,
run_2238_cfg_448_seed_3_mrhof,448,3,10,16,10,60.0,12,5,MRHOF,SUCCESS,627,
run_2239_cfg_448_seed_4_mrhof,448,4,10,16,10,60.0,12,5,MRHOF,SUCCESS,627,
run_2240_cfg_448_seed_5_mrhof,448,5,10,16,10,60.0,12,5,MRHOF,SUCCESS,627,
run_2241_cfg_449_seed_1_of0,449,1,10,16,10,60.0,12,5,OF0,SUCCESS,627,
run_2242_cfg_449_seed_2_of0,449,2,10,16,10,60.0,12,5,OF0,SUCCESS,627,
run_2243_cfg_449_seed_3_of0,449,3,10,16,10,60.0,12,5,OF0,SUCCESS,627,
run_2244_cfg_449_seed_4_of0,449,4,10,16,10,60.0,12,5,OF0,SUCCESS,627,
run_2245_cfg_449_seed_5_of0,449,5,10,16,10,60.0,12,5,OF0,SUCCESS,627,
run_2246_cfg_450_seed_1_mrhof,450,1,10,16,10,60.0,12,10,MRHOF,SUCCESS,627,
run_2247_cfg_450_seed_2_mrhof,450,2,10,16,10,60.0,12,10,MRHOF,SUCCESS,627,
run_2248_cfg_450_seed_3_mrhof,450,3,10,16,10,60.0,12,10,MRHOF,SUCCESS,627,
run_2249_cfg_450_seed_4_mrhof,450,4,10,16,10,60.0,12,10,MRHOF,SUCCESS,627,
run_2250_cfg_450_seed_5_mrhof,450,5,10,16,10,60.0,12,10,MRHOF,SUCCESS,627,
run_2251_cfg_451_seed_1_mrhof,451,1,10,16,10,60.0,16,5,MRHOF,SUCCESS,855,
run_2252_cfg_451_seed_2_mrhof,451,2,10,16,10,60.0,16,5,MRHOF,SUCCESS,855,
run_2253_cfg_451_seed_3_mrhof,451,3,10,16,10,60.0,16,5,MRHOF,SUCCESS,855,
run_2254_cfg_451_seed_4_mrhof,451,4,10,16,10,60.0,16,5,MRHOF,SUCCESS,855,
run_2255_cfg_451_seed_5_mrhof,451,5,10,16,10,60.0,16,5,MRHOF,SUCCESS,855,
run_2256_cfg_452_seed_1_of0,452,1,10,16,10,60.0,16,5,OF0,SUCCESS,855,
run_2257_cfg_452_seed_2_of0,452,2,10,16,10,60.0,16,5,OF0,SUCCESS,855,
run_2258_cfg_452_seed_3_of0,452,3,10,16,10,60.0,16,5,OF0,SUCCESS,855,
run_2259_cfg_452_seed_4_of0,452,4,10,16,10,60.0,16,5,OF0,SUCCESS,855,
run_2260_cfg_452_seed_5_of0,452,5,10,16,10,60.0,16,5,OF0,SUCCESS,855,
run_2261_cfg_453_seed_1_mrhof,453,1,10,16,10,60.0,16,10,MRHOF,SUCCESS,855,
run_2262_cfg_453_seed_2_mrhof,453,2,10,16,10,60.0,16,10,MRHOF,SUCCESS,855,
run_2263_cfg_453_seed_3_mrhof,453,3,10,16,10,60.0,16,10,MRHOF,SUCCESS,855,
run_2264_cfg_453_seed_4_mrhof,453,4,10,16,10,60.0,16,10,MRHOF,SUCCESS,855,
run_2265_cfg_453_seed_5_mrhof,453,5,10,16,10,60.0,16,10,MRHOF,SUCCESS,855,
run_2266_cfg_454_seed_1_of0,454,1,10,16,10,60.0,16,10,OF0,SUCCESS,855,
run_2267_cfg_454_seed_2_of0,454,2,10,16,10,60.0,16,10,OF0,SUCCESS,855,
run_2268_cfg_454_seed_3_of0,454,3,10,16,10,60.0,16,10,OF0,SUCCESS,855,
run_2269_cfg_454_seed_4_of0,454,4,10,16,10,60.0,16,10,OF0,SUCCESS,855,
run_2270_cfg_454_seed_5_of0,454,5,10,16,10,60.0,16,10,OF0,SUCCESS,855,
run_2271_cfg_455_seed_1_of0,455,1,10,16,10,60.0,16,20,OF0,SUCCESS,855,
run_2272_cfg_455_seed_2_of0,455,2,10,16,10,60.0,16,20,OF0,SUCCESS,855,
run_2273_cfg_455_seed_3_of0,455,3,10,16,10,60.0,16,20,OF0,SUCCESS,855,
run_2274_cfg_455_seed_4_of0,455,4,10,16,10,60.0,16,20,OF0,SUCCESS,855,
run_2275_cfg_455_seed_5_of0,455,5,10,16,10,60.0,16,20,OF0,SUCCESS,855,
run_2276_cfg_456_seed_1_mrhof,456,1,10,16,10,60.0,20,5,MRHOF,SUCCESS,1083,
run_2277_cfg_456_seed_2_mrhof,456,2,10,16,10,60.0,20,5,MRHOF,SUCCESS,1083,
run_2278_cfg_456_seed_3_mrhof,456,3,10,16,10,60.0,20,5,MRHOF,SUCCESS,1083,
run_2279_cfg_456_seed_4_mrhof,456,4,10,16,10,60.0,20,5,MRHOF,SUCCESS,1083,
run_2280_cfg_456_seed_5_mrhof,456,5,10,16,10,60.0,20,5,MRHOF,SUCCESS,1083,
run_2281_cfg_457_seed_1_of0,457,1,10,16,10,60.0,20,5,OF0,SUCCESS,1083,
run_2282_cfg_457_seed_2_of0,457,2,10,16,10,60.0,20,5,OF0,SUCCESS,1083,
run_2283_cfg_457_seed_3_of0,457,3,10,16,10,60.0,20,5,OF0,SUCCESS,1083,
run_2284_cfg_457_seed_4_of0,457,4,10,16,10,60.0,20,5,OF0,SUCCESS,1083,
run_2285_cfg_457_seed_5_of0,457,5,10,16,10,60.0,20,5,OF0,SUCCESS,1083,
run_2286_cfg_458_seed_1_mrhof,458,1,10,16,10,60.0,20,10,MRHOF,SUCCESS,1083,
run_2287_cfg_458_seed_2_mrhof,458,2,10,16,10,60.0,20,10,MRHOF,SUCCESS,1083,
run_2288_cfg_458_seed_3_mrhof,458,3,10,16,10,60.0,20,10,MRHOF,SUCCESS,1083,
run_2289_cfg_458_seed_4_mrhof,458,4,10,16,10,60.0,20,10,MRHOF,SUCCESS,1083,
run_2290_cfg_458_seed_5_mrhof,458,5,10,16,10,60.0,20,10,MRHOF,SUCCESS,1083,
run_2291_cfg_459_seed_1_of0,459,1,10,16,10,60.0,20,10,OF0,SUCCESS,1083,
run_2292_cfg_459_seed_2_of0,459,2,10,16,10,60.0,20,10,OF0,SUCCESS,1083,
run_2293_cfg_459_seed_3_of0,459,3,10,16,10,60.0,20,10,OF0,SUCCESS,1083,
run_2294_cfg_459_seed_4_of0,459,4,10,16,10,60.0,20,10,OF0,SUCCESS,1083,
run_2295_cfg_459_seed_5_of0,459,5,10,16,10,60.0,20,10,OF0,SUCCESS,1083,
run_2296_cfg_460_seed_1_of0,460,1,10,16,10,60.0,20,20,OF0,SUCCESS,1083,
run_2297_cfg_460_seed_2_of0,460,2,10,16,10,60.0,20,20,OF0,SUCCESS,1083,
run_2298_cfg_460_seed_3_of0,460,3,10,16,10,60.0,20,20,OF0,SUCCESS,1083,
run_2299_cfg_460_seed_4_of0,460,4,10,16,10,60.0,20,20,OF0,SUCCESS,1083,
run_2300_cfg_460_seed_5_of0,460,5,10,16,10,60.0,20,20,OF0,SUCCESS,1083,
run_2301_cfg_461_seed_1_mrhof,461,1,10,18,0,40.0,12,5,MRHOF,SUCCESS,627,
run_2302_cfg_461_seed_2_mrhof,461,2,10,18,0,40.0,12,5,MRHOF,SUCCESS,627,
run_2303_cfg_461_seed_3_mrhof,461,3,10,18,0,40.0,12,5,MRHOF,SUCCESS,627,
run_2304_cfg_461_seed_4_mrhof,461,4,10,18,0,40.0,12,5,MRHOF,SUCCESS,627,
run_2305_cfg_461_seed_5_mrhof,461,5,10,18,0,40.0,12,5,MRHOF,SUCCESS,627,
run_2306_cfg_462_seed_1_mrhof,462,1,10,18,0,40.0,12,20,MRHOF,SUCCESS,627,
run_2307_cfg_462_seed_2_mrhof,462,2,10,18,0,40.0,12,20,MRHOF,SUCCESS,627,
run_2308_cfg_462_seed_3_mrhof,462,3,10,18,0,40.0,12,20,MRHOF,SUCCESS,627,
run_2309_cfg_462_seed_4_mrhof,462,4,10,18,0,40.0,12,20,MRHOF,SUCCESS,627,
run_2310_cfg_462_seed_5_mrhof,462,5,10,18,0,40.0,12,20,MRHOF,SUCCESS,627,
run_2311_cfg_463_seed_1_of0,463,1,10,18,0,40.0,12,20,OF0,SUCCESS,627,
run_2312_cfg_463_seed_2_of0,463,2,10,18,0,40.0,12,20,OF0,SUCCESS,627,
run_2313_cfg_463_seed_3_of0,463,3,10,18,0,40.0,12,20,OF0,SUCCESS,627,
run_2314_cfg_463_seed_4_of0,463,4,10,18,0,40.0,12,20,OF0,SUCCESS,627,
run_2315_cfg_463_seed_5_of0,463,5,10,18,0,40.0,12,20,OF0,SUCCESS,627,
run_2316_cfg_464_seed_1_mrhof,464,1,10,18,0,40.0,16,5,MRHOF,SUCCESS,855,
run_2317_cfg_464_seed_2_mrhof,464,2,10,18,0,40.0,16,5,MRHOF,SUCCESS,855,
run_2318_cfg_464_seed_3_mrhof,464,3,10,18,0,40.0,16,5,MRHOF,SUCCESS,855,
run_2319_cfg_464_seed_4_mrhof,464,4,10,18,0,40.0,16,5,MRHOF,SUCCESS,855,
run_2320_cfg_464_seed_5_mrhof,464,5,10,18,0,40.0,16,5,MRHOF,SUCCESS,855,
run_2321_cfg_465_seed_1_of0,465,1,10,18,0,40.0,16,5,OF0,SUCCESS,855,
run_2322_cfg_465_seed_2_of0,465,2,10,18,0,40.0,16,5,OF0,SUCCESS,855,
run_2323_cfg_465_seed_3_of0,465,3,10,18,0,40.0,16,5,OF0,SUCCESS,855,
run_2324_cfg_465_seed_4_of0,465,4,10,18,0,40.0,16,5,OF0,SUCCESS,855,
run_2325_cfg_465_seed_5_of0,465,5,10,18,0,40.0,16,5,OF0,SUCCESS,855,
run_2326_cfg_466_seed_1_mrhof,466,1,10,18,0,40.0,16,10,MRHOF,SUCCESS,855,
run_2327_cfg_466_seed_2_mrhof,466,2,10,18,0,40.0,16,10,MRHOF,SUCCESS,855,
run_2328_cfg_466_seed_3_mrhof,466,3,10,18,0,40.0,16,10,MRHOF,SUCCESS,855,
run_2329_cfg_466_seed_4_mrhof,466,4,10,18,0,40.0,16,10,MRHOF,SUCCESS,855,
run_2330_cfg_466_seed_5_mrhof,466,5,10,18,0,40.0,16,10,MRHOF,SUCCESS,855,
run_2331_cfg_467_seed_1_of0,467,1,10,18,0,40.0,16,10,OF0,SUCCESS,797,
run_2332_cfg_467_seed_2_of0,467,2,10,18,0,40.0,16,10,OF0,SUCCESS,855,
run_2333_cfg_467_seed_3_of0,467,3,10,18,0,40.0,16,10,OF0,SUCCESS,855,
run_2334_cfg_467_seed_4_of0,467,4,10,18,0,40.0,16,10,OF0,SUCCESS,855,
run_2335_cfg_467_seed_5_of0,467,5,10,18,0,40.0,16,10,OF0,SUCCESS,855,
run_2336_cfg_468_seed_1_of0,468,1,10,18,0,40.0,16,20,OF0,SUCCESS,855,
run_2337_cfg_468_seed_2_of0,468,2,10,18,0,40.0,16,20,OF0,SUCCESS,855,
run_2338_cfg_468_seed_3_of0,468,3,10,18,0,40.0,16,20,OF0,SUCCESS,855,
run_2339_cfg_468_seed_4_of0,468,4,10,18,0,40.0,16,20,OF0,SUCCESS,855,
run_2340_cfg_468_seed_5_of0,468,5,10,18,0,40.0,16,20,OF0,SUCCESS,855,
run_2341_cfg_469_seed_1_mrhof,469,1,10,18,0,40.0,20,5,MRHOF,SUCCESS,1083,
run_2342_cfg_469_seed_2_mrhof,469,2,10,18,0,40.0,20,5,MRHOF,SUCCESS,1083,
run_2343_cfg_469_seed_3_mrhof,469,3,10,18,0,40.0,20,5,MRHOF,SUCCESS,1083,
run_2344_cfg_469_seed_4_mrhof,469,4,10,18,0,40.0,20,5,MRHOF,SUCCESS,1083,
run_2345_cfg_469_seed_5_mrhof,469,5,10,18,0,40.0,20,5,MRHOF,SUCCESS,1083,
run_2346_cfg_470_seed_1_mrhof,470,1,10,18,0,40.0,20,10,MRHOF,SUCCESS,1083,
run_2347_cfg_470_seed_2_mrhof,470,2,10,18,0,40.0,20,10,MRHOF,SUCCESS,1083,
run_2348_cfg_470_seed_3_mrhof,470,3,10,18,0,40.0,20,10,MRHOF,SUCCESS,1083,
run_2349_cfg_470_seed_4_mrhof,470,4,10,18,0,40.0,20,10,MRHOF,SUCCESS,1083,
run_2350_cfg_470_seed_5_mrhof,470,5,10,18,0,40.0,20,10,MRHOF,SUCCESS,1083,
run_2351_cfg_471_seed_1_of0,471,1,10,18,0,40.0,20,10,OF0,SUCCESS,1083,
run_2352_cfg_471_seed_2_of0,471,2,10,18,0,40.0,20,10,OF0,SUCCESS,1083,
run_2353_cfg_471_seed_3_of0,471,3,10,18,0,40.0,20,10,OF0,SUCCESS,1083,
run_2354_cfg_471_seed_4_of0,471,4,10,18,0,40.0,20,10,OF0,SUCCESS,1083,
run_2355_cfg_471_seed_5_of0,471,5,10,18,0,40.0,20,10,OF0,SUCCESS,1083,
run_2356_cfg_472_seed_1_mrhof,472,1,10,18,0,40.0,20,20,MRHOF,SUCCESS,1083,
run_2357_cfg_472_seed_2_mrhof,472,2,10,18,0,40.0,20,20,MRHOF,SUCCESS,1083,
run_2358_cfg_472_seed_3_mrhof,472,3,10,18,0,40.0,20,20,MRHOF,SUCCESS,1083,
run_2359_cfg_472_seed_4_mrhof,472,4,10,18,0,40.0,20,20,MRHOF,SUCCESS,1083,
run_2360_cfg_472_seed_5_mrhof,472,5,10,18,0,40.0,20,20,MRHOF,SUCCESS,1083,
run_2361_cfg_473_seed_1_of0,473,1,10,18,0,50.0,12,10,OF0,SUCCESS,627,
run_2362_cfg_473_seed_2_of0,473,2,10,18,0,50.0,12,10,OF0,SUCCESS,627,
run_2363_cfg_473_seed_3_of0,473,3,10,18,0,50.0,12,10,OF0,SUCCESS,627,
run_2364_cfg_473_seed_4_of0,473,4,10,18,0,50.0,12,10,OF0,SUCCESS,627,
run_2365_cfg_473_seed_5_of0,473,5,10,18,0,50.0,12,10,OF0,SUCCESS,627,
run_2366_cfg_474_seed_1_mrhof,474,1,10,18,0,50.0,16,5,MRHOF,SUCCESS,855,
run_2367_cfg_474_seed_2_mrhof,474,2,10,18,0,50.0,16,5,MRHOF,SUCCESS,855,
run_2368_cfg_474_seed_3_mrhof,474,3,10,18,0,50.0,16,5,MRHOF,SUCCESS,855,
run_2369_cfg_474_seed_4_mrhof,474,4,10,18,0,50.0,16,5,MRHOF,SUCCESS,855,
run_2370_cfg_474_seed_5_mrhof,474,5,10,18,0,50.0,16,5,MRHOF,SUCCESS,855,
run_2371_cfg_475_seed_1_of0,475,1,10,18,0,50.0,16,5,OF0,SUCCESS,855,
run_2372_cfg_475_seed_2_of0,475,2,10,18,0,50.0,16,5,OF0,SUCCESS,855,
run_2373_cfg_475_seed_3_of0,475,3,10,18,0,50.0,16,5,OF0,SUCCESS,855,
run_2374_cfg_475_seed_4_of0,475,4,10,18,0,50.0,16,5,OF0,SUCCESS,855,
run_2375_cfg_475_seed_5_of0,475,5,10,18,0,50.0,16,5,OF0,SUCCESS,855,
run_2376_cfg_476_seed_1_mrhof,476,1,10,18,0,50.0,16,10,MRHOF,SUCCESS,855,
run_2377_cfg_476_seed_2_mrhof,476,2,10,18,0,50.0,16,10,MRHOF,SUCCESS,855,
run_2378_cfg_476_seed_3_mrhof,476,3,10,18,0,50.0,16,10,MRHOF,SUCCESS,855,
run_2379_cfg_476_seed_4_mrhof,476,4,10,18,0,50.0,16,10,MRHOF,SUCCESS,855,
run_2380_cfg_476_seed_5_mrhof,476,5,10,18,0,50.0,16,10,MRHOF,SUCCESS,855,
run_2381_cfg_477_seed_1_of0,477,1,10,18,0,50.0,16,10,OF0,SUCCESS,855,
run_2382_cfg_477_seed_2_of0,477,2,10,18,0,50.0,16,10,OF0,SUCCESS,855,
run_2383_cfg_477_seed_3_of0,477,3,10,18,0,50.0,16,10,OF0,SUCCESS,855,
run_2384_cfg_477_seed_4_of0,477,4,10,18,0,50.0,16,10,OF0,SUCCESS,855,
run_2385_cfg_477_seed_5_of0,477,5,10,18,0,50.0,16,10,OF0,SUCCESS,855,
run_2386_cfg_478_seed_1_mrhof,478,1,10,18,0,50.0,16,20,MRHOF,SUCCESS,855,
run_2387_cfg_478_seed_2_mrhof,478,2,10,18,0,50.0,16,20,MRHOF,SUCCESS,855,
run_2388_cfg_478_seed_3_mrhof,478,3,10,18,0,50.0,16,20,MRHOF,SUCCESS,855,
run_2389_cfg_478_seed_4_mrhof,478,4,10,18,0,50.0,16,20,MRHOF,SUCCESS,855,
run_2390_cfg_478_seed_5_mrhof,478,5,10,18,0,50.0,16,20,MRHOF,SUCCESS,855,
run_2391_cfg_479_seed_1_mrhof,479,1,10,18,0,50.0,20,5,MRHOF,SUCCESS,1083,
run_2392_cfg_479_seed_2_mrhof,479,2,10,18,0,50.0,20,5,MRHOF,SUCCESS,1083,
run_2393_cfg_479_seed_3_mrhof,479,3,10,18,0,50.0,20,5,MRHOF,SUCCESS,1083,
run_2394_cfg_479_seed_4_mrhof,479,4,10,18,0,50.0,20,5,MRHOF,SUCCESS,1083,
run_2395_cfg_479_seed_5_mrhof,479,5,10,18,0,50.0,20,5,MRHOF,SUCCESS,1083,
run_2396_cfg_480_seed_1_mrhof,480,1,10,18,0,50.0,20,10,MRHOF,SUCCESS,1083,
run_2397_cfg_480_seed_2_mrhof,480,2,10,18,0,50.0,20,10,MRHOF,SUCCESS,1083,
run_2398_cfg_480_seed_3_mrhof,480,3,10,18,0,50.0,20,10,MRHOF,SUCCESS,1083,
run_2399_cfg_480_seed_4_mrhof,480,4,10,18,0,50.0,20,10,MRHOF,SUCCESS,1083,
run_2400_cfg_480_seed_5_mrhof,480,5,10,18,0,50.0,20,10,MRHOF,SUCCESS,1083,
run_2401_cfg_481_seed_1_of0,481,1,10,18,0,50.0,20,10,OF0,SUCCESS,1083,
run_2402_cfg_481_seed_2_of0,481,2,10,18,0,50.0,20,10,OF0,SUCCESS,1083,
run_2403_cfg_481_seed_3_of0,481,3,10,18,0,50.0,20,10,OF0,SUCCESS,1083,
run_2404_cfg_481_seed_4_of0,481,4,10,18,0,50.0,20,10,OF0,SUCCESS,1083,
run_2405_cfg_481_seed_5_of0,481,5,10,18,0,50.0,20,10,OF0,SUCCESS,1083,
run_2406_cfg_482_seed_1_of0,482,1,10,18,0,50.0,20,20,OF0,SUCCESS,1083,
run_2407_cfg_482_seed_2_of0,482,2,10,18,0,50.0,20,20,OF0,SUCCESS,1083,
run_2408_cfg_482_seed_3_of0,482,3,10,18,0,50.0,20,20,OF0,SUCCESS,1083,
run_2409_cfg_482_seed_4_of0,482,4,10,18,0,50.0,20,20,OF0,SUCCESS,1083,
run_2410_cfg_482_seed_5_of0,482,5,10,18,0,50.0,20,20,OF0,SUCCESS,1083,
run_2411_cfg_483_seed_1_mrhof,483,1,10,18,0,60.0,12,5,MRHOF,SUCCESS,627,
run_2412_cfg_483_seed_2_mrhof,483,2,10,18,0,60.0,12,5,MRHOF,SUCCESS,627,
run_2413_cfg_483_seed_3_mrhof,483,3,10,18,0,60.0,12,5,MRHOF,SUCCESS,627,
run_2414_cfg_483_seed_4_mrhof,483,4,10,18,0,60.0,12,5,MRHOF,SUCCESS,627,
run_2415_cfg_483_seed_5_mrhof,483,5,10,18,0,60.0,12,5,MRHOF,SUCCESS,627,
run_2416_cfg_484_seed_1_of0,484,1,10,18,0,60.0,12,5,OF0,SUCCESS,627,
run_2417_cfg_484_seed_2_of0,484,2,10,18,0,60.0,12,5,OF0,SUCCESS,627,
run_2418_cfg_484_seed_3_of0,484,3,10,18,0,60.0,12,5,OF0,SUCCESS,627,
run_2419_cfg_484_seed_4_of0,484,4,10,18,0,60.0,12,5,OF0,SUCCESS,627,
run_2420_cfg_484_seed_5_of0,484,5,10,18,0,60.0,12,5,OF0,SUCCESS,627,
run_2421_cfg_485_seed_1_mrhof,485,1,10,18,0,60.0,12,10,MRHOF,SUCCESS,627,
run_2422_cfg_485_seed_2_mrhof,485,2,10,18,0,60.0,12,10,MRHOF,SUCCESS,627,
run_2423_cfg_485_seed_3_mrhof,485,3,10,18,0,60.0,12,10,MRHOF,SUCCESS,627,
run_2424_cfg_485_seed_4_mrhof,485,4,10,18,0,60.0,12,10,MRHOF,SUCCESS,627,
run_2425_cfg_485_seed_5_mrhof,485,5,10,18,0,60.0,12,10,MRHOF,SUCCESS,627,
run_2426_cfg_486_seed_1_of0,486,1,10,18,0,60.0,12,10,OF0,SUCCESS,627,
run_2427_cfg_486_seed_2_of0,486,2,10,18,0,60.0,12,10,OF0,SUCCESS,627,
run_2428_cfg_486_seed_3_of0,486,3,10,18,0,60.0,12,10,OF0,SUCCESS,627,
run_2429_cfg_486_seed_4_of0,486,4,10,18,0,60.0,12,10,OF0,SUCCESS,627,
run_2430_cfg_486_seed_5_of0,486,5,10,18,0,60.0,12,10,OF0,SUCCESS,627,
run_2431_cfg_487_seed_1_mrhof,487,1,10,18,0,60.0,12,20,MRHOF,SUCCESS,627,
run_2432_cfg_487_seed_2_mrhof,487,2,10,18,0,60.0,12,20,MRHOF,SUCCESS,627,
run_2433_cfg_487_seed_3_mrhof,487,3,10,18,0,60.0,12,20,MRHOF,SUCCESS,627,
run_2434_cfg_487_seed_4_mrhof,487,4,10,18,0,60.0,12,20,MRHOF,SUCCESS,627,
run_2435_cfg_487_seed_5_mrhof,487,5,10,18,0,60.0,12,20,MRHOF,SUCCESS,627,
run_2436_cfg_488_seed_1_of0,488,1,10,18,0,60.0,12,20,OF0,SUCCESS,627,
run_2437_cfg_488_seed_2_of0,488,2,10,18,0,60.0,12,20,OF0,SUCCESS,627,
run_2438_cfg_488_seed_3_of0,488,3,10,18,0,60.0,12,20,OF0,SUCCESS,627,
run_2439_cfg_488_seed_4_of0,488,4,10,18,0,60.0,12,20,OF0,SUCCESS,627,
run_2440_cfg_488_seed_5_of0,488,5,10,18,0,60.0,12,20,OF0,SUCCESS,627,
run_2441_cfg_489_seed_1_mrhof,489,1,10,18,0,60.0,16,10,MRHOF,SUCCESS,855,
run_2442_cfg_489_seed_2_mrhof,489,2,10,18,0,60.0,16,10,MRHOF,SUCCESS,855,
run_2443_cfg_489_seed_3_mrhof,489,3,10,18,0,60.0,16,10,MRHOF,SUCCESS,855,
run_2444_cfg_489_seed_4_mrhof,489,4,10,18,0,60.0,16,10,MRHOF,SUCCESS,855,
run_2445_cfg_489_seed_5_mrhof,489,5,10,18,0,60.0,16,10,MRHOF,SUCCESS,855,
run_2446_cfg_490_seed_1_of0,490,1,10,18,0,60.0,16,10,OF0,SUCCESS,855,
run_2447_cfg_490_seed_2_of0,490,2,10,18,0,60.0,16,10,OF0,SUCCESS,855,
run_2448_cfg_490_seed_3_of0,490,3,10,18,0,60.0,16,10,OF0,SUCCESS,855,
run_2449_cfg_490_seed_4_of0,490,4,10,18,0,60.0,16,10,OF0,SUCCESS,855,
run_2450_cfg_490_seed_5_of0,490,5,10,18,0,60.0,16,10,OF0,SUCCESS,855,
run_2451_cfg_491_seed_1_mrhof,491,1,10,18,0,60.0,16,20,MRHOF,SUCCESS,855,
run_2452_cfg_491_seed_2_mrhof,491,2,10,18,0,60.0,16,20,MRHOF,SUCCESS,855,
run_2453_cfg_491_seed_3_mrhof,491,3,10,18,0,60.0,16,20,MRHOF,SUCCESS,855,
run_2454_cfg_491_seed_4_mrhof,491,4,10,18,0,60.0,16,20,MRHOF,SUCCESS,855,
run_2455_cfg_491_seed_5_mrhof,491,5,10,18,0,60.0,16,20,MRHOF,SUCCESS,855,
run_2456_cfg_492_seed_1_of0,492,1,10,18,0,60.0,20,5,OF0,SUCCESS,1083,
run_2457_cfg_492_seed_2_of0,492,2,10,18,0,60.0,20,5,OF0,SUCCESS,1083,
run_2458_cfg_492_seed_3_of0,492,3,10,18,0,60.0,20,5,OF0,SUCCESS,1083,
run_2459_cfg_492_seed_4_of0,492,4,10,18,0,60.0,20,5,OF0,SUCCESS,1083,
run_2460_cfg_492_seed_5_of0,492,5,10,18,0,60.0,20,5,OF0,SUCCESS,1083,
run_2461_cfg_493_seed_1_of0,493,1,10,18,0,60.0,20,10,OF0,SUCCESS,1083,
run_2462_cfg_493_seed_2_of0,493,2,10,18,0,60.0,20,10,OF0,SUCCESS,1083,
run_2463_cfg_493_seed_3_of0,493,3,10,18,0,60.0,20,10,OF0,SUCCESS,1083,
run_2464_cfg_493_seed_4_of0,493,4,10,18,0,60.0,20,10,OF0,SUCCESS,1083,
run_2465_cfg_493_seed_5_of0,493,5,10,18,0,60.0,20,10,OF0,SUCCESS,1083,
run_2466_cfg_494_seed_1_mrhof,494,1,10,18,0,60.0,20,20,MRHOF,SUCCESS,1083,
run_2467_cfg_494_seed_2_mrhof,494,2,10,18,0,60.0,20,20,MRHOF,SUCCESS,1083,
run_2468_cfg_494_seed_3_mrhof,494,3,10,18,0,60.0,20,20,MRHOF,SUCCESS,1083,
run_2469_cfg_494_seed_4_mrhof,494,4,10,18,0,60.0,20,20,MRHOF,SUCCESS,1083,
run_2470_cfg_494_seed_5_mrhof,494,5,10,18,0,60.0,20,20,MRHOF,SUCCESS,1083,
run_2471_cfg_495_seed_1_mrhof,495,1,10,18,5,40.0,12,5,MRHOF,SUCCESS,627,
run_2472_cfg_495_seed_2_mrhof,495,2,10,18,5,40.0,12,5,MRHOF,SUCCESS,627,
run_2473_cfg_495_seed_3_mrhof,495,3,10,18,5,40.0,12,5,MRHOF,SUCCESS,627,
run_2474_cfg_495_seed_4_mrhof,495,4,10,18,5,40.0,12,5,MRHOF,SUCCESS,627,
run_2475_cfg_495_seed_5_mrhof,495,5,10,18,5,40.0,12,5,MRHOF,SUCCESS,627,
run_2476_cfg_496_seed_1_of0,496,1,10,18,5,40.0,12,5,OF0,SUCCESS,627,
run_2477_cfg_496_seed_2_of0,496,2,10,18,5,40.0,12,5,OF0,SUCCESS,627,
run_2478_cfg_496_seed_3_of0,496,3,10,18,5,40.0,12,5,OF0,SUCCESS,627,
run_2479_cfg_496_seed_4_of0,496,4,10,18,5,40.0,12,5,OF0,SUCCESS,627,
run_2480_cfg_496_seed_5_of0,496,5,10,18,5,40.0,12,5,OF0,SUCCESS,627,
run_2481_cfg_497_seed_1_mrhof,497,1,10,18,5,40.0,12,10,MRHOF,SUCCESS,627,
run_2482_cfg_497_seed_2_mrhof,497,2,10,18,5,40.0,12,10,MRHOF,SUCCESS,627,
run_2483_cfg_497_seed_3_mrhof,497,3,10,18,5,40.0,12,10,MRHOF,SUCCESS,627,
run_2484_cfg_497_seed_4_mrhof,497,4,10,18,5,40.0,12,10,MRHOF,SUCCESS,627,
run_2485_cfg_497_seed_5_mrhof,497,5,10,18,5,40.0,12,10,MRHOF,SUCCESS,627,
run_2486_cfg_498_seed_1_of0,498,1,10,18,5,40.0,12,10,OF0,SUCCESS,627,
run_2487_cfg_498_seed_2_of0,498,2,10,18,5,40.0,12,10,OF0,SUCCESS,627,
run_2488_cfg_498_seed_3_of0,498,3,10,18,5,40.0,12,10,OF0,SUCCESS,627,
run_2489_cfg_498_seed_4_of0,498,4,10,18,5,40.0,12,10,OF0,SUCCESS,627,
run_2490_cfg_498_seed_5_of0,498,5,10,18,5,40.0,12,10,OF0,SUCCESS,627,
run_2491_cfg_499_seed_1_mrhof,499,1,10,18,5,40.0,12,20,MRHOF,SUCCESS,627,
run_2492_cfg_499_seed_2_mrhof,499,2,10,18,5,40.0,12,20,MRHOF,SUCCESS,627,
run_2493_cfg_499_seed_3_mrhof,499,3,10,18,5,40.0,12,20,MRHOF,SUCCESS,627,
run_2494_cfg_499_seed_4_mrhof,499,4,10,18,5,40.0,12,20,MRHOF,SUCCESS,627,
run_2495_cfg_499_seed_5_mrhof,499,5,10,18,5,40.0,12,20,MRHOF,SUCCESS,627,
run_2496_cfg_500_seed_1_of0,500,1,10,18,5,40.0,12,20,OF0,SUCCESS,627,
run_2497_cfg_500_seed_2_of0,500,2,10,18,5,40.0,12,20,OF0,SUCCESS,627,
run_2498_cfg_500_seed_3_of0,500,3,10,18,5,40.0,12,20,OF0,SUCCESS,627,
run_2499_cfg_500_seed_4_of0,500,4,10,18,5,40.0,12,20,OF0,SUCCESS,627,
run_2500_cfg_500_seed_5_of0,500,5,10,18,5,40.0,12,20,OF0,SUCCESS,627,
run_2501_cfg_501_seed_1_mrhof,501,1,10,18,5,40.0,16,5,MRHOF,SUCCESS,855,
run_2502_cfg_501_seed_2_mrhof,501,2,10,18,5,40.0,16,5,MRHOF,SUCCESS,855,
run_2503_cfg_501_seed_3_mrhof,501,3,10,18,5,40.0,16,5,MRHOF,SUCCESS,855,
run_2504_cfg_501_seed_4_mrhof,501,4,10,18,5,40.0,16,5,MRHOF,SUCCESS,855,
run_2505_cfg_501_seed_5_mrhof,501,5,10,18,5,40.0,16,5,MRHOF,SUCCESS,855,
run_2506_cfg_502_seed_1_of0,502,1,10,18,5,40.0,16,5,OF0,SUCCESS,855,
run_2507_cfg_502_seed_2_of0,502,2,10,18,5,40.0,16,5,OF0,SUCCESS,854,
run_2508_cfg_502_seed_3_of0,502,3,10,18,5,40.0,16,5,OF0,SUCCESS,855,
run_2509_cfg_502_seed_4_of0,502,4,10,18,5,40.0,16,5,OF0,SUCCESS,855,
run_2510_cfg_502_seed_5_of0,502,5,10,18,5,40.0,16,5,OF0,SUCCESS,855,
run_2511_cfg_503_seed_1_mrhof,503,1,10,18,5,40.0,20,10,MRHOF,SUCCESS,1083,
run_2512_cfg_503_seed_2_mrhof,503,2,10,18,5,40.0,20,10,MRHOF,SUCCESS,1083,
run_2513_cfg_503_seed_3_mrhof,503,3,10,18,5,40.0,20,10,MRHOF,SUCCESS,1083,
run_2514_cfg_503_seed_4_mrhof,503,4,10,18,5,40.0,20,10,MRHOF,SUCCESS,1083,
run_2515_cfg_503_seed_5_mrhof,503,5,10,18,5,40.0,20,10,MRHOF,SUCCESS,1083,
run_2516_cfg_504_seed_1_of0,504,1,10,18,5,40.0,20,10,OF0,SUCCESS,1083,
run_2517_cfg_504_seed_2_of0,504,2,10,18,5,40.0,20,10,OF0,SUCCESS,1083,
run_2518_cfg_504_seed_3_of0,504,3,10,18,5,40.0,20,10,OF0,SUCCESS,1083,
run_2519_cfg_504_seed_4_of0,504,4,10,18,5,40.0,20,10,OF0,SUCCESS,1083,
run_2520_cfg_504_seed_5_of0,504,5,10,18,5,40.0,20,10,OF0,SUCCESS,1083,
run_2521_cfg_505_seed_1_mrhof,505,1,10,18,5,40.0,20,20,MRHOF,SUCCESS,1083,
run_2522_cfg_505_seed_2_mrhof,505,2,10,18,5,40.0,20,20,MRHOF,SUCCESS,1083,
run_2523_cfg_505_seed_3_mrhof,505,3,10,18,5,40.0,20,20,MRHOF,SUCCESS,1083,
run_2524_cfg_505_seed_4_mrhof,505,4,10,18,5,40.0,20,20,MRHOF,SUCCESS,1083,
run_2525_cfg_505_seed_5_mrhof,505,5,10,18,5,40.0,20,20,MRHOF,SUCCESS,1083,
run_2526_cfg_506_seed_1_of0,506,1,10,18,5,40.0,20,20,OF0,SUCCESS,1083,
run_2527_cfg_506_seed_2_of0,506,2,10,18,5,40.0,20,20,OF0,SUCCESS,1083,
run_2528_cfg_506_seed_3_of0,506,3,10,18,5,40.0,20,20,OF0,SUCCESS,1083,
run_2529_cfg_506_seed_4_of0,506,4,10,18,5,40.0,20,20,OF0,SUCCESS,1083,
run_2530_cfg_506_seed_5_of0,506,5,10,18,5,40.0,20,20,OF0,SUCCESS,1083,
run_2531_cfg_507_seed_1_mrhof,507,1,10,18,5,50.0,12,20,MRHOF,SUCCESS,627,
run_2532_cfg_507_seed_2_mrhof,507,2,10,18,5,50.0,12,20,MRHOF,SUCCESS,627,
run_2533_cfg_507_seed_3_mrhof,507,3,10,18,5,50.0,12,20,MRHOF,SUCCESS,627,
run_2534_cfg_507_seed_4_mrhof,507,4,10,18,5,50.0,12,20,MRHOF,SUCCESS,627,
run_2535_cfg_507_seed_5_mrhof,507,5,10,18,5,50.0,12,20,MRHOF,SUCCESS,627,
run_2536_cfg_508_seed_1_of0,508,1,10,18,5,50.0,12,20,OF0,SUCCESS,627,
run_2537_cfg_508_seed_2_of0,508,2,10,18,5,50.0,12,20,OF0,SUCCESS,627,
run_2538_cfg_508_seed_3_of0,508,3,10,18,5,50.0,12,20,OF0,SUCCESS,627,
run_2539_cfg_508_seed_4_of0,508,4,10,18,5,50.0,12,20,OF0,SUCCESS,627,
run_2540_cfg_508_seed_5_of0,508,5,10,18,5,50.0,12,20,OF0,SUCCESS,627,
run_2541_cfg_509_seed_1_mrhof,509,1,10,18,5,50.0,16,5,MRHOF,SUCCESS,855,
run_2542_cfg_509_seed_2_mrhof,509,2,10,18,5,50.0,16,5,MRHOF,SUCCESS,855,
run_2543_cfg_509_seed_3_mrhof,509,3,10,18,5,50.0,16,5,MRHOF,SUCCESS,855,
run_2544_cfg_509_seed_4_mrhof,509,4,10,18,5,50.0,16,5,MRHOF,SUCCESS,855,
run_2545_cfg_509_seed_5_mrhof,509,5,10,18,5,50.0,16,5,MRHOF,SUCCESS,855,
run_2546_cfg_510_seed_1_mrhof,510,1,10,18,5,50.0,16,10,MRHOF,SUCCESS,855,
run_2547_cfg_510_seed_2_mrhof,510,2,10,18,5,50.0,16,10,MRHOF,SUCCESS,855,
run_2548_cfg_510_seed_3_mrhof,510,3,10,18,5,50.0,16,10,MRHOF,SUCCESS,855,
run_2549_cfg_510_seed_4_mrhof,510,4,10,18,5,50.0,16,10,MRHOF,SUCCESS,855,
run_2550_cfg_510_seed_5_mrhof,510,5,10,18,5,50.0,16,10,MRHOF,SUCCESS,855,
run_2551_cfg_511_seed_1_of0,511,1,10,18,5,50.0,16,10,OF0,SUCCESS,855,
run_2552_cfg_511_seed_2_of0,511,2,10,18,5,50.0,16,10,OF0,SUCCESS,855,
run_2553_cfg_511_seed_3_of0,511,3,10,18,5,50.0,16,10,OF0,SUCCESS,855,
run_2554_cfg_511_seed_4_of0,511,4,10,18,5,50.0,16,10,OF0,SUCCESS,855,
run_2555_cfg_511_seed_5_of0,511,5,10,18,5,50.0,16,10,OF0,SUCCESS,855,
run_2556_cfg_512_seed_1_mrhof,512,1,10,18,5,50.0,16,20,MRHOF,SUCCESS,855,
run_2557_cfg_512_seed_2_mrhof,512,2,10,18,5,50.0,16,20,MRHOF,SUCCESS,855,
run_2558_cfg_512_seed_3_mrhof,512,3,10,18,5,50.0,16,20,MRHOF,SUCCESS,855,
run_2559_cfg_512_seed_4_mrhof,512,4,10,18,5,50.0,16,20,MRHOF,SUCCESS,855,
run_2560_cfg_512_seed_5_mrhof,512,5,10,18,5,50.0,16,20,MRHOF,SUCCESS,855,
run_2561_cfg_513_seed_1_of0,513,1,10,18,5,50.0,16,20,OF0,SUCCESS,855,
run_2562_cfg_513_seed_2_of0,513,2,10,18,5,50.0,16,20,OF0,SUCCESS,855,
run_2563_cfg_513_seed_3_of0,513,3,10,18,5,50.0,16,20,OF0,SUCCESS,855,
run_2564_cfg_513_seed_4_of0,513,4,10,18,5,50.0,16,20,OF0,SUCCESS,855,
run_2565_cfg_513_seed_5_of0,513,5,10,18,5,50.0,16,20,OF0,SUCCESS,855,
run_2566_cfg_514_seed_1_mrhof,514,1,10,18,5,50.0,20,5,MRHOF,SUCCESS,1083,
run_2567_cfg_514_seed_2_mrhof,514,2,10,18,5,50.0,20,5,MRHOF,SUCCESS,1083,
run_2568_cfg_514_seed_3_mrhof,514,3,10,18,5,50.0,20,5,MRHOF,SUCCESS,1083,
run_2569_cfg_514_seed_4_mrhof,514,4,10,18,5,50.0,20,5,MRHOF,SUCCESS,1083,
run_2570_cfg_514_seed_5_mrhof,514,5,10,18,5,50.0,20,5,MRHOF,SUCCESS,1083,
run_2571_cfg_515_seed_1_of0,515,1,10,18,5,50.0,20,5,OF0,SUCCESS,1083,
run_2572_cfg_515_seed_2_of0,515,2,10,18,5,50.0,20,5,OF0,SUCCESS,1083,
run_2573_cfg_515_seed_3_of0,515,3,10,18,5,50.0,20,5,OF0,SUCCESS,1083,
run_2574_cfg_515_seed_4_of0,515,4,10,18,5,50.0,20,5,OF0,SUCCESS,1083,
run_2575_cfg_515_seed_5_of0,515,5,10,18,5,50.0,20,5,OF0,SUCCESS,1083,
run_2576_cfg_516_seed_1_mrhof,516,1,10,18,5,50.0,20,10,MRHOF,SUCCESS,1083,
run_2577_cfg_516_seed_2_mrhof,516,2,10,18,5,50.0,20,10,MRHOF,SUCCESS,1083,
run_2578_cfg_516_seed_3_mrhof,516,3,10,18,5,50.0,20,10,MRHOF,SUCCESS,1083,
run_2579_cfg_516_seed_4_mrhof,516,4,10,18,5,50.0,20,10,MRHOF,SUCCESS,1083,
run_2580_cfg_516_seed_5_mrhof,516,5,10,18,5,50.0,20,10,MRHOF,SUCCESS,1083,
run_2581_cfg_517_seed_1_of0,517,1,10,18,5,50.0,20,10,OF0,SUCCESS,1083,
run_2582_cfg_517_seed_2_of0,517,2,10,18,5,50.0,20,10,OF0,SUCCESS,1083,
run_2583_cfg_517_seed_3_of0,517,3,10,18,5,50.0,20,10,OF0,SUCCESS,1083,
run_2584_cfg_517_seed_4_of0,517,4,10,18,5,50.0,20,10,OF0,SUCCESS,1083,
run_2585_cfg_517_seed_5_of0,517,5,10,18,5,50.0,20,10,OF0,SUCCESS,1083,
run_2586_cfg_518_seed_1_mrhof,518,1,10,18,5,60.0,12,5,MRHOF,SUCCESS,627,
run_2587_cfg_518_seed_2_mrhof,518,2,10,18,5,60.0,12,5,MRHOF,SUCCESS,627,
run_2588_cfg_518_seed_3_mrhof,518,3,10,18,5,60.0,12,5,MRHOF,SUCCESS,627,
run_2589_cfg_518_seed_4_mrhof,518,4,10,18,5,60.0,12,5,MRHOF,SUCCESS,627,
run_2590_cfg_518_seed_5_mrhof,518,5,10,18,5,60.0,12,5,MRHOF,SUCCESS,627,
run_2591_cfg_519_seed_1_of0,519,1,10,18,5,60.0,12,5,OF0,SUCCESS,627,
run_2592_cfg_519_seed_2_of0,519,2,10,18,5,60.0,12,5,OF0,SUCCESS,627,
run_2593_cfg_519_seed_3_of0,519,3,10,18,5,60.0,12,5,OF0,SUCCESS,627,
run_2594_cfg_519_seed_4_of0,519,4,10,18,5,60.0,12,5,OF0,SUCCESS,627,
run_2595_cfg_519_seed_5_of0,519,5,10,18,5,60.0,12,5,OF0,SUCCESS,627,
run_2596_cfg_520_seed_1_mrhof,520,1,10,18,5,60.0,12,10,MRHOF,SUCCESS,627,
run_2597_cfg_520_seed_2_mrhof,520,2,10,18,5,60.0,12,10,MRHOF,SUCCESS,627,
run_2598_cfg_520_seed_3_mrhof,520,3,10,18,5,60.0,12,10,MRHOF,SUCCESS,627,
run_2599_cfg_520_seed_4_mrhof,520,4,10,18,5,60.0,12,10,MRHOF,SUCCESS,627,
run_2600_cfg_520_seed_5_mrhof,520,5,10,18,5,60.0,12,10,MRHOF,SUCCESS,627,
run_2601_cfg_521_seed_1_of0,521,1,10,18,5,60.0,12,10,OF0,SUCCESS,627,
run_2602_cfg_521_seed_2_of0,521,2,10,18,5,60.0,12,10,OF0,SUCCESS,627,
run_2603_cfg_521_seed_3_of0,521,3,10,18,5,60.0,12,10,OF0,SUCCESS,627,
run_2604_cfg_521_seed_4_of0,521,4,10,18,5,60.0,12,10,OF0,SUCCESS,627,
run_2605_cfg_521_seed_5_of0,521,5,10,18,5,60.0,12,10,OF0,SUCCESS,627,
run_2606_cfg_522_seed_1_mrhof,522,1,10,18,5,60.0,12,20,MRHOF,SUCCESS,627,
run_2607_cfg_522_seed_2_mrhof,522,2,10,18,5,60.0,12,20,MRHOF,SUCCESS,627,
run_2608_cfg_522_seed_3_mrhof,522,3,10,18,5,60.0,12,20,MRHOF,SUCCESS,627,
run_2609_cfg_522_seed_4_mrhof,522,4,10,18,5,60.0,12,20,MRHOF,SUCCESS,627,
run_2610_cfg_522_seed_5_mrhof,522,5,10,18,5,60.0,12,20,MRHOF,SUCCESS,627,
run_2611_cfg_523_seed_1_of0,523,1,10,18,5,60.0,12,20,OF0,SUCCESS,627,
run_2612_cfg_523_seed_2_of0,523,2,10,18,5,60.0,12,20,OF0,SUCCESS,627,
run_2613_cfg_523_seed_3_of0,523,3,10,18,5,60.0,12,20,OF0,SUCCESS,627,
run_2614_cfg_523_seed_4_of0,523,4,10,18,5,60.0,12,20,OF0,SUCCESS,627,
run_2615_cfg_523_seed_5_of0,523,5,10,18,5,60.0,12,20,OF0,SUCCESS,627,
run_2616_cfg_524_seed_1_mrhof,524,1,10,18,5,60.0,16,5,MRHOF,SUCCESS,855,
run_2617_cfg_524_seed_2_mrhof,524,2,10,18,5,60.0,16,5,MRHOF,SUCCESS,855,
run_2618_cfg_524_seed_3_mrhof,524,3,10,18,5,60.0,16,5,MRHOF,SUCCESS,855,
run_2619_cfg_524_seed_4_mrhof,524,4,10,18,5,60.0,16,5,MRHOF,SUCCESS,855,
run_2620_cfg_524_seed_5_mrhof,524,5,10,18,5,60.0,16,5,MRHOF,SUCCESS,855,
run_2621_cfg_525_seed_1_of0,525,1,10,18,5,60.0,16,5,OF0,SUCCESS,855,
run_2622_cfg_525_seed_2_of0,525,2,10,18,5,60.0,16,5,OF0,SUCCESS,855,
run_2623_cfg_525_seed_3_of0,525,3,10,18,5,60.0,16,5,OF0,SUCCESS,855,
run_2624_cfg_525_seed_4_of0,525,4,10,18,5,60.0,16,5,OF0,SUCCESS,855,
run_2625_cfg_525_seed_5_of0,525,5,10,18,5,60.0,16,5,OF0,SUCCESS,855,
run_2626_cfg_526_seed_1_mrhof,526,1,10,18,5,60.0,16,10,MRHOF,SUCCESS,855,
run_2627_cfg_526_seed_2_mrhof,526,2,10,18,5,60.0,16,10,MRHOF,SUCCESS,855,
run_2628_cfg_526_seed_3_mrhof,526,3,10,18,5,60.0,16,10,MRHOF,SUCCESS,855,
run_2629_cfg_526_seed_4_mrhof,526,4,10,18,5,60.0,16,10,MRHOF,SUCCESS,855,
run_2630_cfg_526_seed_5_mrhof,526,5,10,18,5,60.0,16,10,MRHOF,SUCCESS,855,
run_2631_cfg_527_seed_1_of0,527,1,10,18,5,60.0,16,10,OF0,SUCCESS,855,
run_2632_cfg_527_seed_2_of0,527,2,10,18,5,60.0,16,10,OF0,SUCCESS,855,
run_2633_cfg_527_seed_3_of0,527,3,10,18,5,60.0,16,10,OF0,SUCCESS,855,
run_2634_cfg_527_seed_4_of0,527,4,10,18,5,60.0,16,10,OF0,SUCCESS,855,
run_2635_cfg_527_seed_5_of0,527,5,10,18,5,60.0,16,10,OF0,SUCCESS,855,
run_2636_cfg_528_seed_1_mrhof,528,1,10,18,5,60.0,16,20,MRHOF,SUCCESS,855,
run_2637_cfg_528_seed_2_mrhof,528,2,10,18,5,60.0,16,20,MRHOF,SUCCESS,855,
run_2638_cfg_528_seed_3_mrhof,528,3,10,18,5,60.0,16,20,MRHOF,SUCCESS,855,
run_2639_cfg_528_seed_4_mrhof,528,4,10,18,5,60.0,16,20,MRHOF,SUCCESS,855,
run_2640_cfg_528_seed_5_mrhof,528,5,10,18,5,60.0,16,20,MRHOF,SUCCESS,855,
run_2641_cfg_529_seed_1_of0,529,1,10,18,5,60.0,16,20,OF0,SUCCESS,855,
run_2642_cfg_529_seed_2_of0,529,2,10,18,5,60.0,16,20,OF0,SUCCESS,855,
run_2643_cfg_529_seed_3_of0,529,3,10,18,5,60.0,16,20,OF0,SUCCESS,855,
run_2644_cfg_529_seed_4_of0,529,4,10,18,5,60.0,16,20,OF0,SUCCESS,855,
run_2645_cfg_529_seed_5_of0,529,5,10,18,5,60.0,16,20,OF0,SUCCESS,855,
run_2646_cfg_530_seed_1_mrhof,530,1,10,18,5,60.0,20,5,MRHOF,SUCCESS,1083,
run_2647_cfg_530_seed_2_mrhof,530,2,10,18,5,60.0,20,5,MRHOF,SUCCESS,1083,
run_2648_cfg_530_seed_3_mrhof,530,3,10,18,5,60.0,20,5,MRHOF,SUCCESS,1083,
run_2649_cfg_530_seed_4_mrhof,530,4,10,18,5,60.0,20,5,MRHOF,SUCCESS,1083,
run_2650_cfg_530_seed_5_mrhof,530,5,10,18,5,60.0,20,5,MRHOF,SUCCESS,1083,
run_2651_cfg_531_seed_1_of0,531,1,10,18,5,60.0,20,5,OF0,SUCCESS,1083,
run_2652_cfg_531_seed_2_of0,531,2,10,18,5,60.0,20,5,OF0,SUCCESS,1083,
run_2653_cfg_531_seed_3_of0,531,3,10,18,5,60.0,20,5,OF0,SUCCESS,1083,
run_2654_cfg_531_seed_4_of0,531,4,10,18,5,60.0,20,5,OF0,SUCCESS,1083,
run_2655_cfg_531_seed_5_of0,531,5,10,18,5,60.0,20,5,OF0,SUCCESS,1083,
run_2656_cfg_532_seed_1_mrhof,532,1,10,18,5,60.0,20,20,MRHOF,SUCCESS,1083,
run_2657_cfg_532_seed_2_mrhof,532,2,10,18,5,60.0,20,20,MRHOF,SUCCESS,1083,
run_2658_cfg_532_seed_3_mrhof,532,3,10,18,5,60.0,20,20,MRHOF,SUCCESS,1083,
run_2659_cfg_532_seed_4_mrhof,532,4,10,18,5,60.0,20,20,MRHOF,SUCCESS,1083,
run_2660_cfg_532_seed_5_mrhof,532,5,10,18,5,60.0,20,20,MRHOF,SUCCESS,1083,
run_2661_cfg_533_seed_1_of0,533,1,10,18,5,60.0,20,20,OF0,SUCCESS,1083,
run_2662_cfg_533_seed_2_of0,533,2,10,18,5,60.0,20,20,OF0,SUCCESS,1083,
run_2663_cfg_533_seed_3_of0,533,3,10,18,5,60.0,20,20,OF0,SUCCESS,1083,
run_2664_cfg_533_seed_4_of0,533,4,10,18,5,60.0,20,20,OF0,SUCCESS,1083,
run_2665_cfg_533_seed_5_of0,533,5,10,18,5,60.0,20,20,OF0,SUCCESS,1083,
run_2666_cfg_534_seed_1_of0,534,1,10,18,10,40.0,12,5,OF0,SUCCESS,627,
run_2667_cfg_534_seed_2_of0,534,2,10,18,10,40.0,12,5,OF0,SUCCESS,627,
run_2668_cfg_534_seed_3_of0,534,3,10,18,10,40.0,12,5,OF0,SUCCESS,627,
run_2669_cfg_534_seed_4_of0,534,4,10,18,10,40.0,12,5,OF0,SUCCESS,627,
run_2670_cfg_534_seed_5_of0,534,5,10,18,10,40.0,12,5,OF0,SUCCESS,627,
run_2671_cfg_535_seed_1_mrhof,535,1,10,18,10,40.0,12,10,MRHOF,SUCCESS,627,
run_2672_cfg_535_seed_2_mrhof,535,2,10,18,10,40.0,12,10,MRHOF,SUCCESS,627,
run_2673_cfg_535_seed_3_mrhof,535,3,10,18,10,40.0,12,10,MRHOF,SUCCESS,627,
run_2674_cfg_535_seed_4_mrhof,535,4,10,18,10,40.0,12,10,MRHOF,SUCCESS,627,
run_2675_cfg_535_seed_5_mrhof,535,5,10,18,10,40.0,12,10,MRHOF,SUCCESS,627,
run_2676_cfg_536_seed_1_of0,536,1,10,18,10,40.0,16,5,OF0,SUCCESS,855,
run_2677_cfg_536_seed_2_of0,536,2,10,18,10,40.0,16,5,OF0,SUCCESS,855,
run_2678_cfg_536_seed_3_of0,536,3,10,18,10,40.0,16,5,OF0,SUCCESS,853,
run_2679_cfg_536_seed_4_of0,536,4,10,18,10,40.0,16,5,OF0,SUCCESS,855,
run_2680_cfg_536_seed_5_of0,536,5,10,18,10,40.0,16,5,OF0,SUCCESS,855,
run_2681_cfg_537_seed_1_mrhof,537,1,10,18,10,40.0,16,10,MRHOF,SUCCESS,855,
run_2682_cfg_537_seed_2_mrhof,537,2,10,18,10,40.0,16,10,MRHOF,SUCCESS,855,
run_2683_cfg_537_seed_3_mrhof,537,3,10,18,10,40.0,16,10,MRHOF,SUCCESS,855,
run_2684_cfg_537_seed_4_mrhof,537,4,10,18,10,40.0,16,10,MRHOF,SUCCESS,855,
run_2685_cfg_537_seed_5_mrhof,537,5,10,18,10,40.0,16,10,MRHOF,SUCCESS,855,
run_2686_cfg_538_seed_1_of0,538,1,10,18,10,40.0,16,10,OF0,SUCCESS,797,
run_2687_cfg_538_seed_2_of0,538,2,10,18,10,40.0,16,10,OF0,SUCCESS,855,
run_2688_cfg_538_seed_3_of0,538,3,10,18,10,40.0,16,10,OF0,SUCCESS,855,
run_2689_cfg_538_seed_4_of0,538,4,10,18,10,40.0,16,10,OF0,SUCCESS,855,
run_2690_cfg_538_seed_5_of0,538,5,10,18,10,40.0,16,10,OF0,SUCCESS,855,
run_2691_cfg_539_seed_1_mrhof,539,1,10,18,10,40.0,16,20,MRHOF,SUCCESS,855,
run_2692_cfg_539_seed_2_mrhof,539,2,10,18,10,40.0,16,20,MRHOF,SUCCESS,855,
run_2693_cfg_539_seed_3_mrhof,539,3,10,18,10,40.0,16,20,MRHOF,SUCCESS,855,
run_2694_cfg_539_seed_4_mrhof,539,4,10,18,10,40.0,16,20,MRHOF,SUCCESS,855,
run_2695_cfg_539_seed_5_mrhof,539,5,10,18,10,40.0,16,20,MRHOF,SUCCESS,855,
run_2696_cfg_540_seed_1_of0,540,1,10,18,10,40.0,16,20,OF0,SUCCESS,855,
run_2697_cfg_540_seed_2_of0,540,2,10,18,10,40.0,16,20,OF0,SUCCESS,855,
run_2698_cfg_540_seed_3_of0,540,3,10,18,10,40.0,16,20,OF0,SUCCESS,855,
run_2699_cfg_540_seed_4_of0,540,4,10,18,10,40.0,16,20,OF0,SUCCESS,855,
run_2700_cfg_540_seed_5_of0,540,5,10,18,10,40.0,16,20,OF0,SUCCESS,855,
run_2701_cfg_541_seed_1_mrhof,541,1,10,18,10,40.0,20,5,MRHOF,SUCCESS,1083,
run_2702_cfg_541_seed_2_mrhof,541,2,10,18,10,40.0,20,5,MRHOF,SUCCESS,1083,
run_2703_cfg_541_seed_3_mrhof,541,3,10,18,10,40.0,20,5,MRHOF,SUCCESS,1083,
run_2704_cfg_541_seed_4_mrhof,541,4,10,18,10,40.0,20,5,MRHOF,SUCCESS,1083,
run_2705_cfg_541_seed_5_mrhof,541,5,10,18,10,40.0,20,5,MRHOF,SUCCESS,1083,
run_2706_cfg_542_seed_1_of0,542,1,10,18,10,40.0,20,10,OF0,SUCCESS,1083,
run_2707_cfg_542_seed_2_of0,542,2,10,18,10,40.0,20,10,OF0,SUCCESS,1083,
run_2708_cfg_542_seed_3_of0,542,3,10,18,10,40.0,20,10,OF0,SUCCESS,1083,
run_2709_cfg_542_seed_4_of0,542,4,10,18,10,40.0,20,10,OF0,SUCCESS,1083,
run_2710_cfg_542_seed_5_of0,542,5,10,18,10,40.0,20,10,OF0,SUCCESS,1083,
run_2711_cfg_543_seed_1_mrhof,543,1,10,18,10,40.0,20,20,MRHOF,SUCCESS,1083,
run_2712_cfg_543_seed_2_mrhof,543,2,10,18,10,40.0,20,20,MRHOF,SUCCESS,1083,
run_2713_cfg_543_seed_3_mrhof,543,3,10,18,10,40.0,20,20,MRHOF,SUCCESS,1083,
run_2714_cfg_543_seed_4_mrhof,543,4,10,18,10,40.0,20,20,MRHOF,SUCCESS,1083,
run_2715_cfg_543_seed_5_mrhof,543,5,10,18,10,40.0,20,20,MRHOF,SUCCESS,1083,
run_2716_cfg_544_seed_1_of0,544,1,10,18,10,40.0,20,20,OF0,SUCCESS,1083,
run_2717_cfg_544_seed_2_of0,544,2,10,18,10,40.0,20,20,OF0,SUCCESS,1083,
run_2718_cfg_544_seed_3_of0,544,3,10,18,10,40.0,20,20,OF0,SUCCESS,1083,
run_2719_cfg_544_seed_4_of0,544,4,10,18,10,40.0,20,20,OF0,SUCCESS,1083,
run_2720_cfg_544_seed_5_of0,544,5,10,18,10,40.0,20,20,OF0,SUCCESS,1083,
run_2721_cfg_545_seed_1_mrhof,545,1,10,18,10,50.0,12,5,MRHOF,SUCCESS,627,
run_2722_cfg_545_seed_2_mrhof,545,2,10,18,10,50.0,12,5,MRHOF,SUCCESS,627,
run_2723_cfg_545_seed_3_mrhof,545,3,10,18,10,50.0,12,5,MRHOF,SUCCESS,627,
run_2724_cfg_545_seed_4_mrhof,545,4,10,18,10,50.0,12,5,MRHOF,SUCCESS,627,
run_2725_cfg_545_seed_5_mrhof,545,5,10,18,10,50.0,12,5,MRHOF,SUCCESS,627,
run_2726_cfg_546_seed_1_of0,546,1,10,18,10,50.0,12,5,OF0,SUCCESS,627,
run_2727_cfg_546_seed_2_of0,546,2,10,18,10,50.0,12,5,OF0,SUCCESS,627,
run_2728_cfg_546_seed_3_of0,546,3,10,18,10,50.0,12,5,OF0,SUCCESS,627,
run_2729_cfg_546_seed_4_of0,546,4,10,18,10,50.0,12,5,OF0,SUCCESS,627,
run_2730_cfg_546_seed_5_of0,546,5,10,18,10,50.0,12,5,OF0,SUCCESS,627,
run_2731_cfg_547_seed_1_mrhof,547,1,10,18,10,50.0,12,10,MRHOF,SUCCESS,627,
run_2732_cfg_547_seed_2_mrhof,547,2,10,18,10,50.0,12,10,MRHOF,SUCCESS,627,
run_2733_cfg_547_seed_3_mrhof,547,3,10,18,10,50.0,12,10,MRHOF,SUCCESS,627,
run_2734_cfg_547_seed_4_mrhof,547,4,10,18,10,50.0,12,10,MRHOF,SUCCESS,627,
run_2735_cfg_547_seed_5_mrhof,547,5,10,18,10,50.0,12,10,MRHOF,SUCCESS,627,
run_2736_cfg_548_seed_1_of0,548,1,10,18,10,50.0,12,10,OF0,SUCCESS,627,
run_2737_cfg_548_seed_2_of0,548,2,10,18,10,50.0,12,10,OF0,SUCCESS,627,
run_2738_cfg_548_seed_3_of0,548,3,10,18,10,50.0,12,10,OF0,SUCCESS,627,
run_2739_cfg_548_seed_4_of0,548,4,10,18,10,50.0,12,10,OF0,SUCCESS,627,
run_2740_cfg_548_seed_5_of0,548,5,10,18,10,50.0,12,10,OF0,SUCCESS,627,
run_2741_cfg_549_seed_1_of0,549,1,10,18,10,50.0,12,20,OF0,SUCCESS,627,
run_2742_cfg_549_seed_2_of0,549,2,10,18,10,50.0,12,20,OF0,SUCCESS,627,
run_2743_cfg_549_seed_3_of0,549,3,10,18,10,50.0,12,20,OF0,SUCCESS,627,
run_2744_cfg_549_seed_4_of0,549,4,10,18,10,50.0,12,20,OF0,SUCCESS,627,
run_2745_cfg_549_seed_5_of0,549,5,10,18,10,50.0,12,20,OF0,SUCCESS,627,
run_2746_cfg_550_seed_1_mrhof,550,1,10,18,10,50.0,16,5,MRHOF,SUCCESS,855,
run_2747_cfg_550_seed_2_mrhof,550,2,10,18,10,50.0,16,5,MRHOF,SUCCESS,855,
run_2748_cfg_550_seed_3_mrhof,550,3,10,18,10,50.0,16,5,MRHOF,SUCCESS,855,
run_2749_cfg_550_seed_4_mrhof,550,4,10,18,10,50.0,16,5,MRHOF,SUCCESS,855,
run_2750_cfg_550_seed_5_mrhof,550,5,10,18,10,50.0,16,5,MRHOF,SUCCESS,855,
run_2751_cfg_551_seed_1_of0,551,1,10,18,10,50.0,16,5,OF0,SUCCESS,855,
run_2752_cfg_551_seed_2_of0,551,2,10,18,10,50.0,16,5,OF0,SUCCESS,855,
run_2753_cfg_551_seed_3_of0,551,3,10,18,10,50.0,16,5,OF0,SUCCESS,855,
run_2754_cfg_551_seed_4_of0,551,4,10,18,10,50.0,16,5,OF0,SUCCESS,855,
run_2755_cfg_551_seed_5_of0,551,5,10,18,10,50.0,16,5,OF0,SUCCESS,855,
run_2756_cfg_552_seed_1_of0,552,1,10,18,10,50.0,16,10,OF0,SUCCESS,855,
run_2757_cfg_552_seed_2_of0,552,2,10,18,10,50.0,16,10,OF0,SUCCESS,855,
run_2758_cfg_552_seed_3_of0,552,3,10,18,10,50.0,16,10,OF0,SUCCESS,855,
run_2759_cfg_552_seed_4_of0,552,4,10,18,10,50.0,16,10,OF0,SUCCESS,855,
run_2760_cfg_552_seed_5_of0,552,5,10,18,10,50.0,16,10,OF0,SUCCESS,855,
run_2761_cfg_553_seed_1_mrhof,553,1,10,18,10,50.0,16,20,MRHOF,SUCCESS,855,
run_2762_cfg_553_seed_2_mrhof,553,2,10,18,10,50.0,16,20,MRHOF,SUCCESS,855,
run_2763_cfg_553_seed_3_mrhof,553,3,10,18,10,50.0,16,20,MRHOF,SUCCESS,855,
run_2764_cfg_553_seed_4_mrhof,553,4,10,18,10,50.0,16,20,MRHOF,SUCCESS,855,
run_2765_cfg_553_seed_5_mrhof,553,5,10,18,10,50.0,16,20,MRHOF,SUCCESS,855,
run_2766_cfg_554_seed_1_of0,554,1,10,18,10,50.0,16,20,OF0,SUCCESS,855,
run_2767_cfg_554_seed_2_of0,554,2,10,18,10,50.0,16,20,OF0,SUCCESS,855,
run_2768_cfg_554_seed_3_of0,554,3,10,18,10,50.0,16,20,OF0,SUCCESS,855,
run_2769_cfg_554_seed_4_of0,554,4,10,18,10,50.0,16,20,OF0,SUCCESS,855,
run_2770_cfg_554_seed_5_of0,554,5,10,18,10,50.0,16,20,OF0,SUCCESS,855,
run_2771_cfg_555_seed_1_of0,555,1,10,18,10,50.0,20,5,OF0,SUCCESS,1083,
run_2772_cfg_555_seed_2_of0,555,2,10,18,10,50.0,20,5,OF0,SUCCESS,1083,
run_2773_cfg_555_seed_3_of0,555,3,10,18,10,50.0,20,5,OF0,SUCCESS,1083,
run_2774_cfg_555_seed_4_of0,555,4,10,18,10,50.0,20,5,OF0,SUCCESS,1083,
run_2775_cfg_555_seed_5_of0,555,5,10,18,10,50.0,20,5,OF0,SUCCESS,1083,
run_2776_cfg_556_seed_1_mrhof,556,1,10,18,10,50.0,20,10,MRHOF,SUCCESS,1083,
run_2777_cfg_556_seed_2_mrhof,556,2,10,18,10,50.0,20,10,MRHOF,SUCCESS,1083,
run_2778_cfg_556_seed_3_mrhof,556,3,10,18,10,50.0,20,10,MRHOF,SUCCESS,1083,
run_2779_cfg_556_seed_4_mrhof,556,4,10,18,10,50.0,20,10,MRHOF,SUCCESS,1083,
run_2780_cfg_556_seed_5_mrhof,556,5,10,18,10,50.0,20,10,MRHOF,SUCCESS,1083,
run_2781_cfg_557_seed_1_of0,557,1,10,18,10,50.0,20,10,OF0,SUCCESS,1083,
run_2782_cfg_557_seed_2_of0,557,2,10,18,10,50.0,20,10,OF0,SUCCESS,1083,
run_2783_cfg_557_seed_3_of0,557,3,10,18,10,50.0,20,10,OF0,SUCCESS,1083,
run_2784_cfg_557_seed_4_of0,557,4,10,18,10,50.0,20,10,OF0,SUCCESS,1083,
run_2785_cfg_557_seed_5_of0,557,5,10,18,10,50.0,20,10,OF0,SUCCESS,1083,
run_2786_cfg_558_seed_1_mrhof,558,1,10,18,10,50.0,20,20,MRHOF,SUCCESS,1083,
run_2787_cfg_558_seed_2_mrhof,558,2,10,18,10,50.0,20,20,MRHOF,SUCCESS,1083,
run_2788_cfg_558_seed_3_mrhof,558,3,10,18,10,50.0,20,20,MRHOF,SUCCESS,1083,
run_2789_cfg_558_seed_4_mrhof,558,4,10,18,10,50.0,20,20,MRHOF,SUCCESS,1083,
run_2790_cfg_558_seed_5_mrhof,558,5,10,18,10,50.0,20,20,MRHOF,SUCCESS,1083,
run_2791_cfg_559_seed_1_mrhof,559,1,10,18,10,60.0,12,5,MRHOF,SUCCESS,627,
run_2792_cfg_559_seed_2_mrhof,559,2,10,18,10,60.0,12,5,MRHOF,SUCCESS,627,
run_2793_cfg_559_seed_3_mrhof,559,3,10,18,10,60.0,12,5,MRHOF,SUCCESS,627,
run_2794_cfg_559_seed_4_mrhof,559,4,10,18,10,60.0,12,5,MRHOF,SUCCESS,627,
run_2795_cfg_559_seed_5_mrhof,559,5,10,18,10,60.0,12,5,MRHOF,SUCCESS,627,
run_2796_cfg_560_seed_1_of0,560,1,10,18,10,60.0,12,5,OF0,SUCCESS,627,
run_2797_cfg_560_seed_2_of0,560,2,10,18,10,60.0,12,5,OF0,SUCCESS,627,
run_2798_cfg_560_seed_3_of0,560,3,10,18,10,60.0,12,5,OF0,SUCCESS,627,
run_2799_cfg_560_seed_4_of0,560,4,10,18,10,60.0,12,5,OF0,SUCCESS,627,
run_2800_cfg_560_seed_5_of0,560,5,10,18,10,60.0,12,5,OF0,SUCCESS,627,
run_2801_cfg_561_seed_1_mrhof,561,1,10,18,10,60.0,12,10,MRHOF,SUCCESS,627,
run_2802_cfg_561_seed_2_mrhof,561,2,10,18,10,60.0,12,10,MRHOF,SUCCESS,627,
run_2803_cfg_561_seed_3_mrhof,561,3,10,18,10,60.0,12,10,MRHOF,SUCCESS,627,
run_2804_cfg_561_seed_4_mrhof,561,4,10,18,10,60.0,12,10,MRHOF,SUCCESS,627,
run_2805_cfg_561_seed_5_mrhof,561,5,10,18,10,60.0,12,10,MRHOF,SUCCESS,627,
run_2806_cfg_562_seed_1_mrhof,562,1,10,18,10,60.0,12,20,MRHOF,SUCCESS,627,
run_2807_cfg_562_seed_2_mrhof,562,2,10,18,10,60.0,12,20,MRHOF,SUCCESS,627,
run_2808_cfg_562_seed_3_mrhof,562,3,10,18,10,60.0,12,20,MRHOF,SUCCESS,627,
run_2809_cfg_562_seed_4_mrhof,562,4,10,18,10,60.0,12,20,MRHOF,SUCCESS,627,
run_2810_cfg_562_seed_5_mrhof,562,5,10,18,10,60.0,12,20,MRHOF,SUCCESS,627,
run_2811_cfg_563_seed_1_of0,563,1,10,18,10,60.0,12,20,OF0,SUCCESS,627,
run_2812_cfg_563_seed_2_of0,563,2,10,18,10,60.0,12,20,OF0,SUCCESS,627,
run_2813_cfg_563_seed_3_of0,563,3,10,18,10,60.0,12,20,OF0,SUCCESS,627,
run_2814_cfg_563_seed_4_of0,563,4,10,18,10,60.0,12,20,OF0,SUCCESS,627,
run_2815_cfg_563_seed_5_of0,563,5,10,18,10,60.0,12,20,OF0,SUCCESS,627,
run_2816_cfg_564_seed_1_mrhof,564,1,10,18,10,60.0,16,5,MRHOF,SUCCESS,855,
run_2817_cfg_564_seed_2_mrhof,564,2,10,18,10,60.0,16,5,MRHOF,SUCCESS,855,
run_2818_cfg_564_seed_3_mrhof,564,3,10,18,10,60.0,16,5,MRHOF,SUCCESS,855,
run_2819_cfg_564_seed_4_mrhof,564,4,10,18,10,60.0,16,5,MRHOF,SUCCESS,855,
run_2820_cfg_564_seed_5_mrhof,564,5,10,18,10,60.0,16,5,MRHOF,SUCCESS,855,
run_2821_cfg_565_seed_1_mrhof,565,1,10,18,10,60.0,16,10,MRHOF,SUCCESS,855,
run_2822_cfg_565_seed_2_mrhof,565,2,10,18,10,60.0,16,10,MRHOF,SUCCESS,855,
run_2823_cfg_565_seed_3_mrhof,565,3,10,18,10,60.0,16,10,MRHOF,SUCCESS,855,
run_2824_cfg_565_seed_4_mrhof,565,4,10,18,10,60.0,16,10,MRHOF,SUCCESS,855,
run_2825_cfg_565_seed_5_mrhof,565,5,10,18,10,60.0,16,10,MRHOF,SUCCESS,855,
run_2826_cfg_566_seed_1_of0,566,1,10,18,10,60.0,16,20,OF0,SUCCESS,855,
run_2827_cfg_566_seed_2_of0,566,2,10,18,10,60.0,16,20,OF0,SUCCESS,855,
run_2828_cfg_566_seed_3_of0,566,3,10,18,10,60.0,16,20,OF0,SUCCESS,855,
run_2829_cfg_566_seed_4_of0,566,4,10,18,10,60.0,16,20,OF0,SUCCESS,855,
run_2830_cfg_566_seed_5_of0,566,5,10,18,10,60.0,16,20,OF0,SUCCESS,855,
run_2831_cfg_567_seed_1_mrhof,567,1,10,18,10,60.0,20,10,MRHOF,SUCCESS,1083,
run_2832_cfg_567_seed_2_mrhof,567,2,10,18,10,60.0,20,10,MRHOF,SUCCESS,1083,
run_2833_cfg_567_seed_3_mrhof,567,3,10,18,10,60.0,20,10,MRHOF,SUCCESS,1083,
run_2834_cfg_567_seed_4_mrhof,567,4,10,18,10,60.0,20,10,MRHOF,SUCCESS,1083,
run_2835_cfg_567_seed_5_mrhof,567,5,10,18,10,60.0,20,10,MRHOF,SUCCESS,1083,
run_2836_cfg_568_seed_1_of0,568,1,10,18,10,60.0,20,10,OF0,SUCCESS,1083,
run_2837_cfg_568_seed_2_of0,568,2,10,18,10,60.0,20,10,OF0,SUCCESS,1083,
run_2838_cfg_568_seed_3_of0,568,3,10,18,10,60.0,20,10,OF0,SUCCESS,1083,
run_2839_cfg_568_seed_4_of0,568,4,10,18,10,60.0,20,10,OF0,SUCCESS,1083,
run_2840_cfg_568_seed_5_of0,568,5,10,18,10,60.0,20,10,OF0,SUCCESS,1083,
run_2841_cfg_569_seed_1_mrhof,569,1,10,18,10,60.0,20,20,MRHOF,SUCCESS,1083,
run_2842_cfg_569_seed_2_mrhof,569,2,10,18,10,60.0,20,20,MRHOF,SUCCESS,1083,
run_2843_cfg_569_seed_3_mrhof,569,3,10,18,10,60.0,20,20,MRHOF,SUCCESS,1083,
run_2844_cfg_569_seed_4_mrhof,569,4,10,18,10,60.0,20,20,MRHOF,SUCCESS,1083,
run_2845_cfg_569_seed_5_mrhof,569,5,10,18,10,60.0,20,20,MRHOF,SUCCESS,1083,
run_2846_cfg_570_seed_1_mrhof,570,1,10,20,0,40.0,12,10,MRHOF,SUCCESS,627,
run_2847_cfg_570_seed_2_mrhof,570,2,10,20,0,40.0,12,10,MRHOF,SUCCESS,627,
run_2848_cfg_570_seed_3_mrhof,570,3,10,20,0,40.0,12,10,MRHOF,SUCCESS,627,
run_2849_cfg_570_seed_4_mrhof,570,4,10,20,0,40.0,12,10,MRHOF,SUCCESS,627,
run_2850_cfg_570_seed_5_mrhof,570,5,10,20,0,40.0,12,10,MRHOF,SUCCESS,627,
run_2851_cfg_571_seed_1_of0,571,1,10,20,0,40.0,12,20,OF0,SUCCESS,627,
run_2852_cfg_571_seed_2_of0,571,2,10,20,0,40.0,12,20,OF0,SUCCESS,627,
run_2853_cfg_571_seed_3_of0,571,3,10,20,0,40.0,12,20,OF0,SUCCESS,627,
run_2854_cfg_571_seed_4_of0,571,4,10,20,0,40.0,12,20,OF0,SUCCESS,627,
run_2855_cfg_571_seed_5_of0,571,5,10,20,0,40.0,12,20,OF0,SUCCESS,627,
run_2856_cfg_572_seed_1_of0,572,1,10,20,0,40.0,16,5,OF0,SUCCESS,855,
run_2857_cfg_572_seed_2_of0,572,2,10,20,0,40.0,16,5,OF0,SUCCESS,855,
run_2858_cfg_572_seed_3_of0,572,3,10,20,0,40.0,16,5,OF0,SUCCESS,855,
run_2859_cfg_572_seed_4_of0,572,4,10,20,0,40.0,16,5,OF0,SUCCESS,855,
run_2860_cfg_572_seed_5_of0,572,5,10,20,0,40.0,16,5,OF0,SUCCESS,855,
run_2861_cfg_573_seed_1_mrhof,573,1,10,20,0,40.0,16,10,MRHOF,SUCCESS,855,
run_2862_cfg_573_seed_2_mrhof,573,2,10,20,0,40.0,16,10,MRHOF,SUCCESS,855,
run_2863_cfg_573_seed_3_mrhof,573,3,10,20,0,40.0,16,10,MRHOF,SUCCESS,855,
run_2864_cfg_573_seed_4_mrhof,573,4,10,20,0,40.0,16,10,MRHOF,SUCCESS,855,
run_2865_cfg_573_seed_5_mrhof,573,5,10,20,0,40.0,16,10,MRHOF,SUCCESS,855,
run_2866_cfg_574_seed_1_of0,574,1,10,20,0,40.0,16,10,OF0,SUCCESS,855,
run_2867_cfg_574_seed_2_of0,574,2,10,20,0,40.0,16,10,OF0,SUCCESS,855,
run_2868_cfg_574_seed_3_of0,574,3,10,20,0,40.0,16,10,OF0,SUCCESS,855,
run_2869_cfg_574_seed_4_of0,574,4,10,20,0,40.0,16,10,OF0,SUCCESS,855,
run_2870_cfg_574_seed_5_of0,574,5,10,20,0,40.0,16,10,OF0,SUCCESS,855,
run_2871_cfg_575_seed_1_of0,575,1,10,20,0,40.0,16,20,OF0,SUCCESS,855,
run_2872_cfg_575_seed_2_of0,575,2,10,20,0,40.0,16,20,OF0,SUCCESS,855,
run_2873_cfg_575_seed_3_of0,575,3,10,20,0,40.0,16,20,OF0,SUCCESS,855,
run_2874_cfg_575_seed_4_of0,575,4,10,20,0,40.0,16,20,OF0,SUCCESS,855,
run_2875_cfg_575_seed_5_of0,575,5,10,20,0,40.0,16,20,OF0,SUCCESS,855,
run_2876_cfg_576_seed_1_mrhof,576,1,10,20,0,40.0,20,5,MRHOF,SUCCESS,1083,
run_2877_cfg_576_seed_2_mrhof,576,2,10,20,0,40.0,20,5,MRHOF,SUCCESS,1083,
run_2878_cfg_576_seed_3_mrhof,576,3,10,20,0,40.0,20,5,MRHOF,SUCCESS,1083,
run_2879_cfg_576_seed_4_mrhof,576,4,10,20,0,40.0,20,5,MRHOF,SUCCESS,1083,
run_2880_cfg_576_seed_5_mrhof,576,5,10,20,0,40.0,20,5,MRHOF,SUCCESS,1083,
run_2881_cfg_577_seed_1_of0,577,1,10,20,0,40.0,20,5,OF0,SUCCESS,1081,
run_2882_cfg_577_seed_2_of0,577,2,10,20,0,40.0,20,5,OF0,SUCCESS,1083,
run_2883_cfg_577_seed_3_of0,577,3,10,20,0,40.0,20,5,OF0,SUCCESS,1083,
run_2884_cfg_577_seed_4_of0,577,4,10,20,0,40.0,20,5,OF0,SUCCESS,1083,
run_2885_cfg_577_seed_5_of0,577,5,10,20,0,40.0,20,5,OF0,SUCCESS,1082,
run_2886_cfg_578_seed_1_mrhof,578,1,10,20,0,40.0,20,10,MRHOF,SUCCESS,1083,
run_2887_cfg_578_seed_2_mrhof,578,2,10,20,0,40.0,20,10,MRHOF,SUCCESS,1083,
run_2888_cfg_578_seed_3_mrhof,578,3,10,20,0,40.0,20,10,MRHOF,SUCCESS,1083,
run_2889_cfg_578_seed_4_mrhof,578,4,10,20,0,40.0,20,10,MRHOF,SUCCESS,1083,
run_2890_cfg_578_seed_5_mrhof,578,5,10,20,0,40.0,20,10,MRHOF,SUCCESS,1083,
run_2891_cfg_579_seed_1_of0,579,1,10,20,0,40.0,20,10,OF0,SUCCESS,1083,
run_2892_cfg_579_seed_2_of0,579,2,10,20,0,40.0,20,10,OF0,SUCCESS,1083,
run_2893_cfg_579_seed_3_of0,579,3,10,20,0,40.0,20,10,OF0,SUCCESS,1083,
run_2894_cfg_579_seed_4_of0,579,4,10,20,0,40.0,20,10,OF0,SUCCESS,1083,
run_2895_cfg_579_seed_5_of0,579,5,10,20,0,40.0,20,10,OF0,SUCCESS,1083,
run_2896_cfg_580_seed_1_mrhof,580,1,10,20,0,40.0,20,20,MRHOF,SUCCESS,1083,
run_2897_cfg_580_seed_2_mrhof,580,2,10,20,0,40.0,20,20,MRHOF,SUCCESS,1083,
run_2898_cfg_580_seed_3_mrhof,580,3,10,20,0,40.0,20,20,MRHOF,SUCCESS,1083,
run_2899_cfg_580_seed_4_mrhof,580,4,10,20,0,40.0,20,20,MRHOF,SUCCESS,1083,
run_2900_cfg_580_seed_5_mrhof,580,5,10,20,0,40.0,20,20,MRHOF,SUCCESS,1083,
run_2901_cfg_581_seed_1_of0,581,1,10,20,0,40.0,20,20,OF0,SUCCESS,1083,
run_2902_cfg_581_seed_2_of0,581,2,10,20,0,40.0,20,20,OF0,SUCCESS,1083,
run_2903_cfg_581_seed_3_of0,581,3,10,20,0,40.0,20,20,OF0,SUCCESS,1083,
run_2904_cfg_581_seed_4_of0,581,4,10,20,0,40.0,20,20,OF0,SUCCESS,1083,
run_2905_cfg_581_seed_5_of0,581,5,10,20,0,40.0,20,20,OF0,SUCCESS,1083,
run_2906_cfg_582_seed_1_mrhof,582,1,10,20,0,50.0,12,10,MRHOF,SUCCESS,627,
run_2907_cfg_582_seed_2_mrhof,582,2,10,20,0,50.0,12,10,MRHOF,SUCCESS,627,
run_2908_cfg_582_seed_3_mrhof,582,3,10,20,0,50.0,12,10,MRHOF,SUCCESS,627,
run_2909_cfg_582_seed_4_mrhof,582,4,10,20,0,50.0,12,10,MRHOF,SUCCESS,627,
run_2910_cfg_582_seed_5_mrhof,582,5,10,20,0,50.0,12,10,MRHOF,SUCCESS,627,
run_2911_cfg_583_seed_1_of0,583,1,10,20,0,50.0,12,20,OF0,SUCCESS,627,
run_2912_cfg_583_seed_2_of0,583,2,10,20,0,50.0,12,20,OF0,SUCCESS,627,
run_2913_cfg_583_seed_3_of0,583,3,10,20,0,50.0,12,20,OF0,SUCCESS,627,
run_2914_cfg_583_seed_4_of0,583,4,10,20,0,50.0,12,20,OF0,SUCCESS,627,
run_2915_cfg_583_seed_5_of0,583,5,10,20,0,50.0,12,20,OF0,SUCCESS,627,
run_2916_cfg_584_seed_1_mrhof,584,1,10,20,0,50.0,16,5,MRHOF,SUCCESS,855,
run_2917_cfg_584_seed_2_mrhof,584,2,10,20,0,50.0,16,5,MRHOF,SUCCESS,855,
run_2918_cfg_584_seed_3_mrhof,584,3,10,20,0,50.0,16,5,MRHOF,SUCCESS,855,
run_2919_cfg_584_seed_4_mrhof,584,4,10,20,0,50.0,16,5,MRHOF,SUCCESS,855,
run_2920_cfg_584_seed_5_mrhof,584,5,10,20,0,50.0,16,5,MRHOF,SUCCESS,855,
run_2921_cfg_585_seed_1_of0,585,1,10,20,0,50.0,16,5,OF0,SUCCESS,855,
run_2922_cfg_585_seed_2_of0,585,2,10,20,0,50.0,16,5,OF0,SUCCESS,855,
run_2923_cfg_585_seed_3_of0,585,3,10,20,0,50.0,16,5,OF0,SUCCESS,855,
run_2924_cfg_585_seed_4_of0,585,4,10,20,0,50.0,16,5,OF0,SUCCESS,855,
run_2925_cfg_585_seed_5_of0,585,5,10,20,0,50.0,16,5,OF0,SUCCESS,855,
run_2926_cfg_586_seed_1_of0,586,1,10,20,0,50.0,16,10,OF0,SUCCESS,855,
run_2927_cfg_586_seed_2_of0,586,2,10,20,0,50.0,16,10,OF0,SUCCESS,855,
run_2928_cfg_586_seed_3_of0,586,3,10,20,0,50.0,16,10,OF0,SUCCESS,855,
run_2929_cfg_586_seed_4_of0,586,4,10,20,0,50.0,16,10,OF0,SUCCESS,855,
run_2930_cfg_586_seed_5_of0,586,5,10,20,0,50.0,16,10,OF0,SUCCESS,855,
run_2931_cfg_587_seed_1_of0,587,1,10,20,0,50.0,16,20,OF0,SUCCESS,855,
run_2932_cfg_587_seed_2_of0,587,2,10,20,0,50.0,16,20,OF0,SUCCESS,855,
run_2933_cfg_587_seed_3_of0,587,3,10,20,0,50.0,16,20,OF0,SUCCESS,855,
run_2934_cfg_587_seed_4_of0,587,4,10,20,0,50.0,16,20,OF0,SUCCESS,855,
run_2935_cfg_587_seed_5_of0,587,5,10,20,0,50.0,16,20,OF0,SUCCESS,855,
run_2936_cfg_588_seed_1_mrhof,588,1,10,20,0,50.0,20,5,MRHOF,SUCCESS,1083,
run_2937_cfg_588_seed_2_mrhof,588,2,10,20,0,50.0,20,5,MRHOF,SUCCESS,1083,
run_2938_cfg_588_seed_3_mrhof,588,3,10,20,0,50.0,20,5,MRHOF,SUCCESS,1083,
run_2939_cfg_588_seed_4_mrhof,588,4,10,20,0,50.0,20,5,MRHOF,SUCCESS,1083,
run_2940_cfg_588_seed_5_mrhof,588,5,10,20,0,50.0,20,5,MRHOF,SUCCESS,1083,
run_2941_cfg_589_seed_1_of0,589,1,10,20,0,50.0,20,5,OF0,SUCCESS,1083,
run_2942_cfg_589_seed_2_of0,589,2,10,20,0,50.0,20,5,OF0,SUCCESS,1083,
run_2943_cfg_589_seed_3_of0,589,3,10,20,0,50.0,20,5,OF0,SUCCESS,1083,
run_2944_cfg_589_seed_4_of0,589,4,10,20,0,50.0,20,5,OF0,SUCCESS,1083,
run_2945_cfg_589_seed_5_of0,589,5,10,20,0,50.0,20,5,OF0,SUCCESS,1083,
run_2946_cfg_590_seed_1_mrhof,590,1,10,20,0,50.0,20,10,MRHOF,SUCCESS,1083,
run_2947_cfg_590_seed_2_mrhof,590,2,10,20,0,50.0,20,10,MRHOF,SUCCESS,1083,
run_2948_cfg_590_seed_3_mrhof,590,3,10,20,0,50.0,20,10,MRHOF,SUCCESS,1083,
run_2949_cfg_590_seed_4_mrhof,590,4,10,20,0,50.0,20,10,MRHOF,SUCCESS,1083,
run_2950_cfg_590_seed_5_mrhof,590,5,10,20,0,50.0,20,10,MRHOF,SUCCESS,1083,
run_2951_cfg_591_seed_1_of0,591,1,10,20,0,50.0,20,10,OF0,SUCCESS,1083,
run_2952_cfg_591_seed_2_of0,591,2,10,20,0,50.0,20,10,OF0,SUCCESS,1083,
run_2953_cfg_591_seed_3_of0,591,3,10,20,0,50.0,20,10,OF0,SUCCESS,1083,
run_2954_cfg_591_seed_4_of0,591,4,10,20,0,50.0,20,10,OF0,SUCCESS,1083,
run_2955_cfg_591_seed_5_of0,591,5,10,20,0,50.0,20,10,OF0,SUCCESS,1083,
run_2956_cfg_592_seed_1_mrhof,592,1,10,20,0,50.0,20,20,MRHOF,SUCCESS,1083,
run_2957_cfg_592_seed_2_mrhof,592,2,10,20,0,50.0,20,20,MRHOF,SUCCESS,1083,
run_2958_cfg_592_seed_3_mrhof,592,3,10,20,0,50.0,20,20,MRHOF,SUCCESS,1083,
run_2959_cfg_592_seed_4_mrhof,592,4,10,20,0,50.0,20,20,MRHOF,SUCCESS,1083,
run_2960_cfg_592_seed_5_mrhof,592,5,10,20,0,50.0,20,20,MRHOF,SUCCESS,1083,
run_2961_cfg_593_seed_1_of0,593,1,10,20,0,50.0,20,20,OF0,SUCCESS,1083,
run_2962_cfg_593_seed_2_of0,593,2,10,20,0,50.0,20,20,OF0,SUCCESS,1083,
run_2963_cfg_593_seed_3_of0,593,3,10,20,0,50.0,20,20,OF0,SUCCESS,1083,
run_2964_cfg_593_seed_4_of0,593,4,10,20,0,50.0,20,20,OF0,SUCCESS,1083,
run_2965_cfg_593_seed_5_of0,593,5,10,20,0,50.0,20,20,OF0,SUCCESS,1083,
run_2966_cfg_594_seed_1_mrhof,594,1,10,20,0,60.0,12,5,MRHOF,SUCCESS,627,
run_2967_cfg_594_seed_2_mrhof,594,2,10,20,0,60.0,12,5,MRHOF,SUCCESS,627,
run_2968_cfg_594_seed_3_mrhof,594,3,10,20,0,60.0,12,5,MRHOF,SUCCESS,627,
run_2969_cfg_594_seed_4_mrhof,594,4,10,20,0,60.0,12,5,MRHOF,SUCCESS,627,
run_2970_cfg_594_seed_5_mrhof,594,5,10,20,0,60.0,12,5,MRHOF,SUCCESS,627,
run_2971_cfg_595_seed_1_mrhof,595,1,10,20,0,60.0,12,10,MRHOF,SUCCESS,627,
run_2972_cfg_595_seed_2_mrhof,595,2,10,20,0,60.0,12,10,MRHOF,SUCCESS,627,
run_2973_cfg_595_seed_3_mrhof,595,3,10,20,0,60.0,12,10,MRHOF,SUCCESS,627,
run_2974_cfg_595_seed_4_mrhof,595,4,10,20,0,60.0,12,10,MRHOF,SUCCESS,627,
run_2975_cfg_595_seed_5_mrhof,595,5,10,20,0,60.0,12,10,MRHOF,SUCCESS,627,
run_2976_cfg_596_seed_1_mrhof,596,1,10,20,0,60.0,16,5,MRHOF,SUCCESS,855,
run_2977_cfg_596_seed_2_mrhof,596,2,10,20,0,60.0,16,5,MRHOF,SUCCESS,855,
run_2978_cfg_596_seed_3_mrhof,596,3,10,20,0,60.0,16,5,MRHOF,SUCCESS,855,
run_2979_cfg_596_seed_4_mrhof,596,4,10,20,0,60.0,16,5,MRHOF,SUCCESS,855,
run_2980_cfg_596_seed_5_mrhof,596,5,10,20,0,60.0,16,5,MRHOF,SUCCESS,855,
run_2981_cfg_597_seed_1_of0,597,1,10,20,0,60.0,16,5,OF0,SUCCESS,855,
run_2982_cfg_597_seed_2_of0,597,2,10,20,0,60.0,16,5,OF0,SUCCESS,855,
run_2983_cfg_597_seed_3_of0,597,3,10,20,0,60.0,16,5,OF0,SUCCESS,855,
run_2984_cfg_597_seed_4_of0,597,4,10,20,0,60.0,16,5,OF0,SUCCESS,855,
run_2985_cfg_597_seed_5_of0,597,5,10,20,0,60.0,16,5,OF0,SUCCESS,855,
run_2986_cfg_598_seed_1_mrhof,598,1,10,20,0,60.0,16,10,MRHOF,SUCCESS,855,
run_2987_cfg_598_seed_2_mrhof,598,2,10,20,0,60.0,16,10,MRHOF,SUCCESS,855,
run_2988_cfg_598_seed_3_mrhof,598,3,10,20,0,60.0,16,10,MRHOF,SUCCESS,855,
run_2989_cfg_598_seed_4_mrhof,598,4,10,20,0,60.0,16,10,MRHOF,SUCCESS,855,
run_2990_cfg_598_seed_5_mrhof,598,5,10,20,0,60.0,16,10,MRHOF,SUCCESS,855,
run_2991_cfg_599_seed_1_of0,599,1,10,20,0,60.0,16,20,OF0,SUCCESS,855,
run_2992_cfg_599_seed_2_of0,599,2,10,20,0,60.0,16,20,OF0,SUCCESS,855,
run_2993_cfg_599_seed_3_of0,599,3,10,20,0,60.0,16,20,OF0,SUCCESS,855,
run_2994_cfg_599_seed_4_of0,599,4,10,20,0,60.0,16,20,OF0,SUCCESS,855,
run_2995_cfg_599_seed_5_of0,599,5,10,20,0,60.0,16,20,OF0,SUCCESS,855,
run_2996_cfg_600_seed_1_of0,600,1,10,20,0,60.0,20,5,OF0,SUCCESS,1083,
run_2997_cfg_600_seed_2_of0,600,2,10,20,0,60.0,20,5,OF0,SUCCESS,1083,
run_2998_cfg_600_seed_3_of0,600,3,10,20,0,60.0,20,5,OF0,SUCCESS,1083,
run_2999_cfg_600_seed_4_of0,600,4,10,20,0,60.0,20,5,OF0,SUCCESS,1083,
run_3000_cfg_600_seed_5_of0,600,5,10,20,0,60.0,20,5,OF0,SUCCESS,1083,
run_3001_cfg_601_seed_1_of0,601,1,10,20,0,60.0,20,10,OF0,SUCCESS,1083,
run_3002_cfg_601_seed_2_of0,601,2,10,20,0,60.0,20,10,OF0,SUCCESS,1083,
run_3003_cfg_601_seed_3_of0,601,3,10,20,0,60.0,20,10,OF0,SUCCESS,1083,
run_3004_cfg_601_seed_4_of0,601,4,10,20,0,60.0,20,10,OF0,SUCCESS,1083,
run_3005_cfg_601_seed_5_of0,601,5,10,20,0,60.0,20,10,OF0,SUCCESS,1083,
run_3006_cfg_602_seed_1_mrhof,602,1,10,20,0,60.0,20,20,MRHOF,SUCCESS,1083,
run_3007_cfg_602_seed_2_mrhof,602,2,10,20,0,60.0,20,20,MRHOF,SUCCESS,1083,
run_3008_cfg_602_seed_3_mrhof,602,3,10,20,0,60.0,20,20,MRHOF,SUCCESS,1083,
run_3009_cfg_602_seed_4_mrhof,602,4,10,20,0,60.0,20,20,MRHOF,SUCCESS,1083,
run_3010_cfg_602_seed_5_mrhof,602,5,10,20,0,60.0,20,20,MRHOF,SUCCESS,1083,
run_3011_cfg_603_seed_1_of0,603,1,10,20,0,60.0,20,20,OF0,SUCCESS,1083,
run_3012_cfg_603_seed_2_of0,603,2,10,20,0,60.0,20,20,OF0,SUCCESS,1083,
run_3013_cfg_603_seed_3_of0,603,3,10,20,0,60.0,20,20,OF0,SUCCESS,1083,
run_3014_cfg_603_seed_4_of0,603,4,10,20,0,60.0,20,20,OF0,SUCCESS,1083,
run_3015_cfg_603_seed_5_of0,603,5,10,20,0,60.0,20,20,OF0,SUCCESS,1083,
run_3016_cfg_604_seed_1_mrhof,604,1,10,20,5,40.0,12,5,MRHOF,SUCCESS,627,
run_3017_cfg_604_seed_2_mrhof,604,2,10,20,5,40.0,12,5,MRHOF,SUCCESS,627,
run_3018_cfg_604_seed_3_mrhof,604,3,10,20,5,40.0,12,5,MRHOF,SUCCESS,627,
run_3019_cfg_604_seed_4_mrhof,604,4,10,20,5,40.0,12,5,MRHOF,SUCCESS,627,
run_3020_cfg_604_seed_5_mrhof,604,5,10,20,5,40.0,12,5,MRHOF,SUCCESS,627,
run_3021_cfg_605_seed_1_of0,605,1,10,20,5,40.0,12,5,OF0,SUCCESS,627,
run_3022_cfg_605_seed_2_of0,605,2,10,20,5,40.0,12,5,OF0,SUCCESS,627,
run_3023_cfg_605_seed_3_of0,605,3,10,20,5,40.0,12,5,OF0,SUCCESS,627,
run_3024_cfg_605_seed_4_of0,605,4,10,20,5,40.0,12,5,OF0,SUCCESS,627,
run_3025_cfg_605_seed_5_of0,605,5,10,20,5,40.0,12,5,OF0,SUCCESS,627,
run_3026_cfg_606_seed_1_of0,606,1,10,20,5,40.0,12,10,OF0,SUCCESS,627,
run_3027_cfg_606_seed_2_of0,606,2,10,20,5,40.0,12,10,OF0,SUCCESS,627,
run_3028_cfg_606_seed_3_of0,606,3,10,20,5,40.0,12,10,OF0,SUCCESS,627,
run_3029_cfg_606_seed_4_of0,606,4,10,20,5,40.0,12,10,OF0,SUCCESS,627,
run_3030_cfg_606_seed_5_of0,606,5,10,20,5,40.0,12,10,OF0,SUCCESS,627,
run_3031_cfg_607_seed_1_mrhof,607,1,10,20,5,40.0,12,20,MRHOF,SUCCESS,627,
run_3032_cfg_607_seed_2_mrhof,607,2,10,20,5,40.0,12,20,MRHOF,SUCCESS,627,
run_3033_cfg_607_seed_3_mrhof,607,3,10,20,5,40.0,12,20,MRHOF,SUCCESS,627,
run_3034_cfg_607_seed_4_mrhof,607,4,10,20,5,40.0,12,20,MRHOF,SUCCESS,627,
run_3035_cfg_607_seed_5_mrhof,607,5,10,20,5,40.0,12,20,MRHOF,SUCCESS,627,
run_3036_cfg_608_seed_1_of0,608,1,10,20,5,40.0,16,5,OF0,SUCCESS,855,
run_3037_cfg_608_seed_2_of0,608,2,10,20,5,40.0,16,5,OF0,SUCCESS,855,
run_3038_cfg_608_seed_3_of0,608,3,10,20,5,40.0,16,5,OF0,SUCCESS,855,
run_3039_cfg_608_seed_4_of0,608,4,10,20,5,40.0,16,5,OF0,SUCCESS,855,
run_3040_cfg_608_seed_5_of0,608,5,10,20,5,40.0,16,5,OF0,SUCCESS,855,
run_3041_cfg_609_seed_1_mrhof,609,1,10,20,5,40.0,16,10,MRHOF,SUCCESS,855,
run_3042_cfg_609_seed_2_mrhof,609,2,10,20,5,40.0,16,10,MRHOF,SUCCESS,855,
run_3043_cfg_609_seed_3_mrhof,609,3,10,20,5,40.0,16,10,MRHOF,SUCCESS,855,
run_3044_cfg_609_seed_4_mrhof,609,4,10,20,5,40.0,16,10,MRHOF,SUCCESS,855,
run_3045_cfg_609_seed_5_mrhof,609,5,10,20,5,40.0,16,10,MRHOF,SUCCESS,855,
run_3046_cfg_610_seed_1_of0,610,1,10,20,5,40.0,16,10,OF0,SUCCESS,855,
run_3047_cfg_610_seed_2_of0,610,2,10,20,5,40.0,16,10,OF0,SUCCESS,855,
run_3048_cfg_610_seed_3_of0,610,3,10,20,5,40.0,16,10,OF0,SUCCESS,855,
run_3049_cfg_610_seed_4_of0,610,4,10,20,5,40.0,16,10,OF0,SUCCESS,855,
run_3050_cfg_610_seed_5_of0,610,5,10,20,5,40.0,16,10,OF0,SUCCESS,855,
run_3051_cfg_611_seed_1_mrhof,611,1,10,20,5,40.0,16,20,MRHOF,SUCCESS,855,
run_3052_cfg_611_seed_2_mrhof,611,2,10,20,5,40.0,16,20,MRHOF,SUCCESS,855,
run_3053_cfg_611_seed_3_mrhof,611,3,10,20,5,40.0,16,20,MRHOF,SUCCESS,855,
run_3054_cfg_611_seed_4_mrhof,611,4,10,20,5,40.0,16,20,MRHOF,SUCCESS,855,
run_3055_cfg_611_seed_5_mrhof,611,5,10,20,5,40.0,16,20,MRHOF,SUCCESS,855,
run_3056_cfg_612_seed_1_of0,612,1,10,20,5,40.0,16,20,OF0,SUCCESS,855,
run_3057_cfg_612_seed_2_of0,612,2,10,20,5,40.0,16,20,OF0,SUCCESS,855,
run_3058_cfg_612_seed_3_of0,612,3,10,20,5,40.0,16,20,OF0,SUCCESS,855,
run_3059_cfg_612_seed_4_of0,612,4,10,20,5,40.0,16,20,OF0,SUCCESS,855,
run_3060_cfg_612_seed_5_of0,612,5,10,20,5,40.0,16,20,OF0,SUCCESS,855,
run_3061_cfg_613_seed_1_mrhof,613,1,10,20,5,40.0,20,10,MRHOF,SUCCESS,1083,
run_3062_cfg_613_seed_2_mrhof,613,2,10,20,5,40.0,20,10,MRHOF,SUCCESS,1083,
run_3063_cfg_613_seed_3_mrhof,613,3,10,20,5,40.0,20,10,MRHOF,SUCCESS,1083,
run_3064_cfg_613_seed_4_mrhof,613,4,10,20,5,40.0,20,10,MRHOF,SUCCESS,1083,
run_3065_cfg_613_seed_5_mrhof,613,5,10,20,5,40.0,20,10,MRHOF,SUCCESS,1083,
run_3066_cfg_614_seed_1_of0,614,1,10,20,5,40.0,20,10,OF0,SUCCESS,1083,
run_3067_cfg_614_seed_2_of0,614,2,10,20,5,40.0,20,10,OF0,SUCCESS,1083,
run_3068_cfg_614_seed_3_of0,614,3,10,20,5,40.0,20,10,OF0,SUCCESS,1083,
run_3069_cfg_614_seed_4_of0,614,4,10,20,5,40.0,20,10,OF0,SUCCESS,1083,
run_3070_cfg_614_seed_5_of0,614,5,10,20,5,40.0,20,10,OF0,SUCCESS,1083,
run_3071_cfg_615_seed_1_mrhof,615,1,10,20,5,40.0,20,20,MRHOF,SUCCESS,1083,
run_3072_cfg_615_seed_2_mrhof,615,2,10,20,5,40.0,20,20,MRHOF,SUCCESS,1083,
run_3073_cfg_615_seed_3_mrhof,615,3,10,20,5,40.0,20,20,MRHOF,SUCCESS,1083,
run_3074_cfg_615_seed_4_mrhof,615,4,10,20,5,40.0,20,20,MRHOF,SUCCESS,1083,
run_3075_cfg_615_seed_5_mrhof,615,5,10,20,5,40.0,20,20,MRHOF,SUCCESS,1083,
run_3076_cfg_616_seed_1_mrhof,616,1,10,20,5,50.0,12,5,MRHOF,SUCCESS,627,
run_3077_cfg_616_seed_2_mrhof,616,2,10,20,5,50.0,12,5,MRHOF,SUCCESS,627,
run_3078_cfg_616_seed_3_mrhof,616,3,10,20,5,50.0,12,5,MRHOF,SUCCESS,627,
run_3079_cfg_616_seed_4_mrhof,616,4,10,20,5,50.0,12,5,MRHOF,SUCCESS,627,
run_3080_cfg_616_seed_5_mrhof,616,5,10,20,5,50.0,12,5,MRHOF,SUCCESS,627,
run_3081_cfg_617_seed_1_of0,617,1,10,20,5,50.0,12,5,OF0,SUCCESS,627,
run_3082_cfg_617_seed_2_of0,617,2,10,20,5,50.0,12,5,OF0,SUCCESS,627,
run_3083_cfg_617_seed_3_of0,617,3,10,20,5,50.0,12,5,OF0,SUCCESS,627,
run_3084_cfg_617_seed_4_of0,617,4,10,20,5,50.0,12,5,OF0,SUCCESS,627,
run_3085_cfg_617_seed_5_of0,617,5,10,20,5,50.0,12,5,OF0,SUCCESS,627,
run_3086_cfg_618_seed_1_mrhof,618,1,10,20,5,50.0,12,10,MRHOF,SUCCESS,627,
run_3087_cfg_618_seed_2_mrhof,618,2,10,20,5,50.0,12,10,MRHOF,SUCCESS,627,
run_3088_cfg_618_seed_3_mrhof,618,3,10,20,5,50.0,12,10,MRHOF,SUCCESS,627,
run_3089_cfg_618_seed_4_mrhof,618,4,10,20,5,50.0,12,10,MRHOF,SUCCESS,627,
run_3090_cfg_618_seed_5_mrhof,618,5,10,20,5,50.0,12,10,MRHOF,SUCCESS,627,
run_3091_cfg_619_seed_1_of0,619,1,10,20,5,50.0,12,10,OF0,SUCCESS,627,
run_3092_cfg_619_seed_2_of0,619,2,10,20,5,50.0,12,10,OF0,SUCCESS,627,
run_3093_cfg_619_seed_3_of0,619,3,10,20,5,50.0,12,10,OF0,SUCCESS,627,
run_3094_cfg_619_seed_4_of0,619,4,10,20,5,50.0,12,10,OF0,SUCCESS,627,
run_3095_cfg_619_seed_5_of0,619,5,10,20,5,50.0,12,10,OF0,SUCCESS,627,
run_3096_cfg_620_seed_1_of0,620,1,10,20,5,50.0,12,20,OF0,SUCCESS,627,
run_3097_cfg_620_seed_2_of0,620,2,10,20,5,50.0,12,20,OF0,SUCCESS,627,
run_3098_cfg_620_seed_3_of0,620,3,10,20,5,50.0,12,20,OF0,SUCCESS,627,
run_3099_cfg_620_seed_4_of0,620,4,10,20,5,50.0,12,20,OF0,SUCCESS,627,
run_3100_cfg_620_seed_5_of0,620,5,10,20,5,50.0,12,20,OF0,SUCCESS,627,
run_3101_cfg_621_seed_1_of0,621,1,10,20,5,50.0,16,5,OF0,SUCCESS,855,
run_3102_cfg_621_seed_2_of0,621,2,10,20,5,50.0,16,5,OF0,SUCCESS,855,
run_3103_cfg_621_seed_3_of0,621,3,10,20,5,50.0,16,5,OF0,SUCCESS,855,
run_3104_cfg_621_seed_4_of0,621,4,10,20,5,50.0,16,5,OF0,SUCCESS,855,
run_3105_cfg_621_seed_5_of0,621,5,10,20,5,50.0,16,5,OF0,SUCCESS,855,
run_3106_cfg_622_seed_1_of0,622,1,10,20,5,50.0,16,10,OF0,SUCCESS,855,
run_3107_cfg_622_seed_2_of0,622,2,10,20,5,50.0,16,10,OF0,SUCCESS,855,
run_3108_cfg_622_seed_3_of0,622,3,10,20,5,50.0,16,10,OF0,SUCCESS,855,
run_3109_cfg_622_seed_4_of0,622,4,10,20,5,50.0,16,10,OF0,SUCCESS,855,
run_3110_cfg_622_seed_5_of0,622,5,10,20,5,50.0,16,10,OF0,SUCCESS,855,
run_3111_cfg_623_seed_1_of0,623,1,10,20,5,50.0,16,20,OF0,SUCCESS,855,
run_3112_cfg_623_seed_2_of0,623,2,10,20,5,50.0,16,20,OF0,SUCCESS,855,
run_3113_cfg_623_seed_3_of0,623,3,10,20,5,50.0,16,20,OF0,SUCCESS,855,
run_3114_cfg_623_seed_4_of0,623,4,10,20,5,50.0,16,20,OF0,SUCCESS,855,
run_3115_cfg_623_seed_5_of0,623,5,10,20,5,50.0,16,20,OF0,SUCCESS,855,
run_3116_cfg_624_seed_1_mrhof,624,1,10,20,5,50.0,20,5,MRHOF,SUCCESS,1083,
run_3117_cfg_624_seed_2_mrhof,624,2,10,20,5,50.0,20,5,MRHOF,SUCCESS,1083,
run_3118_cfg_624_seed_3_mrhof,624,3,10,20,5,50.0,20,5,MRHOF,SUCCESS,1083,
run_3119_cfg_624_seed_4_mrhof,624,4,10,20,5,50.0,20,5,MRHOF,SUCCESS,1083,
run_3120_cfg_624_seed_5_mrhof,624,5,10,20,5,50.0,20,5,MRHOF,SUCCESS,1083,
run_3121_cfg_625_seed_1_mrhof,625,1,10,20,5,50.0,20,10,MRHOF,SUCCESS,1083,
run_3122_cfg_625_seed_2_mrhof,625,2,10,20,5,50.0,20,10,MRHOF,SUCCESS,1083,
run_3123_cfg_625_seed_3_mrhof,625,3,10,20,5,50.0,20,10,MRHOF,SUCCESS,1083,
run_3124_cfg_625_seed_4_mrhof,625,4,10,20,5,50.0,20,10,MRHOF,SUCCESS,1083,
run_3125_cfg_625_seed_5_mrhof,625,5,10,20,5,50.0,20,10,MRHOF,SUCCESS,1083,
run_3126_cfg_626_seed_1_mrhof,626,1,10,20,5,50.0,20,20,MRHOF,SUCCESS,1083,
run_3127_cfg_626_seed_2_mrhof,626,2,10,20,5,50.0,20,20,MRHOF,SUCCESS,1083,
run_3128_cfg_626_seed_3_mrhof,626,3,10,20,5,50.0,20,20,MRHOF,SUCCESS,1083,
run_3129_cfg_626_seed_4_mrhof,626,4,10,20,5,50.0,20,20,MRHOF,SUCCESS,1083,
run_3130_cfg_626_seed_5_mrhof,626,5,10,20,5,50.0,20,20,MRHOF,SUCCESS,1083,
run_3131_cfg_627_seed_1_mrhof,627,1,10,20,5,60.0,12,10,MRHOF,SUCCESS,627,
run_3132_cfg_627_seed_2_mrhof,627,2,10,20,5,60.0,12,10,MRHOF,SUCCESS,627,
run_3133_cfg_627_seed_3_mrhof,627,3,10,20,5,60.0,12,10,MRHOF,SUCCESS,627,
run_3134_cfg_627_seed_4_mrhof,627,4,10,20,5,60.0,12,10,MRHOF,SUCCESS,627,
run_3135_cfg_627_seed_5_mrhof,627,5,10,20,5,60.0,12,10,MRHOF,SUCCESS,627,
run_3136_cfg_628_seed_1_of0,628,1,10,20,5,60.0,12,10,OF0,SUCCESS,627,
run_3137_cfg_628_seed_2_of0,628,2,10,20,5,60.0,12,10,OF0,SUCCESS,627,
run_3138_cfg_628_seed_3_of0,628,3,10,20,5,60.0,12,10,OF0,SUCCESS,627,
run_3139_cfg_628_seed_4_of0,628,4,10,20,5,60.0,12,10,OF0,SUCCESS,627,
run_3140_cfg_628_seed_5_of0,628,5,10,20,5,60.0,12,10,OF0,SUCCESS,627,
run_3141_cfg_629_seed_1_mrhof,629,1,10,20,5,60.0,12,20,MRHOF,SUCCESS,627,
run_3142_cfg_629_seed_2_mrhof,629,2,10,20,5,60.0,12,20,MRHOF,SUCCESS,627,
run_3143_cfg_629_seed_3_mrhof,629,3,10,20,5,60.0,12,20,MRHOF,SUCCESS,627,
run_3144_cfg_629_seed_4_mrhof,629,4,10,20,5,60.0,12,20,MRHOF,SUCCESS,627,
run_3145_cfg_629_seed_5_mrhof,629,5,10,20,5,60.0,12,20,MRHOF,SUCCESS,627,
run_3146_cfg_630_seed_1_of0,630,1,10,20,5,60.0,12,20,OF0,SUCCESS,627,
run_3147_cfg_630_seed_2_of0,630,2,10,20,5,60.0,12,20,OF0,SUCCESS,627,
run_3148_cfg_630_seed_3_of0,630,3,10,20,5,60.0,12,20,OF0,SUCCESS,627,
run_3149_cfg_630_seed_4_of0,630,4,10,20,5,60.0,12,20,OF0,SUCCESS,627,
run_3150_cfg_630_seed_5_of0,630,5,10,20,5,60.0,12,20,OF0,SUCCESS,627,
run_3151_cfg_631_seed_1_of0,631,1,10,20,5,60.0,16,20,OF0,SUCCESS,855,
run_3152_cfg_631_seed_2_of0,631,2,10,20,5,60.0,16,20,OF0,SUCCESS,855,
run_3153_cfg_631_seed_3_of0,631,3,10,20,5,60.0,16,20,OF0,SUCCESS,855,
run_3154_cfg_631_seed_4_of0,631,4,10,20,5,60.0,16,20,OF0,SUCCESS,855,
run_3155_cfg_631_seed_5_of0,631,5,10,20,5,60.0,16,20,OF0,SUCCESS,855,
run_3156_cfg_632_seed_1_mrhof,632,1,10,20,5,60.0,20,5,MRHOF,SUCCESS,1083,
run_3157_cfg_632_seed_2_mrhof,632,2,10,20,5,60.0,20,5,MRHOF,SUCCESS,1083,
run_3158_cfg_632_seed_3_mrhof,632,3,10,20,5,60.0,20,5,MRHOF,SUCCESS,1083,
run_3159_cfg_632_seed_4_mrhof,632,4,10,20,5,60.0,20,5,MRHOF,SUCCESS,1083,
run_3160_cfg_632_seed_5_mrhof,632,5,10,20,5,60.0,20,5,MRHOF,SUCCESS,1083,
run_3161_cfg_633_seed_1_mrhof,633,1,10,20,5,60.0,20,10,MRHOF,SUCCESS,1083,
run_3162_cfg_633_seed_2_mrhof,633,2,10,20,5,60.0,20,10,MRHOF,SUCCESS,1083,
run_3163_cfg_633_seed_3_mrhof,633,3,10,20,5,60.0,20,10,MRHOF,SUCCESS,1083,
run_3164_cfg_633_seed_4_mrhof,633,4,10,20,5,60.0,20,10,MRHOF,SUCCESS,1083,
run_3165_cfg_633_seed_5_mrhof,633,5,10,20,5,60.0,20,10,MRHOF,SUCCESS,1083,
run_3166_cfg_634_seed_1_of0,634,1,10,20,5,60.0,20,10,OF0,SUCCESS,1083,
run_3167_cfg_634_seed_2_of0,634,2,10,20,5,60.0,20,10,OF0,SUCCESS,1083,
run_3168_cfg_634_seed_3_of0,634,3,10,20,5,60.0,20,10,OF0,SUCCESS,1083,
run_3169_cfg_634_seed_4_of0,634,4,10,20,5,60.0,20,10,OF0,SUCCESS,1083,
run_3170_cfg_634_seed_5_of0,634,5,10,20,5,60.0,20,10,OF0,SUCCESS,1083,
run_3171_cfg_635_seed_1_mrhof,635,1,10,20,5,60.0,20,20,MRHOF,SUCCESS,1083,
run_3172_cfg_635_seed_2_mrhof,635,2,10,20,5,60.0,20,20,MRHOF,SUCCESS,1083,
run_3173_cfg_635_seed_3_mrhof,635,3,10,20,5,60.0,20,20,MRHOF,SUCCESS,1083,
run_3174_cfg_635_seed_4_mrhof,635,4,10,20,5,60.0,20,20,MRHOF,SUCCESS,1083,
run_3175_cfg_635_seed_5_mrhof,635,5,10,20,5,60.0,20,20,MRHOF,SUCCESS,1083,
run_3176_cfg_636_seed_1_of0,636,1,10,20,5,60.0,20,20,OF0,SUCCESS,1083,
run_3177_cfg_636_seed_2_of0,636,2,10,20,5,60.0,20,20,OF0,SUCCESS,1083,
run_3178_cfg_636_seed_3_of0,636,3,10,20,5,60.0,20,20,OF0,SUCCESS,1083,
run_3179_cfg_636_seed_4_of0,636,4,10,20,5,60.0,20,20,OF0,SUCCESS,1083,
run_3180_cfg_636_seed_5_of0,636,5,10,20,5,60.0,20,20,OF0,SUCCESS,1083,
run_3181_cfg_637_seed_1_mrhof,637,1,10,20,10,40.0,12,5,MRHOF,SUCCESS,627,
run_3182_cfg_637_seed_2_mrhof,637,2,10,20,10,40.0,12,5,MRHOF,SUCCESS,627,
run_3183_cfg_637_seed_3_mrhof,637,3,10,20,10,40.0,12,5,MRHOF,SUCCESS,627,
run_3184_cfg_637_seed_4_mrhof,637,4,10,20,10,40.0,12,5,MRHOF,SUCCESS,627,
run_3185_cfg_637_seed_5_mrhof,637,5,10,20,10,40.0,12,5,MRHOF,SUCCESS,627,
run_3186_cfg_638_seed_1_of0,638,1,10,20,10,40.0,12,5,OF0,SUCCESS,627,
run_3187_cfg_638_seed_2_of0,638,2,10,20,10,40.0,12,5,OF0,SUCCESS,627,
run_3188_cfg_638_seed_3_of0,638,3,10,20,10,40.0,12,5,OF0,SUCCESS,627,
run_3189_cfg_638_seed_4_of0,638,4,10,20,10,40.0,12,5,OF0,SUCCESS,627,
run_3190_cfg_638_seed_5_of0,638,5,10,20,10,40.0,12,5,OF0,SUCCESS,627,
run_3191_cfg_639_seed_1_mrhof,639,1,10,20,10,40.0,12,10,MRHOF,SUCCESS,627,
run_3192_cfg_639_seed_2_mrhof,639,2,10,20,10,40.0,12,10,MRHOF,SUCCESS,627,
run_3193_cfg_639_seed_3_mrhof,639,3,10,20,10,40.0,12,10,MRHOF,SUCCESS,627,
run_3194_cfg_639_seed_4_mrhof,639,4,10,20,10,40.0,12,10,MRHOF,SUCCESS,627,
run_3195_cfg_639_seed_5_mrhof,639,5,10,20,10,40.0,12,10,MRHOF,SUCCESS,627,
run_3196_cfg_640_seed_1_mrhof,640,1,10,20,10,40.0,12,20,MRHOF,SUCCESS,627,
run_3197_cfg_640_seed_2_mrhof,640,2,10,20,10,40.0,12,20,MRHOF,SUCCESS,627,
run_3198_cfg_640_seed_3_mrhof,640,3,10,20,10,40.0,12,20,MRHOF,SUCCESS,627,
run_3199_cfg_640_seed_4_mrhof,640,4,10,20,10,40.0,12,20,MRHOF,SUCCESS,627,
run_3200_cfg_640_seed_5_mrhof,640,5,10,20,10,40.0,12,20,MRHOF,SUCCESS,627,
run_3201_cfg_641_seed_1_of0,641,1,10,20,10,40.0,16,5,OF0,SUCCESS,855,
run_3202_cfg_641_seed_2_of0,641,2,10,20,10,40.0,16,5,OF0,SUCCESS,855,
run_3203_cfg_641_seed_3_of0,641,3,10,20,10,40.0,16,5,OF0,SUCCESS,853,
run_3204_cfg_641_seed_4_of0,641,4,10,20,10,40.0,16,5,OF0,SUCCESS,855,
run_3205_cfg_641_seed_5_of0,641,5,10,20,10,40.0,16,5,OF0,SUCCESS,855,
run_3206_cfg_642_seed_1_mrhof,642,1,10,20,10,40.0,16,10,MRHOF,SUCCESS,855,
run_3207_cfg_642_seed_2_mrhof,642,2,10,20,10,40.0,16,10,MRHOF,SUCCESS,855,
run_3208_cfg_642_seed_3_mrhof,642,3,10,20,10,40.0,16,10,MRHOF,SUCCESS,855,
run_3209_cfg_642_seed_4_mrhof,642,4,10,20,10,40.0,16,10,MRHOF,SUCCESS,855,
run_3210_cfg_642_seed_5_mrhof,642,5,10,20,10,40.0,16,10,MRHOF,SUCCESS,855,
run_3211_cfg_643_seed_1_of0,643,1,10,20,10,40.0,16,10,OF0,SUCCESS,855,
run_3212_cfg_643_seed_2_of0,643,2,10,20,10,40.0,16,10,OF0,SUCCESS,855,
run_3213_cfg_643_seed_3_of0,643,3,10,20,10,40.0,16,10,OF0,SUCCESS,855,
run_3214_cfg_643_seed_4_of0,643,4,10,20,10,40.0,16,10,OF0,SUCCESS,855,
run_3215_cfg_643_seed_5_of0,643,5,10,20,10,40.0,16,10,OF0,SUCCESS,855,
run_3216_cfg_644_seed_1_of0,644,1,10,20,10,40.0,16,20,OF0,SUCCESS,855,
run_3217_cfg_644_seed_2_of0,644,2,10,20,10,40.0,16,20,OF0,SUCCESS,855,
run_3218_cfg_644_seed_3_of0,644,3,10,20,10,40.0,16,20,OF0,SUCCESS,855,
run_3219_cfg_644_seed_4_of0,644,4,10,20,10,40.0,16,20,OF0,SUCCESS,855,
run_3220_cfg_644_seed_5_of0,644,5,10,20,10,40.0,16,20,OF0,SUCCESS,855,
run_3221_cfg_645_seed_1_of0,645,1,10,20,10,40.0,20,10,OF0,SUCCESS,1083,
run_3222_cfg_645_seed_2_of0,645,2,10,20,10,40.0,20,10,OF0,SUCCESS,1083,
run_3223_cfg_645_seed_3_of0,645,3,10,20,10,40.0,20,10,OF0,SUCCESS,1083,
run_3224_cfg_645_seed_4_of0,645,4,10,20,10,40.0,20,10,OF0,SUCCESS,1083,
run_3225_cfg_645_seed_5_of0,645,5,10,20,10,40.0,20,10,OF0,SUCCESS,1083,
run_3226_cfg_646_seed_1_of0,646,1,10,20,10,40.0,20,20,OF0,SUCCESS,1083,
run_3227_cfg_646_seed_2_of0,646,2,10,20,10,40.0,20,20,OF0,SUCCESS,1083,
run_3228_cfg_646_seed_3_of0,646,3,10,20,10,40.0,20,20,OF0,SUCCESS,1082,
run_3229_cfg_646_seed_4_of0,646,4,10,20,10,40.0,20,20,OF0,SUCCESS,1083,
run_3230_cfg_646_seed_5_of0,646,5,10,20,10,40.0,20,20,OF0,SUCCESS,1083,
run_3231_cfg_647_seed_1_of0,647,1,10,20,10,50.0,12,5,OF0,SUCCESS,627,
run_3232_cfg_647_seed_2_of0,647,2,10,20,10,50.0,12,5,OF0,SUCCESS,627,
run_3233_cfg_647_seed_3_of0,647,3,10,20,10,50.0,12,5,OF0,SUCCESS,627,
run_3234_cfg_647_seed_4_of0,647,4,10,20,10,50.0,12,5,OF0,SUCCESS,627,
run_3235_cfg_647_seed_5_of0,647,5,10,20,10,50.0,12,5,OF0,SUCCESS,627,
run_3236_cfg_648_seed_1_of0,648,1,10,20,10,50.0,12,10,OF0,SUCCESS,627,
run_3237_cfg_648_seed_2_of0,648,2,10,20,10,50.0,12,10,OF0,SUCCESS,627,
run_3238_cfg_648_seed_3_of0,648,3,10,20,10,50.0,12,10,OF0,SUCCESS,627,
run_3239_cfg_648_seed_4_of0,648,4,10,20,10,50.0,12,10,OF0,SUCCESS,627,
run_3240_cfg_648_seed_5_of0,648,5,10,20,10,50.0,12,10,OF0,SUCCESS,627,
run_3241_cfg_649_seed_1_mrhof,649,1,10,20,10,50.0,12,20,MRHOF,SUCCESS,627,
run_3242_cfg_649_seed_2_mrhof,649,2,10,20,10,50.0,12,20,MRHOF,SUCCESS,627,
run_3243_cfg_649_seed_3_mrhof,649,3,10,20,10,50.0,12,20,MRHOF,SUCCESS,627,
run_3244_cfg_649_seed_4_mrhof,649,4,10,20,10,50.0,12,20,MRHOF,SUCCESS,627,
run_3245_cfg_649_seed_5_mrhof,649,5,10,20,10,50.0,12,20,MRHOF,SUCCESS,627,
run_3246_cfg_650_seed_1_of0,650,1,10,20,10,50.0,12,20,OF0,SUCCESS,627,
run_3247_cfg_650_seed_2_of0,650,2,10,20,10,50.0,12,20,OF0,SUCCESS,627,
run_3248_cfg_650_seed_3_of0,650,3,10,20,10,50.0,12,20,OF0,SUCCESS,627,
run_3249_cfg_650_seed_4_of0,650,4,10,20,10,50.0,12,20,OF0,SUCCESS,627,
run_3250_cfg_650_seed_5_of0,650,5,10,20,10,50.0,12,20,OF0,SUCCESS,627,
run_3251_cfg_651_seed_1_mrhof,651,1,10,20,10,50.0,16,5,MRHOF,SUCCESS,855,
run_3252_cfg_651_seed_2_mrhof,651,2,10,20,10,50.0,16,5,MRHOF,SUCCESS,855,
run_3253_cfg_651_seed_3_mrhof,651,3,10,20,10,50.0,16,5,MRHOF,SUCCESS,855,
run_3254_cfg_651_seed_4_mrhof,651,4,10,20,10,50.0,16,5,MRHOF,SUCCESS,855,
run_3255_cfg_651_seed_5_mrhof,651,5,10,20,10,50.0,16,5,MRHOF,SUCCESS,855,
run_3256_cfg_652_seed_1_of0,652,1,10,20,10,50.0,16,5,OF0,SUCCESS,855,
run_3257_cfg_652_seed_2_of0,652,2,10,20,10,50.0,16,5,OF0,SUCCESS,855,
run_3258_cfg_652_seed_3_of0,652,3,10,20,10,50.0,16,5,OF0,SUCCESS,855,
run_3259_cfg_652_seed_4_of0,652,4,10,20,10,50.0,16,5,OF0,SUCCESS,855,
run_3260_cfg_652_seed_5_of0,652,5,10,20,10,50.0,16,5,OF0,SUCCESS,855,
run_3261_cfg_653_seed_1_of0,653,1,10,20,10,50.0,16,10,OF0,SUCCESS,855,
run_3262_cfg_653_seed_2_of0,653,2,10,20,10,50.0,16,10,OF0,SUCCESS,855,
run_3263_cfg_653_seed_3_of0,653,3,10,20,10,50.0,16,10,OF0,SUCCESS,855,
run_3264_cfg_653_seed_4_of0,653,4,10,20,10,50.0,16,10,OF0,SUCCESS,855,
run_3265_cfg_653_seed_5_of0,653,5,10,20,10,50.0,16,10,OF0,SUCCESS,855,
run_3266_cfg_654_seed_1_mrhof,654,1,10,20,10,50.0,16,20,MRHOF,SUCCESS,855,
run_3267_cfg_654_seed_2_mrhof,654,2,10,20,10,50.0,16,20,MRHOF,SUCCESS,855,
run_3268_cfg_654_seed_3_mrhof,654,3,10,20,10,50.0,16,20,MRHOF,SUCCESS,855,
run_3269_cfg_654_seed_4_mrhof,654,4,10,20,10,50.0,16,20,MRHOF,SUCCESS,855,
run_3270_cfg_654_seed_5_mrhof,654,5,10,20,10,50.0,16,20,MRHOF,SUCCESS,855,
run_3271_cfg_655_seed_1_of0,655,1,10,20,10,50.0,16,20,OF0,SUCCESS,855,
run_3272_cfg_655_seed_2_of0,655,2,10,20,10,50.0,16,20,OF0,SUCCESS,855,
run_3273_cfg_655_seed_3_of0,655,3,10,20,10,50.0,16,20,OF0,SUCCESS,855,
run_3274_cfg_655_seed_4_of0,655,4,10,20,10,50.0,16,20,OF0,SUCCESS,855,
run_3275_cfg_655_seed_5_of0,655,5,10,20,10,50.0,16,20,OF0,SUCCESS,855,
run_3276_cfg_656_seed_1_mrhof,656,1,10,20,10,50.0,20,5,MRHOF,SUCCESS,1083,
run_3277_cfg_656_seed_2_mrhof,656,2,10,20,10,50.0,20,5,MRHOF,SUCCESS,1083,
run_3278_cfg_656_seed_3_mrhof,656,3,10,20,10,50.0,20,5,MRHOF,SUCCESS,1083,
run_3279_cfg_656_seed_4_mrhof,656,4,10,20,10,50.0,20,5,MRHOF,SUCCESS,1083,
run_3280_cfg_656_seed_5_mrhof,656,5,10,20,10,50.0,20,5,MRHOF,SUCCESS,1083,
run_3281_cfg_657_seed_1_of0,657,1,10,20,10,50.0,20,10,OF0,SUCCESS,1083,
run_3282_cfg_657_seed_2_of0,657,2,10,20,10,50.0,20,10,OF0,SUCCESS,1083,
run_3283_cfg_657_seed_3_of0,657,3,10,20,10,50.0,20,10,OF0,SUCCESS,1083,
run_3284_cfg_657_seed_4_of0,657,4,10,20,10,50.0,20,10,OF0,SUCCESS,1083,
run_3285_cfg_657_seed_5_of0,657,5,10,20,10,50.0,20,10,OF0,SUCCESS,1083,
run_3286_cfg_658_seed_1_mrhof,658,1,10,20,10,50.0,20,20,MRHOF,SUCCESS,1083,
run_3287_cfg_658_seed_2_mrhof,658,2,10,20,10,50.0,20,20,MRHOF,SUCCESS,1083,
run_3288_cfg_658_seed_3_mrhof,658,3,10,20,10,50.0,20,20,MRHOF,SUCCESS,1083,
run_3289_cfg_658_seed_4_mrhof,658,4,10,20,10,50.0,20,20,MRHOF,SUCCESS,1083,
run_3290_cfg_658_seed_5_mrhof,658,5,10,20,10,50.0,20,20,MRHOF,SUCCESS,1083,
run_3291_cfg_659_seed_1_of0,659,1,10,20,10,60.0,12,5,OF0,SUCCESS,627,
run_3292_cfg_659_seed_2_of0,659,2,10,20,10,60.0,12,5,OF0,SUCCESS,627,
run_3293_cfg_659_seed_3_of0,659,3,10,20,10,60.0,12,5,OF0,SUCCESS,627,
run_3294_cfg_659_seed_4_of0,659,4,10,20,10,60.0,12,5,OF0,SUCCESS,627,
run_3295_cfg_659_seed_5_of0,659,5,10,20,10,60.0,12,5,OF0,SUCCESS,627,
run_3296_cfg_660_seed_1_mrhof,660,1,10,20,10,60.0,12,10,MRHOF,SUCCESS,627,
run_3297_cfg_660_seed_2_mrhof,660,2,10,20,10,60.0,12,10,MRHOF,SUCCESS,627,
run_3298_cfg_660_seed_3_mrhof,660,3,10,20,10,60.0,12,10,MRHOF,SUCCESS,627,
run_3299_cfg_660_seed_4_mrhof,660,4,10,20,10,60.0,12,10,MRHOF,SUCCESS,627,
run_3300_cfg_660_seed_5_mrhof,660,5,10,20,10,60.0,12,10,MRHOF,SUCCESS,627,
run_3301_cfg_661_seed_1_of0,661,1,10,20,10,60.0,12,10,OF0,SUCCESS,627,
run_3302_cfg_661_seed_2_of0,661,2,10,20,10,60.0,12,10,OF0,SUCCESS,627,
run_3303_cfg_661_seed_3_of0,661,3,10,20,10,60.0,12,10,OF0,SUCCESS,627,
run_3304_cfg_661_seed_4_of0,661,4,10,20,10,60.0,12,10,OF0,SUCCESS,627,
run_3305_cfg_661_seed_5_of0,661,5,10,20,10,60.0,12,10,OF0,SUCCESS,627,
run_3306_cfg_662_seed_1_mrhof,662,1,10,20,10,60.0,16,5,MRHOF,SUCCESS,855,
run_3307_cfg_662_seed_2_mrhof,662,2,10,20,10,60.0,16,5,MRHOF,SUCCESS,855,
run_3308_cfg_662_seed_3_mrhof,662,3,10,20,10,60.0,16,5,MRHOF,SUCCESS,855,
run_3309_cfg_662_seed_4_mrhof,662,4,10,20,10,60.0,16,5,MRHOF,SUCCESS,855,
run_3310_cfg_662_seed_5_mrhof,662,5,10,20,10,60.0,16,5,MRHOF,SUCCESS,855,
run_3311_cfg_663_seed_1_mrhof,663,1,10,20,10,60.0,16,10,MRHOF,SUCCESS,855,
run_3312_cfg_663_seed_2_mrhof,663,2,10,20,10,60.0,16,10,MRHOF,SUCCESS,855,
run_3313_cfg_663_seed_3_mrhof,663,3,10,20,10,60.0,16,10,MRHOF,SUCCESS,855,
run_3314_cfg_663_seed_4_mrhof,663,4,10,20,10,60.0,16,10,MRHOF,SUCCESS,855,
run_3315_cfg_663_seed_5_mrhof,663,5,10,20,10,60.0,16,10,MRHOF,SUCCESS,855,
run_3316_cfg_664_seed_1_mrhof,664,1,10,20,10,60.0,16,20,MRHOF,SUCCESS,855,
run_3317_cfg_664_seed_2_mrhof,664,2,10,20,10,60.0,16,20,MRHOF,SUCCESS,855,
run_3318_cfg_664_seed_3_mrhof,664,3,10,20,10,60.0,16,20,MRHOF,SUCCESS,855,
run_3319_cfg_664_seed_4_mrhof,664,4,10,20,10,60.0,16,20,MRHOF,SUCCESS,855,
run_3320_cfg_664_seed_5_mrhof,664,5,10,20,10,60.0,16,20,MRHOF,SUCCESS,855,
run_3321_cfg_665_seed_1_of0,665,1,10,20,10,60.0,20,5,OF0,SUCCESS,1083,
run_3322_cfg_665_seed_2_of0,665,2,10,20,10,60.0,20,5,OF0,SUCCESS,1083,
run_3323_cfg_665_seed_3_of0,665,3,10,20,10,60.0,20,5,OF0,SUCCESS,1083,
run_3324_cfg_665_seed_4_of0,665,4,10,20,10,60.0,20,5,OF0,SUCCESS,1083,
run_3325_cfg_665_seed_5_of0,665,5,10,20,10,60.0,20,5,OF0,SUCCESS,1083,
run_3326_cfg_666_seed_1_mrhof,666,1,10,20,10,60.0,20,10,MRHOF,SUCCESS,1083,
run_3327_cfg_666_seed_2_mrhof,666,2,10,20,10,60.0,20,10,MRHOF,SUCCESS,1083,
run_3328_cfg_666_seed_3_mrhof,666,3,10,20,10,60.0,20,10,MRHOF,SUCCESS,1083,
run_3329_cfg_666_seed_4_mrhof,666,4,10,20,10,60.0,20,10,MRHOF,SUCCESS,1083,
run_3330_cfg_666_seed_5_mrhof,666,5,10,20,10,60.0,20,10,MRHOF,SUCCESS,1083,
run_3331_cfg_667_seed_1_of0,667,1,10,20,10,60.0,20,10,OF0,SUCCESS,1083,
run_3332_cfg_667_seed_2_of0,667,2,10,20,10,60.0,20,10,OF0,SUCCESS,1083,
run_3333_cfg_667_seed_3_of0,667,3,10,20,10,60.0,20,10,OF0,SUCCESS,1083,
run_3334_cfg_667_seed_4_of0,667,4,10,20,10,60.0,20,10,OF0,SUCCESS,1083,
run_3335_cfg_667_seed_5_of0,667,5,10,20,10,60.0,20,10,OF0,SUCCESS,1083,
run_3336_cfg_668_seed_1_mrhof,668,1,10,20,10,60.0,20,20,MRHOF,SUCCESS,1083,
run_3337_cfg_668_seed_2_mrhof,668,2,10,20,10,60.0,20,20,MRHOF,SUCCESS,1083,
run_3338_cfg_668_seed_3_mrhof,668,3,10,20,10,60.0,20,20,MRHOF,SUCCESS,1083,
run_3339_cfg_668_seed_4_mrhof,668,4,10,20,10,60.0,20,20,MRHOF,SUCCESS,1083,
run_3340_cfg_668_seed_5_mrhof,668,5,10,20,10,60.0,20,20,MRHOF,SUCCESS,1083,
run_3341_cfg_669_seed_1_mrhof,669,1,12,16,0,40.0,12,5,MRHOF,SUCCESS,627,
run_3342_cfg_669_seed_2_mrhof,669,2,12,16,0,40.0,12,5,MRHOF,SUCCESS,627,
run_3343_cfg_669_seed_3_mrhof,669,3,12,16,0,40.0,12,5,MRHOF,SUCCESS,627,
run_3344_cfg_669_seed_4_mrhof,669,4,12,16,0,40.0,12,5,MRHOF,SUCCESS,627,
run_3345_cfg_669_seed_5_mrhof,669,5,12,16,0,40.0,12,5,MRHOF,SUCCESS,627,
run_3346_cfg_670_seed_1_mrhof,670,1,12,16,0,40.0,12,10,MRHOF,SUCCESS,627,
run_3347_cfg_670_seed_2_mrhof,670,2,12,16,0,40.0,12,10,MRHOF,SUCCESS,627,
run_3348_cfg_670_seed_3_mrhof,670,3,12,16,0,40.0,12,10,MRHOF,SUCCESS,627,
run_3349_cfg_670_seed_4_mrhof,670,4,12,16,0,40.0,12,10,MRHOF,SUCCESS,627,
run_3350_cfg_670_seed_5_mrhof,670,5,12,16,0,40.0,12,10,MRHOF,SUCCESS,627,
run_3351_cfg_671_seed_1_mrhof,671,1,12,16,0,40.0,12,20,MRHOF,SUCCESS,627,
run_3352_cfg_671_seed_2_mrhof,671,2,12,16,0,40.0,12,20,MRHOF,SUCCESS,627,
run_3353_cfg_671_seed_3_mrhof,671,3,12,16,0,40.0,12,20,MRHOF,SUCCESS,627,
run_3354_cfg_671_seed_4_mrhof,671,4,12,16,0,40.0,12,20,MRHOF,SUCCESS,627,
run_3355_cfg_671_seed_5_mrhof,671,5,12,16,0,40.0,12,20,MRHOF,SUCCESS,627,
run_3356_cfg_672_seed_1_of0,672,1,12,16,0,40.0,12,20,OF0,SUCCESS,627,
run_3357_cfg_672_seed_2_of0,672,2,12,16,0,40.0,12,20,OF0,SUCCESS,627,
run_3358_cfg_672_seed_3_of0,672,3,12,16,0,40.0,12,20,OF0,SUCCESS,627,
run_3359_cfg_672_seed_4_of0,672,4,12,16,0,40.0,12,20,OF0,SUCCESS,627,
run_3360_cfg_672_seed_5_of0,672,5,12,16,0,40.0,12,20,OF0,SUCCESS,627,
run_3361_cfg_673_seed_1_of0,673,1,12,16,0,40.0,16,5,OF0,SUCCESS,855,
run_3362_cfg_673_seed_2_of0,673,2,12,16,0,40.0,16,5,OF0,SUCCESS,855,
run_3363_cfg_673_seed_3_of0,673,3,12,16,0,40.0,16,5,OF0,SUCCESS,855,
run_3364_cfg_673_seed_4_of0,673,4,12,16,0,40.0,16,5,OF0,SUCCESS,855,
run_3365_cfg_673_seed_5_of0,673,5,12,16,0,40.0,16,5,OF0,SUCCESS,855,
run_3366_cfg_674_seed_1_mrhof,674,1,12,16,0,40.0,16,20,MRHOF,SUCCESS,855,
run_3367_cfg_674_seed_2_mrhof,674,2,12,16,0,40.0,16,20,MRHOF,SUCCESS,855,
run_3368_cfg_674_seed_3_mrhof,674,3,12,16,0,40.0,16,20,MRHOF,SUCCESS,855,
run_3369_cfg_674_seed_4_mrhof,674,4,12,16,0,40.0,16,20,MRHOF,SUCCESS,855,
run_3370_cfg_674_seed_5_mrhof,674,5,12,16,0,40.0,16,20,MRHOF,SUCCESS,855,
run_3371_cfg_675_seed_1_of0,675,1,12,16,0,40.0,16,20,OF0,SUCCESS,855,
run_3372_cfg_675_seed_2_of0,675,2,12,16,0,40.0,16,20,OF0,SUCCESS,855,
run_3373_cfg_675_seed_3_of0,675,3,12,16,0,40.0,16,20,OF0,SUCCESS,855,
run_3374_cfg_675_seed_4_of0,675,4,12,16,0,40.0,16,20,OF0,SUCCESS,855,
run_3375_cfg_675_seed_5_of0,675,5,12,16,0,40.0,16,20,OF0,SUCCESS,855,
run_3376_cfg_676_seed_1_mrhof,676,1,12,16,0,40.0,20,5,MRHOF,SUCCESS,1083,
run_3377_cfg_676_seed_2_mrhof,676,2,12,16,0,40.0,20,5,MRHOF,SUCCESS,1083,
run_3378_cfg_676_seed_3_mrhof,676,3,12,16,0,40.0,20,5,MRHOF,SUCCESS,1083,
run_3379_cfg_676_seed_4_mrhof,676,4,12,16,0,40.0,20,5,MRHOF,SUCCESS,1083,
run_3380_cfg_676_seed_5_mrhof,676,5,12,16,0,40.0,20,5,MRHOF,SUCCESS,1083,
run_3381_cfg_677_seed_1_of0,677,1,12,16,0,40.0,20,5,OF0,SUCCESS,1083,
run_3382_cfg_677_seed_2_of0,677,2,12,16,0,40.0,20,5,OF0,SUCCESS,1083,
run_3383_cfg_677_seed_3_of0,677,3,12,16,0,40.0,20,5,OF0,SUCCESS,1083,
run_3384_cfg_677_seed_4_of0,677,4,12,16,0,40.0,20,5,OF0,SUCCESS,1083,
run_3385_cfg_677_seed_5_of0,677,5,12,16,0,40.0,20,5,OF0,SUCCESS,1082,
run_3386_cfg_678_seed_1_mrhof,678,1,12,16,0,40.0,20,10,MRHOF,SUCCESS,1083,
run_3387_cfg_678_seed_2_mrhof,678,2,12,16,0,40.0,20,10,MRHOF,SUCCESS,1083,
run_3388_cfg_678_seed_3_mrhof,678,3,12,16,0,40.0,20,10,MRHOF,SUCCESS,1083,
run_3389_cfg_678_seed_4_mrhof,678,4,12,16,0,40.0,20,10,MRHOF,SUCCESS,1083,
run_3390_cfg_678_seed_5_mrhof,678,5,12,16,0,40.0,20,10,MRHOF,SUCCESS,1083,
run_3391_cfg_679_seed_1_of0,679,1,12,16,0,40.0,20,10,OF0,SUCCESS,1083,
run_3392_cfg_679_seed_2_of0,679,2,12,16,0,40.0,20,10,OF0,SUCCESS,1083,
run_3393_cfg_679_seed_3_of0,679,3,12,16,0,40.0,20,10,OF0,SUCCESS,1083,
run_3394_cfg_679_seed_4_of0,679,4,12,16,0,40.0,20,10,OF0,SUCCESS,1083,
run_3395_cfg_679_seed_5_of0,679,5,12,16,0,40.0,20,10,OF0,SUCCESS,1083,
run_3396_cfg_680_seed_1_mrhof,680,1,12,16,0,40.0,20,20,MRHOF,SUCCESS,1083,
run_3397_cfg_680_seed_2_mrhof,680,2,12,16,0,40.0,20,20,MRHOF,SUCCESS,1083,
run_3398_cfg_680_seed_3_mrhof,680,3,12,16,0,40.0,20,20,MRHOF,SUCCESS,1083,
run_3399_cfg_680_seed_4_mrhof,680,4,12,16,0,40.0,20,20,MRHOF,SUCCESS,1083,
run_3400_cfg_680_seed_5_mrhof,680,5,12,16,0,40.0,20,20,MRHOF,SUCCESS,1083,
run_3401_cfg_681_seed_1_of0,681,1,12,16,0,50.0,12,5,OF0,SUCCESS,627,
run_3402_cfg_681_seed_2_of0,681,2,12,16,0,50.0,12,5,OF0,SUCCESS,627,
run_3403_cfg_681_seed_3_of0,681,3,12,16,0,50.0,12,5,OF0,SUCCESS,627,
run_3404_cfg_681_seed_4_of0,681,4,12,16,0,50.0,12,5,OF0,SUCCESS,627,
run_3405_cfg_681_seed_5_of0,681,5,12,16,0,50.0,12,5,OF0,SUCCESS,627,
run_3406_cfg_682_seed_1_of0,682,1,12,16,0,50.0,12,10,OF0,SUCCESS,627,
run_3407_cfg_682_seed_2_of0,682,2,12,16,0,50.0,12,10,OF0,SUCCESS,627,
run_3408_cfg_682_seed_3_of0,682,3,12,16,0,50.0,12,10,OF0,SUCCESS,627,
run_3409_cfg_682_seed_4_of0,682,4,12,16,0,50.0,12,10,OF0,SUCCESS,627,
run_3410_cfg_682_seed_5_of0,682,5,12,16,0,50.0,12,10,OF0,SUCCESS,627,
run_3411_cfg_683_seed_1_of0,683,1,12,16,0,50.0,12,20,OF0,SUCCESS,627,
run_3412_cfg_683_seed_2_of0,683,2,12,16,0,50.0,12,20,OF0,SUCCESS,627,
run_3413_cfg_683_seed_3_of0,683,3,12,16,0,50.0,12,20,OF0,SUCCESS,627,
run_3414_cfg_683_seed_4_of0,683,4,12,16,0,50.0,12,20,OF0,SUCCESS,627,
run_3415_cfg_683_seed_5_of0,683,5,12,16,0,50.0,12,20,OF0,SUCCESS,627,
run_3416_cfg_684_seed_1_mrhof,684,1,12,16,0,50.0,16,5,MRHOF,SUCCESS,855,
run_3417_cfg_684_seed_2_mrhof,684,2,12,16,0,50.0,16,5,MRHOF,SUCCESS,855,
run_3418_cfg_684_seed_3_mrhof,684,3,12,16,0,50.0,16,5,MRHOF,SUCCESS,855,
run_3419_cfg_684_seed_4_mrhof,684,4,12,16,0,50.0,16,5,MRHOF,SUCCESS,855,
run_3420_cfg_684_seed_5_mrhof,684,5,12,16,0,50.0,16,5,MRHOF,SUCCESS,855,
run_3421_cfg_685_seed_1_of0,685,1,12,16,0,50.0,16,5,OF0,SUCCESS,855,
run_3422_cfg_685_seed_2_of0,685,2,12,16,0,50.0,16,5,OF0,SUCCESS,855,
run_3423_cfg_685_seed_3_of0,685,3,12,16,0,50.0,16,5,OF0,SUCCESS,855,
run_3424_cfg_685_seed_4_of0,685,4,12,16,0,50.0,16,5,OF0,SUCCESS,855,
run_3425_cfg_685_seed_5_of0,685,5,12,16,0,50.0,16,5,OF0,SUCCESS,855,
run_3426_cfg_686_seed_1_mrhof,686,1,12,16,0,50.0,16,10,MRHOF,SUCCESS,855,
run_3427_cfg_686_seed_2_mrhof,686,2,12,16,0,50.0,16,10,MRHOF,SUCCESS,855,
run_3428_cfg_686_seed_3_mrhof,686,3,12,16,0,50.0,16,10,MRHOF,SUCCESS,855,
run_3429_cfg_686_seed_4_mrhof,686,4,12,16,0,50.0,16,10,MRHOF,SUCCESS,855,
run_3430_cfg_686_seed_5_mrhof,686,5,12,16,0,50.0,16,10,MRHOF,SUCCESS,855,
run_3431_cfg_687_seed_1_of0,687,1,12,16,0,50.0,16,10,OF0,SUCCESS,855,
run_3432_cfg_687_seed_2_of0,687,2,12,16,0,50.0,16,10,OF0,SUCCESS,855,
run_3433_cfg_687_seed_3_of0,687,3,12,16,0,50.0,16,10,OF0,SUCCESS,855,
run_3434_cfg_687_seed_4_of0,687,4,12,16,0,50.0,16,10,OF0,SUCCESS,855,
run_3435_cfg_687_seed_5_of0,687,5,12,16,0,50.0,16,10,OF0,SUCCESS,855,
run_3436_cfg_688_seed_1_mrhof,688,1,12,16,0,50.0,16,20,MRHOF,SUCCESS,855,
run_3437_cfg_688_seed_2_mrhof,688,2,12,16,0,50.0,16,20,MRHOF,SUCCESS,855,
run_3438_cfg_688_seed_3_mrhof,688,3,12,16,0,50.0,16,20,MRHOF,SUCCESS,855,
run_3439_cfg_688_seed_4_mrhof,688,4,12,16,0,50.0,16,20,MRHOF,SUCCESS,855,
run_3440_cfg_688_seed_5_mrhof,688,5,12,16,0,50.0,16,20,MRHOF,SUCCESS,855,
run_3441_cfg_689_seed_1_of0,689,1,12,16,0,50.0,16,20,OF0,SUCCESS,855,
run_3442_cfg_689_seed_2_of0,689,2,12,16,0,50.0,16,20,OF0,SUCCESS,855,
run_3443_cfg_689_seed_3_of0,689,3,12,16,0,50.0,16,20,OF0,SUCCESS,855,
run_3444_cfg_689_seed_4_of0,689,4,12,16,0,50.0,16,20,OF0,SUCCESS,855,
run_3445_cfg_689_seed_5_of0,689,5,12,16,0,50.0,16,20,OF0,SUCCESS,855,
run_3446_cfg_690_seed_1_mrhof,690,1,12,16,0,50.0,20,5,MRHOF,SUCCESS,1083,
run_3447_cfg_690_seed_2_mrhof,690,2,12,16,0,50.0,20,5,MRHOF,SUCCESS,1083,
run_3448_cfg_690_seed_3_mrhof,690,3,12,16,0,50.0,20,5,MRHOF,SUCCESS,1083,
run_3449_cfg_690_seed_4_mrhof,690,4,12,16,0,50.0,20,5,MRHOF,SUCCESS,1083,
run_3450_cfg_690_seed_5_mrhof,690,5,12,16,0,50.0,20,5,MRHOF,SUCCESS,1083,
run_3451_cfg_691_seed_1_mrhof,691,1,12,16,0,50.0,20,10,MRHOF,SUCCESS,1083,
run_3452_cfg_691_seed_2_mrhof,691,2,12,16,0,50.0,20,10,MRHOF,SUCCESS,1083,
run_3453_cfg_691_seed_3_mrhof,691,3,12,16,0,50.0,20,10,MRHOF,SUCCESS,1083,
run_3454_cfg_691_seed_4_mrhof,691,4,12,16,0,50.0,20,10,MRHOF,SUCCESS,1083,
run_3455_cfg_691_seed_5_mrhof,691,5,12,16,0,50.0,20,10,MRHOF,SUCCESS,1083,
run_3456_cfg_692_seed_1_of0,692,1,12,16,0,50.0,20,10,OF0,SUCCESS,1083,
run_3457_cfg_692_seed_2_of0,692,2,12,16,0,50.0,20,10,OF0,SUCCESS,1083,
run_3458_cfg_692_seed_3_of0,692,3,12,16,0,50.0,20,10,OF0,SUCCESS,1083,
run_3459_cfg_692_seed_4_of0,692,4,12,16,0,50.0,20,10,OF0,SUCCESS,1083,
run_3460_cfg_692_seed_5_of0,692,5,12,16,0,50.0,20,10,OF0,SUCCESS,1083,
run_3461_cfg_693_seed_1_mrhof,693,1,12,16,0,50.0,20,20,MRHOF,SUCCESS,1083,
run_3462_cfg_693_seed_2_mrhof,693,2,12,16,0,50.0,20,20,MRHOF,SUCCESS,1083,
run_3463_cfg_693_seed_3_mrhof,693,3,12,16,0,50.0,20,20,MRHOF,SUCCESS,1083,
run_3464_cfg_693_seed_4_mrhof,693,4,12,16,0,50.0,20,20,MRHOF,SUCCESS,1083,
run_3465_cfg_693_seed_5_mrhof,693,5,12,16,0,50.0,20,20,MRHOF,SUCCESS,1083,
run_3466_cfg_694_seed_1_of0,694,1,12,16,0,50.0,20,20,OF0,SUCCESS,1083,
run_3467_cfg_694_seed_2_of0,694,2,12,16,0,50.0,20,20,OF0,SUCCESS,1083,
run_3468_cfg_694_seed_3_of0,694,3,12,16,0,50.0,20,20,OF0,SUCCESS,1083,
run_3469_cfg_694_seed_4_of0,694,4,12,16,0,50.0,20,20,OF0,SUCCESS,1083,
run_3470_cfg_694_seed_5_of0,694,5,12,16,0,50.0,20,20,OF0,SUCCESS,1083,
run_3471_cfg_695_seed_1_mrhof,695,1,12,16,0,60.0,12,5,MRHOF,SUCCESS,627,
run_3472_cfg_695_seed_2_mrhof,695,2,12,16,0,60.0,12,5,MRHOF,SUCCESS,627,
run_3473_cfg_695_seed_3_mrhof,695,3,12,16,0,60.0,12,5,MRHOF,SUCCESS,627,
run_3474_cfg_695_seed_4_mrhof,695,4,12,16,0,60.0,12,5,MRHOF,SUCCESS,627,
run_3475_cfg_695_seed_5_mrhof,695,5,12,16,0,60.0,12,5,MRHOF,SUCCESS,627,
run_3476_cfg_696_seed_1_of0,696,1,12,16,0,60.0,12,5,OF0,SUCCESS,627,
run_3477_cfg_696_seed_2_of0,696,2,12,16,0,60.0,12,5,OF0,SUCCESS,627,
run_3478_cfg_696_seed_3_of0,696,3,12,16,0,60.0,12,5,OF0,SUCCESS,627,
run_3479_cfg_696_seed_4_of0,696,4,12,16,0,60.0,12,5,OF0,SUCCESS,627,
run_3480_cfg_696_seed_5_of0,696,5,12,16,0,60.0,12,5,OF0,SUCCESS,627,
run_3481_cfg_697_seed_1_mrhof,697,1,12,16,0,60.0,12,10,MRHOF,SUCCESS,627,
run_3482_cfg_697_seed_2_mrhof,697,2,12,16,0,60.0,12,10,MRHOF,SUCCESS,627,
run_3483_cfg_697_seed_3_mrhof,697,3,12,16,0,60.0,12,10,MRHOF,SUCCESS,627,
run_3484_cfg_697_seed_4_mrhof,697,4,12,16,0,60.0,12,10,MRHOF,SUCCESS,627,
run_3485_cfg_697_seed_5_mrhof,697,5,12,16,0,60.0,12,10,MRHOF,SUCCESS,627,
run_3486_cfg_698_seed_1_of0,698,1,12,16,0,60.0,12,10,OF0,SUCCESS,627,
run_3487_cfg_698_seed_2_of0,698,2,12,16,0,60.0,12,10,OF0,SUCCESS,627,
run_3488_cfg_698_seed_3_of0,698,3,12,16,0,60.0,12,10,OF0,SUCCESS,627,
run_3489_cfg_698_seed_4_of0,698,4,12,16,0,60.0,12,10,OF0,SUCCESS,627,
run_3490_cfg_698_seed_5_of0,698,5,12,16,0,60.0,12,10,OF0,SUCCESS,627,
run_3491_cfg_699_seed_1_mrhof,699,1,12,16,0,60.0,12,20,MRHOF,SUCCESS,627,
run_3492_cfg_699_seed_2_mrhof,699,2,12,16,0,60.0,12,20,MRHOF,SUCCESS,627,
run_3493_cfg_699_seed_3_mrhof,699,3,12,16,0,60.0,12,20,MRHOF,SUCCESS,627,
run_3494_cfg_699_seed_4_mrhof,699,4,12,16,0,60.0,12,20,MRHOF,SUCCESS,627,
run_3495_cfg_699_seed_5_mrhof,699,5,12,16,0,60.0,12,20,MRHOF,SUCCESS,627,
run_3496_cfg_700_seed_1_of0,700,1,12,16,0,60.0,12,20,OF0,SUCCESS,627,
run_3497_cfg_700_seed_2_of0,700,2,12,16,0,60.0,12,20,OF0,SUCCESS,627,
run_3498_cfg_700_seed_3_of0,700,3,12,16,0,60.0,12,20,OF0,SUCCESS,627,
run_3499_cfg_700_seed_4_of0,700,4,12,16,0,60.0,12,20,OF0,SUCCESS,627,
run_3500_cfg_700_seed_5_of0,700,5,12,16,0,60.0,12,20,OF0,SUCCESS,627,
run_3501_cfg_701_seed_1_mrhof,701,1,12,16,0,60.0,16,5,MRHOF,SUCCESS,855,
run_3502_cfg_701_seed_2_mrhof,701,2,12,16,0,60.0,16,5,MRHOF,SUCCESS,855,
run_3503_cfg_701_seed_3_mrhof,701,3,12,16,0,60.0,16,5,MRHOF,SUCCESS,855,
run_3504_cfg_701_seed_4_mrhof,701,4,12,16,0,60.0,16,5,MRHOF,SUCCESS,855,
run_3505_cfg_701_seed_5_mrhof,701,5,12,16,0,60.0,16,5,MRHOF,SUCCESS,855,
run_3506_cfg_702_seed_1_of0,702,1,12,16,0,60.0,16,5,OF0,SUCCESS,855,
run_3507_cfg_702_seed_2_of0,702,2,12,16,0,60.0,16,5,OF0,SUCCESS,855,
run_3508_cfg_702_seed_3_of0,702,3,12,16,0,60.0,16,5,OF0,SUCCESS,855,
run_3509_cfg_702_seed_4_of0,702,4,12,16,0,60.0,16,5,OF0,SUCCESS,855,
run_3510_cfg_702_seed_5_of0,702,5,12,16,0,60.0,16,5,OF0,SUCCESS,855,
run_3511_cfg_703_seed_1_mrhof,703,1,12,16,0,60.0,16,10,MRHOF,SUCCESS,855,
run_3512_cfg_703_seed_2_mrhof,703,2,12,16,0,60.0,16,10,MRHOF,SUCCESS,855,
run_3513_cfg_703_seed_3_mrhof,703,3,12,16,0,60.0,16,10,MRHOF,SUCCESS,855,
run_3514_cfg_703_seed_4_mrhof,703,4,12,16,0,60.0,16,10,MRHOF,SUCCESS,855,
run_3515_cfg_703_seed_5_mrhof,703,5,12,16,0,60.0,16,10,MRHOF,SUCCESS,855,
run_3516_cfg_704_seed_1_mrhof,704,1,12,16,0,60.0,20,5,MRHOF,SUCCESS,1083,
run_3517_cfg_704_seed_2_mrhof,704,2,12,16,0,60.0,20,5,MRHOF,SUCCESS,1083,
run_3518_cfg_704_seed_3_mrhof,704,3,12,16,0,60.0,20,5,MRHOF,SUCCESS,1083,
run_3519_cfg_704_seed_4_mrhof,704,4,12,16,0,60.0,20,5,MRHOF,SUCCESS,1083,
run_3520_cfg_704_seed_5_mrhof,704,5,12,16,0,60.0,20,5,MRHOF,SUCCESS,1083,
run_3521_cfg_705_seed_1_of0,705,1,12,16,0,60.0,20,5,OF0,SUCCESS,1083,
run_3522_cfg_705_seed_2_of0,705,2,12,16,0,60.0,20,5,OF0,SUCCESS,1083,
run_3523_cfg_705_seed_3_of0,705,3,12,16,0,60.0,20,5,OF0,SUCCESS,1083,
run_3524_cfg_705_seed_4_of0,705,4,12,16,0,60.0,20,5,OF0,SUCCESS,1083,
run_3525_cfg_705_seed_5_of0,705,5,12,16,0,60.0,20,5,OF0,SUCCESS,1083,
run_3526_cfg_706_seed_1_mrhof,706,1,12,16,0,60.0,20,10,MRHOF,SUCCESS,1083,
run_3527_cfg_706_seed_2_mrhof,706,2,12,16,0,60.0,20,10,MRHOF,SUCCESS,1083,
run_3528_cfg_706_seed_3_mrhof,706,3,12,16,0,60.0,20,10,MRHOF,SUCCESS,1083,
run_3529_cfg_706_seed_4_mrhof,706,4,12,16,0,60.0,20,10,MRHOF,SUCCESS,1083,
run_3530_cfg_706_seed_5_mrhof,706,5,12,16,0,60.0,20,10,MRHOF,SUCCESS,1083,
run_3531_cfg_707_seed_1_of0,707,1,12,16,0,60.0,20,10,OF0,SUCCESS,1083,
run_3532_cfg_707_seed_2_of0,707,2,12,16,0,60.0,20,10,OF0,SUCCESS,1083,
run_3533_cfg_707_seed_3_of0,707,3,12,16,0,60.0,20,10,OF0,SUCCESS,1083,
run_3534_cfg_707_seed_4_of0,707,4,12,16,0,60.0,20,10,OF0,SUCCESS,1083,
run_3535_cfg_707_seed_5_of0,707,5,12,16,0,60.0,20,10,OF0,SUCCESS,1083,
run_3536_cfg_708_seed_1_mrhof,708,1,12,16,0,60.0,20,20,MRHOF,SUCCESS,1083,
run_3537_cfg_708_seed_2_mrhof,708,2,12,16,0,60.0,20,20,MRHOF,SUCCESS,1083,
run_3538_cfg_708_seed_3_mrhof,708,3,12,16,0,60.0,20,20,MRHOF,SUCCESS,1083,
run_3539_cfg_708_seed_4_mrhof,708,4,12,16,0,60.0,20,20,MRHOF,SUCCESS,1083,
run_3540_cfg_708_seed_5_mrhof,708,5,12,16,0,60.0,20,20,MRHOF,SUCCESS,1083,
run_3541_cfg_709_seed_1_of0,709,1,12,16,0,60.0,20,20,OF0,SUCCESS,1083,
run_3542_cfg_709_seed_2_of0,709,2,12,16,0,60.0,20,20,OF0,SUCCESS,1083,
run_3543_cfg_709_seed_3_of0,709,3,12,16,0,60.0,20,20,OF0,SUCCESS,1083,
run_3544_cfg_709_seed_4_of0,709,4,12,16,0,60.0,20,20,OF0,SUCCESS,1083,
run_3545_cfg_709_seed_5_of0,709,5,12,16,0,60.0,20,20,OF0,SUCCESS,1083,
run_3546_cfg_710_seed_1_of0,710,1,12,16,5,40.0,12,5,OF0,SUCCESS,627,
run_3547_cfg_710_seed_2_of0,710,2,12,16,5,40.0,12,5,OF0,SUCCESS,627,
run_3548_cfg_710_seed_3_of0,710,3,12,16,5,40.0,12,5,OF0,SUCCESS,627,
run_3549_cfg_710_seed_4_of0,710,4,12,16,5,40.0,12,5,OF0,SUCCESS,627,
run_3550_cfg_710_seed_5_of0,710,5,12,16,5,40.0,12,5,OF0,SUCCESS,627,
run_3551_cfg_711_seed_1_mrhof,711,1,12,16,5,40.0,12,10,MRHOF,SUCCESS,627,
run_3552_cfg_711_seed_2_mrhof,711,2,12,16,5,40.0,12,10,MRHOF,SUCCESS,627,
run_3553_cfg_711_seed_3_mrhof,711,3,12,16,5,40.0,12,10,MRHOF,SUCCESS,627,
run_3554_cfg_711_seed_4_mrhof,711,4,12,16,5,40.0,12,10,MRHOF,SUCCESS,627,
run_3555_cfg_711_seed_5_mrhof,711,5,12,16,5,40.0,12,10,MRHOF,SUCCESS,627,
run_3556_cfg_712_seed_1_of0,712,1,12,16,5,40.0,12,10,OF0,SUCCESS,627,
run_3557_cfg_712_seed_2_of0,712,2,12,16,5,40.0,12,10,OF0,SUCCESS,627,
run_3558_cfg_712_seed_3_of0,712,3,12,16,5,40.0,12,10,OF0,SUCCESS,627,
run_3559_cfg_712_seed_4_of0,712,4,12,16,5,40.0,12,10,OF0,SUCCESS,627,
run_3560_cfg_712_seed_5_of0,712,5,12,16,5,40.0,12,10,OF0,SUCCESS,627,
run_3561_cfg_713_seed_1_mrhof,713,1,12,16,5,40.0,12,20,MRHOF,SUCCESS,627,
run_3562_cfg_713_seed_2_mrhof,713,2,12,16,5,40.0,12,20,MRHOF,SUCCESS,627,
run_3563_cfg_713_seed_3_mrhof,713,3,12,16,5,40.0,12,20,MRHOF,SUCCESS,627,
run_3564_cfg_713_seed_4_mrhof,713,4,12,16,5,40.0,12,20,MRHOF,SUCCESS,627,
run_3565_cfg_713_seed_5_mrhof,713,5,12,16,5,40.0,12,20,MRHOF,SUCCESS,627,
run_3566_cfg_714_seed_1_mrhof,714,1,12,16,5,40.0,16,5,MRHOF,SUCCESS,855,
run_3567_cfg_714_seed_2_mrhof,714,2,12,16,5,40.0,16,5,MRHOF,SUCCESS,855,
run_3568_cfg_714_seed_3_mrhof,714,3,12,16,5,40.0,16,5,MRHOF,SUCCESS,855,
run_3569_cfg_714_seed_4_mrhof,714,4,12,16,5,40.0,16,5,MRHOF,SUCCESS,855,
run_3570_cfg_714_seed_5_mrhof,714,5,12,16,5,40.0,16,5,MRHOF,SUCCESS,855,
run_3571_cfg_715_seed_1_of0,715,1,12,16,5,40.0,16,5,OF0,SUCCESS,855,
run_3572_cfg_715_seed_2_of0,715,2,12,16,5,40.0,16,5,OF0,SUCCESS,855,
run_3573_cfg_715_seed_3_of0,715,3,12,16,5,40.0,16,5,OF0,SUCCESS,855,
run_3574_cfg_715_seed_4_of0,715,4,12,16,5,40.0,16,5,OF0,SUCCESS,855,
run_3575_cfg_715_seed_5_of0,715,5,12,16,5,40.0,16,5,OF0,SUCCESS,855,
run_3576_cfg_716_seed_1_of0,716,1,12,16,5,40.0,16,10,OF0,SUCCESS,855,
run_3577_cfg_716_seed_2_of0,716,2,12,16,5,40.0,16,10,OF0,SUCCESS,855,
run_3578_cfg_716_seed_3_of0,716,3,12,16,5,40.0,16,10,OF0,SUCCESS,855,
run_3579_cfg_716_seed_4_of0,716,4,12,16,5,40.0,16,10,OF0,SUCCESS,855,
run_3580_cfg_716_seed_5_of0,716,5,12,16,5,40.0,16,10,OF0,SUCCESS,855,
run_3581_cfg_717_seed_1_mrhof,717,1,12,16,5,40.0,16,20,MRHOF,SUCCESS,855,
run_3582_cfg_717_seed_2_mrhof,717,2,12,16,5,40.0,16,20,MRHOF,SUCCESS,855,
run_3583_cfg_717_seed_3_mrhof,717,3,12,16,5,40.0,16,20,MRHOF,SUCCESS,855,
run_3584_cfg_717_seed_4_mrhof,717,4,12,16,5,40.0,16,20,MRHOF,SUCCESS,855,
run_3585_cfg_717_seed_5_mrhof,717,5,12,16,5,40.0,16,20,MRHOF,SUCCESS,855,
run_3586_cfg_718_seed_1_of0,718,1,12,16,5,40.0,16,20,OF0,SUCCESS,855,
run_3587_cfg_718_seed_2_of0,718,2,12,16,5,40.0,16,20,OF0,SUCCESS,855,
run_3588_cfg_718_seed_3_of0,718,3,12,16,5,40.0,16,20,OF0,SUCCESS,855,
run_3589_cfg_718_seed_4_of0,718,4,12,16,5,40.0,16,20,OF0,SUCCESS,855,
run_3590_cfg_718_seed_5_of0,718,5,12,16,5,40.0,16,20,OF0,SUCCESS,855,
run_3591_cfg_719_seed_1_of0,719,1,12,16,5,40.0,20,5,OF0,SUCCESS,1082,
run_3592_cfg_719_seed_2_of0,719,2,12,16,5,40.0,20,5,OF0,SUCCESS,1083,
run_3593_cfg_719_seed_3_of0,719,3,12,16,5,40.0,20,5,OF0,SUCCESS,1083,
run_3594_cfg_719_seed_4_of0,719,4,12,16,5,40.0,20,5,OF0,SUCCESS,1083,
run_3595_cfg_719_seed_5_of0,719,5,12,16,5,40.0,20,5,OF0,SUCCESS,1083,
run_3596_cfg_720_seed_1_of0,720,1,12,16,5,40.0,20,10,OF0,SUCCESS,1083,
run_3597_cfg_720_seed_2_of0,720,2,12,16,5,40.0,20,10,OF0,SUCCESS,1083,
run_3598_cfg_720_seed_3_of0,720,3,12,16,5,40.0,20,10,OF0,SUCCESS,1083,
run_3599_cfg_720_seed_4_of0,720,4,12,16,5,40.0,20,10,OF0,SUCCESS,1083,
run_3600_cfg_720_seed_5_of0,720,5,12,16,5,40.0,20,10,OF0,SUCCESS,1083,
run_3601_cfg_721_seed_1_of0,721,1,12,16,5,40.0,20,20,OF0,SUCCESS,1083,
run_3602_cfg_721_seed_2_of0,721,2,12,16,5,40.0,20,20,OF0,SUCCESS,1083,
run_3603_cfg_721_seed_3_of0,721,3,12,16,5,40.0,20,20,OF0,SUCCESS,1083,
run_3604_cfg_721_seed_4_of0,721,4,12,16,5,40.0,20,20,OF0,SUCCESS,1083,
run_3605_cfg_721_seed_5_of0,721,5,12,16,5,40.0,20,20,OF0,SUCCESS,1083,
run_3606_cfg_722_seed_1_of0,722,1,12,16,5,50.0,12,5,OF0,SUCCESS,627,
run_3607_cfg_722_seed_2_of0,722,2,12,16,5,50.0,12,5,OF0,SUCCESS,627,
run_3608_cfg_722_seed_3_of0,722,3,12,16,5,50.0,12,5,OF0,SUCCESS,627,
run_3609_cfg_722_seed_4_of0,722,4,12,16,5,50.0,12,5,OF0,SUCCESS,627,
run_3610_cfg_722_seed_5_of0,722,5,12,16,5,50.0,12,5,OF0,SUCCESS,627,
run_3611_cfg_723_seed_1_mrhof,723,1,12,16,5,50.0,12,10,MRHOF,SUCCESS,627,
run_3612_cfg_723_seed_2_mrhof,723,2,12,16,5,50.0,12,10,MRHOF,SUCCESS,627,
run_3613_cfg_723_seed_3_mrhof,723,3,12,16,5,50.0,12,10,MRHOF,SUCCESS,627,
run_3614_cfg_723_seed_4_mrhof,723,4,12,16,5,50.0,12,10,MRHOF,SUCCESS,627,
run_3615_cfg_723_seed_5_mrhof,723,5,12,16,5,50.0,12,10,MRHOF,SUCCESS,627,
run_3616_cfg_724_seed_1_of0,724,1,12,16,5,50.0,12,10,OF0,SUCCESS,627,
run_3617_cfg_724_seed_2_of0,724,2,12,16,5,50.0,12,10,OF0,SUCCESS,627,
run_3618_cfg_724_seed_3_of0,724,3,12,16,5,50.0,12,10,OF0,SUCCESS,627,
run_3619_cfg_724_seed_4_of0,724,4,12,16,5,50.0,12,10,OF0,SUCCESS,627,
run_3620_cfg_724_seed_5_of0,724,5,12,16,5,50.0,12,10,OF0,SUCCESS,627,
run_3621_cfg_725_seed_1_mrhof,725,1,12,16,5,50.0,12,20,MRHOF,SUCCESS,627,
run_3622_cfg_725_seed_2_mrhof,725,2,12,16,5,50.0,12,20,MRHOF,SUCCESS,627,
run_3623_cfg_725_seed_3_mrhof,725,3,12,16,5,50.0,12,20,MRHOF,SUCCESS,627,
run_3624_cfg_725_seed_4_mrhof,725,4,12,16,5,50.0,12,20,MRHOF,SUCCESS,627,
run_3625_cfg_725_seed_5_mrhof,725,5,12,16,5,50.0,12,20,MRHOF,SUCCESS,627,
run_3626_cfg_726_seed_1_mrhof,726,1,12,16,5,50.0,16,5,MRHOF,SUCCESS,855,
run_3627_cfg_726_seed_2_mrhof,726,2,12,16,5,50.0,16,5,MRHOF,SUCCESS,855,
run_3628_cfg_726_seed_3_mrhof,726,3,12,16,5,50.0,16,5,MRHOF,SUCCESS,855,
run_3629_cfg_726_seed_4_mrhof,726,4,12,16,5,50.0,16,5,MRHOF,SUCCESS,855,
run_3630_cfg_726_seed_5_mrhof,726,5,12,16,5,50.0,16,5,MRHOF,SUCCESS,855,
run_3631_cfg_727_seed_1_mrhof,727,1,12,16,5,50.0,16,10,MRHOF,SUCCESS,855,
run_3632_cfg_727_seed_2_mrhof,727,2,12,16,5,50.0,16,10,MRHOF,SUCCESS,855,
run_3633_cfg_727_seed_3_mrhof,727,3,12,16,5,50.0,16,10,MRHOF,SUCCESS,855,
run_3634_cfg_727_seed_4_mrhof,727,4,12,16,5,50.0,16,10,MRHOF,SUCCESS,855,
run_3635_cfg_727_seed_5_mrhof,727,5,12,16,5,50.0,16,10,MRHOF,SUCCESS,855,
run_3636_cfg_728_seed_1_of0,728,1,12,16,5,50.0,16,10,OF0,SUCCESS,855,
run_3637_cfg_728_seed_2_of0,728,2,12,16,5,50.0,16,10,OF0,SUCCESS,855,
run_3638_cfg_728_seed_3_of0,728,3,12,16,5,50.0,16,10,OF0,SUCCESS,855,
run_3639_cfg_728_seed_4_of0,728,4,12,16,5,50.0,16,10,OF0,SUCCESS,855,
run_3640_cfg_728_seed_5_of0,728,5,12,16,5,50.0,16,10,OF0,SUCCESS,855,
run_3641_cfg_729_seed_1_mrhof,729,1,12,16,5,50.0,16,20,MRHOF,SUCCESS,855,
run_3642_cfg_729_seed_2_mrhof,729,2,12,16,5,50.0,16,20,MRHOF,SUCCESS,855,
run_3643_cfg_729_seed_3_mrhof,729,3,12,16,5,50.0,16,20,MRHOF,SUCCESS,855,
run_3644_cfg_729_seed_4_mrhof,729,4,12,16,5,50.0,16,20,MRHOF,SUCCESS,855,
run_3645_cfg_729_seed_5_mrhof,729,5,12,16,5,50.0,16,20,MRHOF,SUCCESS,855,
run_3646_cfg_730_seed_1_of0,730,1,12,16,5,50.0,16,20,OF0,SUCCESS,855,
run_3647_cfg_730_seed_2_of0,730,2,12,16,5,50.0,16,20,OF0,SUCCESS,855,
run_3648_cfg_730_seed_3_of0,730,3,12,16,5,50.0,16,20,OF0,SUCCESS,855,
run_3649_cfg_730_seed_4_of0,730,4,12,16,5,50.0,16,20,OF0,SUCCESS,855,
run_3650_cfg_730_seed_5_of0,730,5,12,16,5,50.0,16,20,OF0,SUCCESS,855,
run_3651_cfg_731_seed_1_of0,731,1,12,16,5,50.0,20,5,OF0,SUCCESS,1083,
run_3652_cfg_731_seed_2_of0,731,2,12,16,5,50.0,20,5,OF0,SUCCESS,1083,
run_3653_cfg_731_seed_3_of0,731,3,12,16,5,50.0,20,5,OF0,SUCCESS,1083,
run_3654_cfg_731_seed_4_of0,731,4,12,16,5,50.0,20,5,OF0,SUCCESS,1083,
run_3655_cfg_731_seed_5_of0,731,5,12,16,5,50.0,20,5,OF0,SUCCESS,1083,
run_3656_cfg_732_seed_1_mrhof,732,1,12,16,5,50.0,20,10,MRHOF,SUCCESS,1083,
run_3657_cfg_732_seed_2_mrhof,732,2,12,16,5,50.0,20,10,MRHOF,SUCCESS,1083,
run_3658_cfg_732_seed_3_mrhof,732,3,12,16,5,50.0,20,10,MRHOF,SUCCESS,1083,
run_3659_cfg_732_seed_4_mrhof,732,4,12,16,5,50.0,20,10,MRHOF,SUCCESS,1083,
run_3660_cfg_732_seed_5_mrhof,732,5,12,16,5,50.0,20,10,MRHOF,SUCCESS,1083,
run_3661_cfg_733_seed_1_of0,733,1,12,16,5,60.0,12,5,OF0,SUCCESS,627,
run_3662_cfg_733_seed_2_of0,733,2,12,16,5,60.0,12,5,OF0,SUCCESS,627,
run_3663_cfg_733_seed_3_of0,733,3,12,16,5,60.0,12,5,OF0,SUCCESS,627,
run_3664_cfg_733_seed_4_of0,733,4,12,16,5,60.0,12,5,OF0,SUCCESS,627,
run_3665_cfg_733_seed_5_of0,733,5,12,16,5,60.0,12,5,OF0,SUCCESS,627,
run_3666_cfg_734_seed_1_mrhof,734,1,12,16,5,60.0,12,10,MRHOF,SUCCESS,627,
run_3667_cfg_734_seed_2_mrhof,734,2,12,16,5,60.0,12,10,MRHOF,SUCCESS,627,
run_3668_cfg_734_seed_3_mrhof,734,3,12,16,5,60.0,12,10,MRHOF,SUCCESS,627,
run_3669_cfg_734_seed_4_mrhof,734,4,12,16,5,60.0,12,10,MRHOF,SUCCESS,627,
run_3670_cfg_734_seed_5_mrhof,734,5,12,16,5,60.0,12,10,MRHOF,SUCCESS,627,
run_3671_cfg_735_seed_1_of0,735,1,12,16,5,60.0,12,10,OF0,SUCCESS,627,
run_3672_cfg_735_seed_2_of0,735,2,12,16,5,60.0,12,10,OF0,SUCCESS,627,
run_3673_cfg_735_seed_3_of0,735,3,12,16,5,60.0,12,10,OF0,SUCCESS,627,
run_3674_cfg_735_seed_4_of0,735,4,12,16,5,60.0,12,10,OF0,SUCCESS,627,
run_3675_cfg_735_seed_5_of0,735,5,12,16,5,60.0,12,10,OF0,SUCCESS,627,
run_3676_cfg_736_seed_1_of0,736,1,12,16,5,60.0,12,20,OF0,SUCCESS,627,
run_3677_cfg_736_seed_2_of0,736,2,12,16,5,60.0,12,20,OF0,SUCCESS,627,
run_3678_cfg_736_seed_3_of0,736,3,12,16,5,60.0,12,20,OF0,SUCCESS,627,
run_3679_cfg_736_seed_4_of0,736,4,12,16,5,60.0,12,20,OF0,SUCCESS,627,
run_3680_cfg_736_seed_5_of0,736,5,12,16,5,60.0,12,20,OF0,SUCCESS,627,
run_3681_cfg_737_seed_1_mrhof,737,1,12,16,5,60.0,16,10,MRHOF,SUCCESS,855,
run_3682_cfg_737_seed_2_mrhof,737,2,12,16,5,60.0,16,10,MRHOF,SUCCESS,855,
run_3683_cfg_737_seed_3_mrhof,737,3,12,16,5,60.0,16,10,MRHOF,SUCCESS,855,
run_3684_cfg_737_seed_4_mrhof,737,4,12,16,5,60.0,16,10,MRHOF,SUCCESS,855,
run_3685_cfg_737_seed_5_mrhof,737,5,12,16,5,60.0,16,10,MRHOF,SUCCESS,855,
run_3686_cfg_738_seed_1_of0,738,1,12,16,5,60.0,16,10,OF0,SUCCESS,855,
run_3687_cfg_738_seed_2_of0,738,2,12,16,5,60.0,16,10,OF0,SUCCESS,855,
run_3688_cfg_738_seed_3_of0,738,3,12,16,5,60.0,16,10,OF0,SUCCESS,855,
run_3689_cfg_738_seed_4_of0,738,4,12,16,5,60.0,16,10,OF0,SUCCESS,855,
run_3690_cfg_738_seed_5_of0,738,5,12,16,5,60.0,16,10,OF0,SUCCESS,855,
run_3691_cfg_739_seed_1_mrhof,739,1,12,16,5,60.0,16,20,MRHOF,SUCCESS,855,
run_3692_cfg_739_seed_2_mrhof,739,2,12,16,5,60.0,16,20,MRHOF,SUCCESS,855,
run_3693_cfg_739_seed_3_mrhof,739,3,12,16,5,60.0,16,20,MRHOF,SUCCESS,855,
run_3694_cfg_739_seed_4_mrhof,739,4,12,16,5,60.0,16,20,MRHOF,SUCCESS,855,
run_3695_cfg_739_seed_5_mrhof,739,5,12,16,5,60.0,16,20,MRHOF,SUCCESS,855,
run_3696_cfg_740_seed_1_mrhof,740,1,12,16,5,60.0,20,5,MRHOF,SUCCESS,1083,
run_3697_cfg_740_seed_2_mrhof,740,2,12,16,5,60.0,20,5,MRHOF,SUCCESS,1083,
run_3698_cfg_740_seed_3_mrhof,740,3,12,16,5,60.0,20,5,MRHOF,SUCCESS,1083,
run_3699_cfg_740_seed_4_mrhof,740,4,12,16,5,60.0,20,5,MRHOF,SUCCESS,1083,
run_3700_cfg_740_seed_5_mrhof,740,5,12,16,5,60.0,20,5,MRHOF,SUCCESS,1083,
run_3701_cfg_741_seed_1_of0,741,1,12,16,5,60.0,20,5,OF0,SUCCESS,1083,
run_3702_cfg_741_seed_2_of0,741,2,12,16,5,60.0,20,5,OF0,SUCCESS,1083,
run_3703_cfg_741_seed_3_of0,741,3,12,16,5,60.0,20,5,OF0,SUCCESS,1083,
run_3704_cfg_741_seed_4_of0,741,4,12,16,5,60.0,20,5,OF0,SUCCESS,1083,
run_3705_cfg_741_seed_5_of0,741,5,12,16,5,60.0,20,5,OF0,SUCCESS,1083,
run_3706_cfg_742_seed_1_mrhof,742,1,12,16,5,60.0,20,10,MRHOF,SUCCESS,1083,
run_3707_cfg_742_seed_2_mrhof,742,2,12,16,5,60.0,20,10,MRHOF,SUCCESS,1083,
run_3708_cfg_742_seed_3_mrhof,742,3,12,16,5,60.0,20,10,MRHOF,SUCCESS,1083,
run_3709_cfg_742_seed_4_mrhof,742,4,12,16,5,60.0,20,10,MRHOF,SUCCESS,1083,
run_3710_cfg_742_seed_5_mrhof,742,5,12,16,5,60.0,20,10,MRHOF,SUCCESS,1083,
run_3711_cfg_743_seed_1_mrhof,743,1,12,16,5,60.0,20,20,MRHOF,SUCCESS,1083,
run_3712_cfg_743_seed_2_mrhof,743,2,12,16,5,60.0,20,20,MRHOF,SUCCESS,1083,
run_3713_cfg_743_seed_3_mrhof,743,3,12,16,5,60.0,20,20,MRHOF,SUCCESS,1083,
run_3714_cfg_743_seed_4_mrhof,743,4,12,16,5,60.0,20,20,MRHOF,SUCCESS,1083,
run_3715_cfg_743_seed_5_mrhof,743,5,12,16,5,60.0,20,20,MRHOF,SUCCESS,1083,
run_3716_cfg_744_seed_1_mrhof,744,1,12,16,10,40.0,12,5,MRHOF,SUCCESS,627,
run_3717_cfg_744_seed_2_mrhof,744,2,12,16,10,40.0,12,5,MRHOF,SUCCESS,627,
run_3718_cfg_744_seed_3_mrhof,744,3,12,16,10,40.0,12,5,MRHOF,SUCCESS,627,
run_3719_cfg_744_seed_4_mrhof,744,4,12,16,10,40.0,12,5,MRHOF,SUCCESS,627,
run_3720_cfg_744_seed_5_mrhof,744,5,12,16,10,40.0,12,5,MRHOF,SUCCESS,627,
run_3721_cfg_745_seed_1_of0,745,1,12,16,10,40.0,12,10,OF0,SUCCESS,627,
run_3722_cfg_745_seed_2_of0,745,2,12,16,10,40.0,12,10,OF0,SUCCESS,627,
run_3723_cfg_745_seed_3_of0,745,3,12,16,10,40.0,12,10,OF0,SUCCESS,627,
run_3724_cfg_745_seed_4_of0,745,4,12,16,10,40.0,12,10,OF0,SUCCESS,627,
run_3725_cfg_745_seed_5_of0,745,5,12,16,10,40.0,12,10,OF0,SUCCESS,627,
run_3726_cfg_746_seed_1_mrhof,746,1,12,16,10,40.0,12,20,MRHOF,SUCCESS,627,
run_3727_cfg_746_seed_2_mrhof,746,2,12,16,10,40.0,12,20,MRHOF,SUCCESS,627,
run_3728_cfg_746_seed_3_mrhof,746,3,12,16,10,40.0,12,20,MRHOF,SUCCESS,627,
run_3729_cfg_746_seed_4_mrhof,746,4,12,16,10,40.0,12,20,MRHOF,SUCCESS,627,
run_3730_cfg_746_seed_5_mrhof,746,5,12,16,10,40.0,12,20,MRHOF,SUCCESS,627,
run_3731_cfg_747_seed_1_mrhof,747,1,12,16,10,40.0,16,5,MRHOF,SUCCESS,855,
run_3732_cfg_747_seed_2_mrhof,747,2,12,16,10,40.0,16,5,MRHOF,SUCCESS,855,
run_3733_cfg_747_seed_3_mrhof,747,3,12,16,10,40.0,16,5,MRHOF,SUCCESS,855,
run_3734_cfg_747_seed_4_mrhof,747,4,12,16,10,40.0,16,5,MRHOF,SUCCESS,855,
run_3735_cfg_747_seed_5_mrhof,747,5,12,16,10,40.0,16,5,MRHOF,SUCCESS,855,
run_3736_cfg_748_seed_1_of0,748,1,12,16,10,40.0,16,5,OF0,SUCCESS,855,
run_3737_cfg_748_seed_2_of0,748,2,12,16,10,40.0,16,5,OF0,SUCCESS,855,
run_3738_cfg_748_seed_3_of0,748,3,12,16,10,40.0,16,5,OF0,SUCCESS,855,
run_3739_cfg_748_seed_4_of0,748,4,12,16,10,40.0,16,5,OF0,SUCCESS,855,
run_3740_cfg_748_seed_5_of0,748,5,12,16,10,40.0,16,5,OF0,SUCCESS,855,
run_3741_cfg_749_seed_1_of0,749,1,12,16,10,40.0,16,10,OF0,SUCCESS,855,
run_3742_cfg_749_seed_2_of0,749,2,12,16,10,40.0,16,10,OF0,SUCCESS,853,
run_3743_cfg_749_seed_3_of0,749,3,12,16,10,40.0,16,10,OF0,SUCCESS,855,
run_3744_cfg_749_seed_4_of0,749,4,12,16,10,40.0,16,10,OF0,SUCCESS,855,
run_3745_cfg_749_seed_5_of0,749,5,12,16,10,40.0,16,10,OF0,SUCCESS,855,
run_3746_cfg_750_seed_1_of0,750,1,12,16,10,40.0,16,20,OF0,SUCCESS,855,
run_3747_cfg_750_seed_2_of0,750,2,12,16,10,40.0,16,20,OF0,SUCCESS,855,
run_3748_cfg_750_seed_3_of0,750,3,12,16,10,40.0,16,20,OF0,SUCCESS,855,
run_3749_cfg_750_seed_4_of0,750,4,12,16,10,40.0,16,20,OF0,SUCCESS,855,
run_3750_cfg_750_seed_5_of0,750,5,12,16,10,40.0,16,20,OF0,SUCCESS,855,
run_3751_cfg_751_seed_1_of0,751,1,12,16,10,40.0,20,5,OF0,SUCCESS,1082,
run_3752_cfg_751_seed_2_of0,751,2,12,16,10,40.0,20,5,OF0,SUCCESS,1083,
run_3753_cfg_751_seed_3_of0,751,3,12,16,10,40.0,20,5,OF0,SUCCESS,1083,
run_3754_cfg_751_seed_4_of0,751,4,12,16,10,40.0,20,5,OF0,SUCCESS,1083,
run_3755_cfg_751_seed_5_of0,751,5,12,16,10,40.0,20,5,OF0,SUCCESS,1083,
run_3756_cfg_752_seed_1_mrhof,752,1,12,16,10,40.0,20,10,MRHOF,SUCCESS,1083,
run_3757_cfg_752_seed_2_mrhof,752,2,12,16,10,40.0,20,10,MRHOF,SUCCESS,1083,
run_3758_cfg_752_seed_3_mrhof,752,3,12,16,10,40.0,20,10,MRHOF,SUCCESS,1083,
run_3759_cfg_752_seed_4_mrhof,752,4,12,16,10,40.0,20,10,MRHOF,SUCCESS,1083,
run_3760_cfg_752_seed_5_mrhof,752,5,12,16,10,40.0,20,10,MRHOF,SUCCESS,1083,
run_3761_cfg_753_seed_1_mrhof,753,1,12,16,10,40.0,20,20,MRHOF,SUCCESS,1083,
run_3762_cfg_753_seed_2_mrhof,753,2,12,16,10,40.0,20,20,MRHOF,SUCCESS,1083,
run_3763_cfg_753_seed_3_mrhof,753,3,12,16,10,40.0,20,20,MRHOF,SUCCESS,1083,
run_3764_cfg_753_seed_4_mrhof,753,4,12,16,10,40.0,20,20,MRHOF,SUCCESS,1083,
run_3765_cfg_753_seed_5_mrhof,753,5,12,16,10,40.0,20,20,MRHOF,SUCCESS,1083,
run_3766_cfg_754_seed_1_mrhof,754,1,12,16,10,50.0,12,5,MRHOF,SUCCESS,627,
run_3767_cfg_754_seed_2_mrhof,754,2,12,16,10,50.0,12,5,MRHOF,SUCCESS,627,
run_3768_cfg_754_seed_3_mrhof,754,3,12,16,10,50.0,12,5,MRHOF,SUCCESS,627,
run_3769_cfg_754_seed_4_mrhof,754,4,12,16,10,50.0,12,5,MRHOF,SUCCESS,627,
run_3770_cfg_754_seed_5_mrhof,754,5,12,16,10,50.0,12,5,MRHOF,SUCCESS,627,
run_3771_cfg_755_seed_1_of0,755,1,12,16,10,50.0,12,5,OF0,SUCCESS,627,
run_3772_cfg_755_seed_2_of0,755,2,12,16,10,50.0,12,5,OF0,SUCCESS,627,
run_3773_cfg_755_seed_3_of0,755,3,12,16,10,50.0,12,5,OF0,SUCCESS,627,
run_3774_cfg_755_seed_4_of0,755,4,12,16,10,50.0,12,5,OF0,SUCCESS,627,
run_3775_cfg_755_seed_5_of0,755,5,12,16,10,50.0,12,5,OF0,SUCCESS,627,
run_3776_cfg_756_seed_1_mrhof,756,1,12,16,10,50.0,12,10,MRHOF,SUCCESS,627,
run_3777_cfg_756_seed_2_mrhof,756,2,12,16,10,50.0,12,10,MRHOF,SUCCESS,627,
run_3778_cfg_756_seed_3_mrhof,756,3,12,16,10,50.0,12,10,MRHOF,SUCCESS,627,
run_3779_cfg_756_seed_4_mrhof,756,4,12,16,10,50.0,12,10,MRHOF,SUCCESS,627,
run_3780_cfg_756_seed_5_mrhof,756,5,12,16,10,50.0,12,10,MRHOF,SUCCESS,627,
run_3781_cfg_757_seed_1_mrhof,757,1,12,16,10,50.0,12,20,MRHOF,SUCCESS,627,
run_3782_cfg_757_seed_2_mrhof,757,2,12,16,10,50.0,12,20,MRHOF,SUCCESS,627,
run_3783_cfg_757_seed_3_mrhof,757,3,12,16,10,50.0,12,20,MRHOF,SUCCESS,627,
run_3784_cfg_757_seed_4_mrhof,757,4,12,16,10,50.0,12,20,MRHOF,SUCCESS,627,
run_3785_cfg_757_seed_5_mrhof,757,5,12,16,10,50.0,12,20,MRHOF,SUCCESS,627,
run_3786_cfg_758_seed_1_mrhof,758,1,12,16,10,50.0,16,5,MRHOF,SUCCESS,855,
run_3787_cfg_758_seed_2_mrhof,758,2,12,16,10,50.0,16,5,MRHOF,SUCCESS,855,
run_3788_cfg_758_seed_3_mrhof,758,3,12,16,10,50.0,16,5,MRHOF,SUCCESS,855,
run_3789_cfg_758_seed_4_mrhof,758,4,12,16,10,50.0,16,5,MRHOF,SUCCESS,855,
run_3790_cfg_758_seed_5_mrhof,758,5,12,16,10,50.0,16,5,MRHOF,SUCCESS,855,
run_3791_cfg_759_seed_1_of0,759,1,12,16,10,50.0,16,5,OF0,SUCCESS,855,
run_3792_cfg_759_seed_2_of0,759,2,12,16,10,50.0,16,5,OF0,SUCCESS,855,
run_3793_cfg_759_seed_3_of0,759,3,12,16,10,50.0,16,5,OF0,SUCCESS,855,
run_3794_cfg_759_seed_4_of0,759,4,12,16,10,50.0,16,5,OF0,SUCCESS,855,
run_3795_cfg_759_seed_5_of0,759,5,12,16,10,50.0,16,5,OF0,SUCCESS,855,
run_3796_cfg_760_seed_1_mrhof,760,1,12,16,10,50.0,16,10,MRHOF,SUCCESS,855,
run_3797_cfg_760_seed_2_mrhof,760,2,12,16,10,50.0,16,10,MRHOF,SUCCESS,855,
run_3798_cfg_760_seed_3_mrhof,760,3,12,16,10,50.0,16,10,MRHOF,SUCCESS,855,
run_3799_cfg_760_seed_4_mrhof,760,4,12,16,10,50.0,16,10,MRHOF,SUCCESS,855,
run_3800_cfg_760_seed_5_mrhof,760,5,12,16,10,50.0,16,10,MRHOF,SUCCESS,855,
run_3801_cfg_761_seed_1_mrhof,761,1,12,16,10,50.0,16,20,MRHOF,SUCCESS,855,
run_3802_cfg_761_seed_2_mrhof,761,2,12,16,10,50.0,16,20,MRHOF,SUCCESS,855,
run_3803_cfg_761_seed_3_mrhof,761,3,12,16,10,50.0,16,20,MRHOF,SUCCESS,855,
run_3804_cfg_761_seed_4_mrhof,761,4,12,16,10,50.0,16,20,MRHOF,SUCCESS,855,
run_3805_cfg_761_seed_5_mrhof,761,5,12,16,10,50.0,16,20,MRHOF,SUCCESS,855,
run_3806_cfg_762_seed_1_of0,762,1,12,16,10,50.0,16,20,OF0,SUCCESS,855,
run_3807_cfg_762_seed_2_of0,762,2,12,16,10,50.0,16,20,OF0,SUCCESS,855,
run_3808_cfg_762_seed_3_of0,762,3,12,16,10,50.0,16,20,OF0,SUCCESS,855,
run_3809_cfg_762_seed_4_of0,762,4,12,16,10,50.0,16,20,OF0,SUCCESS,855,
run_3810_cfg_762_seed_5_of0,762,5,12,16,10,50.0,16,20,OF0,SUCCESS,855,
run_3811_cfg_763_seed_1_of0,763,1,12,16,10,50.0,20,5,OF0,SUCCESS,1083,
run_3812_cfg_763_seed_2_of0,763,2,12,16,10,50.0,20,5,OF0,SUCCESS,1083,
run_3813_cfg_763_seed_3_of0,763,3,12,16,10,50.0,20,5,OF0,SUCCESS,1083,
run_3814_cfg_763_seed_4_of0,763,4,12,16,10,50.0,20,5,OF0,SUCCESS,1083,
run_3815_cfg_763_seed_5_of0,763,5,12,16,10,50.0,20,5,OF0,SUCCESS,1083,
run_3816_cfg_764_seed_1_of0,764,1,12,16,10,50.0,20,20,OF0,SUCCESS,1083,
run_3817_cfg_764_seed_2_of0,764,2,12,16,10,50.0,20,20,OF0,SUCCESS,1083,
run_3818_cfg_764_seed_3_of0,764,3,12,16,10,50.0,20,20,OF0,SUCCESS,1083,
run_3819_cfg_764_seed_4_of0,764,4,12,16,10,50.0,20,20,OF0,SUCCESS,1083,
run_3820_cfg_764_seed_5_of0,764,5,12,16,10,50.0,20,20,OF0,SUCCESS,1083,
run_3821_cfg_765_seed_1_mrhof,765,1,12,16,10,60.0,12,5,MRHOF,SUCCESS,627,
run_3822_cfg_765_seed_2_mrhof,765,2,12,16,10,60.0,12,5,MRHOF,SUCCESS,627,
run_3823_cfg_765_seed_3_mrhof,765,3,12,16,10,60.0,12,5,MRHOF,SUCCESS,627,
run_3824_cfg_765_seed_4_mrhof,765,4,12,16,10,60.0,12,5,MRHOF,SUCCESS,627,
run_3825_cfg_765_seed_5_mrhof,765,5,12,16,10,60.0,12,5,MRHOF,SUCCESS,627,
run_3826_cfg_766_seed_1_mrhof,766,1,12,16,10,60.0,12,10,MRHOF,SUCCESS,627,
run_3827_cfg_766_seed_2_mrhof,766,2,12,16,10,60.0,12,10,MRHOF,SUCCESS,627,
run_3828_cfg_766_seed_3_mrhof,766,3,12,16,10,60.0,12,10,MRHOF,SUCCESS,627,
run_3829_cfg_766_seed_4_mrhof,766,4,12,16,10,60.0,12,10,MRHOF,SUCCESS,627,
run_3830_cfg_766_seed_5_mrhof,766,5,12,16,10,60.0,12,10,MRHOF,SUCCESS,627,
run_3831_cfg_767_seed_1_of0,767,1,12,16,10,60.0,12,10,OF0,SUCCESS,627,
run_3832_cfg_767_seed_2_of0,767,2,12,16,10,60.0,12,10,OF0,SUCCESS,627,
run_3833_cfg_767_seed_3_of0,767,3,12,16,10,60.0,12,10,OF0,SUCCESS,627,
run_3834_cfg_767_seed_4_of0,767,4,12,16,10,60.0,12,10,OF0,SUCCESS,627,
run_3835_cfg_767_seed_5_of0,767,5,12,16,10,60.0,12,10,OF0,SUCCESS,627,
run_3836_cfg_768_seed_1_mrhof,768,1,12,16,10,60.0,12,20,MRHOF,SUCCESS,627,
run_3837_cfg_768_seed_2_mrhof,768,2,12,16,10,60.0,12,20,MRHOF,SUCCESS,627,
run_3838_cfg_768_seed_3_mrhof,768,3,12,16,10,60.0,12,20,MRHOF,SUCCESS,627,
run_3839_cfg_768_seed_4_mrhof,768,4,12,16,10,60.0,12,20,MRHOF,SUCCESS,627,
run_3840_cfg_768_seed_5_mrhof,768,5,12,16,10,60.0,12,20,MRHOF,SUCCESS,627,
run_3841_cfg_769_seed_1_of0,769,1,12,16,10,60.0,12,20,OF0,SUCCESS,627,
run_3842_cfg_769_seed_2_of0,769,2,12,16,10,60.0,12,20,OF0,SUCCESS,627,
run_3843_cfg_769_seed_3_of0,769,3,12,16,10,60.0,12,20,OF0,SUCCESS,627,
run_3844_cfg_769_seed_4_of0,769,4,12,16,10,60.0,12,20,OF0,SUCCESS,627,
run_3845_cfg_769_seed_5_of0,769,5,12,16,10,60.0,12,20,OF0,SUCCESS,627,
run_3846_cfg_770_seed_1_mrhof,770,1,12,16,10,60.0,16,5,MRHOF,SUCCESS,855,
run_3847_cfg_770_seed_2_mrhof,770,2,12,16,10,60.0,16,5,MRHOF,SUCCESS,855,
run_3848_cfg_770_seed_3_mrhof,770,3,12,16,10,60.0,16,5,MRHOF,SUCCESS,855,
run_3849_cfg_770_seed_4_mrhof,770,4,12,16,10,60.0,16,5,MRHOF,SUCCESS,855,
run_3850_cfg_770_seed_5_mrhof,770,5,12,16,10,60.0,16,5,MRHOF,SUCCESS,855,
run_3851_cfg_771_seed_1_of0,771,1,12,16,10,60.0,16,10,OF0,SUCCESS,855,
run_3852_cfg_771_seed_2_of0,771,2,12,16,10,60.0,16,10,OF0,SUCCESS,855,
run_3853_cfg_771_seed_3_of0,771,3,12,16,10,60.0,16,10,OF0,SUCCESS,855,
run_3854_cfg_771_seed_4_of0,771,4,12,16,10,60.0,16,10,OF0,SUCCESS,855,
run_3855_cfg_771_seed_5_of0,771,5,12,16,10,60.0,16,10,OF0,SUCCESS,855,
run_3856_cfg_772_seed_1_mrhof,772,1,12,16,10,60.0,16,20,MRHOF,SUCCESS,855,
run_3857_cfg_772_seed_2_mrhof,772,2,12,16,10,60.0,16,20,MRHOF,SUCCESS,855,
run_3858_cfg_772_seed_3_mrhof,772,3,12,16,10,60.0,16,20,MRHOF,SUCCESS,855,
run_3859_cfg_772_seed_4_mrhof,772,4,12,16,10,60.0,16,20,MRHOF,SUCCESS,855,
run_3860_cfg_772_seed_5_mrhof,772,5,12,16,10,60.0,16,20,MRHOF,SUCCESS,855,
run_3861_cfg_773_seed_1_of0,773,1,12,16,10,60.0,16,20,OF0,SUCCESS,855,
run_3862_cfg_773_seed_2_of0,773,2,12,16,10,60.0,16,20,OF0,SUCCESS,855,
run_3863_cfg_773_seed_3_of0,773,3,12,16,10,60.0,16,20,OF0,SUCCESS,855,
run_3864_cfg_773_seed_4_of0,773,4,12,16,10,60.0,16,20,OF0,SUCCESS,855,
run_3865_cfg_773_seed_5_of0,773,5,12,16,10,60.0,16,20,OF0,SUCCESS,855,
run_3866_cfg_774_seed_1_mrhof,774,1,12,16,10,60.0,20,10,MRHOF,SUCCESS,1083,
run_3867_cfg_774_seed_2_mrhof,774,2,12,16,10,60.0,20,10,MRHOF,SUCCESS,1083,
run_3868_cfg_774_seed_3_mrhof,774,3,12,16,10,60.0,20,10,MRHOF,SUCCESS,1083,
run_3869_cfg_774_seed_4_mrhof,774,4,12,16,10,60.0,20,10,MRHOF,SUCCESS,1083,
run_3870_cfg_774_seed_5_mrhof,774,5,12,16,10,60.0,20,10,MRHOF,SUCCESS,1083,
run_3871_cfg_775_seed_1_mrhof,775,1,12,16,10,60.0,20,20,MRHOF,SUCCESS,1083,
run_3872_cfg_775_seed_2_mrhof,775,2,12,16,10,60.0,20,20,MRHOF,SUCCESS,1083,
run_3873_cfg_775_seed_3_mrhof,775,3,12,16,10,60.0,20,20,MRHOF,SUCCESS,1083,
run_3874_cfg_775_seed_4_mrhof,775,4,12,16,10,60.0,20,20,MRHOF,SUCCESS,1083,
run_3875_cfg_775_seed_5_mrhof,775,5,12,16,10,60.0,20,20,MRHOF,SUCCESS,1083,
run_3876_cfg_776_seed_1_of0,776,1,12,16,10,60.0,20,20,OF0,SUCCESS,1083,
run_3877_cfg_776_seed_2_of0,776,2,12,16,10,60.0,20,20,OF0,SUCCESS,1083,
run_3878_cfg_776_seed_3_of0,776,3,12,16,10,60.0,20,20,OF0,SUCCESS,1083,
run_3879_cfg_776_seed_4_of0,776,4,12,16,10,60.0,20,20,OF0,SUCCESS,1083,
run_3880_cfg_776_seed_5_of0,776,5,12,16,10,60.0,20,20,OF0,SUCCESS,1083,
run_3881_cfg_777_seed_1_mrhof,777,1,12,18,0,40.0,12,5,MRHOF,SUCCESS,627,
run_3882_cfg_777_seed_2_mrhof,777,2,12,18,0,40.0,12,5,MRHOF,SUCCESS,627,
run_3883_cfg_777_seed_3_mrhof,777,3,12,18,0,40.0,12,5,MRHOF,SUCCESS,627,
run_3884_cfg_777_seed_4_mrhof,777,4,12,18,0,40.0,12,5,MRHOF,SUCCESS,627,
run_3885_cfg_777_seed_5_mrhof,777,5,12,18,0,40.0,12,5,MRHOF,SUCCESS,627,
run_3886_cfg_778_seed_1_of0,778,1,12,18,0,40.0,12,5,OF0,SUCCESS,627,
run_3887_cfg_778_seed_2_of0,778,2,12,18,0,40.0,12,5,OF0,SUCCESS,627,
run_3888_cfg_778_seed_3_of0,778,3,12,18,0,40.0,12,5,OF0,SUCCESS,627,
run_3889_cfg_778_seed_4_of0,778,4,12,18,0,40.0,12,5,OF0,SUCCESS,627,
run_3890_cfg_778_seed_5_of0,778,5,12,18,0,40.0,12,5,OF0,SUCCESS,627,
run_3891_cfg_779_seed_1_mrhof,779,1,12,18,0,40.0,12,10,MRHOF,SUCCESS,627,
run_3892_cfg_779_seed_2_mrhof,779,2,12,18,0,40.0,12,10,MRHOF,SUCCESS,627,
run_3893_cfg_779_seed_3_mrhof,779,3,12,18,0,40.0,12,10,MRHOF,SUCCESS,627,
run_3894_cfg_779_seed_4_mrhof,779,4,12,18,0,40.0,12,10,MRHOF,SUCCESS,627,
run_3895_cfg_779_seed_5_mrhof,779,5,12,18,0,40.0,12,10,MRHOF,SUCCESS,627,
run_3896_cfg_780_seed_1_mrhof,780,1,12,18,0,40.0,12,20,MRHOF,SUCCESS,627,
run_3897_cfg_780_seed_2_mrhof,780,2,12,18,0,40.0,12,20,MRHOF,SUCCESS,627,
run_3898_cfg_780_seed_3_mrhof,780,3,12,18,0,40.0,12,20,MRHOF,SUCCESS,627,
run_3899_cfg_780_seed_4_mrhof,780,4,12,18,0,40.0,12,20,MRHOF,SUCCESS,627,
run_3900_cfg_780_seed_5_mrhof,780,5,12,18,0,40.0,12,20,MRHOF,SUCCESS,627,
run_3901_cfg_781_seed_1_mrhof,781,1,12,18,0,40.0,16,5,MRHOF,SUCCESS,855,
run_3902_cfg_781_seed_2_mrhof,781,2,12,18,0,40.0,16,5,MRHOF,SUCCESS,855,
run_3903_cfg_781_seed_3_mrhof,781,3,12,18,0,40.0,16,5,MRHOF,SUCCESS,855,
run_3904_cfg_781_seed_4_mrhof,781,4,12,18,0,40.0,16,5,MRHOF,SUCCESS,855,
run_3905_cfg_781_seed_5_mrhof,781,5,12,18,0,40.0,16,5,MRHOF,SUCCESS,855,
run_3906_cfg_782_seed_1_of0,782,1,12,18,0,40.0,16,5,OF0,SUCCESS,855,
run_3907_cfg_782_seed_2_of0,782,2,12,18,0,40.0,16,5,OF0,SUCCESS,855,
run_3908_cfg_782_seed_3_of0,782,3,12,18,0,40.0,16,5,OF0,SUCCESS,855,
run_3909_cfg_782_seed_4_of0,782,4,12,18,0,40.0,16,5,OF0,SUCCESS,855,
run_3910_cfg_782_seed_5_of0,782,5,12,18,0,40.0,16,5,OF0,SUCCESS,855,
run_3911_cfg_783_seed_1_mrhof,783,1,12,18,0,40.0,16,10,MRHOF,SUCCESS,855,
run_3912_cfg_783_seed_2_mrhof,783,2,12,18,0,40.0,16,10,MRHOF,SUCCESS,855,
run_3913_cfg_783_seed_3_mrhof,783,3,12,18,0,40.0,16,10,MRHOF,SUCCESS,855,
run_3914_cfg_783_seed_4_mrhof,783,4,12,18,0,40.0,16,10,MRHOF,SUCCESS,855,
run_3915_cfg_783_seed_5_mrhof,783,5,12,18,0,40.0,16,10,MRHOF,SUCCESS,855,
run_3916_cfg_784_seed_1_of0,784,1,12,18,0,40.0,16,10,OF0,SUCCESS,855,
run_3917_cfg_784_seed_2_of0,784,2,12,18,0,40.0,16,10,OF0,SUCCESS,855,
run_3918_cfg_784_seed_3_of0,784,3,12,18,0,40.0,16,10,OF0,SUCCESS,855,
run_3919_cfg_784_seed_4_of0,784,4,12,18,0,40.0,16,10,OF0,SUCCESS,855,
run_3920_cfg_784_seed_5_of0,784,5,12,18,0,40.0,16,10,OF0,SUCCESS,855,
run_3921_cfg_785_seed_1_mrhof,785,1,12,18,0,40.0,16,20,MRHOF,SUCCESS,855,
run_3922_cfg_785_seed_2_mrhof,785,2,12,18,0,40.0,16,20,MRHOF,SUCCESS,855,
run_3923_cfg_785_seed_3_mrhof,785,3,12,18,0,40.0,16,20,MRHOF,SUCCESS,855,
run_3924_cfg_785_seed_4_mrhof,785,4,12,18,0,40.0,16,20,MRHOF,SUCCESS,855,
run_3925_cfg_785_seed_5_mrhof,785,5,12,18,0,40.0,16,20,MRHOF,SUCCESS,855,
run_3926_cfg_786_seed_1_mrhof,786,1,12,18,0,40.0,20,5,MRHOF,SUCCESS,1083,
run_3927_cfg_786_seed_2_mrhof,786,2,12,18,0,40.0,20,5,MRHOF,SUCCESS,1083,
run_3928_cfg_786_seed_3_mrhof,786,3,12,18,0,40.0,20,5,MRHOF,SUCCESS,1083,
run_3929_cfg_786_seed_4_mrhof,786,4,12,18,0,40.0,20,5,MRHOF,SUCCESS,1083,
run_3930_cfg_786_seed_5_mrhof,786,5,12,18,0,40.0,20,5,MRHOF,SUCCESS,1083,
run_3931_cfg_787_seed_1_of0,787,1,12,18,0,40.0,20,5,OF0,SUCCESS,1082,
run_3932_cfg_787_seed_2_of0,787,2,12,18,0,40.0,20,5,OF0,SUCCESS,1083,
run_3933_cfg_787_seed_3_of0,787,3,12,18,0,40.0,20,5,OF0,SUCCESS,1083,
run_3934_cfg_787_seed_4_of0,787,4,12,18,0,40.0,20,5,OF0,SUCCESS,1083,
run_3935_cfg_787_seed_5_of0,787,5,12,18,0,40.0,20,5,OF0,SUCCESS,1083,
run_3936_cfg_788_seed_1_mrhof,788,1,12,18,0,40.0,20,10,MRHOF,SUCCESS,1083,
run_3937_cfg_788_seed_2_mrhof,788,2,12,18,0,40.0,20,10,MRHOF,SUCCESS,1083,
run_3938_cfg_788_seed_3_mrhof,788,3,12,18,0,40.0,20,10,MRHOF,SUCCESS,1083,
run_3939_cfg_788_seed_4_mrhof,788,4,12,18,0,40.0,20,10,MRHOF,SUCCESS,1083,
run_3940_cfg_788_seed_5_mrhof,788,5,12,18,0,40.0,20,10,MRHOF,SUCCESS,1083,
run_3941_cfg_789_seed_1_of0,789,1,12,18,0,40.0,20,10,OF0,SUCCESS,1083,
run_3942_cfg_789_seed_2_of0,789,2,12,18,0,40.0,20,10,OF0,SUCCESS,1083,
run_3943_cfg_789_seed_3_of0,789,3,12,18,0,40.0,20,10,OF0,SUCCESS,1083,
run_3944_cfg_789_seed_4_of0,789,4,12,18,0,40.0,20,10,OF0,SUCCESS,1083,
run_3945_cfg_789_seed_5_of0,789,5,12,18,0,40.0,20,10,OF0,SUCCESS,1083,
run_3946_cfg_790_seed_1_mrhof,790,1,12,18,0,40.0,20,20,MRHOF,SUCCESS,1083,
run_3947_cfg_790_seed_2_mrhof,790,2,12,18,0,40.0,20,20,MRHOF,SUCCESS,1083,
run_3948_cfg_790_seed_3_mrhof,790,3,12,18,0,40.0,20,20,MRHOF,SUCCESS,1083,
run_3949_cfg_790_seed_4_mrhof,790,4,12,18,0,40.0,20,20,MRHOF,SUCCESS,1083,
run_3950_cfg_790_seed_5_mrhof,790,5,12,18,0,40.0,20,20,MRHOF,SUCCESS,1083,
run_3951_cfg_791_seed_1_of0,791,1,12,18,0,40.0,20,20,OF0,SUCCESS,1083,
run_3952_cfg_791_seed_2_of0,791,2,12,18,0,40.0,20,20,OF0,SUCCESS,1083,
run_3953_cfg_791_seed_3_of0,791,3,12,18,0,40.0,20,20,OF0,SUCCESS,1083,
run_3954_cfg_791_seed_4_of0,791,4,12,18,0,40.0,20,20,OF0,SUCCESS,1083,
run_3955_cfg_791_seed_5_of0,791,5,12,18,0,40.0,20,20,OF0,SUCCESS,1083,
run_3956_cfg_792_seed_1_of0,792,1,12,18,0,50.0,12,5,OF0,SUCCESS,627,
run_3957_cfg_792_seed_2_of0,792,2,12,18,0,50.0,12,5,OF0,SUCCESS,627,
run_3958_cfg_792_seed_3_of0,792,3,12,18,0,50.0,12,5,OF0,SUCCESS,627,
run_3959_cfg_792_seed_4_of0,792,4,12,18,0,50.0,12,5,OF0,SUCCESS,627,
run_3960_cfg_792_seed_5_of0,792,5,12,18,0,50.0,12,5,OF0,SUCCESS,627,
run_3961_cfg_793_seed_1_of0,793,1,12,18,0,50.0,12,10,OF0,SUCCESS,627,
run_3962_cfg_793_seed_2_of0,793,2,12,18,0,50.0,12,10,OF0,SUCCESS,627,
run_3963_cfg_793_seed_3_of0,793,3,12,18,0,50.0,12,10,OF0,SUCCESS,627,
run_3964_cfg_793_seed_4_of0,793,4,12,18,0,50.0,12,10,OF0,SUCCESS,627,
run_3965_cfg_793_seed_5_of0,793,5,12,18,0,50.0,12,10,OF0,SUCCESS,627,
run_3966_cfg_794_seed_1_of0,794,1,12,18,0,50.0,12,20,OF0,SUCCESS,627,
run_3967_cfg_794_seed_2_of0,794,2,12,18,0,50.0,12,20,OF0,SUCCESS,627,
run_3968_cfg_794_seed_3_of0,794,3,12,18,0,50.0,12,20,OF0,SUCCESS,627,
run_3969_cfg_794_seed_4_of0,794,4,12,18,0,50.0,12,20,OF0,SUCCESS,627,
run_3970_cfg_794_seed_5_of0,794,5,12,18,0,50.0,12,20,OF0,SUCCESS,627,
run_3971_cfg_795_seed_1_of0,795,1,12,18,0,50.0,16,5,OF0,SUCCESS,855,
run_3972_cfg_795_seed_2_of0,795,2,12,18,0,50.0,16,5,OF0,SUCCESS,855,
run_3973_cfg_795_seed_3_of0,795,3,12,18,0,50.0,16,5,OF0,SUCCESS,855,
run_3974_cfg_795_seed_4_of0,795,4,12,18,0,50.0,16,5,OF0,SUCCESS,855,
run_3975_cfg_795_seed_5_of0,795,5,12,18,0,50.0,16,5,OF0,SUCCESS,855,
run_3976_cfg_796_seed_1_mrhof,796,1,12,18,0,50.0,16,10,MRHOF,SUCCESS,855,
run_3977_cfg_796_seed_2_mrhof,796,2,12,18,0,50.0,16,10,MRHOF,SUCCESS,855,
run_3978_cfg_796_seed_3_mrhof,796,3,12,18,0,50.0,16,10,MRHOF,SUCCESS,855,
run_3979_cfg_796_seed_4_mrhof,796,4,12,18,0,50.0,16,10,MRHOF,SUCCESS,855,
run_3980_cfg_796_seed_5_mrhof,796,5,12,18,0,50.0,16,10,MRHOF,SUCCESS,855,
run_3981_cfg_797_seed_1_of0,797,1,12,18,0,50.0,16,10,OF0,SUCCESS,855,
run_3982_cfg_797_seed_2_of0,797,2,12,18,0,50.0,16,10,OF0,SUCCESS,855,
run_3983_cfg_797_seed_3_of0,797,3,12,18,0,50.0,16,10,OF0,SUCCESS,855,
run_3984_cfg_797_seed_4_of0,797,4,12,18,0,50.0,16,10,OF0,SUCCESS,855,
run_3985_cfg_797_seed_5_of0,797,5,12,18,0,50.0,16,10,OF0,SUCCESS,855,
run_3986_cfg_798_seed_1_mrhof,798,1,12,18,0,50.0,16,20,MRHOF,SUCCESS,855,
run_3987_cfg_798_seed_2_mrhof,798,2,12,18,0,50.0,16,20,MRHOF,SUCCESS,855,
run_3988_cfg_798_seed_3_mrhof,798,3,12,18,0,50.0,16,20,MRHOF,SUCCESS,855,
run_3989_cfg_798_seed_4_mrhof,798,4,12,18,0,50.0,16,20,MRHOF,SUCCESS,855,
run_3990_cfg_798_seed_5_mrhof,798,5,12,18,0,50.0,16,20,MRHOF,SUCCESS,855,
run_3991_cfg_799_seed_1_of0,799,1,12,18,0,50.0,16,20,OF0,SUCCESS,855,
run_3992_cfg_799_seed_2_of0,799,2,12,18,0,50.0,16,20,OF0,SUCCESS,855,
run_3993_cfg_799_seed_3_of0,799,3,12,18,0,50.0,16,20,OF0,SUCCESS,855,
run_3994_cfg_799_seed_4_of0,799,4,12,18,0,50.0,16,20,OF0,SUCCESS,855,
run_3995_cfg_799_seed_5_of0,799,5,12,18,0,50.0,16,20,OF0,SUCCESS,855,
run_3996_cfg_800_seed_1_mrhof,800,1,12,18,0,50.0,20,5,MRHOF,SUCCESS,1083,
run_3997_cfg_800_seed_2_mrhof,800,2,12,18,0,50.0,20,5,MRHOF,SUCCESS,1083,
run_3998_cfg_800_seed_3_mrhof,800,3,12,18,0,50.0,20,5,MRHOF,SUCCESS,1083,
run_3999_cfg_800_seed_4_mrhof,800,4,12,18,0,50.0,20,5,MRHOF,SUCCESS,1083,
run_4000_cfg_800_seed_5_mrhof,800,5,12,18,0,50.0,20,5,MRHOF,SUCCESS,1083,
run_4001_cfg_801_seed_1_of0,801,1,12,18,0,50.0,20,5,OF0,SUCCESS,1083,
run_4002_cfg_801_seed_2_of0,801,2,12,18,0,50.0,20,5,OF0,SUCCESS,1083,
run_4003_cfg_801_seed_3_of0,801,3,12,18,0,50.0,20,5,OF0,SUCCESS,1083,
run_4004_cfg_801_seed_4_of0,801,4,12,18,0,50.0,20,5,OF0,SUCCESS,1083,
run_4005_cfg_801_seed_5_of0,801,5,12,18,0,50.0,20,5,OF0,SUCCESS,1083,
run_4006_cfg_802_seed_1_mrhof,802,1,12,18,0,50.0,20,20,MRHOF,SUCCESS,1083,
run_4007_cfg_802_seed_2_mrhof,802,2,12,18,0,50.0,20,20,MRHOF,SUCCESS,1083,
run_4008_cfg_802_seed_3_mrhof,802,3,12,18,0,50.0,20,20,MRHOF,SUCCESS,1083,
run_4009_cfg_802_seed_4_mrhof,802,4,12,18,0,50.0,20,20,MRHOF,SUCCESS,1083,
run_4010_cfg_802_seed_5_mrhof,802,5,12,18,0,50.0,20,20,MRHOF,SUCCESS,1083,
run_4011_cfg_803_seed_1_of0,803,1,12,18,0,50.0,20,20,OF0,SUCCESS,1083,
run_4012_cfg_803_seed_2_of0,803,2,12,18,0,50.0,20,20,OF0,SUCCESS,1083,
run_4013_cfg_803_seed_3_of0,803,3,12,18,0,50.0,20,20,OF0,SUCCESS,1083,
run_4014_cfg_803_seed_4_of0,803,4,12,18,0,50.0,20,20,OF0,SUCCESS,1083,
run_4015_cfg_803_seed_5_of0,803,5,12,18,0,50.0,20,20,OF0,SUCCESS,1083,
run_4016_cfg_804_seed_1_mrhof,804,1,12,18,0,60.0,12,5,MRHOF,SUCCESS,627,
run_4017_cfg_804_seed_2_mrhof,804,2,12,18,0,60.0,12,5,MRHOF,SUCCESS,627,
run_4018_cfg_804_seed_3_mrhof,804,3,12,18,0,60.0,12,5,MRHOF,SUCCESS,627,
run_4019_cfg_804_seed_4_mrhof,804,4,12,18,0,60.0,12,5,MRHOF,SUCCESS,627,
run_4020_cfg_804_seed_5_mrhof,804,5,12,18,0,60.0,12,5,MRHOF,SUCCESS,627,
run_4021_cfg_805_seed_1_mrhof,805,1,12,18,0,60.0,12,10,MRHOF,SUCCESS,627,
run_4022_cfg_805_seed_2_mrhof,805,2,12,18,0,60.0,12,10,MRHOF,SUCCESS,627,
run_4023_cfg_805_seed_3_mrhof,805,3,12,18,0,60.0,12,10,MRHOF,SUCCESS,627,
run_4024_cfg_805_seed_4_mrhof,805,4,12,18,0,60.0,12,10,MRHOF,SUCCESS,627,
run_4025_cfg_805_seed_5_mrhof,805,5,12,18,0,60.0,12,10,MRHOF,SUCCESS,627,
run_4026_cfg_806_seed_1_of0,806,1,12,18,0,60.0,12,10,OF0,SUCCESS,627,
run_4027_cfg_806_seed_2_of0,806,2,12,18,0,60.0,12,10,OF0,SUCCESS,627,
run_4028_cfg_806_seed_3_of0,806,3,12,18,0,60.0,12,10,OF0,SUCCESS,627,
run_4029_cfg_806_seed_4_of0,806,4,12,18,0,60.0,12,10,OF0,SUCCESS,627,
run_4030_cfg_806_seed_5_of0,806,5,12,18,0,60.0,12,10,OF0,SUCCESS,627,
run_4031_cfg_807_seed_1_of0,807,1,12,18,0,60.0,12,20,OF0,SUCCESS,627,
run_4032_cfg_807_seed_2_of0,807,2,12,18,0,60.0,12,20,OF0,SUCCESS,627,
run_4033_cfg_807_seed_3_of0,807,3,12,18,0,60.0,12,20,OF0,SUCCESS,627,
run_4034_cfg_807_seed_4_of0,807,4,12,18,0,60.0,12,20,OF0,SUCCESS,627,
run_4035_cfg_807_seed_5_of0,807,5,12,18,0,60.0,12,20,OF0,SUCCESS,627,
run_4036_cfg_808_seed_1_mrhof,808,1,12,18,0,60.0,16,5,MRHOF,SUCCESS,855,
run_4037_cfg_808_seed_2_mrhof,808,2,12,18,0,60.0,16,5,MRHOF,SUCCESS,855,
run_4038_cfg_808_seed_3_mrhof,808,3,12,18,0,60.0,16,5,MRHOF,SUCCESS,855,
run_4039_cfg_808_seed_4_mrhof,808,4,12,18,0,60.0,16,5,MRHOF,SUCCESS,855,
run_4040_cfg_808_seed_5_mrhof,808,5,12,18,0,60.0,16,5,MRHOF,SUCCESS,855,
run_4041_cfg_809_seed_1_mrhof,809,1,12,18,0,60.0,16,10,MRHOF,SUCCESS,855,
run_4042_cfg_809_seed_2_mrhof,809,2,12,18,0,60.0,16,10,MRHOF,SUCCESS,855,
run_4043_cfg_809_seed_3_mrhof,809,3,12,18,0,60.0,16,10,MRHOF,SUCCESS,855,
run_4044_cfg_809_seed_4_mrhof,809,4,12,18,0,60.0,16,10,MRHOF,SUCCESS,855,
run_4045_cfg_809_seed_5_mrhof,809,5,12,18,0,60.0,16,10,MRHOF,SUCCESS,855,
run_4046_cfg_810_seed_1_of0,810,1,12,18,0,60.0,16,10,OF0,SUCCESS,855,
run_4047_cfg_810_seed_2_of0,810,2,12,18,0,60.0,16,10,OF0,SUCCESS,855,
run_4048_cfg_810_seed_3_of0,810,3,12,18,0,60.0,16,10,OF0,SUCCESS,855,
run_4049_cfg_810_seed_4_of0,810,4,12,18,0,60.0,16,10,OF0,SUCCESS,855,
run_4050_cfg_810_seed_5_of0,810,5,12,18,0,60.0,16,10,OF0,SUCCESS,855,
run_4051_cfg_811_seed_1_mrhof,811,1,12,18,0,60.0,16,20,MRHOF,SUCCESS,855,
run_4052_cfg_811_seed_2_mrhof,811,2,12,18,0,60.0,16,20,MRHOF,SUCCESS,855,
run_4053_cfg_811_seed_3_mrhof,811,3,12,18,0,60.0,16,20,MRHOF,SUCCESS,855,
run_4054_cfg_811_seed_4_mrhof,811,4,12,18,0,60.0,16,20,MRHOF,SUCCESS,855,
run_4055_cfg_811_seed_5_mrhof,811,5,12,18,0,60.0,16,20,MRHOF,SUCCESS,855,
run_4056_cfg_812_seed_1_of0,812,1,12,18,0,60.0,16,20,OF0,SUCCESS,855,
run_4057_cfg_812_seed_2_of0,812,2,12,18,0,60.0,16,20,OF0,SUCCESS,855,
run_4058_cfg_812_seed_3_of0,812,3,12,18,0,60.0,16,20,OF0,SUCCESS,855,
run_4059_cfg_812_seed_4_of0,812,4,12,18,0,60.0,16,20,OF0,SUCCESS,855,
run_4060_cfg_812_seed_5_of0,812,5,12,18,0,60.0,16,20,OF0,SUCCESS,855,
run_4061_cfg_813_seed_1_of0,813,1,12,18,0,60.0,20,5,OF0,SUCCESS,1083,
run_4062_cfg_813_seed_2_of0,813,2,12,18,0,60.0,20,5,OF0,SUCCESS,1083,
run_4063_cfg_813_seed_3_of0,813,3,12,18,0,60.0,20,5,OF0,SUCCESS,1083,
run_4064_cfg_813_seed_4_of0,813,4,12,18,0,60.0,20,5,OF0,SUCCESS,1083,
run_4065_cfg_813_seed_5_of0,813,5,12,18,0,60.0,20,5,OF0,SUCCESS,1083,
run_4066_cfg_814_seed_1_mrhof,814,1,12,18,0,60.0,20,10,MRHOF,SUCCESS,1083,
run_4067_cfg_814_seed_2_mrhof,814,2,12,18,0,60.0,20,10,MRHOF,SUCCESS,1083,
run_4068_cfg_814_seed_3_mrhof,814,3,12,18,0,60.0,20,10,MRHOF,SUCCESS,1083,
run_4069_cfg_814_seed_4_mrhof,814,4,12,18,0,60.0,20,10,MRHOF,SUCCESS,1083,
run_4070_cfg_814_seed_5_mrhof,814,5,12,18,0,60.0,20,10,MRHOF,SUCCESS,1083,
run_4071_cfg_815_seed_1_of0,815,1,12,18,0,60.0,20,10,OF0,SUCCESS,1083,
run_4072_cfg_815_seed_2_of0,815,2,12,18,0,60.0,20,10,OF0,SUCCESS,1083,
run_4073_cfg_815_seed_3_of0,815,3,12,18,0,60.0,20,10,OF0,SUCCESS,1083,
run_4074_cfg_815_seed_4_of0,815,4,12,18,0,60.0,20,10,OF0,SUCCESS,1083,
run_4075_cfg_815_seed_5_of0,815,5,12,18,0,60.0,20,10,OF0,SUCCESS,1083,
run_4076_cfg_816_seed_1_mrhof,816,1,12,18,0,60.0,20,20,MRHOF,SUCCESS,1083,
run_4077_cfg_816_seed_2_mrhof,816,2,12,18,0,60.0,20,20,MRHOF,SUCCESS,1083,
run_4078_cfg_816_seed_3_mrhof,816,3,12,18,0,60.0,20,20,MRHOF,SUCCESS,1083,
run_4079_cfg_816_seed_4_mrhof,816,4,12,18,0,60.0,20,20,MRHOF,SUCCESS,1083,
run_4080_cfg_816_seed_5_mrhof,816,5,12,18,0,60.0,20,20,MRHOF,SUCCESS,1083,
run_4081_cfg_817_seed_1_of0,817,1,12,18,0,60.0,20,20,OF0,SUCCESS,1083,
run_4082_cfg_817_seed_2_of0,817,2,12,18,0,60.0,20,20,OF0,SUCCESS,1083,
run_4083_cfg_817_seed_3_of0,817,3,12,18,0,60.0,20,20,OF0,SUCCESS,1083,
run_4084_cfg_817_seed_4_of0,817,4,12,18,0,60.0,20,20,OF0,SUCCESS,1083,
run_4085_cfg_817_seed_5_of0,817,5,12,18,0,60.0,20,20,OF0,SUCCESS,1083,
run_4086_cfg_818_seed_1_of0,818,1,12,18,5,40.0,12,5,OF0,SUCCESS,627,
run_4087_cfg_818_seed_2_of0,818,2,12,18,5,40.0,12,5,OF0,SUCCESS,627,
run_4088_cfg_818_seed_3_of0,818,3,12,18,5,40.0,12,5,OF0,SUCCESS,627,
run_4089_cfg_818_seed_4_of0,818,4,12,18,5,40.0,12,5,OF0,SUCCESS,627,
run_4090_cfg_818_seed_5_of0,818,5,12,18,5,40.0,12,5,OF0,SUCCESS,627,
run_4091_cfg_819_seed_1_of0,819,1,12,18,5,40.0,12,10,OF0,SUCCESS,627,
run_4092_cfg_819_seed_2_of0,819,2,12,18,5,40.0,12,10,OF0,SUCCESS,627,
run_4093_cfg_819_seed_3_of0,819,3,12,18,5,40.0,12,10,OF0,SUCCESS,627,
run_4094_cfg_819_seed_4_of0,819,4,12,18,5,40.0,12,10,OF0,SUCCESS,627,
run_4095_cfg_819_seed_5_of0,819,5,12,18,5,40.0,12,10,OF0,SUCCESS,627,
run_4096_cfg_820_seed_1_mrhof,820,1,12,18,5,40.0,16,5,MRHOF,SUCCESS,855,
run_4097_cfg_820_seed_2_mrhof,820,2,12,18,5,40.0,16,5,MRHOF,SUCCESS,855,
run_4098_cfg_820_seed_3_mrhof,820,3,12,18,5,40.0,16,5,MRHOF,SUCCESS,855,
run_4099_cfg_820_seed_4_mrhof,820,4,12,18,5,40.0,16,5,MRHOF,SUCCESS,855,
run_4100_cfg_820_seed_5_mrhof,820,5,12,18,5,40.0,16,5,MRHOF,SUCCESS,855,
run_4101_cfg_821_seed_1_of0,821,1,12,18,5,40.0,16,5,OF0,SUCCESS,855,
run_4102_cfg_821_seed_2_of0,821,2,12,18,5,40.0,16,5,OF0,SUCCESS,855,
run_4103_cfg_821_seed_3_of0,821,3,12,18,5,40.0,16,5,OF0,SUCCESS,855,
run_4104_cfg_821_seed_4_of0,821,4,12,18,5,40.0,16,5,OF0,SUCCESS,855,
run_4105_cfg_821_seed_5_of0,821,5,12,18,5,40.0,16,5,OF0,SUCCESS,855,
run_4106_cfg_822_seed_1_mrhof,822,1,12,18,5,40.0,16,10,MRHOF,SUCCESS,855,
run_4107_cfg_822_seed_2_mrhof,822,2,12,18,5,40.0,16,10,MRHOF,SUCCESS,855,
run_4108_cfg_822_seed_3_mrhof,822,3,12,18,5,40.0,16,10,MRHOF,SUCCESS,855,
run_4109_cfg_822_seed_4_mrhof,822,4,12,18,5,40.0,16,10,MRHOF,SUCCESS,855,
run_4110_cfg_822_seed_5_mrhof,822,5,12,18,5,40.0,16,10,MRHOF,SUCCESS,855,
run_4111_cfg_823_seed_1_of0,823,1,12,18,5,40.0,16,10,OF0,SUCCESS,855,
run_4112_cfg_823_seed_2_of0,823,2,12,18,5,40.0,16,10,OF0,SUCCESS,855,
run_4113_cfg_823_seed_3_of0,823,3,12,18,5,40.0,16,10,OF0,SUCCESS,855,
run_4114_cfg_823_seed_4_of0,823,4,12,18,5,40.0,16,10,OF0,SUCCESS,855,
run_4115_cfg_823_seed_5_of0,823,5,12,18,5,40.0,16,10,OF0,SUCCESS,855,
run_4116_cfg_824_seed_1_mrhof,824,1,12,18,5,40.0,16,20,MRHOF,SUCCESS,855,
run_4117_cfg_824_seed_2_mrhof,824,2,12,18,5,40.0,16,20,MRHOF,SUCCESS,855,
run_4118_cfg_824_seed_3_mrhof,824,3,12,18,5,40.0,16,20,MRHOF,SUCCESS,855,
run_4119_cfg_824_seed_4_mrhof,824,4,12,18,5,40.0,16,20,MRHOF,SUCCESS,855,
run_4120_cfg_824_seed_5_mrhof,824,5,12,18,5,40.0,16,20,MRHOF,SUCCESS,855,
run_4121_cfg_825_seed_1_of0,825,1,12,18,5,40.0,16,20,OF0,SUCCESS,855,
run_4122_cfg_825_seed_2_of0,825,2,12,18,5,40.0,16,20,OF0,SUCCESS,855,
run_4123_cfg_825_seed_3_of0,825,3,12,18,5,40.0,16,20,OF0,SUCCESS,855,
run_4124_cfg_825_seed_4_of0,825,4,12,18,5,40.0,16,20,OF0,SUCCESS,855,
run_4125_cfg_825_seed_5_of0,825,5,12,18,5,40.0,16,20,OF0,SUCCESS,855,
run_4126_cfg_826_seed_1_of0,826,1,12,18,5,40.0,20,5,OF0,SUCCESS,1083,
run_4127_cfg_826_seed_2_of0,826,2,12,18,5,40.0,20,5,OF0,SUCCESS,1083,
run_4128_cfg_826_seed_3_of0,826,3,12,18,5,40.0,20,5,OF0,SUCCESS,1083,
run_4129_cfg_826_seed_4_of0,826,4,12,18,5,40.0,20,5,OF0,SUCCESS,1083,
run_4130_cfg_826_seed_5_of0,826,5,12,18,5,40.0,20,5,OF0,SUCCESS,1083,
run_4131_cfg_827_seed_1_mrhof,827,1,12,18,5,40.0,20,10,MRHOF,SUCCESS,1083,
run_4132_cfg_827_seed_2_mrhof,827,2,12,18,5,40.0,20,10,MRHOF,SUCCESS,1083,
run_4133_cfg_827_seed_3_mrhof,827,3,12,18,5,40.0,20,10,MRHOF,SUCCESS,1083,
run_4134_cfg_827_seed_4_mrhof,827,4,12,18,5,40.0,20,10,MRHOF,SUCCESS,1083,
run_4135_cfg_827_seed_5_mrhof,827,5,12,18,5,40.0,20,10,MRHOF,SUCCESS,1083,
run_4136_cfg_828_seed_1_of0,828,1,12,18,5,40.0,20,10,OF0,SUCCESS,1083,
run_4137_cfg_828_seed_2_of0,828,2,12,18,5,40.0,20,10,OF0,SUCCESS,1083,
run_4138_cfg_828_seed_3_of0,828,3,12,18,5,40.0,20,10,OF0,SUCCESS,1083,
run_4139_cfg_828_seed_4_of0,828,4,12,18,5,40.0,20,10,OF0,SUCCESS,1083,
run_4140_cfg_828_seed_5_of0,828,5,12,18,5,40.0,20,10,OF0,SUCCESS,1083,
run_4141_cfg_829_seed_1_of0,829,1,12,18,5,40.0,20,20,OF0,SUCCESS,1083,
run_4142_cfg_829_seed_2_of0,829,2,12,18,5,40.0,20,20,OF0,SUCCESS,1083,
run_4143_cfg_829_seed_3_of0,829,3,12,18,5,40.0,20,20,OF0,SUCCESS,1083,
run_4144_cfg_829_seed_4_of0,829,4,12,18,5,40.0,20,20,OF0,SUCCESS,1083,
run_4145_cfg_829_seed_5_of0,829,5,12,18,5,40.0,20,20,OF0,SUCCESS,1083,
run_4146_cfg_830_seed_1_mrhof,830,1,12,18,5,50.0,12,5,MRHOF,SUCCESS,627,
run_4147_cfg_830_seed_2_mrhof,830,2,12,18,5,50.0,12,5,MRHOF,SUCCESS,627,
run_4148_cfg_830_seed_3_mrhof,830,3,12,18,5,50.0,12,5,MRHOF,SUCCESS,627,
run_4149_cfg_830_seed_4_mrhof,830,4,12,18,5,50.0,12,5,MRHOF,SUCCESS,627,
run_4150_cfg_830_seed_5_mrhof,830,5,12,18,5,50.0,12,5,MRHOF,SUCCESS,627,
run_4151_cfg_831_seed_1_mrhof,831,1,12,18,5,50.0,12,10,MRHOF,SUCCESS,627,
run_4152_cfg_831_seed_2_mrhof,831,2,12,18,5,50.0,12,10,MRHOF,SUCCESS,627,
run_4153_cfg_831_seed_3_mrhof,831,3,12,18,5,50.0,12,10,MRHOF,SUCCESS,627,
run_4154_cfg_831_seed_4_mrhof,831,4,12,18,5,50.0,12,10,MRHOF,SUCCESS,627,
run_4155_cfg_831_seed_5_mrhof,831,5,12,18,5,50.0,12,10,MRHOF,SUCCESS,627,
run_4156_cfg_832_seed_1_of0,832,1,12,18,5,50.0,12,10,OF0,SUCCESS,627,
run_4157_cfg_832_seed_2_of0,832,2,12,18,5,50.0,12,10,OF0,SUCCESS,627,
run_4158_cfg_832_seed_3_of0,832,3,12,18,5,50.0,12,10,OF0,SUCCESS,627,
run_4159_cfg_832_seed_4_of0,832,4,12,18,5,50.0,12,10,OF0,SUCCESS,627,
run_4160_cfg_832_seed_5_of0,832,5,12,18,5,50.0,12,10,OF0,SUCCESS,627,
run_4161_cfg_833_seed_1_of0,833,1,12,18,5,50.0,12,20,OF0,SUCCESS,627,
run_4162_cfg_833_seed_2_of0,833,2,12,18,5,50.0,12,20,OF0,SUCCESS,627,
run_4163_cfg_833_seed_3_of0,833,3,12,18,5,50.0,12,20,OF0,SUCCESS,627,
run_4164_cfg_833_seed_4_of0,833,4,12,18,5,50.0,12,20,OF0,SUCCESS,627,
run_4165_cfg_833_seed_5_of0,833,5,12,18,5,50.0,12,20,OF0,SUCCESS,627,
run_4166_cfg_834_seed_1_of0,834,1,12,18,5,50.0,16,5,OF0,SUCCESS,855,
run_4167_cfg_834_seed_2_of0,834,2,12,18,5,50.0,16,5,OF0,SUCCESS,855,
run_4168_cfg_834_seed_3_of0,834,3,12,18,5,50.0,16,5,OF0,SUCCESS,855,
run_4169_cfg_834_seed_4_of0,834,4,12,18,5,50.0,16,5,OF0,SUCCESS,855,
run_4170_cfg_834_seed_5_of0,834,5,12,18,5,50.0,16,5,OF0,SUCCESS,855,
run_4171_cfg_835_seed_1_mrhof,835,1,12,18,5,50.0,16,10,MRHOF,SUCCESS,855,
run_4172_cfg_835_seed_2_mrhof,835,2,12,18,5,50.0,16,10,MRHOF,SUCCESS,855,
run_4173_cfg_835_seed_3_mrhof,835,3,12,18,5,50.0,16,10,MRHOF,SUCCESS,855,
run_4174_cfg_835_seed_4_mrhof,835,4,12,18,5,50.0,16,10,MRHOF,SUCCESS,855,
run_4175_cfg_835_seed_5_mrhof,835,5,12,18,5,50.0,16,10,MRHOF,SUCCESS,855,
run_4176_cfg_836_seed_1_of0,836,1,12,18,5,50.0,16,10,OF0,SUCCESS,855,
run_4177_cfg_836_seed_2_of0,836,2,12,18,5,50.0,16,10,OF0,SUCCESS,855,
run_4178_cfg_836_seed_3_of0,836,3,12,18,5,50.0,16,10,OF0,SUCCESS,855,
run_4179_cfg_836_seed_4_of0,836,4,12,18,5,50.0,16,10,OF0,SUCCESS,855,
run_4180_cfg_836_seed_5_of0,836,5,12,18,5,50.0,16,10,OF0,SUCCESS,855,
run_4181_cfg_837_seed_1_mrhof,837,1,12,18,5,50.0,16,20,MRHOF,SUCCESS,855,
run_4182_cfg_837_seed_2_mrhof,837,2,12,18,5,50.0,16,20,MRHOF,SUCCESS,855,
run_4183_cfg_837_seed_3_mrhof,837,3,12,18,5,50.0,16,20,MRHOF,SUCCESS,855,
run_4184_cfg_837_seed_4_mrhof,837,4,12,18,5,50.0,16,20,MRHOF,SUCCESS,855,
run_4185_cfg_837_seed_5_mrhof,837,5,12,18,5,50.0,16,20,MRHOF,SUCCESS,855,
run_4186_cfg_838_seed_1_of0,838,1,12,18,5,50.0,16,20,OF0,SUCCESS,855,
run_4187_cfg_838_seed_2_of0,838,2,12,18,5,50.0,16,20,OF0,SUCCESS,855,
run_4188_cfg_838_seed_3_of0,838,3,12,18,5,50.0,16,20,OF0,SUCCESS,855,
run_4189_cfg_838_seed_4_of0,838,4,12,18,5,50.0,16,20,OF0,SUCCESS,855,
run_4190_cfg_838_seed_5_of0,838,5,12,18,5,50.0,16,20,OF0,SUCCESS,855,
run_4191_cfg_839_seed_1_mrhof,839,1,12,18,5,50.0,20,5,MRHOF,SUCCESS,1083,
run_4192_cfg_839_seed_2_mrhof,839,2,12,18,5,50.0,20,5,MRHOF,SUCCESS,1083,
run_4193_cfg_839_seed_3_mrhof,839,3,12,18,5,50.0,20,5,MRHOF,SUCCESS,1083,
run_4194_cfg_839_seed_4_mrhof,839,4,12,18,5,50.0,20,5,MRHOF,SUCCESS,1083,
run_4195_cfg_839_seed_5_mrhof,839,5,12,18,5,50.0,20,5,MRHOF,SUCCESS,1083,
run_4196_cfg_840_seed_1_mrhof,840,1,12,18,5,50.0,20,10,MRHOF,SUCCESS,1083,
run_4197_cfg_840_seed_2_mrhof,840,2,12,18,5,50.0,20,10,MRHOF,SUCCESS,1083,
run_4198_cfg_840_seed_3_mrhof,840,3,12,18,5,50.0,20,10,MRHOF,SUCCESS,1083,
run_4199_cfg_840_seed_4_mrhof,840,4,12,18,5,50.0,20,10,MRHOF,SUCCESS,1083,
run_4200_cfg_840_seed_5_mrhof,840,5,12,18,5,50.0,20,10,MRHOF,SUCCESS,1083,
run_4201_cfg_841_seed_1_mrhof,841,1,12,18,5,50.0,20,20,MRHOF,SUCCESS,1083,
run_4202_cfg_841_seed_2_mrhof,841,2,12,18,5,50.0,20,20,MRHOF,SUCCESS,1083,
run_4203_cfg_841_seed_3_mrhof,841,3,12,18,5,50.0,20,20,MRHOF,SUCCESS,1083,
run_4204_cfg_841_seed_4_mrhof,841,4,12,18,5,50.0,20,20,MRHOF,SUCCESS,1083,
run_4205_cfg_841_seed_5_mrhof,841,5,12,18,5,50.0,20,20,MRHOF,SUCCESS,1083,
run_4206_cfg_842_seed_1_mrhof,842,1,12,18,5,60.0,12,5,MRHOF,SUCCESS,627,
run_4207_cfg_842_seed_2_mrhof,842,2,12,18,5,60.0,12,5,MRHOF,SUCCESS,627,
run_4208_cfg_842_seed_3_mrhof,842,3,12,18,5,60.0,12,5,MRHOF,SUCCESS,627,
run_4209_cfg_842_seed_4_mrhof,842,4,12,18,5,60.0,12,5,MRHOF,SUCCESS,627,
run_4210_cfg_842_seed_5_mrhof,842,5,12,18,5,60.0,12,5,MRHOF,SUCCESS,627,
run_4211_cfg_843_seed_1_of0,843,1,12,18,5,60.0,12,5,OF0,SUCCESS,627,
run_4212_cfg_843_seed_2_of0,843,2,12,18,5,60.0,12,5,OF0,SUCCESS,627,
run_4213_cfg_843_seed_3_of0,843,3,12,18,5,60.0,12,5,OF0,SUCCESS,627,
run_4214_cfg_843_seed_4_of0,843,4,12,18,5,60.0,12,5,OF0,SUCCESS,627,
run_4215_cfg_843_seed_5_of0,843,5,12,18,5,60.0,12,5,OF0,SUCCESS,627,
run_4216_cfg_844_seed_1_mrhof,844,1,12,18,5,60.0,12,10,MRHOF,SUCCESS,627,
run_4217_cfg_844_seed_2_mrhof,844,2,12,18,5,60.0,12,10,MRHOF,SUCCESS,627,
run_4218_cfg_844_seed_3_mrhof,844,3,12,18,5,60.0,12,10,MRHOF,SUCCESS,627,
run_4219_cfg_844_seed_4_mrhof,844,4,12,18,5,60.0,12,10,MRHOF,SUCCESS,627,
run_4220_cfg_844_seed_5_mrhof,844,5,12,18,5,60.0,12,10,MRHOF,SUCCESS,627,
run_4221_cfg_845_seed_1_of0,845,1,12,18,5,60.0,12,20,OF0,SUCCESS,627,
run_4222_cfg_845_seed_2_of0,845,2,12,18,5,60.0,12,20,OF0,SUCCESS,627,
run_4223_cfg_845_seed_3_of0,845,3,12,18,5,60.0,12,20,OF0,SUCCESS,627,
run_4224_cfg_845_seed_4_of0,845,4,12,18,5,60.0,12,20,OF0,SUCCESS,627,
run_4225_cfg_845_seed_5_of0,845,5,12,18,5,60.0,12,20,OF0,SUCCESS,627,
run_4226_cfg_846_seed_1_mrhof,846,1,12,18,5,60.0,16,5,MRHOF,SUCCESS,855,
run_4227_cfg_846_seed_2_mrhof,846,2,12,18,5,60.0,16,5,MRHOF,SUCCESS,855,
run_4228_cfg_846_seed_3_mrhof,846,3,12,18,5,60.0,16,5,MRHOF,SUCCESS,855,
run_4229_cfg_846_seed_4_mrhof,846,4,12,18,5,60.0,16,5,MRHOF,SUCCESS,855,
run_4230_cfg_846_seed_5_mrhof,846,5,12,18,5,60.0,16,5,MRHOF,SUCCESS,855,
run_4231_cfg_847_seed_1_of0,847,1,12,18,5,60.0,16,5,OF0,SUCCESS,855,
run_4232_cfg_847_seed_2_of0,847,2,12,18,5,60.0,16,5,OF0,SUCCESS,855,
run_4233_cfg_847_seed_3_of0,847,3,12,18,5,60.0,16,5,OF0,SUCCESS,855,
run_4234_cfg_847_seed_4_of0,847,4,12,18,5,60.0,16,5,OF0,SUCCESS,855,
run_4235_cfg_847_seed_5_of0,847,5,12,18,5,60.0,16,5,OF0,SUCCESS,855,
run_4236_cfg_848_seed_1_mrhof,848,1,12,18,5,60.0,16,20,MRHOF,SUCCESS,855,
run_4237_cfg_848_seed_2_mrhof,848,2,12,18,5,60.0,16,20,MRHOF,SUCCESS,855,
run_4238_cfg_848_seed_3_mrhof,848,3,12,18,5,60.0,16,20,MRHOF,SUCCESS,855,
run_4239_cfg_848_seed_4_mrhof,848,4,12,18,5,60.0,16,20,MRHOF,SUCCESS,855,
run_4240_cfg_848_seed_5_mrhof,848,5,12,18,5,60.0,16,20,MRHOF,SUCCESS,855,
run_4241_cfg_849_seed_1_of0,849,1,12,18,5,60.0,16,20,OF0,SUCCESS,855,
run_4242_cfg_849_seed_2_of0,849,2,12,18,5,60.0,16,20,OF0,SUCCESS,855,
run_4243_cfg_849_seed_3_of0,849,3,12,18,5,60.0,16,20,OF0,SUCCESS,855,
run_4244_cfg_849_seed_4_of0,849,4,12,18,5,60.0,16,20,OF0,SUCCESS,855,
run_4245_cfg_849_seed_5_of0,849,5,12,18,5,60.0,16,20,OF0,SUCCESS,855,
run_4246_cfg_850_seed_1_mrhof,850,1,12,18,5,60.0,20,5,MRHOF,SUCCESS,1083,
run_4247_cfg_850_seed_2_mrhof,850,2,12,18,5,60.0,20,5,MRHOF,SUCCESS,1083,
run_4248_cfg_850_seed_3_mrhof,850,3,12,18,5,60.0,20,5,MRHOF,SUCCESS,1083,
run_4249_cfg_850_seed_4_mrhof,850,4,12,18,5,60.0,20,5,MRHOF,SUCCESS,1083,
run_4250_cfg_850_seed_5_mrhof,850,5,12,18,5,60.0,20,5,MRHOF,SUCCESS,1083,
run_4251_cfg_851_seed_1_mrhof,851,1,12,18,5,60.0,20,10,MRHOF,SUCCESS,1083,
run_4252_cfg_851_seed_2_mrhof,851,2,12,18,5,60.0,20,10,MRHOF,SUCCESS,1083,
run_4253_cfg_851_seed_3_mrhof,851,3,12,18,5,60.0,20,10,MRHOF,SUCCESS,1083,
run_4254_cfg_851_seed_4_mrhof,851,4,12,18,5,60.0,20,10,MRHOF,SUCCESS,1083,
run_4255_cfg_851_seed_5_mrhof,851,5,12,18,5,60.0,20,10,MRHOF,SUCCESS,1083,
run_4256_cfg_852_seed_1_of0,852,1,12,18,5,60.0,20,20,OF0,SUCCESS,1083,
run_4257_cfg_852_seed_2_of0,852,2,12,18,5,60.0,20,20,OF0,SUCCESS,1083,
run_4258_cfg_852_seed_3_of0,852,3,12,18,5,60.0,20,20,OF0,SUCCESS,1083,
run_4259_cfg_852_seed_4_of0,852,4,12,18,5,60.0,20,20,OF0,SUCCESS,1083,
run_4260_cfg_852_seed_5_of0,852,5,12,18,5,60.0,20,20,OF0,SUCCESS,1083,
run_4261_cfg_853_seed_1_of0,853,1,12,18,10,40.0,12,5,OF0,SUCCESS,627,
run_4262_cfg_853_seed_2_of0,853,2,12,18,10,40.0,12,5,OF0,SUCCESS,627,
run_4263_cfg_853_seed_3_of0,853,3,12,18,10,40.0,12,5,OF0,SUCCESS,627,
run_4264_cfg_853_seed_4_of0,853,4,12,18,10,40.0,12,5,OF0,SUCCESS,627,
run_4265_cfg_853_seed_5_of0,853,5,12,18,10,40.0,12,5,OF0,SUCCESS,627,
run_4266_cfg_854_seed_1_mrhof,854,1,12,18,10,40.0,12,10,MRHOF,SUCCESS,627,
run_4267_cfg_854_seed_2_mrhof,854,2,12,18,10,40.0,12,10,MRHOF,SUCCESS,627,
run_4268_cfg_854_seed_3_mrhof,854,3,12,18,10,40.0,12,10,MRHOF,SUCCESS,627,
run_4269_cfg_854_seed_4_mrhof,854,4,12,18,10,40.0,12,10,MRHOF,SUCCESS,627,
run_4270_cfg_854_seed_5_mrhof,854,5,12,18,10,40.0,12,10,MRHOF,SUCCESS,627,
run_4271_cfg_855_seed_1_of0,855,1,12,18,10,40.0,12,10,OF0,SUCCESS,627,
run_4272_cfg_855_seed_2_of0,855,2,12,18,10,40.0,12,10,OF0,SUCCESS,627,
run_4273_cfg_855_seed_3_of0,855,3,12,18,10,40.0,12,10,OF0,SUCCESS,627,
run_4274_cfg_855_seed_4_of0,855,4,12,18,10,40.0,12,10,OF0,SUCCESS,627,
run_4275_cfg_855_seed_5_of0,855,5,12,18,10,40.0,12,10,OF0,SUCCESS,627,
run_4276_cfg_856_seed_1_of0,856,1,12,18,10,40.0,12,20,OF0,SUCCESS,627,
run_4277_cfg_856_seed_2_of0,856,2,12,18,10,40.0,12,20,OF0,SUCCESS,627,
run_4278_cfg_856_seed_3_of0,856,3,12,18,10,40.0,12,20,OF0,SUCCESS,627,
run_4279_cfg_856_seed_4_of0,856,4,12,18,10,40.0,12,20,OF0,SUCCESS,627,
run_4280_cfg_856_seed_5_of0,856,5,12,18,10,40.0,12,20,OF0,SUCCESS,627,
run_4281_cfg_857_seed_1_of0,857,1,12,18,10,40.0,16,5,OF0,SUCCESS,855,
run_4282_cfg_857_seed_2_of0,857,2,12,18,10,40.0,16,5,OF0,SUCCESS,854,
run_4283_cfg_857_seed_3_of0,857,3,12,18,10,40.0,16,5,OF0,SUCCESS,855,
run_4284_cfg_857_seed_4_of0,857,4,12,18,10,40.0,16,5,OF0,SUCCESS,855,
run_4285_cfg_857_seed_5_of0,857,5,12,18,10,40.0,16,5,OF0,SUCCESS,855,
run_4286_cfg_858_seed_1_mrhof,858,1,12,18,10,40.0,16,10,MRHOF,SUCCESS,855,
run_4287_cfg_858_seed_2_mrhof,858,2,12,18,10,40.0,16,10,MRHOF,SUCCESS,855,
run_4288_cfg_858_seed_3_mrhof,858,3,12,18,10,40.0,16,10,MRHOF,SUCCESS,855,
run_4289_cfg_858_seed_4_mrhof,858,4,12,18,10,40.0,16,10,MRHOF,SUCCESS,855,
run_4290_cfg_858_seed_5_mrhof,858,5,12,18,10,40.0,16,10,MRHOF,SUCCESS,855,
run_4291_cfg_859_seed_1_of0,859,1,12,18,10,40.0,16,10,OF0,SUCCESS,855,
run_4292_cfg_859_seed_2_of0,859,2,12,18,10,40.0,16,10,OF0,SUCCESS,855,
run_4293_cfg_859_seed_3_of0,859,3,12,18,10,40.0,16,10,OF0,SUCCESS,855,
run_4294_cfg_859_seed_4_of0,859,4,12,18,10,40.0,16,10,OF0,SUCCESS,855,
run_4295_cfg_859_seed_5_of0,859,5,12,18,10,40.0,16,10,OF0,SUCCESS,855,
run_4296_cfg_860_seed_1_mrhof,860,1,12,18,10,40.0,16,20,MRHOF,SUCCESS,855,
run_4297_cfg_860_seed_2_mrhof,860,2,12,18,10,40.0,16,20,MRHOF,SUCCESS,855,
run_4298_cfg_860_seed_3_mrhof,860,3,12,18,10,40.0,16,20,MRHOF,SUCCESS,855,
run_4299_cfg_860_seed_4_mrhof,860,4,12,18,10,40.0,16,20,MRHOF,SUCCESS,855,
run_4300_cfg_860_seed_5_mrhof,860,5,12,18,10,40.0,16,20,MRHOF,SUCCESS,855,
run_4301_cfg_861_seed_1_of0,861,1,12,18,10,40.0,16,20,OF0,SUCCESS,855,
run_4302_cfg_861_seed_2_of0,861,2,12,18,10,40.0,16,20,OF0,SUCCESS,855,
run_4303_cfg_861_seed_3_of0,861,3,12,18,10,40.0,16,20,OF0,SUCCESS,855,
run_4304_cfg_861_seed_4_of0,861,4,12,18,10,40.0,16,20,OF0,SUCCESS,855,
run_4305_cfg_861_seed_5_of0,861,5,12,18,10,40.0,16,20,OF0,SUCCESS,855,
run_4306_cfg_862_seed_1_mrhof,862,1,12,18,10,40.0,20,5,MRHOF,SUCCESS,1083,
run_4307_cfg_862_seed_2_mrhof,862,2,12,18,10,40.0,20,5,MRHOF,SUCCESS,1083,
run_4308_cfg_862_seed_3_mrhof,862,3,12,18,10,40.0,20,5,MRHOF,SUCCESS,1083,
run_4309_cfg_862_seed_4_mrhof,862,4,12,18,10,40.0,20,5,MRHOF,SUCCESS,1083,
run_4310_cfg_862_seed_5_mrhof,862,5,12,18,10,40.0,20,5,MRHOF,SUCCESS,1083,
run_4311_cfg_863_seed_1_of0,863,1,12,18,10,40.0,20,5,OF0,SUCCESS,1071,
run_4312_cfg_863_seed_2_of0,863,2,12,18,10,40.0,20,5,OF0,SUCCESS,1080,
run_4313_cfg_863_seed_3_of0,863,3,12,18,10,40.0,20,5,OF0,SUCCESS,1083,
run_4314_cfg_863_seed_4_of0,863,4,12,18,10,40.0,20,5,OF0,SUCCESS,1083,
run_4315_cfg_863_seed_5_of0,863,5,12,18,10,40.0,20,5,OF0,SUCCESS,1083,
run_4316_cfg_864_seed_1_mrhof,864,1,12,18,10,40.0,20,10,MRHOF,SUCCESS,1083,
run_4317_cfg_864_seed_2_mrhof,864,2,12,18,10,40.0,20,10,MRHOF,SUCCESS,1083,
run_4318_cfg_864_seed_3_mrhof,864,3,12,18,10,40.0,20,10,MRHOF,SUCCESS,1083,
run_4319_cfg_864_seed_4_mrhof,864,4,12,18,10,40.0,20,10,MRHOF,SUCCESS,1083,
run_4320_cfg_864_seed_5_mrhof,864,5,12,18,10,40.0,20,10,MRHOF,SUCCESS,1083,
run_4321_cfg_865_seed_1_of0,865,1,12,18,10,40.0,20,10,OF0,SUCCESS,1083,
run_4322_cfg_865_seed_2_of0,865,2,12,18,10,40.0,20,10,OF0,SUCCESS,1083,
run_4323_cfg_865_seed_3_of0,865,3,12,18,10,40.0,20,10,OF0,SUCCESS,1083,
run_4324_cfg_865_seed_4_of0,865,4,12,18,10,40.0,20,10,OF0,SUCCESS,1083,
run_4325_cfg_865_seed_5_of0,865,5,12,18,10,40.0,20,10,OF0,SUCCESS,1083,
run_4326_cfg_866_seed_1_of0,866,1,12,18,10,40.0,20,20,OF0,SUCCESS,1083,
run_4327_cfg_866_seed_2_of0,866,2,12,18,10,40.0,20,20,OF0,SUCCESS,1083,
run_4328_cfg_866_seed_3_of0,866,3,12,18,10,40.0,20,20,OF0,SUCCESS,1083,
run_4329_cfg_866_seed_4_of0,866,4,12,18,10,40.0,20,20,OF0,SUCCESS,1083,
run_4330_cfg_866_seed_5_of0,866,5,12,18,10,40.0,20,20,OF0,SUCCESS,1083,
run_4331_cfg_867_seed_1_mrhof,867,1,12,18,10,50.0,12,5,MRHOF,SUCCESS,627,
run_4332_cfg_867_seed_2_mrhof,867,2,12,18,10,50.0,12,5,MRHOF,SUCCESS,627,
run_4333_cfg_867_seed_3_mrhof,867,3,12,18,10,50.0,12,5,MRHOF,SUCCESS,627,
run_4334_cfg_867_seed_4_mrhof,867,4,12,18,10,50.0,12,5,MRHOF,SUCCESS,627,
run_4335_cfg_867_seed_5_mrhof,867,5,12,18,10,50.0,12,5,MRHOF,SUCCESS,627,
run_4336_cfg_868_seed_1_of0,868,1,12,18,10,50.0,12,5,OF0,SUCCESS,627,
run_4337_cfg_868_seed_2_of0,868,2,12,18,10,50.0,12,5,OF0,SUCCESS,627,
run_4338_cfg_868_seed_3_of0,868,3,12,18,10,50.0,12,5,OF0,SUCCESS,627,
run_4339_cfg_868_seed_4_of0,868,4,12,18,10,50.0,12,5,OF0,SUCCESS,627,
run_4340_cfg_868_seed_5_of0,868,5,12,18,10,50.0,12,5,OF0,SUCCESS,627,
run_4341_cfg_869_seed_1_mrhof,869,1,12,18,10,50.0,12,10,MRHOF,SUCCESS,627,
run_4342_cfg_869_seed_2_mrhof,869,2,12,18,10,50.0,12,10,MRHOF,SUCCESS,627,
run_4343_cfg_869_seed_3_mrhof,869,3,12,18,10,50.0,12,10,MRHOF,SUCCESS,627,
run_4344_cfg_869_seed_4_mrhof,869,4,12,18,10,50.0,12,10,MRHOF,SUCCESS,627,
run_4345_cfg_869_seed_5_mrhof,869,5,12,18,10,50.0,12,10,MRHOF,SUCCESS,627,
run_4346_cfg_870_seed_1_of0,870,1,12,18,10,50.0,12,20,OF0,SUCCESS,627,
run_4347_cfg_870_seed_2_of0,870,2,12,18,10,50.0,12,20,OF0,SUCCESS,627,
run_4348_cfg_870_seed_3_of0,870,3,12,18,10,50.0,12,20,OF0,SUCCESS,627,
run_4349_cfg_870_seed_4_of0,870,4,12,18,10,50.0,12,20,OF0,SUCCESS,627,
run_4350_cfg_870_seed_5_of0,870,5,12,18,10,50.0,12,20,OF0,SUCCESS,627,
run_4351_cfg_871_seed_1_of0,871,1,12,18,10,50.0,16,5,OF0,SUCCESS,855,
run_4352_cfg_871_seed_2_of0,871,2,12,18,10,50.0,16,5,OF0,SUCCESS,855,
run_4353_cfg_871_seed_3_of0,871,3,12,18,10,50.0,16,5,OF0,SUCCESS,855,
run_4354_cfg_871_seed_4_of0,871,4,12,18,10,50.0,16,5,OF0,SUCCESS,855,
run_4355_cfg_871_seed_5_of0,871,5,12,18,10,50.0,16,5,OF0,SUCCESS,855,
run_4356_cfg_872_seed_1_mrhof,872,1,12,18,10,50.0,16,10,MRHOF,SUCCESS,855,
run_4357_cfg_872_seed_2_mrhof,872,2,12,18,10,50.0,16,10,MRHOF,SUCCESS,855,
run_4358_cfg_872_seed_3_mrhof,872,3,12,18,10,50.0,16,10,MRHOF,SUCCESS,855,
run_4359_cfg_872_seed_4_mrhof,872,4,12,18,10,50.0,16,10,MRHOF,SUCCESS,855,
run_4360_cfg_872_seed_5_mrhof,872,5,12,18,10,50.0,16,10,MRHOF,SUCCESS,855,
run_4361_cfg_873_seed_1_mrhof,873,1,12,18,10,50.0,20,5,MRHOF,SUCCESS,1083,
run_4362_cfg_873_seed_2_mrhof,873,2,12,18,10,50.0,20,5,MRHOF,SUCCESS,1083,
run_4363_cfg_873_seed_3_mrhof,873,3,12,18,10,50.0,20,5,MRHOF,SUCCESS,1083,
run_4364_cfg_873_seed_4_mrhof,873,4,12,18,10,50.0,20,5,MRHOF,SUCCESS,1083,
run_4365_cfg_873_seed_5_mrhof,873,5,12,18,10,50.0,20,5,MRHOF,SUCCESS,1083,
run_4366_cfg_874_seed_1_mrhof,874,1,12,18,10,50.0,20,10,MRHOF,SUCCESS,1083,
run_4367_cfg_874_seed_2_mrhof,874,2,12,18,10,50.0,20,10,MRHOF,SUCCESS,1083,
run_4368_cfg_874_seed_3_mrhof,874,3,12,18,10,50.0,20,10,MRHOF,SUCCESS,1083,
run_4369_cfg_874_seed_4_mrhof,874,4,12,18,10,50.0,20,10,MRHOF,SUCCESS,1083,
run_4370_cfg_874_seed_5_mrhof,874,5,12,18,10,50.0,20,10,MRHOF,SUCCESS,1083,
run_4371_cfg_875_seed_1_mrhof,875,1,12,18,10,50.0,20,20,MRHOF,SUCCESS,1083,
run_4372_cfg_875_seed_2_mrhof,875,2,12,18,10,50.0,20,20,MRHOF,SUCCESS,1083,
run_4373_cfg_875_seed_3_mrhof,875,3,12,18,10,50.0,20,20,MRHOF,SUCCESS,1083,
run_4374_cfg_875_seed_4_mrhof,875,4,12,18,10,50.0,20,20,MRHOF,SUCCESS,1083,
run_4375_cfg_875_seed_5_mrhof,875,5,12,18,10,50.0,20,20,MRHOF,SUCCESS,1083,
run_4376_cfg_876_seed_1_of0,876,1,12,18,10,50.0,20,20,OF0,SUCCESS,1083,
run_4377_cfg_876_seed_2_of0,876,2,12,18,10,50.0,20,20,OF0,SUCCESS,1083,
run_4378_cfg_876_seed_3_of0,876,3,12,18,10,50.0,20,20,OF0,SUCCESS,1083,
run_4379_cfg_876_seed_4_of0,876,4,12,18,10,50.0,20,20,OF0,SUCCESS,1083,
run_4380_cfg_876_seed_5_of0,876,5,12,18,10,50.0,20,20,OF0,SUCCESS,1083,
run_4381_cfg_877_seed_1_mrhof,877,1,12,18,10,60.0,12,5,MRHOF,SUCCESS,627,
run_4382_cfg_877_seed_2_mrhof,877,2,12,18,10,60.0,12,5,MRHOF,SUCCESS,627,
run_4383_cfg_877_seed_3_mrhof,877,3,12,18,10,60.0,12,5,MRHOF,SUCCESS,627,
run_4384_cfg_877_seed_4_mrhof,877,4,12,18,10,60.0,12,5,MRHOF,SUCCESS,627,
run_4385_cfg_877_seed_5_mrhof,877,5,12,18,10,60.0,12,5,MRHOF,SUCCESS,627,
run_4386_cfg_878_seed_1_of0,878,1,12,18,10,60.0,12,5,OF0,SUCCESS,627,
run_4387_cfg_878_seed_2_of0,878,2,12,18,10,60.0,12,5,OF0,SUCCESS,627,
run_4388_cfg_878_seed_3_of0,878,3,12,18,10,60.0,12,5,OF0,SUCCESS,627,
run_4389_cfg_878_seed_4_of0,878,4,12,18,10,60.0,12,5,OF0,SUCCESS,627,
run_4390_cfg_878_seed_5_of0,878,5,12,18,10,60.0,12,5,OF0,SUCCESS,627,
run_4391_cfg_879_seed_1_mrhof,879,1,12,18,10,60.0,12,20,MRHOF,SUCCESS,627,
run_4392_cfg_879_seed_2_mrhof,879,2,12,18,10,60.0,12,20,MRHOF,SUCCESS,627,
run_4393_cfg_879_seed_3_mrhof,879,3,12,18,10,60.0,12,20,MRHOF,SUCCESS,627,
run_4394_cfg_879_seed_4_mrhof,879,4,12,18,10,60.0,12,20,MRHOF,SUCCESS,627,
run_4395_cfg_879_seed_5_mrhof,879,5,12,18,10,60.0,12,20,MRHOF,SUCCESS,627,
run_4396_cfg_880_seed_1_mrhof,880,1,12,18,10,60.0,16,5,MRHOF,SUCCESS,855,
run_4397_cfg_880_seed_2_mrhof,880,2,12,18,10,60.0,16,5,MRHOF,SUCCESS,855,
run_4398_cfg_880_seed_3_mrhof,880,3,12,18,10,60.0,16,5,MRHOF,SUCCESS,855,
run_4399_cfg_880_seed_4_mrhof,880,4,12,18,10,60.0,16,5,MRHOF,SUCCESS,855,
run_4400_cfg_880_seed_5_mrhof,880,5,12,18,10,60.0,16,5,MRHOF,SUCCESS,855,
run_4401_cfg_881_seed_1_of0,881,1,12,18,10,60.0,16,5,OF0,SUCCESS,855,
run_4402_cfg_881_seed_2_of0,881,2,12,18,10,60.0,16,5,OF0,SUCCESS,855,
run_4403_cfg_881_seed_3_of0,881,3,12,18,10,60.0,16,5,OF0,SUCCESS,855,
run_4404_cfg_881_seed_4_of0,881,4,12,18,10,60.0,16,5,OF0,SUCCESS,855,
run_4405_cfg_881_seed_5_of0,881,5,12,18,10,60.0,16,5,OF0,SUCCESS,855,
run_4406_cfg_882_seed_1_mrhof,882,1,12,18,10,60.0,16,10,MRHOF,SUCCESS,855,
run_4407_cfg_882_seed_2_mrhof,882,2,12,18,10,60.0,16,10,MRHOF,SUCCESS,855,
run_4408_cfg_882_seed_3_mrhof,882,3,12,18,10,60.0,16,10,MRHOF,SUCCESS,855,
run_4409_cfg_882_seed_4_mrhof,882,4,12,18,10,60.0,16,10,MRHOF,SUCCESS,855,
run_4410_cfg_882_seed_5_mrhof,882,5,12,18,10,60.0,16,10,MRHOF,SUCCESS,855,
run_4411_cfg_883_seed_1_of0,883,1,12,18,10,60.0,16,10,OF0,SUCCESS,855,
run_4412_cfg_883_seed_2_of0,883,2,12,18,10,60.0,16,10,OF0,SUCCESS,855,
run_4413_cfg_883_seed_3_of0,883,3,12,18,10,60.0,16,10,OF0,SUCCESS,855,
run_4414_cfg_883_seed_4_of0,883,4,12,18,10,60.0,16,10,OF0,SUCCESS,855,
run_4415_cfg_883_seed_5_of0,883,5,12,18,10,60.0,16,10,OF0,SUCCESS,855,
run_4416_cfg_884_seed_1_mrhof,884,1,12,18,10,60.0,16,20,MRHOF,SUCCESS,855,
run_4417_cfg_884_seed_2_mrhof,884,2,12,18,10,60.0,16,20,MRHOF,SUCCESS,855,
run_4418_cfg_884_seed_3_mrhof,884,3,12,18,10,60.0,16,20,MRHOF,SUCCESS,855,
run_4419_cfg_884_seed_4_mrhof,884,4,12,18,10,60.0,16,20,MRHOF,SUCCESS,855,
run_4420_cfg_884_seed_5_mrhof,884,5,12,18,10,60.0,16,20,MRHOF,SUCCESS,855,
run_4421_cfg_885_seed_1_of0,885,1,12,18,10,60.0,16,20,OF0,SUCCESS,855,
run_4422_cfg_885_seed_2_of0,885,2,12,18,10,60.0,16,20,OF0,SUCCESS,855,
run_4423_cfg_885_seed_3_of0,885,3,12,18,10,60.0,16,20,OF0,SUCCESS,855,
run_4424_cfg_885_seed_4_of0,885,4,12,18,10,60.0,16,20,OF0,SUCCESS,855,
run_4425_cfg_885_seed_5_of0,885,5,12,18,10,60.0,16,20,OF0,SUCCESS,855,
run_4426_cfg_886_seed_1_mrhof,886,1,12,18,10,60.0,20,5,MRHOF,SUCCESS,1083,
run_4427_cfg_886_seed_2_mrhof,886,2,12,18,10,60.0,20,5,MRHOF,SUCCESS,1083,
run_4428_cfg_886_seed_3_mrhof,886,3,12,18,10,60.0,20,5,MRHOF,SUCCESS,1083,
run_4429_cfg_886_seed_4_mrhof,886,4,12,18,10,60.0,20,5,MRHOF,SUCCESS,1083,
run_4430_cfg_886_seed_5_mrhof,886,5,12,18,10,60.0,20,5,MRHOF,SUCCESS,1083,
run_4431_cfg_887_seed_1_of0,887,1,12,18,10,60.0,20,5,OF0,SUCCESS,1083,
run_4432_cfg_887_seed_2_of0,887,2,12,18,10,60.0,20,5,OF0,SUCCESS,1083,
run_4433_cfg_887_seed_3_of0,887,3,12,18,10,60.0,20,5,OF0,SUCCESS,1083,
run_4434_cfg_887_seed_4_of0,887,4,12,18,10,60.0,20,5,OF0,SUCCESS,1083,
run_4435_cfg_887_seed_5_of0,887,5,12,18,10,60.0,20,5,OF0,SUCCESS,1083,
run_4436_cfg_888_seed_1_mrhof,888,1,12,18,10,60.0,20,10,MRHOF,SUCCESS,1083,
run_4437_cfg_888_seed_2_mrhof,888,2,12,18,10,60.0,20,10,MRHOF,SUCCESS,1083,
run_4438_cfg_888_seed_3_mrhof,888,3,12,18,10,60.0,20,10,MRHOF,SUCCESS,1083,
run_4439_cfg_888_seed_4_mrhof,888,4,12,18,10,60.0,20,10,MRHOF,SUCCESS,1083,
run_4440_cfg_888_seed_5_mrhof,888,5,12,18,10,60.0,20,10,MRHOF,SUCCESS,1083,
run_4441_cfg_889_seed_1_of0,889,1,12,18,10,60.0,20,10,OF0,SUCCESS,1083,
run_4442_cfg_889_seed_2_of0,889,2,12,18,10,60.0,20,10,OF0,SUCCESS,1083,
run_4443_cfg_889_seed_3_of0,889,3,12,18,10,60.0,20,10,OF0,SUCCESS,1083,
run_4444_cfg_889_seed_4_of0,889,4,12,18,10,60.0,20,10,OF0,SUCCESS,1083,
run_4445_cfg_889_seed_5_of0,889,5,12,18,10,60.0,20,10,OF0,SUCCESS,1083,
run_4446_cfg_890_seed_1_mrhof,890,1,12,18,10,60.0,20,20,MRHOF,SUCCESS,1083,
run_4447_cfg_890_seed_2_mrhof,890,2,12,18,10,60.0,20,20,MRHOF,SUCCESS,1083,
run_4448_cfg_890_seed_3_mrhof,890,3,12,18,10,60.0,20,20,MRHOF,SUCCESS,1083,
run_4449_cfg_890_seed_4_mrhof,890,4,12,18,10,60.0,20,20,MRHOF,SUCCESS,1083,
run_4450_cfg_890_seed_5_mrhof,890,5,12,18,10,60.0,20,20,MRHOF,SUCCESS,1083,
run_4451_cfg_891_seed_1_mrhof,891,1,12,20,0,40.0,12,5,MRHOF,SUCCESS,627,
run_4452_cfg_891_seed_2_mrhof,891,2,12,20,0,40.0,12,5,MRHOF,SUCCESS,627,
run_4453_cfg_891_seed_3_mrhof,891,3,12,20,0,40.0,12,5,MRHOF,SUCCESS,627,
run_4454_cfg_891_seed_4_mrhof,891,4,12,20,0,40.0,12,5,MRHOF,SUCCESS,627,
run_4455_cfg_891_seed_5_mrhof,891,5,12,20,0,40.0,12,5,MRHOF,SUCCESS,627,
run_4456_cfg_892_seed_1_of0,892,1,12,20,0,40.0,12,5,OF0,SUCCESS,627,
run_4457_cfg_892_seed_2_of0,892,2,12,20,0,40.0,12,5,OF0,SUCCESS,627,
run_4458_cfg_892_seed_3_of0,892,3,12,20,0,40.0,12,5,OF0,SUCCESS,627,
run_4459_cfg_892_seed_4_of0,892,4,12,20,0,40.0,12,5,OF0,SUCCESS,627,
run_4460_cfg_892_seed_5_of0,892,5,12,20,0,40.0,12,5,OF0,SUCCESS,627,
run_4461_cfg_893_seed_1_mrhof,893,1,12,20,0,40.0,12,10,MRHOF,SUCCESS,627,
run_4462_cfg_893_seed_2_mrhof,893,2,12,20,0,40.0,12,10,MRHOF,SUCCESS,627,
run_4463_cfg_893_seed_3_mrhof,893,3,12,20,0,40.0,12,10,MRHOF,SUCCESS,627,
run_4464_cfg_893_seed_4_mrhof,893,4,12,20,0,40.0,12,10,MRHOF,SUCCESS,627,
run_4465_cfg_893_seed_5_mrhof,893,5,12,20,0,40.0,12,10,MRHOF,SUCCESS,627,
run_4466_cfg_894_seed_1_mrhof,894,1,12,20,0,40.0,12,20,MRHOF,SUCCESS,627,
run_4467_cfg_894_seed_2_mrhof,894,2,12,20,0,40.0,12,20,MRHOF,SUCCESS,627,
run_4468_cfg_894_seed_3_mrhof,894,3,12,20,0,40.0,12,20,MRHOF,SUCCESS,627,
run_4469_cfg_894_seed_4_mrhof,894,4,12,20,0,40.0,12,20,MRHOF,SUCCESS,627,
run_4470_cfg_894_seed_5_mrhof,894,5,12,20,0,40.0,12,20,MRHOF,SUCCESS,627,
run_4471_cfg_895_seed_1_of0,895,1,12,20,0,40.0,12,20,OF0,SUCCESS,627,
run_4472_cfg_895_seed_2_of0,895,2,12,20,0,40.0,12,20,OF0,SUCCESS,627,
run_4473_cfg_895_seed_3_of0,895,3,12,20,0,40.0,12,20,OF0,SUCCESS,627,
run_4474_cfg_895_seed_4_of0,895,4,12,20,0,40.0,12,20,OF0,SUCCESS,627,
run_4475_cfg_895_seed_5_of0,895,5,12,20,0,40.0,12,20,OF0,SUCCESS,627,
run_4476_cfg_896_seed_1_mrhof,896,1,12,20,0,40.0,16,5,MRHOF,SUCCESS,855,
run_4477_cfg_896_seed_2_mrhof,896,2,12,20,0,40.0,16,5,MRHOF,SUCCESS,855,
run_4478_cfg_896_seed_3_mrhof,896,3,12,20,0,40.0,16,5,MRHOF,SUCCESS,855,
run_4479_cfg_896_seed_4_mrhof,896,4,12,20,0,40.0,16,5,MRHOF,SUCCESS,855,
run_4480_cfg_896_seed_5_mrhof,896,5,12,20,0,40.0,16,5,MRHOF,SUCCESS,855,
run_4481_cfg_897_seed_1_of0,897,1,12,20,0,40.0,16,5,OF0,SUCCESS,855,
run_4482_cfg_897_seed_2_of0,897,2,12,20,0,40.0,16,5,OF0,SUCCESS,855,
run_4483_cfg_897_seed_3_of0,897,3,12,20,0,40.0,16,5,OF0,SUCCESS,855,
run_4484_cfg_897_seed_4_of0,897,4,12,20,0,40.0,16,5,OF0,SUCCESS,855,
run_4485_cfg_897_seed_5_of0,897,5,12,20,0,40.0,16,5,OF0,SUCCESS,855,
run_4486_cfg_898_seed_1_mrhof,898,1,12,20,0,40.0,16,10,MRHOF,SUCCESS,855,
run_4487_cfg_898_seed_2_mrhof,898,2,12,20,0,40.0,16,10,MRHOF,SUCCESS,855,
run_4488_cfg_898_seed_3_mrhof,898,3,12,20,0,40.0,16,10,MRHOF,SUCCESS,855,
run_4489_cfg_898_seed_4_mrhof,898,4,12,20,0,40.0,16,10,MRHOF,SUCCESS,855,
run_4490_cfg_898_seed_5_mrhof,898,5,12,20,0,40.0,16,10,MRHOF,SUCCESS,855,
run_4491_cfg_899_seed_1_of0,899,1,12,20,0,40.0,16,10,OF0,SUCCESS,855,
run_4492_cfg_899_seed_2_of0,899,2,12,20,0,40.0,16,10,OF0,SUCCESS,855,
run_4493_cfg_899_seed_3_of0,899,3,12,20,0,40.0,16,10,OF0,SUCCESS,855,
run_4494_cfg_899_seed_4_of0,899,4,12,20,0,40.0,16,10,OF0,SUCCESS,855,
run_4495_cfg_899_seed_5_of0,899,5,12,20,0,40.0,16,10,OF0,SUCCESS,855,
run_4496_cfg_900_seed_1_mrhof,900,1,12,20,0,40.0,16,20,MRHOF,SUCCESS,855,
run_4497_cfg_900_seed_2_mrhof,900,2,12,20,0,40.0,16,20,MRHOF,SUCCESS,855,
run_4498_cfg_900_seed_3_mrhof,900,3,12,20,0,40.0,16,20,MRHOF,SUCCESS,855,
run_4499_cfg_900_seed_4_mrhof,900,4,12,20,0,40.0,16,20,MRHOF,SUCCESS,855,
run_4500_cfg_900_seed_5_mrhof,900,5,12,20,0,40.0,16,20,MRHOF,SUCCESS,855,
run_4501_cfg_901_seed_1_of0,901,1,12,20,0,40.0,16,20,OF0,SUCCESS,855,
run_4502_cfg_901_seed_2_of0,901,2,12,20,0,40.0,16,20,OF0,SUCCESS,855,
run_4503_cfg_901_seed_3_of0,901,3,12,20,0,40.0,16,20,OF0,SUCCESS,855,
run_4504_cfg_901_seed_4_of0,901,4,12,20,0,40.0,16,20,OF0,SUCCESS,855,
run_4505_cfg_901_seed_5_of0,901,5,12,20,0,40.0,16,20,OF0,SUCCESS,855,
run_4506_cfg_902_seed_1_mrhof,902,1,12,20,0,40.0,20,5,MRHOF,SUCCESS,1083,
run_4507_cfg_902_seed_2_mrhof,902,2,12,20,0,40.0,20,5,MRHOF,SUCCESS,1083,
run_4508_cfg_902_seed_3_mrhof,902,3,12,20,0,40.0,20,5,MRHOF,SUCCESS,1083,
run_4509_cfg_902_seed_4_mrhof,902,4,12,20,0,40.0,20,5,MRHOF,SUCCESS,1083,
run_4510_cfg_902_seed_5_mrhof,902,5,12,20,0,40.0,20,5,MRHOF,SUCCESS,1083,
run_4511_cfg_903_seed_1_mrhof,903,1,12,20,0,40.0,20,20,MRHOF,SUCCESS,1083,
run_4512_cfg_903_seed_2_mrhof,903,2,12,20,0,40.0,20,20,MRHOF,SUCCESS,1083,
run_4513_cfg_903_seed_3_mrhof,903,3,12,20,0,40.0,20,20,MRHOF,SUCCESS,1083,
run_4514_cfg_903_seed_4_mrhof,903,4,12,20,0,40.0,20,20,MRHOF,SUCCESS,1083,
run_4515_cfg_903_seed_5_mrhof,903,5,12,20,0,40.0,20,20,MRHOF,SUCCESS,1083,
run_4516_cfg_904_seed_1_of0,904,1,12,20,0,40.0,20,20,OF0,SUCCESS,1083,
run_4517_cfg_904_seed_2_of0,904,2,12,20,0,40.0,20,20,OF0,SUCCESS,1083,
run_4518_cfg_904_seed_3_of0,904,3,12,20,0,40.0,20,20,OF0,SUCCESS,1083,
run_4519_cfg_904_seed_4_of0,904,4,12,20,0,40.0,20,20,OF0,SUCCESS,1083,
run_4520_cfg_904_seed_5_of0,904,5,12,20,0,40.0,20,20,OF0,SUCCESS,1083,
run_4521_cfg_905_seed_1_mrhof,905,1,12,20,0,50.0,12,5,MRHOF,SUCCESS,627,
run_4522_cfg_905_seed_2_mrhof,905,2,12,20,0,50.0,12,5,MRHOF,SUCCESS,627,
run_4523_cfg_905_seed_3_mrhof,905,3,12,20,0,50.0,12,5,MRHOF,SUCCESS,627,
run_4524_cfg_905_seed_4_mrhof,905,4,12,20,0,50.0,12,5,MRHOF,SUCCESS,627,
run_4525_cfg_905_seed_5_mrhof,905,5,12,20,0,50.0,12,5,MRHOF,SUCCESS,627,
run_4526_cfg_906_seed_1_mrhof,906,1,12,20,0,50.0,12,10,MRHOF,SUCCESS,627,
run_4527_cfg_906_seed_2_mrhof,906,2,12,20,0,50.0,12,10,MRHOF,SUCCESS,627,
run_4528_cfg_906_seed_3_mrhof,906,3,12,20,0,50.0,12,10,MRHOF,SUCCESS,627,
run_4529_cfg_906_seed_4_mrhof,906,4,12,20,0,50.0,12,10,MRHOF,SUCCESS,627,
run_4530_cfg_906_seed_5_mrhof,906,5,12,20,0,50.0,12,10,MRHOF,SUCCESS,627,
run_4531_cfg_907_seed_1_of0,907,1,12,20,0,50.0,12,10,OF0,SUCCESS,627,
run_4532_cfg_907_seed_2_of0,907,2,12,20,0,50.0,12,10,OF0,SUCCESS,627,
run_4533_cfg_907_seed_3_of0,907,3,12,20,0,50.0,12,10,OF0,SUCCESS,627,
run_4534_cfg_907_seed_4_of0,907,4,12,20,0,50.0,12,10,OF0,SUCCESS,627,
run_4535_cfg_907_seed_5_of0,907,5,12,20,0,50.0,12,10,OF0,SUCCESS,627,
run_4536_cfg_908_seed_1_mrhof,908,1,12,20,0,50.0,12,20,MRHOF,SUCCESS,627,
run_4537_cfg_908_seed_2_mrhof,908,2,12,20,0,50.0,12,20,MRHOF,SUCCESS,627,
run_4538_cfg_908_seed_3_mrhof,908,3,12,20,0,50.0,12,20,MRHOF,SUCCESS,627,
run_4539_cfg_908_seed_4_mrhof,908,4,12,20,0,50.0,12,20,MRHOF,SUCCESS,627,
run_4540_cfg_908_seed_5_mrhof,908,5,12,20,0,50.0,12,20,MRHOF,SUCCESS,627,
run_4541_cfg_909_seed_1_mrhof,909,1,12,20,0,50.0,16,5,MRHOF,SUCCESS,855,
run_4542_cfg_909_seed_2_mrhof,909,2,12,20,0,50.0,16,5,MRHOF,SUCCESS,855,
run_4543_cfg_909_seed_3_mrhof,909,3,12,20,0,50.0,16,5,MRHOF,SUCCESS,855,
run_4544_cfg_909_seed_4_mrhof,909,4,12,20,0,50.0,16,5,MRHOF,SUCCESS,855,
run_4545_cfg_909_seed_5_mrhof,909,5,12,20,0,50.0,16,5,MRHOF,SUCCESS,855,
run_4546_cfg_910_seed_1_of0,910,1,12,20,0,50.0,16,5,OF0,SUCCESS,855,
run_4547_cfg_910_seed_2_of0,910,2,12,20,0,50.0,16,5,OF0,SUCCESS,855,
run_4548_cfg_910_seed_3_of0,910,3,12,20,0,50.0,16,5,OF0,SUCCESS,855,
run_4549_cfg_910_seed_4_of0,910,4,12,20,0,50.0,16,5,OF0,SUCCESS,855,
run_4550_cfg_910_seed_5_of0,910,5,12,20,0,50.0,16,5,OF0,SUCCESS,855,
run_4551_cfg_911_seed_1_mrhof,911,1,12,20,0,50.0,16,20,MRHOF,SUCCESS,855,
run_4552_cfg_911_seed_2_mrhof,911,2,12,20,0,50.0,16,20,MRHOF,SUCCESS,855,
run_4553_cfg_911_seed_3_mrhof,911,3,12,20,0,50.0,16,20,MRHOF,SUCCESS,855,
run_4554_cfg_911_seed_4_mrhof,911,4,12,20,0,50.0,16,20,MRHOF,SUCCESS,855,
run_4555_cfg_911_seed_5_mrhof,911,5,12,20,0,50.0,16,20,MRHOF,SUCCESS,855,
run_4556_cfg_912_seed_1_of0,912,1,12,20,0,50.0,16,20,OF0,SUCCESS,855,
run_4557_cfg_912_seed_2_of0,912,2,12,20,0,50.0,16,20,OF0,SUCCESS,855,
run_4558_cfg_912_seed_3_of0,912,3,12,20,0,50.0,16,20,OF0,SUCCESS,855,
run_4559_cfg_912_seed_4_of0,912,4,12,20,0,50.0,16,20,OF0,SUCCESS,855,
run_4560_cfg_912_seed_5_of0,912,5,12,20,0,50.0,16,20,OF0,SUCCESS,855,
run_4561_cfg_913_seed_1_mrhof,913,1,12,20,0,50.0,20,5,MRHOF,SUCCESS,1083,
run_4562_cfg_913_seed_2_mrhof,913,2,12,20,0,50.0,20,5,MRHOF,SUCCESS,1083,
run_4563_cfg_913_seed_3_mrhof,913,3,12,20,0,50.0,20,5,MRHOF,SUCCESS,1083,
run_4564_cfg_913_seed_4_mrhof,913,4,12,20,0,50.0,20,5,MRHOF,SUCCESS,1083,
run_4565_cfg_913_seed_5_mrhof,913,5,12,20,0,50.0,20,5,MRHOF,SUCCESS,1083,
run_4566_cfg_914_seed_1_of0,914,1,12,20,0,50.0,20,5,OF0,SUCCESS,1083,
run_4567_cfg_914_seed_2_of0,914,2,12,20,0,50.0,20,5,OF0,SUCCESS,1083,
run_4568_cfg_914_seed_3_of0,914,3,12,20,0,50.0,20,5,OF0,SUCCESS,1083,
run_4569_cfg_914_seed_4_of0,914,4,12,20,0,50.0,20,5,OF0,SUCCESS,1083,
run_4570_cfg_914_seed_5_of0,914,5,12,20,0,50.0,20,5,OF0,SUCCESS,1083,
run_4571_cfg_915_seed_1_mrhof,915,1,12,20,0,50.0,20,10,MRHOF,SUCCESS,1083,
run_4572_cfg_915_seed_2_mrhof,915,2,12,20,0,50.0,20,10,MRHOF,SUCCESS,1083,
run_4573_cfg_915_seed_3_mrhof,915,3,12,20,0,50.0,20,10,MRHOF,SUCCESS,1083,
run_4574_cfg_915_seed_4_mrhof,915,4,12,20,0,50.0,20,10,MRHOF,SUCCESS,1083,
run_4575_cfg_915_seed_5_mrhof,915,5,12,20,0,50.0,20,10,MRHOF,SUCCESS,1083,
run_4576_cfg_916_seed_1_of0,916,1,12,20,0,60.0,12,5,OF0,SUCCESS,627,
run_4577_cfg_916_seed_2_of0,916,2,12,20,0,60.0,12,5,OF0,SUCCESS,627,
run_4578_cfg_916_seed_3_of0,916,3,12,20,0,60.0,12,5,OF0,SUCCESS,627,
run_4579_cfg_916_seed_4_of0,916,4,12,20,0,60.0,12,5,OF0,SUCCESS,627,
run_4580_cfg_916_seed_5_of0,916,5,12,20,0,60.0,12,5,OF0,SUCCESS,627,
run_4581_cfg_917_seed_1_mrhof,917,1,12,20,0,60.0,12,10,MRHOF,SUCCESS,627,
run_4582_cfg_917_seed_2_mrhof,917,2,12,20,0,60.0,12,10,MRHOF,SUCCESS,627,
run_4583_cfg_917_seed_3_mrhof,917,3,12,20,0,60.0,12,10,MRHOF,SUCCESS,627,
run_4584_cfg_917_seed_4_mrhof,917,4,12,20,0,60.0,12,10,MRHOF,SUCCESS,627,
run_4585_cfg_917_seed_5_mrhof,917,5,12,20,0,60.0,12,10,MRHOF,SUCCESS,627,
run_4586_cfg_918_seed_1_of0,918,1,12,20,0,60.0,12,10,OF0,SUCCESS,627,
run_4587_cfg_918_seed_2_of0,918,2,12,20,0,60.0,12,10,OF0,SUCCESS,627,
run_4588_cfg_918_seed_3_of0,918,3,12,20,0,60.0,12,10,OF0,SUCCESS,627,
run_4589_cfg_918_seed_4_of0,918,4,12,20,0,60.0,12,10,OF0,SUCCESS,627,
run_4590_cfg_918_seed_5_of0,918,5,12,20,0,60.0,12,10,OF0,SUCCESS,627,
run_4591_cfg_919_seed_1_mrhof,919,1,12,20,0,60.0,12,20,MRHOF,SUCCESS,627,
run_4592_cfg_919_seed_2_mrhof,919,2,12,20,0,60.0,12,20,MRHOF,SUCCESS,627,
run_4593_cfg_919_seed_3_mrhof,919,3,12,20,0,60.0,12,20,MRHOF,SUCCESS,627,
run_4594_cfg_919_seed_4_mrhof,919,4,12,20,0,60.0,12,20,MRHOF,SUCCESS,627,
run_4595_cfg_919_seed_5_mrhof,919,5,12,20,0,60.0,12,20,MRHOF,SUCCESS,627,
run_4596_cfg_920_seed_1_of0,920,1,12,20,0,60.0,12,20,OF0,SUCCESS,627,
run_4597_cfg_920_seed_2_of0,920,2,12,20,0,60.0,12,20,OF0,SUCCESS,627,
run_4598_cfg_920_seed_3_of0,920,3,12,20,0,60.0,12,20,OF0,SUCCESS,627,
run_4599_cfg_920_seed_4_of0,920,4,12,20,0,60.0,12,20,OF0,SUCCESS,627,
run_4600_cfg_920_seed_5_of0,920,5,12,20,0,60.0,12,20,OF0,SUCCESS,627,
run_4601_cfg_921_seed_1_mrhof,921,1,12,20,0,60.0,16,5,MRHOF,SUCCESS,855,
run_4602_cfg_921_seed_2_mrhof,921,2,12,20,0,60.0,16,5,MRHOF,SUCCESS,855,
run_4603_cfg_921_seed_3_mrhof,921,3,12,20,0,60.0,16,5,MRHOF,SUCCESS,855,
run_4604_cfg_921_seed_4_mrhof,921,4,12,20,0,60.0,16,5,MRHOF,SUCCESS,855,
run_4605_cfg_921_seed_5_mrhof,921,5,12,20,0,60.0,16,5,MRHOF,SUCCESS,855,
run_4606_cfg_922_seed_1_of0,922,1,12,20,0,60.0,16,5,OF0,SUCCESS,855,
run_4607_cfg_922_seed_2_of0,922,2,12,20,0,60.0,16,5,OF0,SUCCESS,855,
run_4608_cfg_922_seed_3_of0,922,3,12,20,0,60.0,16,5,OF0,SUCCESS,855,
run_4609_cfg_922_seed_4_of0,922,4,12,20,0,60.0,16,5,OF0,SUCCESS,855,
run_4610_cfg_922_seed_5_of0,922,5,12,20,0,60.0,16,5,OF0,SUCCESS,855,
run_4611_cfg_923_seed_1_mrhof,923,1,12,20,0,60.0,16,10,MRHOF,SUCCESS,855,
run_4612_cfg_923_seed_2_mrhof,923,2,12,20,0,60.0,16,10,MRHOF,SUCCESS,855,
run_4613_cfg_923_seed_3_mrhof,923,3,12,20,0,60.0,16,10,MRHOF,SUCCESS,855,
run_4614_cfg_923_seed_4_mrhof,923,4,12,20,0,60.0,16,10,MRHOF,SUCCESS,855,
run_4615_cfg_923_seed_5_mrhof,923,5,12,20,0,60.0,16,10,MRHOF,SUCCESS,855,
run_4616_cfg_924_seed_1_of0,924,1,12,20,0,60.0,16,10,OF0,SUCCESS,855,
run_4617_cfg_924_seed_2_of0,924,2,12,20,0,60.0,16,10,OF0,SUCCESS,855,
run_4618_cfg_924_seed_3_of0,924,3,12,20,0,60.0,16,10,OF0,SUCCESS,855,
run_4619_cfg_924_seed_4_of0,924,4,12,20,0,60.0,16,10,OF0,SUCCESS,855,
run_4620_cfg_924_seed_5_of0,924,5,12,20,0,60.0,16,10,OF0,SUCCESS,855,
run_4621_cfg_925_seed_1_of0,925,1,12,20,0,60.0,16,20,OF0,SUCCESS,855,
run_4622_cfg_925_seed_2_of0,925,2,12,20,0,60.0,16,20,OF0,SUCCESS,855,
run_4623_cfg_925_seed_3_of0,925,3,12,20,0,60.0,16,20,OF0,SUCCESS,855,
run_4624_cfg_925_seed_4_of0,925,4,12,20,0,60.0,16,20,OF0,SUCCESS,855,
run_4625_cfg_925_seed_5_of0,925,5,12,20,0,60.0,16,20,OF0,SUCCESS,855,
run_4626_cfg_926_seed_1_mrhof,926,1,12,20,0,60.0,20,5,MRHOF,SUCCESS,1083,
run_4627_cfg_926_seed_2_mrhof,926,2,12,20,0,60.0,20,5,MRHOF,SUCCESS,1083,
run_4628_cfg_926_seed_3_mrhof,926,3,12,20,0,60.0,20,5,MRHOF,SUCCESS,1083,
run_4629_cfg_926_seed_4_mrhof,926,4,12,20,0,60.0,20,5,MRHOF,SUCCESS,1083,
run_4630_cfg_926_seed_5_mrhof,926,5,12,20,0,60.0,20,5,MRHOF,SUCCESS,1083,
run_4631_cfg_927_seed_1_of0,927,1,12,20,0,60.0,20,5,OF0,SUCCESS,1083,
run_4632_cfg_927_seed_2_of0,927,2,12,20,0,60.0,20,5,OF0,SUCCESS,1083,
run_4633_cfg_927_seed_3_of0,927,3,12,20,0,60.0,20,5,OF0,SUCCESS,1083,
run_4634_cfg_927_seed_4_of0,927,4,12,20,0,60.0,20,5,OF0,SUCCESS,1083,
run_4635_cfg_927_seed_5_of0,927,5,12,20,0,60.0,20,5,OF0,SUCCESS,1083,
run_4636_cfg_928_seed_1_mrhof,928,1,12,20,0,60.0,20,10,MRHOF,SUCCESS,1083,
run_4637_cfg_928_seed_2_mrhof,928,2,12,20,0,60.0,20,10,MRHOF,SUCCESS,1083,
run_4638_cfg_928_seed_3_mrhof,928,3,12,20,0,60.0,20,10,MRHOF,SUCCESS,1083,
run_4639_cfg_928_seed_4_mrhof,928,4,12,20,0,60.0,20,10,MRHOF,SUCCESS,1083,
run_4640_cfg_928_seed_5_mrhof,928,5,12,20,0,60.0,20,10,MRHOF,SUCCESS,1083,
run_4641_cfg_929_seed_1_of0,929,1,12,20,0,60.0,20,10,OF0,SUCCESS,1083,
run_4642_cfg_929_seed_2_of0,929,2,12,20,0,60.0,20,10,OF0,SUCCESS,1083,
run_4643_cfg_929_seed_3_of0,929,3,12,20,0,60.0,20,10,OF0,SUCCESS,1083,
run_4644_cfg_929_seed_4_of0,929,4,12,20,0,60.0,20,10,OF0,SUCCESS,1083,
run_4645_cfg_929_seed_5_of0,929,5,12,20,0,60.0,20,10,OF0,SUCCESS,1083,
run_4646_cfg_930_seed_1_mrhof,930,1,12,20,0,60.0,20,20,MRHOF,SUCCESS,1083,
run_4647_cfg_930_seed_2_mrhof,930,2,12,20,0,60.0,20,20,MRHOF,SUCCESS,1083,
run_4648_cfg_930_seed_3_mrhof,930,3,12,20,0,60.0,20,20,MRHOF,SUCCESS,1083,
run_4649_cfg_930_seed_4_mrhof,930,4,12,20,0,60.0,20,20,MRHOF,SUCCESS,1083,
run_4650_cfg_930_seed_5_mrhof,930,5,12,20,0,60.0,20,20,MRHOF,SUCCESS,1083,
run_4651_cfg_931_seed_1_mrhof,931,1,12,20,5,40.0,12,5,MRHOF,SUCCESS,627,
run_4652_cfg_931_seed_2_mrhof,931,2,12,20,5,40.0,12,5,MRHOF,SUCCESS,627,
run_4653_cfg_931_seed_3_mrhof,931,3,12,20,5,40.0,12,5,MRHOF,SUCCESS,627,
run_4654_cfg_931_seed_4_mrhof,931,4,12,20,5,40.0,12,5,MRHOF,SUCCESS,627,
run_4655_cfg_931_seed_5_mrhof,931,5,12,20,5,40.0,12,5,MRHOF,SUCCESS,627,
run_4656_cfg_932_seed_1_of0,932,1,12,20,5,40.0,12,5,OF0,SUCCESS,627,
run_4657_cfg_932_seed_2_of0,932,2,12,20,5,40.0,12,5,OF0,SUCCESS,627,
run_4658_cfg_932_seed_3_of0,932,3,12,20,5,40.0,12,5,OF0,SUCCESS,627,
run_4659_cfg_932_seed_4_of0,932,4,12,20,5,40.0,12,5,OF0,SUCCESS,627,
run_4660_cfg_932_seed_5_of0,932,5,12,20,5,40.0,12,5,OF0,SUCCESS,627,
run_4661_cfg_933_seed_1_mrhof,933,1,12,20,5,40.0,12,10,MRHOF,SUCCESS,627,
run_4662_cfg_933_seed_2_mrhof,933,2,12,20,5,40.0,12,10,MRHOF,SUCCESS,627,
run_4663_cfg_933_seed_3_mrhof,933,3,12,20,5,40.0,12,10,MRHOF,SUCCESS,627,
run_4664_cfg_933_seed_4_mrhof,933,4,12,20,5,40.0,12,10,MRHOF,SUCCESS,627,
run_4665_cfg_933_seed_5_mrhof,933,5,12,20,5,40.0,12,10,MRHOF,SUCCESS,627,
run_4666_cfg_934_seed_1_of0,934,1,12,20,5,40.0,12,10,OF0,SUCCESS,627,
run_4667_cfg_934_seed_2_of0,934,2,12,20,5,40.0,12,10,OF0,SUCCESS,627,
run_4668_cfg_934_seed_3_of0,934,3,12,20,5,40.0,12,10,OF0,SUCCESS,627,
run_4669_cfg_934_seed_4_of0,934,4,12,20,5,40.0,12,10,OF0,SUCCESS,627,
run_4670_cfg_934_seed_5_of0,934,5,12,20,5,40.0,12,10,OF0,SUCCESS,627,
run_4671_cfg_935_seed_1_mrhof,935,1,12,20,5,40.0,12,20,MRHOF,SUCCESS,627,
run_4672_cfg_935_seed_2_mrhof,935,2,12,20,5,40.0,12,20,MRHOF,SUCCESS,627,
run_4673_cfg_935_seed_3_mrhof,935,3,12,20,5,40.0,12,20,MRHOF,SUCCESS,627,
run_4674_cfg_935_seed_4_mrhof,935,4,12,20,5,40.0,12,20,MRHOF,SUCCESS,627,
run_4675_cfg_935_seed_5_mrhof,935,5,12,20,5,40.0,12,20,MRHOF,SUCCESS,627,
run_4676_cfg_936_seed_1_of0,936,1,12,20,5,40.0,12,20,OF0,SUCCESS,627,
run_4677_cfg_936_seed_2_of0,936,2,12,20,5,40.0,12,20,OF0,SUCCESS,627,
run_4678_cfg_936_seed_3_of0,936,3,12,20,5,40.0,12,20,OF0,SUCCESS,627,
run_4679_cfg_936_seed_4_of0,936,4,12,20,5,40.0,12,20,OF0,SUCCESS,627,
run_4680_cfg_936_seed_5_of0,936,5,12,20,5,40.0,12,20,OF0,SUCCESS,627,
run_4681_cfg_937_seed_1_mrhof,937,1,12,20,5,40.0,16,5,MRHOF,SUCCESS,855,
run_4682_cfg_937_seed_2_mrhof,937,2,12,20,5,40.0,16,5,MRHOF,SUCCESS,855,
run_4683_cfg_937_seed_3_mrhof,937,3,12,20,5,40.0,16,5,MRHOF,SUCCESS,855,
run_4684_cfg_937_seed_4_mrhof,937,4,12,20,5,40.0,16,5,MRHOF,SUCCESS,855,
run_4685_cfg_937_seed_5_mrhof,937,5,12,20,5,40.0,16,5,MRHOF,SUCCESS,855,
run_4686_cfg_938_seed_1_of0,938,1,12,20,5,40.0,16,10,OF0,SUCCESS,855,
run_4687_cfg_938_seed_2_of0,938,2,12,20,5,40.0,16,10,OF0,SUCCESS,855,
run_4688_cfg_938_seed_3_of0,938,3,12,20,5,40.0,16,10,OF0,SUCCESS,855,
run_4689_cfg_938_seed_4_of0,938,4,12,20,5,40.0,16,10,OF0,SUCCESS,855,
run_4690_cfg_938_seed_5_of0,938,5,12,20,5,40.0,16,10,OF0,SUCCESS,853,
run_4691_cfg_939_seed_1_mrhof,939,1,12,20,5,40.0,16,20,MRHOF,SUCCESS,855,
run_4692_cfg_939_seed_2_mrhof,939,2,12,20,5,40.0,16,20,MRHOF,SUCCESS,855,
run_4693_cfg_939_seed_3_mrhof,939,3,12,20,5,40.0,16,20,MRHOF,SUCCESS,855,
run_4694_cfg_939_seed_4_mrhof,939,4,12,20,5,40.0,16,20,MRHOF,SUCCESS,855,
run_4695_cfg_939_seed_5_mrhof,939,5,12,20,5,40.0,16,20,MRHOF,SUCCESS,855,
run_4696_cfg_940_seed_1_of0,940,1,12,20,5,40.0,16,20,OF0,SUCCESS,855,
run_4697_cfg_940_seed_2_of0,940,2,12,20,5,40.0,16,20,OF0,SUCCESS,855,
run_4698_cfg_940_seed_3_of0,940,3,12,20,5,40.0,16,20,OF0,SUCCESS,855,
run_4699_cfg_940_seed_4_of0,940,4,12,20,5,40.0,16,20,OF0,SUCCESS,855,
run_4700_cfg_940_seed_5_of0,940,5,12,20,5,40.0,16,20,OF0,SUCCESS,854,
run_4701_cfg_941_seed_1_of0,941,1,12,20,5,40.0,20,5,OF0,SUCCESS,1082,
run_4702_cfg_941_seed_2_of0,941,2,12,20,5,40.0,20,5,OF0,SUCCESS,1083,
run_4703_cfg_941_seed_3_of0,941,3,12,20,5,40.0,20,5,OF0,SUCCESS,1081,
run_4704_cfg_941_seed_4_of0,941,4,12,20,5,40.0,20,5,OF0,SUCCESS,1083,
run_4705_cfg_941_seed_5_of0,941,5,12,20,5,40.0,20,5,OF0,SUCCESS,1083,
run_4706_cfg_942_seed_1_of0,942,1,12,20,5,40.0,20,10,OF0,SUCCESS,1083,
run_4707_cfg_942_seed_2_of0,942,2,12,20,5,40.0,20,10,OF0,SUCCESS,1083,
run_4708_cfg_942_seed_3_of0,942,3,12,20,5,40.0,20,10,OF0,SUCCESS,1083,
run_4709_cfg_942_seed_4_of0,942,4,12,20,5,40.0,20,10,OF0,SUCCESS,1083,
run_4710_cfg_942_seed_5_of0,942,5,12,20,5,40.0,20,10,OF0,SUCCESS,1083,
run_4711_cfg_943_seed_1_mrhof,943,1,12,20,5,40.0,20,20,MRHOF,SUCCESS,1083,
run_4712_cfg_943_seed_2_mrhof,943,2,12,20,5,40.0,20,20,MRHOF,SUCCESS,1083,
run_4713_cfg_943_seed_3_mrhof,943,3,12,20,5,40.0,20,20,MRHOF,SUCCESS,1083,
run_4714_cfg_943_seed_4_mrhof,943,4,12,20,5,40.0,20,20,MRHOF,SUCCESS,1083,
run_4715_cfg_943_seed_5_mrhof,943,5,12,20,5,40.0,20,20,MRHOF,SUCCESS,1083,
run_4716_cfg_944_seed_1_mrhof,944,1,12,20,5,50.0,12,5,MRHOF,SUCCESS,627,
run_4717_cfg_944_seed_2_mrhof,944,2,12,20,5,50.0,12,5,MRHOF,SUCCESS,627,
run_4718_cfg_944_seed_3_mrhof,944,3,12,20,5,50.0,12,5,MRHOF,SUCCESS,627,
run_4719_cfg_944_seed_4_mrhof,944,4,12,20,5,50.0,12,5,MRHOF,SUCCESS,627,
run_4720_cfg_944_seed_5_mrhof,944,5,12,20,5,50.0,12,5,MRHOF,SUCCESS,627,
run_4721_cfg_945_seed_1_of0,945,1,12,20,5,50.0,12,5,OF0,SUCCESS,627,
run_4722_cfg_945_seed_2_of0,945,2,12,20,5,50.0,12,5,OF0,SUCCESS,627,
run_4723_cfg_945_seed_3_of0,945,3,12,20,5,50.0,12,5,OF0,SUCCESS,627,
run_4724_cfg_945_seed_4_of0,945,4,12,20,5,50.0,12,5,OF0,SUCCESS,627,
run_4725_cfg_945_seed_5_of0,945,5,12,20,5,50.0,12,5,OF0,SUCCESS,627,
run_4726_cfg_946_seed_1_mrhof,946,1,12,20,5,50.0,12,10,MRHOF,SUCCESS,627,
run_4727_cfg_946_seed_2_mrhof,946,2,12,20,5,50.0,12,10,MRHOF,SUCCESS,627,
run_4728_cfg_946_seed_3_mrhof,946,3,12,20,5,50.0,12,10,MRHOF,SUCCESS,627,
run_4729_cfg_946_seed_4_mrhof,946,4,12,20,5,50.0,12,10,MRHOF,SUCCESS,627,
run_4730_cfg_946_seed_5_mrhof,946,5,12,20,5,50.0,12,10,MRHOF,SUCCESS,627,
run_4731_cfg_947_seed_1_of0,947,1,12,20,5,50.0,12,10,OF0,SUCCESS,627,
run_4732_cfg_947_seed_2_of0,947,2,12,20,5,50.0,12,10,OF0,SUCCESS,627,
run_4733_cfg_947_seed_3_of0,947,3,12,20,5,50.0,12,10,OF0,SUCCESS,627,
run_4734_cfg_947_seed_4_of0,947,4,12,20,5,50.0,12,10,OF0,SUCCESS,627,
run_4735_cfg_947_seed_5_of0,947,5,12,20,5,50.0,12,10,OF0,SUCCESS,627,
run_4736_cfg_948_seed_1_of0,948,1,12,20,5,50.0,12,20,OF0,SUCCESS,627,
run_4737_cfg_948_seed_2_of0,948,2,12,20,5,50.0,12,20,OF0,SUCCESS,627,
run_4738_cfg_948_seed_3_of0,948,3,12,20,5,50.0,12,20,OF0,SUCCESS,627,
run_4739_cfg_948_seed_4_of0,948,4,12,20,5,50.0,12,20,OF0,SUCCESS,627,
run_4740_cfg_948_seed_5_of0,948,5,12,20,5,50.0,12,20,OF0,SUCCESS,627,
run_4741_cfg_949_seed_1_of0,949,1,12,20,5,50.0,16,5,OF0,SUCCESS,855,
run_4742_cfg_949_seed_2_of0,949,2,12,20,5,50.0,16,5,OF0,SUCCESS,855,
run_4743_cfg_949_seed_3_of0,949,3,12,20,5,50.0,16,5,OF0,SUCCESS,855,
run_4744_cfg_949_seed_4_of0,949,4,12,20,5,50.0,16,5,OF0,SUCCESS,855,
run_4745_cfg_949_seed_5_of0,949,5,12,20,5,50.0,16,5,OF0,SUCCESS,855,
run_4746_cfg_950_seed_1_of0,950,1,12,20,5,50.0,16,10,OF0,SUCCESS,855,
run_4747_cfg_950_seed_2_of0,950,2,12,20,5,50.0,16,10,OF0,SUCCESS,855,
run_4748_cfg_950_seed_3_of0,950,3,12,20,5,50.0,16,10,OF0,SUCCESS,855,
run_4749_cfg_950_seed_4_of0,950,4,12,20,5,50.0,16,10,OF0,SUCCESS,855,
run_4750_cfg_950_seed_5_of0,950,5,12,20,5,50.0,16,10,OF0,SUCCESS,855,
run_4751_cfg_951_seed_1_mrhof,951,1,12,20,5,50.0,16,20,MRHOF,SUCCESS,855,
run_4752_cfg_951_seed_2_mrhof,951,2,12,20,5,50.0,16,20,MRHOF,SUCCESS,855,
run_4753_cfg_951_seed_3_mrhof,951,3,12,20,5,50.0,16,20,MRHOF,SUCCESS,855,
run_4754_cfg_951_seed_4_mrhof,951,4,12,20,5,50.0,16,20,MRHOF,SUCCESS,855,
run_4755_cfg_951_seed_5_mrhof,951,5,12,20,5,50.0,16,20,MRHOF,SUCCESS,855,
run_4756_cfg_952_seed_1_of0,952,1,12,20,5,50.0,16,20,OF0,SUCCESS,855,
run_4757_cfg_952_seed_2_of0,952,2,12,20,5,50.0,16,20,OF0,SUCCESS,855,
run_4758_cfg_952_seed_3_of0,952,3,12,20,5,50.0,16,20,OF0,SUCCESS,855,
run_4759_cfg_952_seed_4_of0,952,4,12,20,5,50.0,16,20,OF0,SUCCESS,855,
run_4760_cfg_952_seed_5_of0,952,5,12,20,5,50.0,16,20,OF0,SUCCESS,855,
run_4761_cfg_953_seed_1_of0,953,1,12,20,5,50.0,20,5,OF0,SUCCESS,1083,
run_4762_cfg_953_seed_2_of0,953,2,12,20,5,50.0,20,5,OF0,SUCCESS,1083,
run_4763_cfg_953_seed_3_of0,953,3,12,20,5,50.0,20,5,OF0,SUCCESS,1083,
run_4764_cfg_953_seed_4_of0,953,4,12,20,5,50.0,20,5,OF0,SUCCESS,1083,
run_4765_cfg_953_seed_5_of0,953,5,12,20,5,50.0,20,5,OF0,SUCCESS,1083,
run_4766_cfg_954_seed_1_of0,954,1,12,20,5,50.0,20,10,OF0,SUCCESS,1083,
run_4767_cfg_954_seed_2_of0,954,2,12,20,5,50.0,20,10,OF0,SUCCESS,1083,
run_4768_cfg_954_seed_3_of0,954,3,12,20,5,50.0,20,10,OF0,SUCCESS,1083,
run_4769_cfg_954_seed_4_of0,954,4,12,20,5,50.0,20,10,OF0,SUCCESS,1083,
run_4770_cfg_954_seed_5_of0,954,5,12,20,5,50.0,20,10,OF0,SUCCESS,1083,
run_4771_cfg_955_seed_1_mrhof,955,1,12,20,5,50.0,20,20,MRHOF,SUCCESS,1083,
run_4772_cfg_955_seed_2_mrhof,955,2,12,20,5,50.0,20,20,MRHOF,SUCCESS,1083,
run_4773_cfg_955_seed_3_mrhof,955,3,12,20,5,50.0,20,20,MRHOF,SUCCESS,1083,
run_4774_cfg_955_seed_4_mrhof,955,4,12,20,5,50.0,20,20,MRHOF,SUCCESS,1083,
run_4775_cfg_955_seed_5_mrhof,955,5,12,20,5,50.0,20,20,MRHOF,SUCCESS,1083,
run_4776_cfg_956_seed_1_mrhof,956,1,12,20,5,60.0,12,5,MRHOF,SUCCESS,627,
run_4777_cfg_956_seed_2_mrhof,956,2,12,20,5,60.0,12,5,MRHOF,SUCCESS,627,
run_4778_cfg_956_seed_3_mrhof,956,3,12,20,5,60.0,12,5,MRHOF,SUCCESS,627,
run_4779_cfg_956_seed_4_mrhof,956,4,12,20,5,60.0,12,5,MRHOF,SUCCESS,627,
run_4780_cfg_956_seed_5_mrhof,956,5,12,20,5,60.0,12,5,MRHOF,SUCCESS,627,
run_4781_cfg_957_seed_1_of0,957,1,12,20,5,60.0,12,5,OF0,SUCCESS,627,
run_4782_cfg_957_seed_2_of0,957,2,12,20,5,60.0,12,5,OF0,SUCCESS,627,
run_4783_cfg_957_seed_3_of0,957,3,12,20,5,60.0,12,5,OF0,SUCCESS,627,
run_4784_cfg_957_seed_4_of0,957,4,12,20,5,60.0,12,5,OF0,SUCCESS,627,
run_4785_cfg_957_seed_5_of0,957,5,12,20,5,60.0,12,5,OF0,SUCCESS,627,
run_4786_cfg_958_seed_1_mrhof,958,1,12,20,5,60.0,12,10,MRHOF,SUCCESS,627,
run_4787_cfg_958_seed_2_mrhof,958,2,12,20,5,60.0,12,10,MRHOF,SUCCESS,627,
run_4788_cfg_958_seed_3_mrhof,958,3,12,20,5,60.0,12,10,MRHOF,SUCCESS,627,
run_4789_cfg_958_seed_4_mrhof,958,4,12,20,5,60.0,12,10,MRHOF,SUCCESS,627,
run_4790_cfg_958_seed_5_mrhof,958,5,12,20,5,60.0,12,10,MRHOF,SUCCESS,627,
run_4791_cfg_959_seed_1_of0,959,1,12,20,5,60.0,12,10,OF0,SUCCESS,627,
run_4792_cfg_959_seed_2_of0,959,2,12,20,5,60.0,12,10,OF0,SUCCESS,627,
run_4793_cfg_959_seed_3_of0,959,3,12,20,5,60.0,12,10,OF0,SUCCESS,627,
run_4794_cfg_959_seed_4_of0,959,4,12,20,5,60.0,12,10,OF0,SUCCESS,627,
run_4795_cfg_959_seed_5_of0,959,5,12,20,5,60.0,12,10,OF0,SUCCESS,627,
run_4796_cfg_960_seed_1_of0,960,1,12,20,5,60.0,12,20,OF0,SUCCESS,627,
run_4797_cfg_960_seed_2_of0,960,2,12,20,5,60.0,12,20,OF0,SUCCESS,627,
run_4798_cfg_960_seed_3_of0,960,3,12,20,5,60.0,12,20,OF0,SUCCESS,627,
run_4799_cfg_960_seed_4_of0,960,4,12,20,5,60.0,12,20,OF0,SUCCESS,627,
run_4800_cfg_960_seed_5_of0,960,5,12,20,5,60.0,12,20,OF0,SUCCESS,627,
run_4801_cfg_961_seed_1_of0,961,1,12,20,5,60.0,16,5,OF0,SUCCESS,855,
run_4802_cfg_961_seed_2_of0,961,2,12,20,5,60.0,16,5,OF0,SUCCESS,855,
run_4803_cfg_961_seed_3_of0,961,3,12,20,5,60.0,16,5,OF0,SUCCESS,855,
run_4804_cfg_961_seed_4_of0,961,4,12,20,5,60.0,16,5,OF0,SUCCESS,855,
run_4805_cfg_961_seed_5_of0,961,5,12,20,5,60.0,16,5,OF0,SUCCESS,855,
run_4806_cfg_962_seed_1_of0,962,1,12,20,5,60.0,16,10,OF0,SUCCESS,855,
run_4807_cfg_962_seed_2_of0,962,2,12,20,5,60.0,16,10,OF0,SUCCESS,855,
run_4808_cfg_962_seed_3_of0,962,3,12,20,5,60.0,16,10,OF0,SUCCESS,855,
run_4809_cfg_962_seed_4_of0,962,4,12,20,5,60.0,16,10,OF0,SUCCESS,855,
run_4810_cfg_962_seed_5_of0,962,5,12,20,5,60.0,16,10,OF0,SUCCESS,855,
run_4811_cfg_963_seed_1_mrhof,963,1,12,20,5,60.0,16,20,MRHOF,SUCCESS,855,
run_4812_cfg_963_seed_2_mrhof,963,2,12,20,5,60.0,16,20,MRHOF,SUCCESS,855,
run_4813_cfg_963_seed_3_mrhof,963,3,12,20,5,60.0,16,20,MRHOF,SUCCESS,855,
run_4814_cfg_963_seed_4_mrhof,963,4,12,20,5,60.0,16,20,MRHOF,SUCCESS,855,
run_4815_cfg_963_seed_5_mrhof,963,5,12,20,5,60.0,16,20,MRHOF,SUCCESS,855,
run_4816_cfg_964_seed_1_of0,964,1,12,20,5,60.0,20,5,OF0,SUCCESS,1083,
run_4817_cfg_964_seed_2_of0,964,2,12,20,5,60.0,20,5,OF0,SUCCESS,1083,
run_4818_cfg_964_seed_3_of0,964,3,12,20,5,60.0,20,5,OF0,SUCCESS,1083,
run_4819_cfg_964_seed_4_of0,964,4,12,20,5,60.0,20,5,OF0,SUCCESS,1083,
run_4820_cfg_964_seed_5_of0,964,5,12,20,5,60.0,20,5,OF0,SUCCESS,1083,
run_4821_cfg_965_seed_1_of0,965,1,12,20,5,60.0,20,10,OF0,SUCCESS,1083,
run_4822_cfg_965_seed_2_of0,965,2,12,20,5,60.0,20,10,OF0,SUCCESS,1083,
run_4823_cfg_965_seed_3_of0,965,3,12,20,5,60.0,20,10,OF0,SUCCESS,1083,
run_4824_cfg_965_seed_4_of0,965,4,12,20,5,60.0,20,10,OF0,SUCCESS,1083,
run_4825_cfg_965_seed_5_of0,965,5,12,20,5,60.0,20,10,OF0,SUCCESS,1083,
run_4826_cfg_966_seed_1_mrhof,966,1,12,20,10,40.0,12,5,MRHOF,SUCCESS,627,
run_4827_cfg_966_seed_2_mrhof,966,2,12,20,10,40.0,12,5,MRHOF,SUCCESS,627,
run_4828_cfg_966_seed_3_mrhof,966,3,12,20,10,40.0,12,5,MRHOF,SUCCESS,627,
run_4829_cfg_966_seed_4_mrhof,966,4,12,20,10,40.0,12,5,MRHOF,SUCCESS,627,
run_4830_cfg_966_seed_5_mrhof,966,5,12,20,10,40.0,12,5,MRHOF,SUCCESS,627,
run_4831_cfg_967_seed_1_of0,967,1,12,20,10,40.0,12,5,OF0,SUCCESS,627,
run_4832_cfg_967_seed_2_of0,967,2,12,20,10,40.0,12,5,OF0,SUCCESS,627,
run_4833_cfg_967_seed_3_of0,967,3,12,20,10,40.0,12,5,OF0,SUCCESS,627,
run_4834_cfg_967_seed_4_of0,967,4,12,20,10,40.0,12,5,OF0,SUCCESS,627,
run_4835_cfg_967_seed_5_of0,967,5,12,20,10,40.0,12,5,OF0,SUCCESS,627,
run_4836_cfg_968_seed_1_of0,968,1,12,20,10,40.0,12,10,OF0,SUCCESS,627,
run_4837_cfg_968_seed_2_of0,968,2,12,20,10,40.0,12,10,OF0,SUCCESS,627,
run_4838_cfg_968_seed_3_of0,968,3,12,20,10,40.0,12,10,OF0,SUCCESS,627,
run_4839_cfg_968_seed_4_of0,968,4,12,20,10,40.0,12,10,OF0,SUCCESS,627,
run_4840_cfg_968_seed_5_of0,968,5,12,20,10,40.0,12,10,OF0,SUCCESS,627,
run_4841_cfg_969_seed_1_mrhof,969,1,12,20,10,40.0,12,20,MRHOF,SUCCESS,627,
run_4842_cfg_969_seed_2_mrhof,969,2,12,20,10,40.0,12,20,MRHOF,SUCCESS,627,
run_4843_cfg_969_seed_3_mrhof,969,3,12,20,10,40.0,12,20,MRHOF,SUCCESS,627,
run_4844_cfg_969_seed_4_mrhof,969,4,12,20,10,40.0,12,20,MRHOF,SUCCESS,627,
run_4845_cfg_969_seed_5_mrhof,969,5,12,20,10,40.0,12,20,MRHOF,SUCCESS,627,
run_4846_cfg_970_seed_1_of0,970,1,12,20,10,40.0,16,10,OF0,SUCCESS,855,
run_4847_cfg_970_seed_2_of0,970,2,12,20,10,40.0,16,10,OF0,SUCCESS,855,
run_4848_cfg_970_seed_3_of0,970,3,12,20,10,40.0,16,10,OF0,SUCCESS,855,
run_4849_cfg_970_seed_4_of0,970,4,12,20,10,40.0,16,10,OF0,SUCCESS,855,
run_4850_cfg_970_seed_5_of0,970,5,12,20,10,40.0,16,10,OF0,SUCCESS,855,
run_4851_cfg_971_seed_1_of0,971,1,12,20,10,40.0,16,20,OF0,SUCCESS,855,
run_4852_cfg_971_seed_2_of0,971,2,12,20,10,40.0,16,20,OF0,SUCCESS,855,
run_4853_cfg_971_seed_3_of0,971,3,12,20,10,40.0,16,20,OF0,SUCCESS,855,
run_4854_cfg_971_seed_4_of0,971,4,12,20,10,40.0,16,20,OF0,SUCCESS,855,
run_4855_cfg_971_seed_5_of0,971,5,12,20,10,40.0,16,20,OF0,SUCCESS,855,
run_4856_cfg_972_seed_1_mrhof,972,1,12,20,10,40.0,20,5,MRHOF,SUCCESS,1083,
run_4857_cfg_972_seed_2_mrhof,972,2,12,20,10,40.0,20,5,MRHOF,SUCCESS,1083,
run_4858_cfg_972_seed_3_mrhof,972,3,12,20,10,40.0,20,5,MRHOF,SUCCESS,1083,
run_4859_cfg_972_seed_4_mrhof,972,4,12,20,10,40.0,20,5,MRHOF,SUCCESS,1083,
run_4860_cfg_972_seed_5_mrhof,972,5,12,20,10,40.0,20,5,MRHOF,SUCCESS,1083,
run_4861_cfg_973_seed_1_of0,973,1,12,20,10,40.0,20,5,OF0,SUCCESS,1079,
run_4862_cfg_973_seed_2_of0,973,2,12,20,10,40.0,20,5,OF0,SUCCESS,1081,
run_4863_cfg_973_seed_3_of0,973,3,12,20,10,40.0,20,5,OF0,SUCCESS,1083,
run_4864_cfg_973_seed_4_of0,973,4,12,20,10,40.0,20,5,OF0,SUCCESS,1083,
run_4865_cfg_973_seed_5_of0,973,5,12,20,10,40.0,20,5,OF0,SUCCESS,1083,
run_4866_cfg_974_seed_1_of0,974,1,12,20,10,40.0,20,20,OF0,SUCCESS,1083,
run_4867_cfg_974_seed_2_of0,974,2,12,20,10,40.0,20,20,OF0,SUCCESS,1083,
run_4868_cfg_974_seed_3_of0,974,3,12,20,10,40.0,20,20,OF0,SUCCESS,1083,
run_4869_cfg_974_seed_4_of0,974,4,12,20,10,40.0,20,20,OF0,SUCCESS,1083,
run_4870_cfg_974_seed_5_of0,974,5,12,20,10,40.0,20,20,OF0,SUCCESS,1083,
run_4871_cfg_975_seed_1_mrhof,975,1,12,20,10,50.0,12,5,MRHOF,SUCCESS,627,
run_4872_cfg_975_seed_2_mrhof,975,2,12,20,10,50.0,12,5,MRHOF,SUCCESS,627,
run_4873_cfg_975_seed_3_mrhof,975,3,12,20,10,50.0,12,5,MRHOF,SUCCESS,627,
run_4874_cfg_975_seed_4_mrhof,975,4,12,20,10,50.0,12,5,MRHOF,SUCCESS,627,
run_4875_cfg_975_seed_5_mrhof,975,5,12,20,10,50.0,12,5,MRHOF,SUCCESS,627,
run_4876_cfg_976_seed_1_mrhof,976,1,12,20,10,50.0,12,10,MRHOF,SUCCESS,627,
run_4877_cfg_976_seed_2_mrhof,976,2,12,20,10,50.0,12,10,MRHOF,SUCCESS,627,
run_4878_cfg_976_seed_3_mrhof,976,3,12,20,10,50.0,12,10,MRHOF,SUCCESS,627,
run_4879_cfg_976_seed_4_mrhof,976,4,12,20,10,50.0,12,10,MRHOF,SUCCESS,627,
run_4880_cfg_976_seed_5_mrhof,976,5,12,20,10,50.0,12,10,MRHOF,SUCCESS,627,
run_4881_cfg_977_seed_1_of0,977,1,12,20,10,50.0,12,10,OF0,SUCCESS,627,
run_4882_cfg_977_seed_2_of0,977,2,12,20,10,50.0,12,10,OF0,SUCCESS,627,
run_4883_cfg_977_seed_3_of0,977,3,12,20,10,50.0,12,10,OF0,SUCCESS,627,
run_4884_cfg_977_seed_4_of0,977,4,12,20,10,50.0,12,10,OF0,SUCCESS,627,
run_4885_cfg_977_seed_5_of0,977,5,12,20,10,50.0,12,10,OF0,SUCCESS,627,
run_4886_cfg_978_seed_1_mrhof,978,1,12,20,10,50.0,12,20,MRHOF,SUCCESS,627,
run_4887_cfg_978_seed_2_mrhof,978,2,12,20,10,50.0,12,20,MRHOF,SUCCESS,627,
run_4888_cfg_978_seed_3_mrhof,978,3,12,20,10,50.0,12,20,MRHOF,SUCCESS,627,
run_4889_cfg_978_seed_4_mrhof,978,4,12,20,10,50.0,12,20,MRHOF,SUCCESS,627,
run_4890_cfg_978_seed_5_mrhof,978,5,12,20,10,50.0,12,20,MRHOF,SUCCESS,627,
run_4891_cfg_979_seed_1_mrhof,979,1,12,20,10,50.0,16,5,MRHOF,SUCCESS,855,
run_4892_cfg_979_seed_2_mrhof,979,2,12,20,10,50.0,16,5,MRHOF,SUCCESS,855,
run_4893_cfg_979_seed_3_mrhof,979,3,12,20,10,50.0,16,5,MRHOF,SUCCESS,855,
run_4894_cfg_979_seed_4_mrhof,979,4,12,20,10,50.0,16,5,MRHOF,SUCCESS,855,
run_4895_cfg_979_seed_5_mrhof,979,5,12,20,10,50.0,16,5,MRHOF,SUCCESS,855,
run_4896_cfg_980_seed_1_mrhof,980,1,12,20,10,50.0,16,10,MRHOF,SUCCESS,855,
run_4897_cfg_980_seed_2_mrhof,980,2,12,20,10,50.0,16,10,MRHOF,SUCCESS,855,
run_4898_cfg_980_seed_3_mrhof,980,3,12,20,10,50.0,16,10,MRHOF,SUCCESS,855,
run_4899_cfg_980_seed_4_mrhof,980,4,12,20,10,50.0,16,10,MRHOF,SUCCESS,855,
run_4900_cfg_980_seed_5_mrhof,980,5,12,20,10,50.0,16,10,MRHOF,SUCCESS,855,
run_4901_cfg_981_seed_1_of0,981,1,12,20,10,50.0,16,10,OF0,SUCCESS,855,
run_4902_cfg_981_seed_2_of0,981,2,12,20,10,50.0,16,10,OF0,SUCCESS,855,
run_4903_cfg_981_seed_3_of0,981,3,12,20,10,50.0,16,10,OF0,SUCCESS,855,
run_4904_cfg_981_seed_4_of0,981,4,12,20,10,50.0,16,10,OF0,SUCCESS,855,
run_4905_cfg_981_seed_5_of0,981,5,12,20,10,50.0,16,10,OF0,SUCCESS,855,
run_4906_cfg_982_seed_1_mrhof,982,1,12,20,10,50.0,16,20,MRHOF,SUCCESS,855,
run_4907_cfg_982_seed_2_mrhof,982,2,12,20,10,50.0,16,20,MRHOF,SUCCESS,855,
run_4908_cfg_982_seed_3_mrhof,982,3,12,20,10,50.0,16,20,MRHOF,SUCCESS,855,
run_4909_cfg_982_seed_4_mrhof,982,4,12,20,10,50.0,16,20,MRHOF,SUCCESS,855,
run_4910_cfg_982_seed_5_mrhof,982,5,12,20,10,50.0,16,20,MRHOF,SUCCESS,855,
run_4911_cfg_983_seed_1_of0,983,1,12,20,10,50.0,20,5,OF0,SUCCESS,1083,
run_4912_cfg_983_seed_2_of0,983,2,12,20,10,50.0,20,5,OF0,SUCCESS,1083,
run_4913_cfg_983_seed_3_of0,983,3,12,20,10,50.0,20,5,OF0,SUCCESS,1083,
run_4914_cfg_983_seed_4_of0,983,4,12,20,10,50.0,20,5,OF0,SUCCESS,1083,
run_4915_cfg_983_seed_5_of0,983,5,12,20,10,50.0,20,5,OF0,SUCCESS,1083,
run_4916_cfg_984_seed_1_of0,984,1,12,20,10,50.0,20,10,OF0,SUCCESS,1083,
run_4917_cfg_984_seed_2_of0,984,2,12,20,10,50.0,20,10,OF0,SUCCESS,1083,
run_4918_cfg_984_seed_3_of0,984,3,12,20,10,50.0,20,10,OF0,SUCCESS,1083,
run_4919_cfg_984_seed_4_of0,984,4,12,20,10,50.0,20,10,OF0,SUCCESS,1083,
run_4920_cfg_984_seed_5_of0,984,5,12,20,10,50.0,20,10,OF0,SUCCESS,1083,
run_4921_cfg_985_seed_1_mrhof,985,1,12,20,10,50.0,20,20,MRHOF,SUCCESS,1083,
run_4922_cfg_985_seed_2_mrhof,985,2,12,20,10,50.0,20,20,MRHOF,SUCCESS,1083,
run_4923_cfg_985_seed_3_mrhof,985,3,12,20,10,50.0,20,20,MRHOF,SUCCESS,1083,
run_4924_cfg_985_seed_4_mrhof,985,4,12,20,10,50.0,20,20,MRHOF,SUCCESS,1083,
run_4925_cfg_985_seed_5_mrhof,985,5,12,20,10,50.0,20,20,MRHOF,SUCCESS,1083,
run_4926_cfg_986_seed_1_of0,986,1,12,20,10,50.0,20,20,OF0,SUCCESS,1083,
run_4927_cfg_986_seed_2_of0,986,2,12,20,10,50.0,20,20,OF0,SUCCESS,1083,
run_4928_cfg_986_seed_3_of0,986,3,12,20,10,50.0,20,20,OF0,SUCCESS,1083,
run_4929_cfg_986_seed_4_of0,986,4,12,20,10,50.0,20,20,OF0,SUCCESS,1083,
run_4930_cfg_986_seed_5_of0,986,5,12,20,10,50.0,20,20,OF0,SUCCESS,1083,
run_4931_cfg_987_seed_1_mrhof,987,1,12,20,10,60.0,12,5,MRHOF,SUCCESS,627,
run_4932_cfg_987_seed_2_mrhof,987,2,12,20,10,60.0,12,5,MRHOF,SUCCESS,627,
run_4933_cfg_987_seed_3_mrhof,987,3,12,20,10,60.0,12,5,MRHOF,SUCCESS,627,
run_4934_cfg_987_seed_4_mrhof,987,4,12,20,10,60.0,12,5,MRHOF,SUCCESS,627,
run_4935_cfg_987_seed_5_mrhof,987,5,12,20,10,60.0,12,5,MRHOF,SUCCESS,627,
run_4936_cfg_988_seed_1_of0,988,1,12,20,10,60.0,12,5,OF0,SUCCESS,627,
run_4937_cfg_988_seed_2_of0,988,2,12,20,10,60.0,12,5,OF0,SUCCESS,627,
run_4938_cfg_988_seed_3_of0,988,3,12,20,10,60.0,12,5,OF0,SUCCESS,627,
run_4939_cfg_988_seed_4_of0,988,4,12,20,10,60.0,12,5,OF0,SUCCESS,627,
run_4940_cfg_988_seed_5_of0,988,5,12,20,10,60.0,12,5,OF0,SUCCESS,627,
run_4941_cfg_989_seed_1_mrhof,989,1,12,20,10,60.0,12,10,MRHOF,SUCCESS,627,
run_4942_cfg_989_seed_2_mrhof,989,2,12,20,10,60.0,12,10,MRHOF,SUCCESS,627,
run_4943_cfg_989_seed_3_mrhof,989,3,12,20,10,60.0,12,10,MRHOF,SUCCESS,627,
run_4944_cfg_989_seed_4_mrhof,989,4,12,20,10,60.0,12,10,MRHOF,SUCCESS,627,
run_4945_cfg_989_seed_5_mrhof,989,5,12,20,10,60.0,12,10,MRHOF,SUCCESS,627,
run_4946_cfg_990_seed_1_of0,990,1,12,20,10,60.0,12,10,OF0,SUCCESS,627,
run_4947_cfg_990_seed_2_of0,990,2,12,20,10,60.0,12,10,OF0,SUCCESS,627,
run_4948_cfg_990_seed_3_of0,990,3,12,20,10,60.0,12,10,OF0,SUCCESS,627,
run_4949_cfg_990_seed_4_of0,990,4,12,20,10,60.0,12,10,OF0,SUCCESS,627,
run_4950_cfg_990_seed_5_of0,990,5,12,20,10,60.0,12,10,OF0,SUCCESS,627,
run_4951_cfg_991_seed_1_mrhof,991,1,12,20,10,60.0,12,20,MRHOF,SUCCESS,627,
run_4952_cfg_991_seed_2_mrhof,991,2,12,20,10,60.0,12,20,MRHOF,SUCCESS,627,
run_4953_cfg_991_seed_3_mrhof,991,3,12,20,10,60.0,12,20,MRHOF,SUCCESS,627,
run_4954_cfg_991_seed_4_mrhof,991,4,12,20,10,60.0,12,20,MRHOF,SUCCESS,627,
run_4955_cfg_991_seed_5_mrhof,991,5,12,20,10,60.0,12,20,MRHOF,SUCCESS,627,
run_4956_cfg_992_seed_1_of0,992,1,12,20,10,60.0,12,20,OF0,SUCCESS,627,
run_4957_cfg_992_seed_2_of0,992,2,12,20,10,60.0,12,20,OF0,SUCCESS,627,
run_4958_cfg_992_seed_3_of0,992,3,12,20,10,60.0,12,20,OF0,SUCCESS,627,
run_4959_cfg_992_seed_4_of0,992,4,12,20,10,60.0,12,20,OF0,SUCCESS,627,
run_4960_cfg_992_seed_5_of0,992,5,12,20,10,60.0,12,20,OF0,SUCCESS,627,
run_4961_cfg_993_seed_1_mrhof,993,1,12,20,10,60.0,16,5,MRHOF,SUCCESS,855,
run_4962_cfg_993_seed_2_mrhof,993,2,12,20,10,60.0,16,5,MRHOF,SUCCESS,855,
run_4963_cfg_993_seed_3_mrhof,993,3,12,20,10,60.0,16,5,MRHOF,SUCCESS,855,
run_4964_cfg_993_seed_4_mrhof,993,4,12,20,10,60.0,16,5,MRHOF,SUCCESS,855,
run_4965_cfg_993_seed_5_mrhof,993,5,12,20,10,60.0,16,5,MRHOF,SUCCESS,855,
run_4966_cfg_994_seed_1_of0,994,1,12,20,10,60.0,16,5,OF0,SUCCESS,855,
run_4967_cfg_994_seed_2_of0,994,2,12,20,10,60.0,16,5,OF0,SUCCESS,855,
run_4968_cfg_994_seed_3_of0,994,3,12,20,10,60.0,16,5,OF0,SUCCESS,855,
run_4969_cfg_994_seed_4_of0,994,4,12,20,10,60.0,16,5,OF0,SUCCESS,855,
run_4970_cfg_994_seed_5_of0,994,5,12,20,10,60.0,16,5,OF0,SUCCESS,855,
run_4971_cfg_995_seed_1_mrhof,995,1,12,20,10,60.0,16,20,MRHOF,SUCCESS,855,
run_4972_cfg_995_seed_2_mrhof,995,2,12,20,10,60.0,16,20,MRHOF,SUCCESS,855,
run_4973_cfg_995_seed_3_mrhof,995,3,12,20,10,60.0,16,20,MRHOF,SUCCESS,855,
run_4974_cfg_995_seed_4_mrhof,995,4,12,20,10,60.0,16,20,MRHOF,SUCCESS,855,
run_4975_cfg_995_seed_5_mrhof,995,5,12,20,10,60.0,16,20,MRHOF,SUCCESS,855,
run_4976_cfg_996_seed_1_of0,996,1,12,20,10,60.0,16,20,OF0,SUCCESS,855,
run_4977_cfg_996_seed_2_of0,996,2,12,20,10,60.0,16,20,OF0,SUCCESS,855,
run_4978_cfg_996_seed_3_of0,996,3,12,20,10,60.0,16,20,OF0,SUCCESS,855,
run_4979_cfg_996_seed_4_of0,996,4,12,20,10,60.0,16,20,OF0,SUCCESS,855,
run_4980_cfg_996_seed_5_of0,996,5,12,20,10,60.0,16,20,OF0,SUCCESS,855,
run_4981_cfg_997_seed_1_of0,997,1,12,20,10,60.0,20,5,OF0,SUCCESS,1083,
run_4982_cfg_997_seed_2_of0,997,2,12,20,10,60.0,20,5,OF0,SUCCESS,1083,
run_4983_cfg_997_seed_3_of0,997,3,12,20,10,60.0,20,5,OF0,SUCCESS,1083,
run_4984_cfg_997_seed_4_of0,997,4,12,20,10,60.0,20,5,OF0,SUCCESS,1083,
run_4985_cfg_997_seed_5_of0,997,5,12,20,10,60.0,20,5,OF0,SUCCESS,1083,
run_4986_cfg_998_seed_1_of0,998,1,12,20,10,60.0,20,10,OF0,SUCCESS,1083,
run_4987_cfg_998_seed_2_of0,998,2,12,20,10,60.0,20,10,OF0,SUCCESS,1083,
run_4988_cfg_998_seed_3_of0,998,3,12,20,10,60.0,20,10,OF0,SUCCESS,1083,
run_4989_cfg_998_seed_4_of0,998,4,12,20,10,60.0,20,10,OF0,SUCCESS,1083,
run_4990_cfg_998_seed_5_of0,998,5,12,20,10,60.0,20,10,OF0,SUCCESS,1083,
run_4991_cfg_999_seed_1_mrhof,999,1,12,20,10,60.0,20,20,MRHOF,SUCCESS,1083,
run_4992_cfg_999_seed_2_mrhof,999,2,12,20,10,60.0,20,20,MRHOF,SUCCESS,1083,
run_4993_cfg_999_seed_3_mrhof,999,3,12,20,10,60.0,20,20,MRHOF,SUCCESS,1083,
run_4994_cfg_999_seed_4_mrhof,999,4,12,20,10,60.0,20,20,MRHOF,SUCCESS,1083,
run_4995_cfg_999_seed_5_mrhof,999,5,12,20,10,60.0,20,20,MRHOF,SUCCESS,1083,
run_4996_cfg_1000_seed_1_of0,1000,1,12,20,10,60.0,20,20,OF0,SUCCESS,1083,
run_4997_cfg_1000_seed_2_of0,1000,2,12,20,10,60.0,20,20,OF0,SUCCESS,1083,
run_4998_cfg_1000_seed_3_of0,1000,3,12,20,10,60.0,20,20,OF0,SUCCESS,1083,
run_4999_cfg_1000_seed_4_of0,1000,4,12,20,10,60.0,20,20,OF0,SUCCESS,1083,
run_5000_cfg_1000_seed_5_of0,1000,5,12,20,10,60.0,20,20,OF0,SUCCESS,1083,
